{
    "2005_West_Virginia_Mountaineers_football_team": 1.0,
    "1993_West_Virginia_Mountaineers_football_team": 1.0,
    "2004_West_Virginia_Mountaineers_football_team": 1.0,
    "2003_West_Virginia_Mountaineers_football_team": 1.0,
    "2010_West_Virginia_Mountaineers_football_team": 1.0,
    "2011_West_Virginia_Mountaineers_football_team": 1.0,
    "2007_West_Virginia_Mountaineers_football_team": 1.0,
    "1988_West_Virginia_Mountaineers_football_team": 0.8370786516853933,
    "1982_West_Virginia_Mountaineers_football_team": 0.8370786516853933,
    "1983_West_Virginia_Mountaineers_football_team": 0.8370786516853933,
    "2002_West_Virginia_Mountaineers_football_team": 0.8370786516853933,
    "1981_West_Virginia_Mountaineers_football_team": 0.8370786516853933,
    "2008_West_Virginia_Mountaineers_football_team": 0.8370786516853933,
    "1969_West_Virginia_Mountaineers_football_team": 0.8370786516853933,
    "1975_West_Virginia_Mountaineers_football_team": 0.8370786516853933,
    "1922_West_Virginia_Mountaineers_football_team": 0.8370786516853933,
    "2009_West_Virginia_Mountaineers_football_team": 0.8370786516853933,
    "2001_West_Virginia_Mountaineers_football_team": 0.8370786516853933,
    "1984_West_Virginia_Mountaineers_football_team": 0.8370786516853933,
    "1989_West_Virginia_Mountaineers_football_team": 0.8370786516853933,
    "2012_West_Virginia_Mountaineers_football_team": 0.8370786516853933,
    "2000_West_Virginia_Mountaineers_football_team": 0.8370786516853933,
    "1999_West_Virginia_Mountaineers_football_team": 0.8370786516853933,
    "1998_West_Virginia_Mountaineers_football_team": 0.8370786516853933,
    "1997_West_Virginia_Mountaineers_football_team": 0.8370786516853933,
    "1996_West_Virginia_Mountaineers_football_team": 0.8370786516853933,
    "1995_West_Virginia_Mountaineers_football_team": 0.8370786516853933,
    "1994_West_Virginia_Mountaineers_football_team": 0.8370786516853933,
    "1992_West_Virginia_Mountaineers_football_team": 0.8370786516853933,
    "1991_West_Virginia_Mountaineers_football_team": 0.8370786516853933,
    "1990_West_Virginia_Mountaineers_football_team": 0.8370786516853933,
    "1987_West_Virginia_Mountaineers_football_team": 0.8370786516853933,
    "1986_West_Virginia_Mountaineers_football_team": 0.8370786516853933,
    "1985_West_Virginia_Mountaineers_football_team": 0.8370786516853933,
    "1980_West_Virginia_Mountaineers_football_team": 0.8370786516853933,
    "1979_West_Virginia_Mountaineers_football_team": 0.8370786516853933,
    "1978_West_Virginia_Mountaineers_football_team": 0.8370786516853933,
    "1977_West_Virginia_Mountaineers_football_team": 0.8370786516853933,
    "1976_West_Virginia_Mountaineers_football_team": 0.8370786516853933,
    "1974_West_Virginia_Mountaineers_football_team": 0.8370786516853933,
    "1973_West_Virginia_Mountaineers_football_team": 0.8370786516853933,
    "1972_West_Virginia_Mountaineers_football_team": 0.8370786516853933,
    "1971_West_Virginia_Mountaineers_football_team": 0.8370786516853933,
    "1970_West_Virginia_Mountaineers_football_team": 0.8370786516853933,
    "1968_West_Virginia_Mountaineers_football_team": 0.8370786516853933,
    "1966_West_Virginia_Mountaineers_football_team": 0.8370786516853933,
    "2013_West_Virginia_Mountaineers_football_team": 0.8370786516853933,
    "2006_West_Virginia_Mountaineers_football_team": 0.8370786516853933,
    "List_of_West_Virginia_Mountaineers_in_the_NFL_Draft": 0.7883597883597884,
    "List_of_West_Virginia_Mountaineers_bowl_games": 0.6866359447004609,
    "List_of_West_Virginia_Mountaineers_head_football_coaches": 0.6422413793103449,
    "West_Virginia_Mountaineers_football": 0.5843137254901961,
    "1953_West_Virginia_Mountaineers_football_team": 0.4950166112956811,
    "1954_West_Virginia_Mountaineers_football_team": 0.4950166112956811,
    "1955_West_Virginia_Mountaineers_football_team": 0.4950166112956811,
    "1967_West_Virginia_Mountaineers_football_team": 0.4950166112956811,
    "2002_Miami_Hurricanes_football_team": 0.12203389830508475,
    "1994_Miami_Hurricanes_football_team": 0.12203389830508475,
    "2011_Louisville_Cardinals_football_team": 0.12203389830508475,
    "2012_Louisville_Cardinals_football_team": 0.12203389830508475,
    "2003_Miami_Hurricanes_football_team": 0.12203389830508475,
    "2000_Miami_Hurricanes_football_team": 0.12203389830508475,
    "1996_Miami_Hurricanes_football_team": 0.12203389830508475,
    "1995_Miami_Hurricanes_football_team": 0.12203389830508475,
    "2006_Louisville_Cardinals_football_team": 0.12203389830508475,
    "2004_Pittsburgh_Panthers_football_team": 0.11711711711711711,
    "2010_Pittsburgh_Panthers_football_team": 0.11711711711711711,
    "2007_Connecticut_Huskies_football_team": 0.11464968152866242,
    "2010_Connecticut_Huskies_football_team": 0.11464968152866242,
    "Big_East_Conference_(1979\u20132013)": 0.11428571428571428,
    "1999_Virginia_Tech_Hokies_football_team": 0.11384615384615385,
    "1995_Virginia_Tech_Hokies_football_team": 0.11384615384615385,
    "1996_Virginia_Tech_Hokies_football_team": 0.11384615384615385,
    "1998_Syracuse_Orangemen_football_team": 0.11212121212121212,
    "2004_Syracuse_Orange_football_team": 0.11212121212121212,
    "1997_Syracuse_Orangemen_football_team": 0.11212121212121212,
    "2008_Cincinnati_Bearcats_football_team": 0.1111111111111111,
    "2009_Cincinnati_Bearcats_football_team": 0.1111111111111111,
    "2011_Cincinnati_Bearcats_football_team": 0.1111111111111111,
    "2012_Cincinnati_Bearcats_football_team": 0.1111111111111111,
    "2012_Rutgers_Scarlet_Knights_football_team": 0.10495626822157435,
    "2001_Miami_Hurricanes_football_team": 0.09424083769633508,
    "2008_Miami_Hurricanes_football_team": 0.023728813559322035,
    "1988_Miami_Hurricanes_football_team": 0.023728813559322035,
    "1990_Miami_Hurricanes_football_team": 0.023728813559322035,
    "1992_Miami_Hurricanes_football_team": 0.023728813559322035,
    "1993_Miami_Hurricanes_football_team": 0.023728813559322035,
    "1982_Miami_Hurricanes_football_team": 0.023728813559322035,
    "1980_Miami_Hurricanes_football_team": 0.023728813559322035,
    "1962_Miami_Hurricanes_football_team": 0.023728813559322035,
    "2009_Miami_Hurricanes_football_team": 0.023728813559322035,
    "2010_Miami_Hurricanes_football_team": 0.023728813559322035,
    "2004_Miami_Hurricanes_football_team": 0.023728813559322035,
    "1981_Miami_Hurricanes_football_team": 0.023728813559322035,
    "1979_Miami_Hurricanes_football_team": 0.023728813559322035,
    "2011_Miami_Hurricanes_football_team": 0.023728813559322035,
    "2012_Miami_Hurricanes_football_team": 0.023728813559322035,
    "1985_Miami_Hurricanes_football_team": 0.023728813559322035,
    "1999_Miami_Hurricanes_football_team": 0.023728813559322035,
    "1998_Miami_Hurricanes_football_team": 0.023728813559322035,
    "1997_Miami_Hurricanes_football_team": 0.023728813559322035,
    "1984_Miami_Hurricanes_football_team": 0.023728813559322035,
    "2013_Miami_Hurricanes_football_team": 0.023728813559322035,
    "2005_Miami_Hurricanes_football_team": 0.023728813559322035,
    "2006_Miami_Hurricanes_football_team": 0.023728813559322035,
    "2007_Miami_Hurricanes_football_team": 0.023728813559322035,
    "Florida_State\u2013Miami_football_rivalry": 0.021413276231263382,
    "2012_Georgia_Southern_Eagles_football_team": 0.020942408376963352,
    "2011_Georgia_Southern_Eagles_football_team": 0.020833333333333332,
    "List_of_Miami_Hurricanes_bowl_games": 0.020771513353115726,
    "List_of_Miami_Hurricanes_head_football_coaches": 0.020114942528735632,
    "Miami_Hurricanes_football": 0.0196078431372549,
    "2009_Appalachian_State_Mountaineers_football_team": 0.019417475728155338,
    "2012_Appalachian_State_Mountaineers_football_team": 0.01932367149758454,
    "2010_Appalachian_State_Mountaineers_football_team": 0.01927710843373494,
    "List_of_Southern_Conference_football_champions": 0.019002375296912115,