{
    "2009\u201310_Mississippi_State_Bulldogs_basketball_team": 1.0,
    "List_of_Mississippi_State_Bulldogs_basketball_head_coaches": 0.8601398601398601,
    "Mississippi_State_Bulldogs_baseball": 0.01948051948051948,
    "Mississippi_State_Bulldogs_football": 0.01892744479495268,
    "Mississippi_A&M_Aggies_football_(1895\u201309)": 0.01892744479495268
}