{
    "List_of_Burmese_monarchs": 1.0,
    "List_of_heirs_to_the_Burmese_thrones": 1.0,
    "List_of_Arakanese_monarchs": 0.31351351351351353,
    "List_of_monarchs_of_Thailand": 0.16666666666666666,
    "List_of_Philippine_Presidents_by_date_of_birth": 0.1597222222222222,
    "List_of_heads_of_state_of_Cambodia": 0.1411042944785276,
    "List_of_Presidents_of_Indonesia": 0.1393939393939394,
    "List_of_Prime_Ministers_of_Cambodia": 0.13333333333333333,
    "Yang_di-Pertuan_Agong": 0.13142857142857142,
    "List_of_Presidents_of_Burma": 0.12796208530805686,
    "Prime_Minister_of_the_Philippines": 0.11616161616161616,
    "Prime_Minister_of_Burma": 0.11320754716981132,
    "List_of_kings_of_Cambodia": 0.10823529411764705,
    "List_of_Prime_Ministers_of_Indonesia": 0.10526315789473684,
    "List_of_Prime_Ministers_of_Thailand": 0.1050228310502283,
    "Governor-General_of_the_Philippines": 0.09829059829059829,
    "Prime_Minister_of_Laos": 0.0970464135021097,
    "President_of_Indonesia": 0.08966861598440545,
    "Prime_Minister_of_Malaysia": 0.07796610169491526,
    "Prime_Minister_of_Thailand": 0.077834179357022,
    "President_of_Kyrgyzstan": 0.07098765432098765,
    "Prime_Minister_of_Afghanistan": 0.05603448275862069,
    "President_of_the_People's_Republic_of_China": 0.052752293577981654,
    "Spouse_of_the_President_of_the_People's_Republic_of_China": 0.052752293577981654,
    "Festivals_of_Burma": 0.03908794788273615,
    "Ceasefires_in_Burma": 0.03908794788273615,
    "Tourism_in_Burma": 0.032432432432432434,
    "Education_in_Burma": 0.032432432432432434,
    "List_of_cities_in_Burma": 0.03234501347708895,
    "Culture_of_Burma": 0.03208556149732621,
    "Administrative_divisions_of_Burma": 0.031007751937984496,
    "Public_holidays_in_Burma": 0.030927835051546393,
    "Burma": 0.02977667493796526,
    "Tatmadaw": 0.02823529411764706,
    "Konbaung_Dynasty": 0.027923211169284468,
    "House_of_Representatives_(Burma)": 0.02702702702702703,
    "Prime_Minister_of_Solomon_Islands": 0.026607538802660754,
    "Prime_Minister_of_Vanuatu": 0.026030368763557483,
    "Burmese_calendar": 0.024844720496894408,
    "Prime_Minister_of_South_Ossetia": 0.024291497975708502,
    "Prime_minister": 0.02412280701754386,
    "Prime_Minister_of_Fiji": 0.023715415019762844,
    "Prime_Minister_of_Abkhazia": 0.022598870056497175,
    "Prime_Minister_of_Kyrgyzstan": 0.02207505518763797,
    "Prime_Minister_of_the_Republic_of_Macedonia": 0.021052631578947368,
    "Prime_Minister_of_Iceland": 0.020654044750430294,
    "Prime_Minister_of_Moldova": 0.020338983050847456,
    "Prime_Minister_of_South_Africa": 0.020202020202020204,
    "Prime_Minister_of_Australia": 0.019867549668874173,
    "Taoiseach": 0.019867549668874173,
    "Prime_Minister_of_Montenegro": 0.019834710743801654,
    "Prime_Minister_of_Armenia": 0.019801980198019802,
    "Prime_Minister_of_Haiti": 0.019769357495881382,
    "Prime_Minister_of_Poland": 0.01951219512195122,
    "List_of_Premiers_of_North_Korea": 0.019120458891013385,
    "List_of_heads_of_government_of_Lesotho": 0.01890359168241966,
    "Prime_Minister_of_Georgia": 0.01889763779527559,
    "Prime_Minister_of_Romania": 0.01848998459167951,
    "List_of_heads_of_government_of_Swaziland": 0.018484288354898338,
    "Prime_Minister_of_Croatia": 0.018461538461538463,
    "Prime_Minister_of_Belgium": 0.018404907975460124,
    "Prime_Minister_of_Bulgaria": 0.018018018018018018,
    "Prime_Minister_of_Rwanda": 0.017857142857142856,
    "List_of_heads_of_government_of_S\u00e3o_Tom\u00e9_and_Pr\u00edncipe": 0.017857142857142856,
    "Prime_Minister_of_Serbia": 0.017804154302670624,
    "List_of_rulers_of_Croatia": 0.01773049645390071,
    "List_of_Prime_Ministers_of_Albania": 0.017699115044247787,
    "List_of_heads_of_government_of_Burkina_Faso": 0.0176678445229682,
    "Prime_Minister_of_Tunisia": 0.01757469244288225,
    "List_of_heads_of_government_of_the_Central_African_Republic_and_Central_African_Empire": 0.017543859649122806,
    "Prime_Minister_of_Peru": 0.017513134851138354,
    "List_of_heads_of_government_of_Chad": 0.017452006980802792,
    "Prime_Minister_of_Spain": 0.01721664275466284,
    "Prime_Minister_of_Norway": 0.017167381974248927,
    "List_of_heads_of_government_of_Djibouti": 0.017006802721088437,
    "List_of_Prime_Ministers_of_Canada": 0.01697792869269949,
    "Prime_Minister_of_Ukraine": 0.016783216783216783,
    "Prime_Minister_of_Slovenia": 0.016666666666666666,
    "List_of_heads_of_government_of_Sudan": 0.01639344262295082,
    "Prime_Minister_of_Latvia": 0.016042780748663103,
    "List_of_current_heads_of_state_and_government": 0.015961138098542677,
    "Prime_Minister_of_Uganda": 0.01579778830963665,
    "Prime_Minister_of_Somalia": 0.01579778830963665,
    "Prime_Minister_of_Senegal": 0.01567398119122257,
    "Prime_Minister_of_Estonia": 0.015364916773367477,
    "Prime_Minister_of_Lithuania": 0.015151515151515152,
    "List_of_Serbian_monarchs": 0.014326647564469915,
    "Timeline_of_Philippine_sovereignty": 0.01276595744680851
}