{
    "List_of_Athletic_Bilbao_players": 1.0,
    "List_of_Atl\u00e9tico_Madrid_players": 0.4215686274509804,
    "List_of_Real_Betis_players": 0.39814814814814814,
    "List_of_Real_Madrid_C.F._players": 0.38596491228070173,
    "List_of_FC_Barcelona_players": 0.36363636363636365,
    "El_Cl\u00e1sico": 0.034482758620689655,
    "List_of_Real_Madrid_C.F._records_and_statistics": 0.025806451612903226,
    "List_of_FC_Barcelona_records_and_statistics": 0.024691358024691357,
    "Real_Madrid_C.F._in_European_football": 0.02112676056338028,
    "FC_Barcelona_in_European_football": 0.020134228187919462,
    "List_of_Real_Madrid_C.F._managers": 0.019417475728155338,
    "FC_Barcelona_B": 0.018292682926829267,
    "List_of_FC_Barcelona_managers": 0.017857142857142856,
    "La_Masia": 0.01652892561983471,
    "FC_Barcelona_Juvenil_A": 0.01652892561983471,
    "Valencia_CF_in_European_football": 0.01639344262295082,
    "List_of_CD_Logro\u00f1\u00e9s_managers": 0.015625,
    "Atl\u00e9tico_Madrid_in_European_football": 0.015384615384615385,
    "List_of_Sporting_de_Gij\u00f3n_managers": 0.015306122448979591,
    "List_of_Valencia_CF_managers": 0.01507537688442211,
    "Real_Betis": 0.01485148514851485,
    "List_of_Atl\u00e9tico_Madrid_coaches": 0.013452914798206279,
    "List_of_FC_Barcelona_presidents": 0.01282051282051282,
    "List_of_Deportivo_de_La_Coru\u00f1a_managers": 0.012658227848101266,
    "List_of_La_Liga_players": 0.012269938650306749,
    "Ricardo_Zamora_Trophy": 0.012269938650306749,
    "Zarra_Trophy": 0.012269938650306749,
    "2013\u201314_Real_Madrid_Castilla_season": 0.011904761904761904,
    "Divisiones_Regionales_de_F\u00fatbol_in_Navarre": 0.011811023622047244,
    "1935\u201336_H\u00e9rcules_CF_season": 0.011627906976744186,
    "2012\u201313_Real_Madrid_Castilla_season": 0.011363636363636364,
    "List_of_UE_Lleida_managers": 0.010638297872340425,
    "Granada_CF": 0.010416666666666666
}