{
    "List_of_museums_in_Gloucestershire": 1.0,
    "List_of_museums_in_Herefordshire": 0.3375796178343949,
    "List_of_museums_in_Northumberland": 0.3333333333333333,
    "List_of_museums_in_Berkshire": 0.3270440251572327,
    "List_of_museums_in_Bedfordshire": 0.325,
    "List_of_museums_on_the_Isle_of_Wight": 0.325,
    "List_of_museums_in_Tyne_and_Wear": 0.325,
    "List_of_museums_in_Worcestershire": 0.31952662721893493,
    "List_of_museums_in_Northamptonshire": 0.3081395348837209,
    "List_of_museums_in_Leicestershire": 0.3076923076923077,
    "List_of_museums_in_County_Durham": 0.3058823529411765,
    "List_of_museums_in_West_Sussex": 0.30057803468208094,
    "List_of_museums_in_Suffolk": 0.30057803468208094,
    "List_of_museums_in_Cambridgeshire": 0.29714285714285715,
    "List_of_museums_in_East_Sussex": 0.29714285714285715,
    "List_of_museums_in_the_East_Riding_of_Yorkshire": 0.29714285714285715,
    "List_of_museums_in_Nottinghamshire": 0.29714285714285715,
    "List_of_museums_in_Cumbria": 0.29545454545454547,
    "List_of_museums_in_Merseyside": 0.2937853107344633,
    "List_of_museums_in_Warwickshire": 0.292817679558011,
    "List_of_museums_in_Norfolk": 0.28888888888888886,
    "List_of_museums_in_Staffordshire": 0.287292817679558,
    "List_of_museums_in_Surrey": 0.287292817679558,
    "List_of_museums_in_Buckinghamshire": 0.2864864864864865,
    "List_of_museums_in_Hertfordshire": 0.28415300546448086,
    "List_of_museums_in_Cheshire": 0.28415300546448086,
    "List_of_museums_in_Wiltshire": 0.28342245989304815,
    "List_of_museums_in_South_Yorkshire": 0.2826086956521739,
    "List_of_museums_in_Shropshire": 0.28191489361702127,
    "List_of_museums_in_Lincolnshire": 0.27225130890052357,
    "List_of_museums_in_Dorset": 0.2653061224489796,
    "List_of_museums_in_Hampshire": 0.2613065326633166,
    "List_of_museums_in_Derbyshire": 0.2561576354679803,
    "List_of_museums_in_North_Yorkshire": 0.24761904761904763,
    "List_of_museums_in_Cornwall": 0.24644549763033174,
    "List_of_museums_in_Lancashire": 0.24528301886792453,
    "List_of_museums_in_the_West_Midlands": 0.24528301886792453,
    "List_of_museums_in_Oxfordshire": 0.23636363636363636,
    "List_of_museums_in_Essex": 0.22270742358078602,
    "List_of_museums_in_Somerset": 0.2157676348547718,
    "List_of_museums_in_Devon": 0.20553359683794467,
    "List_of_museums_in_West_Yorkshire": 0.1984732824427481,
    "List_of_museums_in_Bristol": 0.18681318681318682,
    "List_of_museums_in_London": 0.17647058823529413,
    "List_of_museums_in_Northern_Ireland": 0.16943521594684385,
    "List_of_museums_in_Greater_Manchester": 0.1640378548895899,
    "List_of_museums_in_Kent": 0.15757575757575756,
    "List_of_museums_in_Wales": 0.14166666666666666,
    "List_of_museums_in_Scotland": 0.09714285714285714,
    "List_of_crossings_of_the_River_Severn": 0.047619047619047616,
    "River_Avon_(Bristol)": 0.04340836012861737,
    "Cotswold_Way": 0.041584158415841586,
    "Dean_Forest_Railway": 0.04061895551257253,
    "Gloucestershire_Warwickshire_Railway": 0.03666666666666667,
    "A417_road": 0.03376205787781351,
    "Gloucester_railway_station": 0.028985507246376812,
    "Sedgemoor": 0.028481012658227847,
    "M5_motorway": 0.02826379542395693,
    "Cheltenham_Spa_railway_station": 0.02588235294117647,
    "A40_road": 0.02539298669891173,
    "Devon": 0.024657534246575342,
    "South_Somerset": 0.023872679045092837,
    "North_Somerset": 0.023752969121140142,
    "Bath_and_North_East_Somerset": 0.023696682464454975,
    "List_of_civil_parishes_in_Worcestershire": 0.021645021645021644,
    "Worcestershire": 0.02066115702479339,
    "List_of_Northamptonshire_settlements_by_population": 0.01834862385321101,
    "List_of_Warwickshire_towns_by_population": 0.018315018315018316,
    "M4_motorway": 0.018292682926829267,
    "Buckinghamshire": 0.017167381974248927,
    "South_West_England": 0.016355140186915886,
    "List_of_Buckinghamshire_boundary_changes": 0.016216216216216217,
    "List_of_civil_parishes_in_Buckinghamshire": 0.016194331983805668,
    "Evolution_of_Worcestershire_county_boundaries": 0.016025641025641024,
    "List_of_settlements_in_Hertfordshire_by_population": 0.014598540145985401,
    "List_of_Bedfordshire_settlements_by_population": 0.014563106796116505,
    "Civil_parishes_in_Berkshire": 0.013513513513513514,
    "Railways_of_Shropshire": 0.013513513513513514,
    "Civil_parishes_in_Bedfordshire": 0.013452914798206279,
    "Civil_parishes_in_Tyne_and_Wear": 0.013452914798206279,
    "List_of_Staffordshire_settlements_by_population": 0.013215859030837005,
    "List_of_monastic_houses_in_Buckinghamshire": 0.01276595744680851,
    "List_of_civil_parishes_in_Suffolk": 0.01276595744680851,
    "Civil_parishes_in_Cambridgeshire": 0.012605042016806723,
    "List_of_civil_parishes_in_the_East_Riding_of_Yorkshire": 0.012605042016806723,
    "Civil_parishes_in_Cumbria": 0.012552301255230125,
    "Civil_parishes_in_Merseyside": 0.0125,
    "Grade_I_listed_buildings_in_Berkshire": 0.012345679012345678,
    "Civil_parishes_in_Cheshire": 0.012195121951219513,
    "Civil_parishes_in_South_Yorkshire": 0.012145748987854251,
    "Nottingham_Urban_Area": 0.012,
    "Leicester_Urban_Area": 0.011834319526627219,
    "Grade_I_listed_buildings_in_the_East_Riding_of_Yorkshire": 0.011583011583011582,
    "Civil_parishes_in_West_Yorkshire": 0.011494252873563218,
    "Parliamentary_constituencies_in_Hertfordshire": 0.011450381679389313,
    "Huntingdon_and_Peterborough": 0.011428571428571429,
    "Cambridgeshire_and_Isle_of_Ely": 0.011428571428571429,
    "South_Downs": 0.011235955056179775,
    "Grade_I_listed_buildings_in_South_Yorkshire": 0.011194029850746268,
    "List_of_wards_in_Stratford_district_by_population": 0.01107011070110701,
    "Oxfordshire": 0.01107011070110701,
    "Grade_II*_listed_buildings_in_the_East_Riding_of_Yorkshire": 0.01098901098901099,
    "List_of_lost_settlements_in_Hertfordshire": 0.01092896174863388,
    "List_of_Scheduled_Monuments_in_Cheshire_dated_to_before_1066": 0.01092896174863388,
    "List_of_Scheduled_Monuments_in_Cheshire_(1066\u20131539)": 0.01092896174863388,
    "List_of_Scheduled_Monuments_in_Cheshire_since_1539": 0.01092896174863388,
    "List_of_Hertfordshire_boundary_changes": 0.01092896174863388,
    "Civil_parishes_in_Lancashire": 0.01090909090909091,
    "Civil_parishes_in_the_West_Midlands_(county)": 0.01090909090909091,
    "List_of_places_in_Kent": 0.01090909090909091,
    "List_of_Scheduled_Monuments_in_South_Yorkshire": 0.010869565217391304,
    "List_of_Roman_place_names_in_Britain": 0.010752688172043012,
    "Northumberland": 0.010723860589812333,
    "Grade_I_listed_buildings_in_Dorset": 0.010714285714285714,
    "Berwick-upon-Tweed_(UK_Parliament_constituency)": 0.010638297872340425,
    "Grade_II*_listed_buildings_in_South_Yorkshire": 0.010638297872340425,
    "City_of_Carlisle": 0.01056338028169014,
    "Lancashire": 0.010452961672473868,
    "List_of_Parliamentary_constituencies_in_Lancashire": 0.010344827586206896,
    "List_of_towns_and_cities_in_Devon_by_population": 0.010067114093959731
}