{
    "Agnieszka_Radwa\u0144ska_career_statistics": 1.0,
    "Sharon_Walsh": 0.5590551181102362,
    "Lea_Antonoplis": 0.5590551181102362,
    "Brenda_Schultz-McCarthy": 0.5590551181102362,
    "Vera_Dushevina": 0.5590551181102362,
    "Catherine_Tanvier": 0.5461538461538461,
    "Lourdes_Dom\u00ednguez_Lino": 0.5196850393700787,
    "Annika_Beck": 0.5196850393700787,
    "Bonnie_Gadusek": 0.5196850393700787,
    "Rossana_de_los_R\u00edos": 0.5196850393700787,
    "Sesil_Karatantcheva": 0.48175182481751827,
    "Kaia_Kanepi": 0.4785714285714286,
    "Anna_Smashnova": 0.46808510638297873,
    "Manuela_Maleeva": 0.3520408163265306,
    "Julie_Halard-Decugis": 0.33175355450236965,
    "Magdalena_Maleeva": 0.32589285714285715,
    "Mima_Jau\u0161ovec": 0.3223350253807107,
    "Chanda_Rubin": 0.3162393162393162,
    "Nancy_Feber": 0.3153526970954357,
    "Mar\u00eda_Emilia_Salerni": 0.2950191570881226,
    "Eugenie_Bouchard": 0.2857142857142857,
    "Noppawan_Lertcheewakarn": 0.2805755395683453,
    "Urszula_Radwa\u0144ska": 0.2698961937716263,
    "Kirsten_Flipkens": 0.2361963190184049,
    "Patricia_Tarabini": 0.2096317280453258,
    "Anna-Lena_Gr\u00f6nefeld": 0.17798594847775176,
    "Simona_Halep": 0.15835140997830802,
    "Katarina_Srebotnik": 0.1453900709219858,
    "Zina_Garrison": 0.14363636363636365,
    "Kristina_Mladenovic": 0.1404494382022472,
    "Tracy_Austin": 0.12852664576802508,
    "Natasha_Zvereva": 0.11858076563958916,
    "Gabriela_Sabatini": 0.11396011396011396,
    "Anne_Smith": 0.11048158640226628,
    "Hana_Mandl\u00edkov\u00e1": 0.10863095238095238,
    "Fran\u00e7oise_D\u00fcrr": 0.10013175230566534,
    "Micha\u00eblla_Krajicek": 0.08550185873605948,
    "Eva_Dyrberg": 0.0811965811965812,
    "Meredith_McGrath": 0.08053691275167785,
    "Karina_Hab\u0161udov\u00e1": 0.07692307692307693,
    "Polona_Hercog": 0.076,
    "T\u00edmea_Babos": 0.07587548638132295,
    "Sloane_Stephens": 0.07526881720430108,
    "Tatiana_Perebiynis": 0.0748663101604278,
    "Lisa_McShea": 0.0748663101604278,
    "Rachel_McQuillan": 0.07446808510638298,
    "Gisela_Dulko_career_statistics": 0.07390300230946882,
    "Justine_Henin": 0.0735444330949949,
    "Maryna_Zanevska": 0.07228915662650602,
    "Olga_Govortsova": 0.07142857142857142,
    "Victoria_Azarenka_career_statistics": 0.06607929515418502,
    "Jelena_Dokic": 0.06597222222222222,
    "Barbora_Z\u00e1hlavov\u00e1-Str\u00fdcov\u00e1": 0.06540447504302926,
    "Karol\u00edna_Pl\u00ed\u0161kov\u00e1": 0.06382978723404255,
    "Mar\u00eda_Jos\u00e9_Mart\u00ednez_S\u00e1nchez": 0.0625,
    "Katerina_Maleeva": 0.06060606060606061,
    "Alycia_Moulton": 0.06060606060606061,
    "Meilen_Tu": 0.06060606060606061,
    "Anabel_Medina_Garrigues": 0.06031746031746032,
    "Roberta_Vinci_career_statistics": 0.06031746031746032,
    "Renata_Vor\u00e1\u010dov\u00e1": 0.05970149253731343,
    "Krist\u00edna_Ku\u010dov\u00e1": 0.05747126436781609,
    "Andrea_Hlav\u00e1\u010dkov\u00e1": 0.05740181268882175,
    "Alexia_Dechaume-Balleret": 0.05641025641025641,
    "Elena_Bogdan": 0.05641025641025641,
    "Henrieta_Nagyov\u00e1": 0.05641025641025641,
    "Sharon_Fichman": 0.05555555555555555,
    "Corina_Morariu": 0.054276315789473686,
    "Flavia_Pennetta_career_statistics": 0.05405405405405406,
    "Lucie_Hradeck\u00e1": 0.05223880597014925,
    "Paola_Su\u00e1rez": 0.05221932114882506,
    "Gabriela_Dabrowski": 0.05128205128205128,
    "Lucie_\u0160af\u00e1\u0159ov\u00e1": 0.050666666666666665,
    "Hsieh_Su-wei": 0.05060728744939271,
    "Laura_Siegemund": 0.04979253112033195,
    "Jelena_Jankovi\u0107": 0.04962779156327544,
    "Mihaela_Buz\u0103rnescu": 0.04950495049504951,
    "Betty_St\u00f6ve": 0.04933586337760911,
    "Ana_Ivanovic": 0.049019607843137254,
    "Claudia_Kohde-Kilsch": 0.04833836858006042,
    "Vania_King": 0.04833836858006042,
    "Alexandra_Stevenson": 0.047872340425531915,
    "Valeria_Solovyeva": 0.047872340425531915,
    "Mercedes_Paz": 0.047872340425531915,
    "Sylvia_Hanika": 0.04639175257731959,
    "Yaroslava_Shvedova": 0.0463768115942029,
    "Ai_Sugiyama": 0.04631578947368421,
    "Virginia_Ruzici": 0.04619565217391304,
    "Wendy_Turnbull": 0.04612850082372323,
    "Virginia_Ruano_Pascual": 0.04590818363273453,
    "Anastasia_Myskina": 0.0456140350877193,
    "Peng_Shuai": 0.04524886877828054,
    "Sue_Barker": 0.04491017964071856,
    "Elena_Vesnina": 0.043557168784029036,
    "Judy_Tegart": 0.04310344827586207,
    "Elena_Likhovtseva": 0.04294478527607362,
    "Garbi\u00f1e_Muguruza": 0.04285714285714286,
    "Liezel_Huber": 0.0423728813559322,
    "Rennae_Stubbs": 0.0423572744014733,
    "Elizabeth_Smylie": 0.042316258351893093,
    "Mariaan_de_Swardt": 0.04225352112676056,
    "David_Adams_(tennis)": 0.04225352112676056,
    "Meghann_Shaughnessy": 0.04216867469879518,
    "Nuria_Llagostera_Vives": 0.04216867469879518,
    "Janette_Hus\u00e1rov\u00e1": 0.04216867469879518,
    "Thomaz_Koch": 0.04195804195804196,
    "Scott_Lipsky": 0.04195804195804196,
    "Kristie_Boogert": 0.04195804195804196,
    "Eliot_Teltscher": 0.04195804195804196,
    "Lori_McNeil": 0.04195804195804196,
    "Franti\u0161ek_\u010cerm\u00e1k": 0.04195804195804196,
    "Menno_Oosting": 0.04195804195804196,
    "Nicole_Melichar": 0.04182509505703422,
    "Andrea_Jaeger": 0.041811846689895474,
    "Pavel_Slo\u017eil": 0.041666666666666664,
    "Zhang_Shuai_(tennis)": 0.04126984126984127,
    "Leo\u0161_Friedl": 0.040983606557377046,
    "Kimberly_Po": 0.040983606557377046,
    "Iveta_Bene\u0161ov\u00e1": 0.04065040650406504,
    "Francesca_Schiavone": 0.040145985401459854,
    "Bethanie_Mattek-Sands": 0.04012841091492777,
    "Kv\u011bta_Peschke": 0.04011461318051576,
    "Dick_Stockton_(tennis)": 0.04,
    "Tom_Nijssen": 0.04,
    "Anett_Kontaveit": 0.04,
    "Mara_Santangelo": 0.039525691699604744,
    "Andrea_Temesv\u00e1ri": 0.039525691699604744,
    "Candy_Reynolds": 0.039525691699604744,
    "Dianne_Fromholtz": 0.03857566765578635,
    "Jo_Durie": 0.038461538461538464,
    "Gigi_Fern\u00e1ndez": 0.038461538461538464,
    "Jana_Novotn\u00e1": 0.0383586083853702,
    "Pam_Shriver": 0.03686635944700461,
    "Kevin_Curren": 0.036585365853658534,
    "JoAnne_Russell": 0.03536977491961415,
    "Alona_Bondarenko": 0.034334763948497854,
    "Rosemary_Casals": 0.03412462908011869,
    "Manon_Bollegraf": 0.03411513859275053,
    "Zheng_Jie": 0.033482142857142856,
    "Richard_Gasquet": 0.033419023136246784,
    "Mary_Joe_Fern\u00e1ndez": 0.03300970873786408,
    "List_of_WTA_number_1_ranked_players": 0.03292181069958848,
    "Helena_Sukov\u00e1": 0.03213242453748783,
    "List_of_WTA_Tour_Grand_Slam_tournaments_and_Tier_1_singles_champions": 0.03133903133903134,
    "Tom\u00e1s_Carbonell": 0.03117505995203837,
    "Elna_Reinach": 0.03076923076923077,
    "Raffaella_Reggi": 0.03076923076923077,
    "Maria_Bueno": 0.03024193548387097,
    "Andrei_Olhovskiy": 0.03006012024048096,
    "Owen_Davidson": 0.029449423815621,
    "Mary_Pierce": 0.029411764705882353,
    "Arantxa_S\u00e1nchez_Vicario": 0.029239766081871343,
    "2012_Serena_Williams_tennis_season": 0.029190992493744787,
    "2011_Serena_Williams_tennis_season": 0.029166666666666667,
    "2013_Serena_Williams_tennis_season": 0.029166666666666667,
    "2010_Serena_Williams_tennis_season": 0.029166666666666667,
    "2009_Serena_Williams_tennis_season": 0.029166666666666667,
    "Serena_Williams'_early_career": 0.029166666666666667,
    "2006_Serena_Williams_tennis_season": 0.029166666666666667,
    "1999_Serena_Williams_tennis_season": 0.029166666666666667,
    "2008_Serena_Williams_tennis_season": 0.029166666666666667,
    "2007_Serena_Williams_tennis_season": 0.029166666666666667,
    "2005_Serena_Williams_tennis_season": 0.029166666666666667,
    "2004_Serena_Williams_tennis_season": 0.029166666666666667,
    "2003_Serena_Williams_tennis_season": 0.029166666666666667,
    "Frew_McMillan": 0.02838709677419355,