{
    "List_of_museums_in_Shropshire": 1.0,
    "Railways_of_Shropshire": 0.42857142857142855,
    "List_of_museums_in_Northumberland": 0.36879432624113473,
    "List_of_museums_in_Herefordshire": 0.36363636363636365,
    "List_of_museums_in_Berkshire": 0.3611111111111111,
    "List_of_museums_in_Bedfordshire": 0.3586206896551724,
    "List_of_museums_on_the_Isle_of_Wight": 0.3586206896551724,
    "List_of_museums_in_Tyne_and_Wear": 0.3586206896551724,
    "List_of_museums_in_Worcestershire": 0.35064935064935066,
    "List_of_museums_in_Leicestershire": 0.33766233766233766,
    "List_of_museums_in_County_Durham": 0.33548387096774196,
    "List_of_museums_in_Northamptonshire": 0.3291139240506329,
    "List_of_museums_in_West_Sussex": 0.3291139240506329,
    "List_of_museums_in_Suffolk": 0.3291139240506329,
    "List_of_museums_in_Cambridgeshire": 0.325,
    "List_of_museums_in_East_Sussex": 0.325,
    "List_of_museums_in_the_East_Riding_of_Yorkshire": 0.325,
    "List_of_museums_in_Nottinghamshire": 0.325,
    "List_of_museums_in_Cumbria": 0.32298136645962733,
    "List_of_museums_in_Staffordshire": 0.3212121212121212,
    "List_of_museums_in_Merseyside": 0.32098765432098764,
    "List_of_museums_in_Norfolk": 0.3151515151515151,
    "List_of_museums_in_Surrey": 0.3132530120481928,
    "List_of_museums_in_Warwickshire": 0.31137724550898205,
    "List_of_museums_in_Hertfordshire": 0.30952380952380953,
    "List_of_museums_in_Cheshire": 0.30952380952380953,
    "List_of_museums_in_South_Yorkshire": 0.3076923076923077,
    "List_of_museums_in_Buckinghamshire": 0.30409356725146197,
    "List_of_museums_in_Wiltshire": 0.30057803468208094,
    "List_of_museums_in_Lincolnshire": 0.29545454545454547,
    "List_of_museums_in_Dorset": 0.287292817679558,
    "List_of_museums_in_Hampshire": 0.2826086956521739,
    "List_of_museums_in_Gloucestershire": 0.28191489361702127,
    "List_of_museums_in_Derbyshire": 0.2765957446808511,
    "List_of_museums_in_the_West_Midlands": 0.27040816326530615,
    "List_of_museums_in_North_Yorkshire": 0.26666666666666666,
    "List_of_museums_in_Cornwall": 0.2653061224489796,
    "List_of_museums_in_Lancashire": 0.2639593908629442,
    "List_of_museums_in_Oxfordshire": 0.25365853658536586,
    "List_of_museums_in_Essex": 0.2383177570093458,
    "List_of_museums_in_Somerset": 0.23008849557522124,
    "List_of_museums_in_Devon": 0.2184873949579832,
    "List_of_museums_in_West_Yorkshire": 0.21052631578947367,
    "M54_motorway": 0.2,
    "List_of_museums_in_Bristol": 0.19767441860465115,
    "List_of_museums_in_London": 0.18613138686131386,
    "List_of_museums_in_Northern_Ireland": 0.17832167832167833,
    "List_of_museums_in_Greater_Manchester": 0.17218543046357615,
    "List_of_museums_in_Kent": 0.16507936507936508,
    "List_of_museums_in_Wales": 0.14782608695652175,
    "Shrewsbury_railway_station": 0.10194174757281553,
    "List_of_museums_in_Scotland": 0.1,
    "List_of_crossings_of_the_River_Severn": 0.03977272727272727,
    "Worcestershire": 0.03111111111111111,
    "Borough_of_Stafford": 0.030456852791878174,
    "List_of_civil_parishes_in_Worcestershire": 0.023148148148148147,
    "Evolution_of_Worcestershire_county_boundaries": 0.02027027027027027,
    "Sandwell": 0.018461538461538463,
    "Civil_parishes_in_the_West_Midlands_(county)": 0.015444015444015444,
    "Metropolitan_Borough_of_Dudley": 0.015384615384615385,
    "River_Tame,_West_Midlands": 0.015306122448979591,
    "Coventry": 0.01488833746898263,
    "Civil_parishes_in_Berkshire": 0.014492753623188406,
    "Civil_parishes_in_Bedfordshire": 0.014423076923076924,
    "Civil_parishes_in_Tyne_and_Wear": 0.014423076923076924,
    "River_Avon_(Bristol)": 0.0144,
    "List_of_Staffordshire_settlements_by_population": 0.014150943396226415,
    "List_of_canal_aqueducts_in_the_United_Kingdom": 0.014084507042253521,
    "List_of_canal_tunnels_in_the_United_Kingdom": 0.014084507042253521,
    "List_of_canals_of_the_United_Kingdom": 0.014084507042253521,
    "Northumberland": 0.014005602240896359,
    "Buckinghamshire": 0.0136986301369863,
    "List_of_civil_parishes_in_Suffolk": 0.013636363636363636,
    "Civil_parishes_in_Cambridgeshire": 0.013452914798206279,
    "List_of_civil_parishes_in_the_East_Riding_of_Yorkshire": 0.013452914798206279,
    "Civil_parishes_in_Cumbria": 0.013392857142857142,
    "Civil_parishes_in_Merseyside": 0.013333333333333334,
    "Grade_I_listed_buildings_in_Berkshire": 0.013157894736842105,
    "Civil_parishes_in_Cheshire": 0.012987012987012988,
    "Leicester_Urban_Area": 0.012987012987012988,
    "Civil_parishes_in_South_Yorkshire": 0.01293103448275862,
    "List_of_civil_parishes_in_Buckinghamshire": 0.012875536480686695,
    "Nottingham_Urban_Area": 0.01276595744680851,
    "Huntingdon_and_Peterborough": 0.0125,
    "Cambridgeshire_and_Isle_of_Ely": 0.0125,
    "Grade_I_listed_buildings_in_the_East_Riding_of_Yorkshire": 0.012295081967213115,
    "Civil_parishes_in_West_Yorkshire": 0.012195121951219513,
    "Nottingham_City_Council": 0.0121580547112462,
    "Parliamentary_constituencies_in_Hertfordshire": 0.012145748987854251,
    "List_of_lost_settlements_in_Hertfordshire": 0.011904761904761904,
    "List_of_Scheduled_Monuments_in_Cheshire_dated_to_before_1066": 0.011904761904761904,
    "List_of_Scheduled_Monuments_in_Cheshire_(1066\u20131539)": 0.011904761904761904,
    "List_of_Scheduled_Monuments_in_Cheshire_since_1539": 0.011904761904761904,
    "List_of_Hertfordshire_boundary_changes": 0.011904761904761904,
    "Grade_I_listed_buildings_in_South_Yorkshire": 0.011857707509881422,
    "List_of_Scheduled_Monuments_in_South_Yorkshire": 0.011834319526627219,
    "South_Downs": 0.011730205278592375,
    "Oxfordshire": 0.01171875,
    "List_of_Buckinghamshire_boundary_changes": 0.011695906432748537,
    "2009_structural_changes_to_local_government_in_England": 0.011627906976744186,
    "Grade_II*_listed_buildings_in_the_East_Riding_of_Yorkshire": 0.011627906976744186,
    "Berwick-upon-Tweed_(UK_Parliament_constituency)": 0.011560693641618497,
    "List_of_Warwickshire_towns_by_population": 0.011538461538461539,
    "Civil_parishes_in_Lancashire": 0.011538461538461539,
    "List_of_settlements_in_Hertfordshire_by_population": 0.011538461538461539,
    "List_of_places_in_Kent": 0.011538461538461539,
    "Grade_I_listed_buildings_in_Dorset": 0.011320754716981131,
    "Devon": 0.011267605633802818,
    "Grade_II*_listed_buildings_in_South_Yorkshire": 0.011235955056179775,
    "Bedford_Borough": 0.011142061281337047,
    "Lancashire": 0.011029411764705883,
    "List_of_Parliamentary_constituencies_in_Lancashire": 0.01090909090909091,
    "River_Trent": 0.010638297872340425,
    "North_Yorkshire": 0.010452961672473868,
    "List_of_civil_parishes_in_Somerset": 0.010416666666666666,
    "List_of_Bedfordshire_settlements_by_population": 0.010416666666666666,
    "Ralph_Assheton,_1st_Baron_Clitheroe": 0.010101010101010102
}