{
    "List_of_museums_in_Warwickshire": 1.0,
    "List_of_museums_in_Northumberland": 0.3880597014925373,
    "List_of_museums_in_Herefordshire": 0.38235294117647056,
    "List_of_museums_in_Berkshire": 0.3795620437956204,
    "List_of_museums_in_Bedfordshire": 0.37681159420289856,
    "List_of_museums_on_the_Isle_of_Wight": 0.37681159420289856,
    "List_of_museums_in_Tyne_and_Wear": 0.37681159420289856,
    "List_of_museums_in_Northamptonshire": 0.3716216216216216,
    "List_of_museums_in_Worcestershire": 0.3673469387755102,
    "List_of_museums_in_Leicestershire": 0.35374149659863946,
    "List_of_museums_in_County_Durham": 0.35135135135135137,
    "List_of_museums_in_West_Sussex": 0.3443708609271523,
    "List_of_museums_in_Suffolk": 0.3443708609271523,
    "List_of_museums_in_Staffordshire": 0.34394904458598724,
    "List_of_museums_in_Cambridgeshire": 0.33986928104575165,
    "List_of_museums_in_East_Sussex": 0.33986928104575165,
    "List_of_museums_in_the_East_Riding_of_Yorkshire": 0.33986928104575165,
    "List_of_museums_in_Nottinghamshire": 0.33986928104575165,
    "List_of_museums_in_Cumbria": 0.33766233766233766,
    "List_of_museums_in_Merseyside": 0.33548387096774196,
    "List_of_museums_in_Norfolk": 0.3291139240506329,
    "List_of_museums_in_Surrey": 0.3270440251572327,
    "List_of_museums_in_Hertfordshire": 0.32298136645962733,
    "List_of_museums_in_Cheshire": 0.32298136645962733,
    "List_of_museums_in_South_Yorkshire": 0.32098765432098764,
    "List_of_museums_in_Buckinghamshire": 0.3170731707317073,
    "List_of_museums_in_the_West_Midlands": 0.31521739130434784,
    "List_of_museums_in_Wiltshire": 0.3132530120481928,
    "List_of_museums_in_Shropshire": 0.31137724550898205,
    "List_of_museums_in_Lincolnshire": 0.3076923076923077,
    "List_of_museums_in_Dorset": 0.2988505747126437,
    "List_of_museums_in_Hampshire": 0.2937853107344633,
    "List_of_museums_in_Gloucestershire": 0.292817679558011,
    "List_of_museums_in_Derbyshire": 0.287292817679558,
    "List_of_wards_in_Stratford_district_by_population": 0.2857142857142857,
    "List_of_Warwickshire_towns_by_population": 0.28,
    "List_of_museums_in_North_Yorkshire": 0.2765957446808511,
    "List_of_museums_in_Cornwall": 0.2751322751322751,
    "List_of_museums_in_Lancashire": 0.2736842105263158,
    "List_of_museums_in_Oxfordshire": 0.26262626262626265,
    "List_of_museums_in_Essex": 0.2463768115942029,
    "List_of_museums_in_Somerset": 0.2374429223744292,
    "List_of_museums_in_Devon": 0.22510822510822512,
    "List_of_museums_in_West_Yorkshire": 0.21666666666666667,
    "List_of_museums_in_Bristol": 0.20318725099601595,
    "List_of_museums_in_London": 0.19101123595505617,
    "List_of_museums_in_Northern_Ireland": 0.1827956989247312,
    "List_of_museums_in_Greater_Manchester": 0.17627118644067796,
    "List_of_museums_in_Kent": 0.16883116883116883,
    "List_of_museums_in_Wales": 0.15088757396449703,
    "List_of_museums_in_Scotland": 0.10139165009940358,
    "Coventry": 0.05511811023622047,
    "Borough_of_Stafford": 0.053763440860215055,
    "Worcestershire": 0.046511627906976744,
    "Sandwell": 0.04516129032258064,
    "River_Tame,_West_Midlands": 0.043478260869565216,
    "Evolution_of_Worcestershire_county_boundaries": 0.03873239436619718,
    "Metropolitan_Borough_of_Dudley": 0.037333333333333336,
    "Civil_parishes_in_the_West_Midlands_(county)": 0.03643724696356275,
    "List_of_Northamptonshire_settlements_by_population": 0.02564102564102564,
    "List_of_civil_parishes_in_Worcestershire": 0.023923444976076555,
    "The_Midlands,_England": 0.02054794520547945,
    "List_of_Staffordshire_settlements_by_population": 0.0196078431372549,
    "List_of_canal_aqueducts_in_the_United_Kingdom": 0.01951219512195122,
    "List_of_canal_tunnels_in_the_United_Kingdom": 0.01951219512195122,
    "List_of_canals_of_the_United_Kingdom": 0.01951219512195122,
    "Civil_parishes_in_Berkshire": 0.015,
    "Civil_parishes_in_Bedfordshire": 0.014925373134328358,
    "Civil_parishes_in_Tyne_and_Wear": 0.014925373134328358,
    "List_of_monastic_houses_in_the_East_Riding_of_Yorkshire": 0.01485148514851485,
    "West_Midlands_(region)": 0.014634146341463415,
    "Buckinghamshire": 0.014150943396226415,
    "List_of_monastic_houses_in_Buckinghamshire": 0.014084507042253521,
    "List_of_civil_parishes_in_Suffolk": 0.014084507042253521,
    "Civil_parishes_in_Cambridgeshire": 0.013888888888888888,
    "List_of_civil_parishes_in_the_East_Riding_of_Yorkshire": 0.013888888888888888,
    "Civil_parishes_in_Cumbria": 0.013824884792626729,
    "Civil_parishes_in_Merseyside": 0.013761467889908258,
    "Leicester_Urban_Area": 0.013605442176870748,
    "Grade_I_listed_buildings_in_Berkshire": 0.013574660633484163,
    "Civil_parishes_in_Cheshire": 0.013392857142857142,
    "Civil_parishes_in_South_Yorkshire": 0.013333333333333334,
    "List_of_civil_parishes_in_Buckinghamshire": 0.01327433628318584,
    "Nottingham_Urban_Area": 0.013157894736842105,
    "Huntingdon_and_Peterborough": 0.013071895424836602,
    "Cambridgeshire_and_Isle_of_Ely": 0.013071895424836602,
    "List_of_monastic_houses_in_North_Yorkshire": 0.012658227848101266,
    "Grade_I_listed_buildings_in_the_East_Riding_of_Yorkshire": 0.012658227848101266,
    "Civil_parishes_in_West_Yorkshire": 0.012552301255230125,
    "Parliamentary_constituencies_in_Hertfordshire": 0.0125,
    "List_of_lost_settlements_in_Hertfordshire": 0.012422360248447204,
    "List_of_Scheduled_Monuments_in_Cheshire_dated_to_before_1066": 0.012422360248447204,
    "List_of_Scheduled_Monuments_in_Cheshire_(1066\u20131539)": 0.012422360248447204,
    "List_of_Scheduled_Monuments_in_Cheshire_since_1539": 0.012422360248447204,
    "List_of_Hertfordshire_boundary_changes": 0.012422360248447204,
    "List_of_Scheduled_Monuments_in_South_Yorkshire": 0.012345679012345678,
    "List_of_Buckinghamshire_boundary_changes": 0.012195121951219513,
    "Grade_I_listed_buildings_in_South_Yorkshire": 0.012195121951219513,
    "Berwick-upon-Tweed_(UK_Parliament_constituency)": 0.012048192771084338,
    "Oxfordshire": 0.012048192771084338,
    "South_Downs": 0.011976047904191617,
    "Grade_II*_listed_buildings_in_the_East_Riding_of_Yorkshire": 0.01195219123505976,
    "Civil_parishes_in_Lancashire": 0.011857707509881422,
    "List_of_settlements_in_Hertfordshire_by_population": 0.011857707509881422,
    "List_of_places_in_Kent": 0.011857707509881422,
    "BCN_Main_Line": 0.011834319526627219,
    "Wyrley_and_Essington_Canal": 0.011834319526627219,
    "Lichfield_Canal": 0.011834319526627219,
    "Birmingham_and_Fazeley_Canal": 0.011764705882352941,
    "Grade_I_listed_buildings_in_Dorset": 0.011627906976744186,
    "Grade_II*_listed_buildings_in_South_Yorkshire": 0.011538461538461539,
    "Lancashire": 0.011320754716981131,
    "List_of_Parliamentary_constituencies_in_Lancashire": 0.011194029850746268,
    "River_Trent": 0.011049723756906077,
    "List_of_Bedfordshire_settlements_by_population": 0.010810810810810811,
    "North_Yorkshire": 0.010714285714285714,
    "List_of_civil_parishes_in_Somerset": 0.010676156583629894,
    "Ralph_Assheton,_1st_Baron_Clitheroe": 0.010471204188481676,
    "Allerdale": 0.010362694300518135,
    "List_of_civil_parishes_in_Devon": 0.010238907849829351,
    "List_of_railway_stations_in_Worcestershire": 0.010050251256281407
}