{
    "Queensland_rugby_league_team_records": 1.0,
    "1980_State_of_Origin_game": 1.0,
    "List_of_New_South_Wales_rugby_league_team_squads": 1.0,
    "1981_State_of_Origin_game": 1.0,
    "1994_State_of_Origin_series": 1.0,
    "1985_State_of_Origin_series": 1.0,
    "1986_State_of_Origin_series": 1.0,
    "1984_State_of_Origin_series": 1.0,
    "1988_State_of_Origin_series": 1.0,
    "1982_State_of_Origin_series": 1.0,
    "1983_State_of_Origin_series": 1.0,
    "State_of_Origin_results_and_statistics": 1.0,
    "List_of_Queensland_rugby_league_team_squads": 1.0,
    "1993_State_of_Origin_series": 0.8311688311688312,
    "1989_State_of_Origin_series": 0.7901234567901234,
    "1992_State_of_Origin_series": 0.7804878048780488,
    "1991_State_of_Origin_series": 0.7804878048780488,
    "1990_State_of_Origin_series": 0.7804878048780488,
    "2001_State_of_Origin_series": 0.5981308411214953,
    "2002_State_of_Origin_series": 0.5871559633027523,
    "2003_State_of_Origin_series": 0.5818181818181818,
    "2000_State_of_Origin_series": 0.5765765765765766,
    "1999_State_of_Origin_series": 0.5565217391304348,
    "2005_State_of_Origin_series": 0.5565217391304348,
    "2004_State_of_Origin_series": 0.5565217391304348,
    "1998_State_of_Origin_series": 0.5565217391304348,
    "1996_State_of_Origin_series": 0.5470085470085471,
    "1997_State_of_Origin_series": 0.5423728813559322,
    "1995_State_of_Origin_series": 0.5423728813559322,
    "2006_State_of_Origin_series": 0.5289256198347108,
    "Rugby_league_in_New_South_Wales": 0.5203252032520326,
    "List_of_New_South_Wales_State_of_Origin_players": 0.5203252032520326,
    "2007_State_of_Origin_series": 0.5203252032520326,
    "2008_State_of_Origin_series": 0.512,
    "2012_State_of_Origin_series": 0.5,
    "2010_State_of_Origin_series": 0.49612403100775193,
    "2009_State_of_Origin_series": 0.49230769230769234,
    "2011_State_of_Origin_series": 0.49230769230769234,
    "List_of_Queensland_State_of_Origin_players": 0.48854961832061067,
    "2013_State_of_Origin_series": 0.4740740740740741,
    "New_South_Wales_rugby_league_team": 0.45714285714285713,
    "Queensland_rugby_league_team": 0.423841059602649,
    "1987_State_of_Origin_series": 0.3333333333333333,
    "State_of_Origin_series": 0.32653061224489793,
    "New_South_Wales_Rugby_League": 0.2471042471042471,
    "City_vs_Country_Origin": 0.04142011834319527,
    "S._G._Ball_Cup": 0.04142011834319527,
    "Harold_Matthews_Cup": 0.04142011834319527,
    "ARL_Schoolboy_Cup": 0.038461538461538464,
    "Ron_Massey_Cup": 0.03535353535353535,
    "Jersey_Flegg_Cup": 0.035,
    "List_of_Country_Origin_team_players": 0.032520325203252036,
    "List_of_New_South_Wales_City_Origin_rugby_league_team_players": 0.032520325203252036,
    "New_South_Wales_Cup": 0.03167420814479638,
    "Amco_Cup": 0.02877697841726619,
    "Melbourne_Rugby_League": 0.027972027972027972,
    "Victorian_Rugby_League": 0.027972027972027972,
    "Group_9_Rugby_League": 0.025806451612903226,
    "South_Queensland_Crushers": 0.023076923076923078,
    "FOGS_Colts_Challenge": 0.022900763358778626,
    "List_of_results_of_the_Australian_national_rugby_league_team": 0.022099447513812154,
    "De_La_Salle_Caringbah_Junior_Rugby_League_Football_Club": 0.020100502512562814,
    "Gold_Coast_Rugby_League": 0.0196078431372549,
    "1997_Illawarra_Steelers_season": 0.01935483870967742,
    "Indigenous_All_Stars_(rugby_league)": 0.017777777777777778,
    "Hunter_Mariners": 0.017391304347826087,
    "North_Queensland_Cowboys": 0.017006802721088437,
    "1996_Queensland_Cup_season": 0.01646090534979424,
    "Clive_Churchill_Medal": 0.01639344262295082,
    "2008_Northern_Pride_RLFC_season": 0.016194331983805668,
    "2007_Queensland_Cup_season": 0.01606425702811245,
    "2008_Queensland_Cup_season": 0.01593625498007968,
    "2010_Northern_Pride_RLFC_season": 0.01593625498007968,
    "2009_Northern_Pride_RLFC_season": 0.015873015873015872,
    "Dally_M_Medal": 0.015748031496062992,
    "Queensland_Cup": 0.015706806282722512,
    "2010_Queensland_Cup_season": 0.01568627450980392,
    "2009_Queensland_Cup_season": 0.015625,
    "2011_Queensland_Cup_season": 0.015625,
    "1997_Brisbane_Broncos_season": 0.015384615384615385,
    "2013_Queensland_Cup_season": 0.01532567049808429,
    "List_of_rugby_union_stadiums_by_capacity": 0.015037593984962405,
    "2009_Pacific_Cup": 0.013452914798206279,
    "1998_Illawarra_Steelers_season": 0.013157894736842105,
    "1996_Illawarra_Steelers_season": 0.012987012987012988,
    "1993_Brisbane_Broncos_season": 0.012903225806451613,
    "Brisbane_Broncos": 0.012658227848101266,
    "1992_Brisbane_Broncos_season": 0.012578616352201259,
    "1989_Brisbane_Broncos_season": 0.0125,
    "1990_Brisbane_Broncos_season": 0.012422360248447204,
    "1991_Brisbane_Broncos_season": 0.012422360248447204,
    "Queensland_Premier_Rugby": 0.011904761904761904,
    "List_of_Western_Sydney_Wanderers_FC_players": 0.011627906976744186,
    "1997_Auckland_Warriors_season": 0.011560693641618497,
    "1997_North_Queensland_Cowboys_season": 0.011494252873563218,
    "1997_Bradford_Bulls_season": 0.011235955056179775,
    "Australian_rugby_league_premiers": 0.011235955056179775,
    "List_of_National_Rugby_League_golden_point_games": 0.011235955056179775,
    "List_of_players_with_100_NRL_tries": 0.011235955056179775,
    "List_of_players_with_1,000_NRL_points": 0.011235955056179775,
    "Winfield_Cup": 0.011235955056179775,
    "J._J._Giltinan_Shield": 0.011235955056179775,
    "2001_Brisbane_Broncos_season": 0.010752688172043012,
    "1992_World_Club_Challenge": 0.010638297872340425,
    "2014_New_Zealand_Warriors_season": 0.010638297872340425,
    "2002_Brisbane_Broncos_season": 0.010638297872340425,
    "2000_Brisbane_Broncos_season": 0.010582010582010581,
    "List_of_Australian_rugby_league_stadiums": 0.010443864229765013,
    "2014_Bradford_Bulls_season": 0.010362694300518135,
    "1998_Brisbane_Broncos_season": 0.010362694300518135,
    "2005_Brisbane_Broncos_season": 0.010309278350515464,
    "2004_Brisbane_Broncos_season": 0.010309278350515464,
    "1999_Brisbane_Broncos_season": 0.010309278350515464,
    "1996_Brisbane_Broncos_season": 0.01020408163265306,
    "1995_Brisbane_Broncos_season": 0.01015228426395939,
    "South_East_Queensland_derby": 0.010101010101010102,
    "Illawarra_Steelers": 0.010067114093959731,
    "List_of_A-League_stadiums": 0.010050251256281407,
    "2006_Brisbane_Broncos_season": 0.010050251256281407
}