{
    "2008\u201309_Leinster_Rugby_season": 1.0,
    "2009\u201310_Leinster_Rugby_season": 1.0,
    "2010\u201311_Leinster_Rugby_season": 1.0,
    "2011\u201312_Leinster_Rugby_season": 1.0,
    "2011_Celtic_League_Grand_Final": 0.21518987341772153,
    "2004\u201305_Celtic_League": 0.10256410256410256,
    "2003\u201304_Celtic_League": 0.10256410256410256,
    "2001\u201302_Celtic_League": 0.10256410256410256,
    "2002\u201303_Celtic_League": 0.10256410256410256,
    "2011\u201312_Pro_12": 0.10256410256410256,
    "2012\u201313_Pro_12": 0.10256410256410256,
    "2013\u201314_Pro_12": 0.10256410256410256,
    "Leinster_Rugby": 0.09742120343839542,
    "Aironi": 0.08904109589041095,
    "2010\u201311_Celtic_League": 0.08571428571428572,
    "2009\u201310_Celtic_League": 0.0851063829787234,
    "2005\u201306_Celtic_League": 0.08275862068965517,
    "2007\u201308_Celtic_League": 0.07547169811320754,
    "2008\u201309_Celtic_League": 0.07453416149068323,
    "2006\u201307_Celtic_League": 0.07228915662650602,
    "Benetton_Rugby_Treviso": 0.06551724137931035,
    "Ulster_Rugby": 0.06534090909090909,
    "Ospreys_(rugby_team)": 0.065,
    "2010\u201311_Munster_Rugby_season": 0.06097560975609756,
    "Connacht_Rugby": 0.060941828254847646,
    "2006\u201307_Heineken_Cup_pool_stage": 0.05714285714285714,
    "2005\u201306_Heineken_Cup_pool_stage": 0.05714285714285714,
    "2004\u201305_Heineken_Cup_pool_stage": 0.05714285714285714,
    "2003\u201304_Heineken_Cup_pool_stage": 0.05714285714285714,
    "2002\u201303_Heineken_Cup_pool_stage": 0.05714285714285714,
    "1999\u20132000_Heineken_Cup_pool_stage": 0.05714285714285714,
    "2000\u201301_Heineken_Cup_pool_stage": 0.05714285714285714,
    "2001\u201302_Heineken_Cup_pool_stage": 0.05714285714285714,
    "2009\u201310_Heineken_Cup_pool_stage": 0.05714285714285714,
    "2010\u201311_Heineken_Cup": 0.05714285714285714,
    "2010\u201311_Heineken_Cup_pool_stage": 0.05714285714285714,
    "2011\u201312_Heineken_Cup": 0.05714285714285714,
    "2003\u201304_Heineken_Cup": 0.05714285714285714,
    "List_of_Heineken_Cup_finals": 0.05714285714285714,
    "2000\u201301_Heineken_Cup": 0.05714285714285714,
    "2002\u201303_Heineken_Cup": 0.05714285714285714,
    "2001\u201302_Heineken_Cup": 0.05714285714285714,
    "1997\u201398_Heineken_Cup": 0.05714285714285714,
    "1999\u20132000_Heineken_Cup": 0.05714285714285714,
    "2004\u201305_Heineken_Cup": 0.05714285714285714,
    "Zebre": 0.04924242424242424,
    "2009\u201310_Heineken_Cup": 0.04878048780487805,
    "Cardiff_RFC": 0.048507462686567165,
    "2005\u201306_Heineken_Cup": 0.047619047619047616,
    "Scarlets": 0.04693140794223827,
    "Munster_Rugby": 0.044715447154471545,
    "2007\u201308_Heineken_Cup": 0.04371584699453552,
    "Newport_Gwent_Dragons": 0.04234527687296417,
    "2006\u201307_Heineken_Cup": 0.042328042328042326,
    "Bulls_(rugby_union)": 0.04195804195804196,
    "Cardiff_Blues": 0.041666666666666664,
    "Leinster_Schools_Rugby_Senior_Cup": 0.038461538461538464,
    "Pro_12": 0.038356164383561646,
    "European_Rugby_Cup": 0.0380952380952381,
    "European_Rugby_Club_Rankings": 0.0380952380952381,
    "Ulster_Schools'_Cup": 0.031914893617021274,
    "Heineken_Cup": 0.02601156069364162,
    "Ireland_Wolfhounds": 0.023809523809523808,
    "Racing_M\u00e9tro_92": 0.023323615160349854,
    "Lyon_OU": 0.02318840579710145,
    "Montpellier_H\u00e9rault_Rugby": 0.022988505747126436,
    "ASM_Clermont_Auvergne": 0.022922636103151862,
    "Stade_Toulousain": 0.022922636103151862,
    "Emerging_Ireland": 0.022727272727272728,
    "Castres_Olympique": 0.0226628895184136,
    "Gloucester_Rugby": 0.020202020202020204,
    "Bath_Rugby": 0.019851116625310174,
    "Sale_Sharks": 0.019464720194647202,
    "Harlequin_F.C.": 0.01904761904761905,
    "Exeter_Chiefs": 0.018957345971563982,
    "Saracens_F.C.": 0.01532567049808429,
    "Gran_Ducato_Parma_Rugby": 0.015151515151515152,
    "Snelling_Sevens": 0.014285714285714285,
    "List_of_rugby_union_stadiums_in_France": 0.014285714285714285,
    "WRU_Challenge_Cup": 0.014285714285714285,
    "North_vs_South_rugby_union_match": 0.013513513513513514,
    "2009\u201310_Principality_Premiership": 0.012195121951219513,
    "2010\u201311_Principality_Premiership": 0.012195121951219513,
    "2011_Shamrock_Rovers_F.C._season": 0.011764705882352941,
    "CS_Bourgoin-Jallieu": 0.011627906976744186,
    "RC_Massy": 0.011627906976744186,
    "Tarbes_Pyr\u00e9n\u00e9es_Rugby": 0.011627906976744186,
    "US_Dax": 0.011494252873563218,
    "Heartland_Championship": 0.011363636363636364,
    "Dalymount_Park": 0.01098901098901099,
    "Welsh_Premier_Division": 0.01092896174863388,
    "Barbarian_Rugby_Club": 0.010752688172043012,
    "Rugby_Pro_D2": 0.0106951871657754,
    "WRU_Division_One_East": 0.010638297872340425,
    "WRU_Division_One_West": 0.010638297872340425,
    "WRU_Division_Two_East": 0.010638297872340425,
    "WRU_Division_Two_West": 0.010638297872340425,
    "WRU_Division_Three_East": 0.010638297872340425,
    "WRU_Division_Three_South_East": 0.010638297872340425,
    "WRU_Division_Three_South_West": 0.010638297872340425,
    "WRU_Division_Four_East": 0.010638297872340425,
    "WRU_Division_Four_West": 0.010638297872340425,
    "WRU_Division_Four_South_East": 0.010638297872340425,
    "WRU_Division_One_North": 0.010638297872340425,
    "WRU_Division_Four_South_West": 0.010638297872340425,
    "WRU_Division_Five_East": 0.010638297872340425,
    "WRU_Division_Five_South_Central": 0.010638297872340425,
    "Top_League": 0.010471204188481676,
    "Bohemians\u2013Shamrock_Rovers_rivalry": 0.010309278350515464,
    "List_of_Shamrock_Rovers_F.C._managers": 0.010101010101010102
}