{
    "List_of_Kraft_Nabisco_Championship_champions": 1.0,
    "Brittany_Lincicome": 0.41333333333333333,
    "Dottie_Pepper": 0.3924050632911392,
    "Morgan_Pressel": 0.3875,
    "Yani_Tseng": 0.358695652173913,
    "Amy_Alcott": 0.34375,
    "Lorena_Ochoa": 0.2689075630252101,
    "Karrie_Webb": 0.26515151515151514,
    "Pat_Bradley_(golfer)": 0.25735294117647056,
    "Betsy_King": 0.2556390977443609,
    "List_of_LPGA_Championship_champions": 0.23076923076923078,
    "List_of_U.S._Women's_Open_(golf)_champions": 0.2235294117647059,
    "List_of_Women's_British_Open_champions": 0.21333333333333335,
    "List_of_Titleholders_Championship_champions": 0.18518518518518517,
    "List_of_du_Maurier_Classic_champions": 0.1794871794871795,
    "Inbee_Park": 0.17258883248730963,
    "Jiyai_Shin": 0.16393442622950818,
    "List_of_Women's_Western_Open_champions": 0.15873015873015872,
    "Cristie_Kerr": 0.14383561643835616,
    "Meg_Mallon": 0.13725490196078433,
    "Annika_S\u00f6renstam": 0.13409961685823754,
    "Sally_Little": 0.12359550561797752,
    "Angela_Stanford": 0.12087912087912088,
    "Sandra_Palmer": 0.11827956989247312,
    "Shirley_Englehorn": 0.11538461538461539,
    "Hollis_Stacy": 0.11458333333333333,
    "Michelle_Wie": 0.1111111111111111,
    "Jane_Geddes": 0.11016949152542373,
    "Susie_Berning": 0.11,
    "Donna_Caponi": 0.1092436974789916,
    "Louise_Suggs": 0.10852713178294573,
    "Sandra_Haynie": 0.10833333333333334,
    "Jan_Stephenson": 0.10833333333333334,
    "Carol_Mann": 0.10784313725490197,
    "Nancy_Lopez": 0.09815950920245399,
    "Liselotte_Neumann": 0.09230769230769231,
    "Suzann_Pettersen": 0.08783783783783784,
    "Se-Ri_Pak": 0.08571428571428572,
    "Kathy_Whitworth": 0.08433734939759036,
    "Laura_Davies": 0.08376963350785341,
    "Mickey_Wright": 0.08196721311475409,
    "Patty_Berg": 0.08024691358024691,
    "Christina_Kim": 0.07352941176470588,
    "JoAnne_Carner": 0.05741626794258373,
    "Juli_Inkster": 0.05263157894736842,
    "Patty_Sheehan": 0.04709141274238227,
    "Women's_major_golf_championships": 0.04149377593360996,
    "Judy_Rankin": 0.03167420814479638,
    "Grand_Slam_(golf)": 0.027559055118110236,
    "British_Ladies_Amateur_Golf_Championship": 0.02531645569620253,
    "Beth_Daniel": 0.02406015037593985,
    "Canadian_Women's_Open": 0.01904761904761905,
    "Open_De_Espa\u00f1a_Femenino": 0.013888888888888888,
    "Dutch_Ladies_Open": 0.013888888888888888,
    "Lalla_Meryem_Cup": 0.013888888888888888,
    "South_African_Women's_Open": 0.013888888888888888,
    "The_Amateur_Championship": 0.013157894736842105,
    "RR_Donnelley_LPGA_Founders_Cup": 0.012987012987012988,
    "United_States_Women's_Amateur_Golf_Championship": 0.011299435028248588
}