{
    "List_of_LPGA_Championship_champions": 1.0,
    "Shirley_Englehorn": 0.8392857142857143,
    "Sally_Little": 0.7058823529411765,
    "Yani_Tseng": 0.532608695652174,
    "Sandra_Haynie": 0.49,
    "Jan_Stephenson": 0.49,
    "Jane_Geddes": 0.48484848484848486,
    "Donna_Caponi": 0.48,
    "Louise_Suggs": 0.45871559633027525,
    "Karrie_Webb": 0.38636363636363635,
    "Betsy_King": 0.37593984962406013,
    "Pat_Bradley_(golfer)": 0.375,
    "Suzann_Pettersen": 0.36153846153846153,
    "Meg_Mallon": 0.35714285714285715,
    "Cristie_Kerr": 0.35555555555555557,
    "Kathy_Whitworth": 0.3424657534246575,
    "List_of_U.S._Women's_Open_(golf)_champions": 0.3333333333333333,
    "Nancy_Lopez": 0.31756756756756754,
    "Se-Ri_Pak": 0.31210191082802546,
    "Mickey_Wright": 0.3048780487804878,
    "Laura_Davies": 0.28901734104046245,
    "Inbee_Park": 0.25380710659898476,
    "Sandra_Palmer": 0.25,
    "Susie_Berning": 0.23300970873786409,
    "List_of_Kraft_Nabisco_Championship_champions": 0.23076923076923078,
    "Hollis_Stacy": 0.23,
    "Carol_Mann": 0.22857142857142856,
    "List_of_Titleholders_Championship_champions": 0.21212121212121213,
    "Amy_Alcott": 0.20833333333333334,
    "List_of_Women's_Western_Open_champions": 0.20270270270270271,
    "List_of_du_Maurier_Classic_champions": 0.2,
    "Annika_S\u00f6renstam": 0.19540229885057472,
    "List_of_Women's_British_Open_champions": 0.17582417582417584,
    "Michelle_Wie": 0.17333333333333334,
    "Patty_Berg": 0.17177914110429449,
    "Liselotte_Neumann": 0.17037037037037037,
    "Dottie_Pepper": 0.1559633027522936,
    "Jiyai_Shin": 0.14473684210526316,
    "Morgan_Pressel": 0.14414414414414414,
    "Lorena_Ochoa": 0.14383561643835616,
    "Brittany_Lincicome": 0.14018691588785046,
    "Angela_Stanford": 0.11320754716981132,
    "JoAnne_Carner": 0.10747663551401869,
    "Christina_Kim": 0.08536585365853659,
    "Juli_Inkster": 0.07669172932330827,
    "Beth_Daniel": 0.07230769230769231,
    "Patty_Sheehan": 0.06925207756232687,
    "Women's_major_golf_championships": 0.04296875,
    "Judy_Rankin": 0.03829787234042553,
    "Grand_Slam_(golf)": 0.03745318352059925,
    "British_Ladies_Amateur_Golf_Championship": 0.031914893617021274,
    "Associated_Press_Athlete_of_the_Year": 0.027777777777777776,
    "Canadian_Women's_Open": 0.025,
    "RR_Donnelley_LPGA_Founders_Cup": 0.021739130434782608,
    "Abby_Wambach": 0.018469656992084433,
    "Aleksandra_Wozniak": 0.017543859649122806,
    "Women's_Australian_Open": 0.016666666666666666,
    "New_Zealand_Women's_Open": 0.016666666666666666,
    "United_States_Women's_Amateur_Golf_Championship": 0.015625,
    "Mizuno_Classic": 0.015151515151515152,
    "Lindsey_Vonn": 0.013806706114398421,
    "Kingsmill_Championship": 0.012987012987012988,
    "Safeway_Classic": 0.01282051282051282,
    "Marion_Jones": 0.012006861063464836,
    "Golf_Magazine": 0.012,
    "Perfect_round": 0.012,
    "List_of_golfers_with_most_PGA_Tour_wins": 0.012,
    "2008_in_golf": 0.012,
    "List_of_golfers_with_most_Champions_Tour_wins": 0.012,
    "Senior_major_golf_championships": 0.012,
    "2005_in_golf": 0.012,
    "List_of_golfers_with_most_Asian_Tour_wins": 0.012,
    "List_of_golfers_with_most_LPGA_Tour_wins": 0.012,
    "List_of_golfers_with_most_European_Tour_wins": 0.012,
    "2009_in_golf": 0.012,
    "List_of_golfers_with_most_Web.com_Tour_wins": 0.012,
    "2010_in_golf": 0.012,
    "List_of_golf_courses_in_Canada": 0.012,
    "List_of_golfers_with_most_Challenge_Tour_wins": 0.012,
    "2011_in_golf": 0.012,
    "2012_in_golf": 0.012,
    "2006_in_golf": 0.012,
    "2013_in_golf": 0.012,
    "List_of_Caddie_Hall_of_Fame_inductees": 0.012,
    "List_of_golfers_with_most_Ladies_European_Tour_wins": 0.012,
    "Vardon_Trophy": 0.012,
    "List_of_Tillinghast_courses": 0.012,
    "List_of_golfers_with_most_Japan_Golf_Tour_wins": 0.012,
    "2007_in_golf": 0.012,
    "Men's_major_golf_championships": 0.011857707509881422,
    "List_of_golfers_with_most_LPGA_major_championship_wins": 0.01171875,
    "List_of_men's_major_championships_winning_golfers": 0.011673151750972763,
    "Open_De_Espa\u00f1a_Femenino": 0.011363636363636364,
    "Dutch_Ladies_Open": 0.011363636363636364,
    "Lalla_Meryem_Cup": 0.011363636363636364,
    "South_African_Women's_Open": 0.011363636363636364,
    "United_States_women's_national_soccer_team": 0.011034482758620689,
    "List_of_World_Number_One_male_golfers": 0.010948905109489052,
    "Tracy_Austin": 0.010903426791277258,
    "The_Amateur_Championship": 0.010869565217391304,
    "Espirito_Santo_Trophy": 0.01079136690647482,
    "United_States_Amateur_Championship_(golf)": 0.010471204188481676,
    "List_of_golfers_with_most_Champions_Tour_major_championship_wins": 0.010238907849829351,
    "Women's_World_Golf_Rankings": 0.010135135135135136,
    "World_Amateur_Golf_Ranking": 0.010135135135135136
}