{
    "2010\u201311_Wycombe_Wanderers_F.C._season": 1.0,
    "2010\u201311_Premier_Reserve_League": 0.7673469387755102,
    "2010\u201311_Crawley_Town_F.C._season": 0.7642276422764228,
    "2010\u201311_Stevenage_F.C._season": 0.7580645161290323,
    "2010\u201311_Cambridge_United_F.C._season": 0.7550200803212851,
    "2010\u201311_Dagenham_&_Redbridge_F.C._season": 0.7550200803212851,
    "2010\u201311_Chesterfield_F.C._season": 0.752,
    "2010\u201311_Morecambe_F.C._season": 0.7430830039525692,
    "2010\u201311_Leyton_Orient_F.C._season": 0.7315175097276264,
    "2010\u201311_Macclesfield_Town_season": 0.7203065134099617,
    "List_of_English_football_transfers_winter_2010\u201311": 0.6911764705882353,
    "2010\u201311_Rotherham_United_F.C._season": 0.6861313868613139,
    "2010\u201311_Crewe_Alexandra_F.C._season": 0.6690391459074733,
    "2010\u201311_Peterborough_United_F.C._season": 0.6438356164383562,
    "2010\u201311_Oxford_United_F.C._season": 0.6204620462046204,
    "2010\u201311_Reading_F.C._season": 0.6103896103896104,
    "2010\u201311_York_City_F.C._season": 0.6025641025641025,
    "2010\u201311_Colchester_United_F.C._season": 0.6025641025641025,
    "2010\u201311_Wigan_Athletic_F.C._season": 0.5949367088607594,
    "2010\u201311_Torquay_United_F.C._season": 0.5875,
    "2010\u201311_Swansea_City_A.F.C._season": 0.5766871165644172,
    "2010\u201311_Brighton_&_Hove_Albion_F.C._season": 0.5766871165644172,
    "2010\u201311_Coventry_City_F.C._season": 0.5714285714285714,
    "2010\u201311_Leeds_United_A.F.C._season": 0.5714285714285714,
    "2010\u201311_Walsall_F.C._season": 0.5662650602409639,
    "2010\u201311_Portsmouth_F.C._season": 0.5645645645645646,
    "2010\u201311_Cardiff_City_F.C._season": 0.5645645645645646,
    "2010\u201311_West_Ham_United_F.C._season": 0.5611940298507463,
    "2010\u201311_Plymouth_Argyle_F.C._season": 0.5529411764705883,
    "2010\u201311_Bradford_City_A.F.C._season": 0.5529411764705883,
    "2010\u201311_Bristol_City_F.C._season": 0.5513196480938416,
    "2010\u201311_Huddersfield_Town_F.C._season": 0.5465116279069767,
    "2010\u201311_Yeovil_Town_F.C._season": 0.5449275362318841,
    "2010\u201311_Hull_City_A.F.C._season": 0.5402298850574713,
    "2010\u201311_Queens_Park_Rangers_F.C._season": 0.5402298850574713,
    "2010\u201311_Chelsea_F.C._season": 0.5386819484240688,
    "2010\u201311_Swindon_Town_F.C._season": 0.5386819484240688,
    "2010\u201311_Oldham_Athletic_A.F.C._season": 0.5371428571428571,
    "2010\u201311_Liverpool_F.C._season": 0.5356125356125356,
    "2010\u201311_Shrewsbury_Town_F.C._season": 0.5325779036827195,
    "2010\u201311_Scunthorpe_United_F.C._season": 0.5325779036827195,
    "2010\u201311_Football_League": 0.5295774647887324,
    "2010\u201311_Fulham_F.C._season": 0.5295774647887324,
    "2010\u201311_Sheffield_United_F.C._season": 0.5280898876404494,
    "2010\u201311_Blackpool_F.C._season": 0.5266106442577031,
    "2010\u201311_Brentford_F.C._season": 0.5266106442577031,
    "2010\u201311_Northampton_Town_F.C._season": 0.5266106442577031,
    "2010\u201311_Leicester_City_F.C._season": 0.5236768802228412,
    "2010\u201311_Burnley_F.C._season": 0.5193370165745856,
    "2010\u201311_Sunderland_A.F.C._season": 0.5179063360881543,
    "2010\u201311_Preston_North_End_F.C._season": 0.5164835164835165,
    "2010\u201311_West_Bromwich_Albion_F.C._season": 0.5150684931506849,
    "2010\u201311_Notts_County_F.C._season": 0.5150684931506849,
    "2010\u201311_Barnsley_F.C._season": 0.5150684931506849,
    "2010\u201311_Football_Conference": 0.5136612021857924,
    "2010\u201311_Manchester_City_F.C._season": 0.5122615803814714,
    "2010\u201311_Aston_Villa_F.C._season": 0.5108695652173914,
    "2010\u201311_Arsenal_F.C._season": 0.5108695652173914,
    "2010\u201311_Sheffield_Wednesday_F.C._season": 0.5108695652173914,
    "2010\u201311_Luton_Town_F.C._season": 0.5094850948509485,
    "2010\u201311_Manchester_United_F.C._season": 0.5081081081081081,
    "2010\u201311_Wolverhampton_Wanderers_F.C._season": 0.5081081081081081,
    "2010\u201311_Stoke_City_F.C._season": 0.5067385444743935,
    "2010\u201311_Nottingham_Forest_F.C._season": 0.5053763440860215,
    "2010\u201311_Birmingham_City_F.C._season": 0.5053763440860215,
    "2010\u201311_Blackburn_Rovers_F.C._season": 0.4986737400530504,
    "2010\u201311_in_English_football": 0.49473684210526314,
    "2010\u201311_Football_League_Two": 0.4846153846153846,
    "2010\u201311_Everton_F.C._season": 0.47715736040609136,
    "2010\u201311_Football_League_Championship": 0.4315068493150685,
    "List_of_English_football_transfers_summer_2010": 0.421875,
    "List_of_English_football_transfers_summer_2011": 0.4209354120267261,
    "2010\u201311_Football_League_One": 0.4117647058823529,
    "2010\u201311_Premier_League": 0.3514018691588785,
    "2011\u201312_Wycombe_Wanderers_F.C._season": 0.12439024390243902,
    "2009\u201310_Wycombe_Wanderers_F.C._season": 0.11491442542787286,
    "2012\u201313_Wycombe_Wanderers_F.C._season": 0.10714285714285714,
    "2013\u201314_Wycombe_Wanderers_F.C._season": 0.10501193317422435,
    "List_of_Wycombe_Wanderers_F.C._players": 0.10185185185185185,
    "List_of_English_football_transfers_winter_2011\u201312": 0.022271714922048998,
    "2011\u201312_Aldershot_Town_F.C._season": 0.02142857142857143,
    "2011\u201312_Crawley_Town_F.C._season": 0.02122641509433962,
    "2011\u201312_Premier_Reserve_League": 0.02122641509433962,
    "2011\u201312_Hereford_United_F.C._season": 0.02122641509433962,
    "2011\u201312_Stevenage_F.C._season": 0.02112676056338028,
    "2011\u201312_Chesterfield_F.C._season": 0.02107728337236534,
    "2011\u201312_Dagenham_&_Redbridge_F.C._season": 0.02107728337236534,
    "2011\u201312_Burton_Albion_F.C._season": 0.02097902097902098,
    "2011\u201312_Stockport_County_F.C._season": 0.020930232558139535,
    "2011\u201312_Morecambe_F.C._season": 0.02088167053364269,
    "2011\u201312_Accrington_Stanley_F.C._season": 0.02088167053364269,
    "2011\u201312_Bury_F.C._season": 0.020785219399538105,
    "2011\u201312_AFC_Wimbledon_season": 0.020737327188940093,
    "2011\u201312_Leyton_Orient_F.C._season": 0.020689655172413793,
    "2011\u201312_Exeter_City_F.C._season": 0.020642201834862386,
    "2011\u201312_Doncaster_Rovers_F.C._season": 0.020594965675057208,
    "2011\u201312_Macclesfield_Town_F.C._season": 0.02050113895216401,
    "2011\u201312_Hartlepool_United_F.C._season": 0.02040816326530612,
    "2011\u201312_Southend_United_F.C._season": 0.019955654101995565,
    "2011\u201312_Rotherham_United_F.C._season": 0.01991150442477876,
    "2011\u201312_Crewe_Alexandra_F.C._season": 0.0196078431372549,
    "2011\u201312_Peterborough_United_F.C._season": 0.01882845188284519,
    "2011\u201312_Oxford_United_F.C._season": 0.018711018711018712,
    "2011\u201312_Reading_F.C._season": 0.018518518518518517,
    "2011\u201312_Ipswich_Town_F.C._season": 0.018518518518518517,
    "2011\u201312_Colchester_United_F.C._season": 0.018367346938775512,
    "2011\u201312_York_City_F.C._season": 0.018367346938775512,
    "2011\u201312_Torquay_United_F.C._season": 0.018072289156626505,
    "2011\u201312_Tranmere_Rovers_F.C._season": 0.018,
    "2011\u201312_Carlisle_United_F.C._season": 0.017964071856287425,
    "2011\u201312_Wigan_Athletic_F.C._season": 0.017928286852589643,
    "2011\u201312_Brighton_&_Hove_Albion_F.C._season": 0.017857142857142856,
    "2011\u201312_Swansea_City_A.F.C._season": 0.017857142857142856,
    "2011\u201312_Coventry_City_F.C._season": 0.01775147928994083,
    "2011\u201312_Cardiff_City_F.C._season": 0.01761252446183953,
    "2011\u201312_Portsmouth_F.C._season": 0.01761252446183953,
    "2011\u201312_Football_League_Two": 0.017605633802816902,
    "2011\u201312_West_Ham_United_F.C._season": 0.017543859649122806,
    "2011\u201312_Norwich_City_F.C._season": 0.01744186046511628,
    "2011\u201312_Crystal_Palace_F.C._season": 0.01744186046511628,