{
    "Los_Angeles_Open_(tennis)": 1.0,
    "ATP_World_Tour_250_series": 0.5454545454545454,
    "Chennai_Open": 0.5454545454545454,
    "ATP_International_Series": 0.5454545454545454,
    "Hall_of_Fame_Tennis_Championships": 0.5,
    "U.S._Men's_Clay_Court_Championships": 0.5,
    "Chile_Open_(tennis)": 0.4981132075471698,
    "Stockholm_Open": 0.4966216216216216,
    "Valencia_Open_500": 0.4962686567164179,
    "BRD_N\u0103stase_\u021airiac_Trophy": 0.49624060150375937,
    "Geneva_Open": 0.49230769230769234,
    "St._Petersburg_Open": 0.4889705882352941,
    "Gerry_Weber_Open": 0.4854014598540146,
    "Open_13": 0.4852941176470588,
    "ATP_Vegeta_Croatia_Open": 0.4835164835164835,
    "Delray_Beach_International_Tennis_Championships": 0.4835164835164835,
    "Open_Sud_de_France": 0.47653429602888087,
    "Open_de_Nice_C\u00f4te_d'Azur": 0.46886446886446886,
    "Winston-Salem_Open": 0.46885245901639344,
    "SAP_Open": 0.4583333333333333,
    "Stuttgart_Open": 0.45733788395904434,
    "ATP_Buenos_Aires": 0.45517241379310347,
    "Swiss_Open_(tennis)": 0.4489795918367347,
    "Queen's_Club_Championships": 0.4478114478114478,
    "Heineken_Open_(tennis)": 0.44745762711864406,
    "Erste_Bank_Open": 0.4463087248322148,
    "U.S._Pro_Tennis_Championships": 0.43109540636042404,
    "Wembley_Championships": 0.4280442804428044,
    "South_African_Open_(tennis)": 0.42592592592592593,
    "List_of_South_African_Open_men's_singles_champions": 0.42592592592592593,
    "List_of_South_African_Open_women's_singles_champions": 0.42592592592592593,
    "Brisbane_International": 0.4194528875379939,
    "Kingfisher_Airlines_Tennis_Open": 0.41732283464566927,
    "Copenhagen_Open": 0.4140625,
    "Bologna_Outdoor": 0.4140625,
    "Kremlin_Cup": 0.40988372093023256,
    "Verizon_Tennis_Challenge": 0.4092664092664093,
    "ATP_Florence": 0.4090909090909091,
    "Brighton_International": 0.3971631205673759,
    "Taipei_Grand_Prix": 0.396,
    "Seoul_Open": 0.39285714285714285,
    "Campionati_Internazionali_di_Sicilia": 0.3897058823529412,
    "Milan_Indoor": 0.3870967741935484,
    "ATP_Bordeaux": 0.38223938223938225,
    "Tel_Aviv_Open": 0.38223938223938225,
    "Madrid_Tennis_Grand_Prix": 0.37358490566037733,
    "Bavarian_International_Tennis_Championships": 0.3728813559322034,
    "Manchester_Open": 0.37218045112781956,
    "Portugal_Open": 0.3697478991596639,
    "Dubai_Tennis_Championships": 0.3653250773993808,
    "Swiss_Indoors": 0.3602693602693603,
    "ECC_Antwerp": 0.356401384083045,
    "Grand_Prix_Hassan_II": 0.3473684210526316,
    "OTB_Open": 0.34098360655737703,
    "Grand_Prix_de_Tennis_de_Toulouse": 0.33860759493670883,
    "Moselle_Open": 0.3384615384615385,
    "Brasil_Open": 0.3371647509578544,
    "Tennis_Channel_Open": 0.33647798742138363,
    "U.S._National_Indoor_Tennis_Championships": 0.3333333333333333,
    "Sydney_International": 0.3289760348583878,
    "Rosmalen_Grass_Court_Championships": 0.3276699029126214,
    "China_Open_(tennis)": 0.3241758241758242,
    "Mexican_Open_(tennis)": 0.3208092485549133,
    "Rotterdam_Open": 0.31137724550898205,
    "Zagreb_Indoors": 0.30697674418604654,
    "Hong_Kong_Open_(tennis)": 0.3057142857142857,
    "Swedish_Open": 0.27708333333333335,
    "Citi_Open": 0.26857142857142857,
    "Eastbourne_International": 0.2328767123287671,
    "Nottingham_Open": 0.1991869918699187,
    "Austrian_Open_Kitzb\u00fchel": 0.1861777150916784,
    "Bancolombia_Open": 0.15987933634992457,
    "San_Marino_CEPU_Open": 0.15565345080763582,
    "Dutch_Open_(tennis)": 0.15295815295815296,
    "XL_Bermuda_Open": 0.15184049079754602,
    "Tokyo_Indoor": 0.13011152416356878,
    "U.S._Pro_Indoor": 0.12411347517730496,
    "Grand_Prix_Championship_Series": 0.09795918367346938,
    "New_Haven_Open_at_Yale": 0.09181141439205956,
    "LA_Women's_Tennis_Championships": 0.08978328173374613,
    "Alan_King_Tennis_Classic": 0.08921933085501858,
    "WCT_Tournament_of_Champions": 0.08888888888888889,
    "Cincinnati_Masters": 0.08506944444444445,
    "Bank_of_the_West_Classic": 0.08454810495626822,
    "ATP_World_Tour_500_series": 0.08333333333333333,
    "ATP_International_Series_Gold": 0.08333333333333333,
    "Southern_California_Open": 0.08237986270022883,
    "Canadian_Open_(tennis)": 0.07875457875457875,
    "Luxembourg_Open": 0.07608695652173914,
    "Aegon_Classic": 0.07565011820330969,
    "Qatar_Ladies_Open": 0.07396449704142012,
    "Warsaw_Open": 0.07356948228882834,
    "Generali_Ladies_Linz": 0.07216494845360824,
    "German_Open_Tennis_Championships": 0.07204116638078903,
    "Betty_Barclay_Cup": 0.07204116638078903,
    "Tennis_Masters_Series_records_and_statistics": 0.06741573033707865,
    "Miami_Masters": 0.0660377358490566,
    "Spanish_Open_(tennis)": 0.06547619047619048,
    "Indian_Wells_Masters": 0.06498194945848375,
    "Barcelona_Open_(tennis)": 0.06461538461538462,
    "Italian_Open_(tennis)": 0.0641025641025641,
    "Barcelona_Ladies_Open": 0.06321839080459771,
    "WTA_Premier_tournaments": 0.06273062730627306,
    "Ameritech_Cup": 0.0625,
    "US_Open_Series": 0.06177606177606178,
    "Sparkassen_Cup_(tennis)": 0.06168831168831169,
    "Open_GDF_Suez": 0.061488673139158574,
    "Copa_Colsanitas": 0.06068601583113457,
    "WTA_Swiss_Open": 0.05958549222797927,
    "MPS_Group_Championships": 0.05917159763313609,
    "Budapest_Grand_Prix": 0.05896805896805897,
    "Pan_Pacific_Open": 0.057057057057057055,
    "Porsche_Tennis_Grand_Prix": 0.05688622754491018,
    "Virginia_Slims_of_Houston": 0.05459770114942529,
    "Guangzhou_International_Women's_Open": 0.05454545454545454,
    "Japan_Open_(tennis)": 0.05331179321486268,
    "Challenge_Bell": 0.052941176470588235,
    "ATP_Masters_Series": 0.05228758169934641,
    "WTA_Austrian_Open": 0.052083333333333336,
    "Family_Circle_Cup": 0.051829268292682924,
    "Zurich_Open": 0.051470588235294115,
    "Eurocard_Open": 0.0492091388400703,
    "Internationaux_de_Strasbourg": 0.04904051172707889,
    "Virginia_Slims_of_Florida": 0.04854368932038835,
    "WTA_Tour_Championships": 0.047752808988764044,
    "Madrid_Open_(tennis)": 0.047337278106508875,
    "Advanta_Championships_of_Philadelphia": 0.04716981132075472,
    "Paris_Masters": 0.047151277013752456,
    "WTA_German_Open": 0.046632124352331605,
    "Puerto_Rico_Open_(tennis)": 0.04559270516717325,
    "Karel_Nov\u00e1\u010dek": 0.045584045584045586,
    "Commonwealth_Bank_Tennis_Classic": 0.045317220543806644,
    "Eckerd_Open": 0.04477611940298507,
    "Croatian_Bol_Ladies_Open": 0.04419889502762431,
    "Internazionali_Femminili_di_Palermo": 0.042666666666666665,
    "Virginia_Slims_of_Newport": 0.04189944134078212,
    "Monte-Carlo_Masters": 0.041811846689895474,
    "Donnay_Indoor_Championships": 0.04100946372239748,
    "WTA_Tier_III_tournaments": 0.03942652329749104,
    "Volvo_International": 0.0391566265060241,
    "2009_WTA_Premier_tournaments": 0.03829787234042553,
    "2012_WTA_Premier_tournaments": 0.03805496828752643,
    "2010_WTA_Premier_tournaments": 0.0379746835443038,
    "WTA_Tier_II_tournaments": 0.03787878787878788,
    "Korea_Open_(tennis)": 0.03783783783783784,
    "2013_WTA_Premier_tournaments": 0.037815126050420166,
    "Tashkent_Open": 0.03757225433526012,
    "Marrakech_Grand_Prix": 0.037142857142857144,
    "PTT_Pattaya_Open": 0.036619718309859155,
    "Hobart_International": 0.036312849162011177,
    "2011_WTA_Premier_tournaments": 0.03549060542797495,
    "WTA_International_tournaments": 0.03460207612456748,
    "Virginia_Slims_of_Dallas": 0.03343465045592705,
    "Sydney_Indoor": 0.03260869565217391,
    "Guillermo_Ca\u00f1as": 0.027692307692307693,
    "F\u00e9lix_Mantilla_Botella": 0.027692307692307693,
    "Magnus_Norman": 0.027607361963190184,
    "Tommy_Haas": 0.027522935779816515,
    "Andrei_Chesnokov": 0.026865671641791045,
    "C\u00e9dric_Pioline": 0.025495750708215296,
    "Tom\u00e1\u0161_Berdych_career_statistics": 0.02444987775061125,