{
    "Thanksgiving_Day_Classic": 1.0,
    "Canadian_Football_League_East_Division": 0.5169300225733634,
    "List_of_Grey_Cup_champions": 0.3775280898876405,
    "List_of_Grey_Cup_Halftime_Performances": 0.3775280898876405,
    "Canadian_Dominion_Football_Championship": 0.3775280898876405,
    "Dick_Suderman_Trophy": 0.35892116182572614,
    "Grey_Cup_Most_Valuable_Player": 0.350597609561753,
    "List_of_Grey_Cup_broadcasters": 0.324468085106383,
    "McDonald's_Thanksgiving_Parade": 0.292817679558011,
    "Canadian_Football_League_West_Division": 0.2928082191780822,
    "TSN_Top_50_CFL_Players": 0.27348066298342544,
    "CFL_All-Star_Game": 0.27348066298342544,
    "2005_Ottawa_Renegades_season": 0.2564102564102564,
    "2004_Ottawa_Renegades_season": 0.2564102564102564,
    "2003_Ottawa_Renegades_season": 0.2564102564102564,
    "2002_Ottawa_Renegades_season": 0.2557544757033248,
    "Canadian_Football_League_attendance": 0.2544987146529563,
    "Peachtree_Road_Race": 0.24708624708624707,
    "Ontario_Rugby_Football_Union": 0.19760479041916168,
    "Maui_Invitational_Tournament": 0.19202898550724637,
    "List_of_Hamilton_Tiger-Cats_head_coaches": 0.18952618453865336,
    "List_of_Hamilton_Tiger-Cats_seasons": 0.1707865168539326,
    "2009_Hamilton_Tiger-Cats_season": 0.16930022573363432,
    "List_of_Grey_Cup-winning_head_coaches": 0.16853932584269662,
    "2013_Hamilton_Tiger-Cats_season": 0.1670428893905192,
    "1995_Hamilton_Tiger-Cats_season": 0.16703786191536749,
    "Canadian_Football_League": 0.16420361247947454,
    "List_of_Montreal_Alouettes_head_coaches": 0.15671641791044777,
    "List_of_Montreal_Alouettes_seasons": 0.14285714285714285,
    "2007_Montreal_Alouettes_season": 0.14123006833712984,
    "1999_Montreal_Alouettes_season": 0.14123006833712984,
    "2001_Montreal_Alouettes_season": 0.14123006833712984,
    "1998_Montreal_Alouettes_season": 0.14123006833712984,
    "2013_Montreal_Alouettes_season": 0.14123006833712984,
    "1981_Montreal_Alouettes_season": 0.1409090909090909,
    "1980_Montreal_Alouettes_season": 0.1409090909090909,
    "2004_Montreal_Alouettes_season": 0.1409090909090909,
    "1997_Montreal_Alouettes_season": 0.1409090909090909,
    "1996_Montreal_Alouettes_season": 0.1409090909090909,
    "1982_Montreal_Concordes_season": 0.1409090909090909,
    "1986_Montreal_Alouettes_season": 0.1409090909090909,
    "1983_Montreal_Concordes_season": 0.1409090909090909,
    "1984_Montreal_Concordes_season": 0.1409090909090909,
    "1985_Montreal_Concordes_season": 0.1409090909090909,
    "2008_Montreal_Alouettes_season": 0.13895216400911162,
    "2006_Montreal_Alouettes_season": 0.13895216400911162,
    "2010_Montreal_Alouettes_season": 0.13895216400911162,
    "2000_Montreal_Alouettes_season": 0.13895216400911162,
    "2005_Montreal_Alouettes_season": 0.13863636363636364,
    "2003_Montreal_Alouettes_season": 0.13863636363636364,
    "2011_Montreal_Alouettes_season": 0.13863636363636364,
    "1978_Montreal_Alouettes_season": 0.13863636363636364,
    "1979_Montreal_Alouettes_season": 0.13863636363636364,
    "2012_Montreal_Alouettes_season": 0.13863636363636364,
    "1961_Buffalo_Bills_season": 0.13799621928166353,
    "Commonwealth_Stadium_(Edmonton)": 0.13782542113323124,
    "BC_Lions": 0.1303344867358708,
    "1970_Montreal_Alouettes_season": 0.1292372881355932,
    "1974_Montreal_Alouettes_season": 0.12869198312236288,
    "1977_Montreal_Alouettes_season": 0.1278825995807128,
    "2009_Montreal_Alouettes_season": 0.12650602409638553,
    "2002_Montreal_Alouettes_season": 0.12398373983739837,
    "List_of_American_and_Canadian_cities_by_number_of_major_professional_sports_franchises": 0.11013215859030837,
    "NFL_on_Thanksgiving_Day": 0.09410729991204925,
    "Mike_Pringle_(Canadian_football)": 0.09322033898305085,
    "List_of_Edmonton_Eskimos_head_coaches": 0.07568807339449542,
    "List_of_Edmonton_Eskimos_seasons": 0.06365503080082136,
    "List_of_Winnipeg_Blue_Bombers_head_coaches": 0.06331877729257641,
    "2013_Edmonton_Eskimos_season": 0.059670781893004114,
    "1995_Edmonton_Eskimos_season": 0.05894308943089431,
    "Darren_Flutie": 0.05778894472361809,
    "2011_Edmonton_Eskimos_season": 0.057494866529774126,
    "List_of_Calgary_Stampeders_head_coaches": 0.05466970387243736,
    "List_of_Winnipeg_Blue_Bombers_seasons": 0.053742802303262956,
    "List_of_BC_Lions_head_coaches": 0.0515695067264574,
    "2009_Winnipeg_Blue_Bombers_season": 0.05,
    "2010_Winnipeg_Blue_Bombers_season": 0.05,
    "2013_Winnipeg_Blue_Bombers_season": 0.05,
    "1995_Winnipeg_Blue_Bombers_season": 0.049429657794676805,
    "List_of_BC_Lions_starting_quarterbacks": 0.04573804573804574,
    "List_of_Calgary_Stampeders_seasons": 0.045174537987679675,
    "List_of_BC_Lions_seasons": 0.044444444444444446,
    "List_of_Saskatchewan_Roughriders_head_coaches": 0.04357298474945534,
    "List_of_BC_Lions_first-round_draft_picks": 0.04326923076923077,
    "2007_Calgary_Stampeders_season": 0.0411522633744856,
    "2013_Calgary_Stampeders_season": 0.0411522633744856,
    "2003_Calgary_Stampeders_season": 0.04106776180698152,
    "1995_Calgary_Stampeders_season": 0.03861788617886179,
    "List_of_Saskatchewan_Roughriders_seasons": 0.037109375,
    "List_of_Toronto_Argonauts_head_coaches": 0.037037037037037035,
    "List_of_Ottawa_Rough_Riders_seasons": 0.03680981595092025,
    "Cookie_Gilchrist": 0.03442622950819672,
    "Garry_Lefebvre": 0.033797216699801194,
    "2008_Saskatchewan_Roughriders'_transactions": 0.033268101761252444,
    "Marv_Levy": 0.033168666196189134,
    "1994_Saskatchewan_Roughriders_season": 0.03294573643410853,
    "1995_Saskatchewan_Roughriders_season": 0.03288201160541586,
    "2010_Saskatchewan_Roughriders_season": 0.03131115459882583,
    "List_of_Toronto_Argonauts_first-round_draft_picks": 0.03117505995203837,
    "List_of_Toronto_Argonauts_seasons": 0.031135531135531136,
    "1995_Birmingham_Barracudas_season": 0.03076923076923077,
    "1995_Ottawa_Rough_Riders_season": 0.030364372469635626,
    "1961_Toronto_Argonauts_season": 0.029357798165137616,
    "1995_Memphis_Mad_Dogs_season": 0.02806122448979592,
    "1995_Shreveport_Pirates_season": 0.02806122448979592,
    "2012_Toronto_Argonauts_season": 0.027777777777777776,
    "2007_Toronto_Argonauts_season": 0.027522935779816515,
    "2008_Toronto_Argonauts_season": 0.027522935779816515,
    "2006_Toronto_Argonauts_season": 0.027522935779816515,
    "2009_Toronto_Argonauts_season": 0.027522935779816515,
    "2001_Toronto_Argonauts_season": 0.027522935779816515,
    "2000_Toronto_Argonauts_season": 0.027522935779816515,
    "1999_Toronto_Argonauts_season": 0.027522935779816515,
    "1998_Toronto_Argonauts_season": 0.027522935779816515,
    "1990_Toronto_Argonauts_season": 0.027522935779816515,
    "1992_Toronto_Argonauts_season": 0.027522935779816515,
    "1988_Toronto_Argonauts_season": 0.027522935779816515,
    "1989_Toronto_Argonauts_season": 0.027522935779816515,
    "2010_Toronto_Argonauts_season": 0.027522935779816515,
    "2013_Toronto_Argonauts_season": 0.027522935779816515,
    "1996_Toronto_Argonauts_season": 0.027491408934707903,
    "2005_Toronto_Argonauts_season": 0.027472527472527472,
    "2003_Toronto_Argonauts_season": 0.027472527472527472,
    "1970_Toronto_Argonauts_season": 0.027472527472527472,
    "1972_Toronto_Argonauts_season": 0.027472527472527472,
    "1973_Toronto_Argonauts_season": 0.027472527472527472,
    "1974_Toronto_Argonauts_season": 0.027472527472527472,
    "1975_Toronto_Argonauts_season": 0.027472527472527472,
    "1976_Toronto_Argonauts_season": 0.027472527472527472,
    "1977_Toronto_Argonauts_season": 0.027472527472527472,
    "1978_Toronto_Argonauts_season": 0.027472527472527472,
    "1979_Toronto_Argonauts_season": 0.027472527472527472,
    "1984_Toronto_Argonauts_season": 0.027472527472527472,
    "1985_Toronto_Argonauts_season": 0.027472527472527472,
    "1986_Toronto_Argonauts_season": 0.027472527472527472,