{
    "Villo!": 1.0,
    "List_of_bicycle_sharing_systems": 1.0,
    "Bixi_(company)": 0.9926470588235294,
    "JCDecaux": 0.7142857142857143
}