{
    "All-time_Philadelphia_Union_roster": 1.0,
    "List_of_San_Jose_Earthquakes_rosters": 0.35802469135802467,
    "List_of_Seattle_Sounders_FC_players": 0.34523809523809523,
    "All-time_D.C._United_roster": 0.2815533980582524,
    "List_of_Golden_Scarf_recipients": 0.011904761904761904,
    "List_of_Seattle_Sounders_FC_records_and_statistics": 0.011904761904761904,
    "List_of_Toronto_FC_records_and_statistics": 0.011764705882352941
}