{
    "List_of_Italian_football_transfers_summer_2010_(co-ownership)": 1.0,
    "List_of_Italian_football_transfers_summer_2010_(August)": 1.0,
    "List_of_Italian_football_transfers_summer_2008_(August)": 1.0,
    "List_of_Italian_football_transfers_summer_2011_(July)": 1.0,
    "List_of_Italian_football_transfers_summer_2011_(co-ownership)": 1.0,
    "List_of_Italian_football_transfers_summer_2011_(August)": 1.0,
    "List_of_Italian_football_transfers_summer_2000_(co-ownership)": 1.0,
    "List_of_Italian_football_transfers_summer_2011_(June)": 1.0,
    "List_of_Italian_football_transfers_summer_2013_(co-ownership)": 1.0,
    "List_of_Italian_football_transfers_summer_2013_(July)": 0.6111111111111112,
    "List_of_Italian_football_transfers_summer_2013_(August)": 0.6111111111111112,
    "List_of_Italian_football_transfers_summer_2007": 0.6043956043956044,
    "List_of_Italian_football_transfers_winter_2007\u201308": 0.6043956043956044,
    "List_of_Italian_football_transfers_summer_2009_(July)": 0.5612244897959183,
    "List_of_Italian_football_transfers_summer_2009_(co-ownership)": 0.5612244897959183,
    "List_of_Italian_football_transfers_winter_2009\u201310": 0.5612244897959183,
    "List_of_Italian_football_transfers_summer_2010_(July)": 0.5612244897959183,
    "List_of_Italian_football_transfers_summer_2009_(August)": 0.5612244897959183,
    "List_of_Italian_football_transfers_summer_2008_(co-ownership)": 0.5555555555555556,
    "List_of_Italian_football_transfers_winter_2008\u201309": 0.5555555555555556,
    "List_of_Italian_football_transfers_winter_2010\u201311": 0.5288461538461539,
    "List_of_Italian_football_transfers_winter_2011\u201312": 0.5092592592592593,
    "List_of_Italian_football_transfers_summer_2007_(co-ownership)": 0.4330708661417323,
    "List_of_Italian_football_transfers_summer_2008_(July)": 0.41353383458646614,
    "List_of_Italian_football_transfers_summer_2012_(July)": 0.4074074074074074,
    "List_of_Italian_football_transfers_summer_2012_(co-ownership)": 0.4074074074074074,
    "List_of_Italian_football_transfers_summer_2012_(August)": 0.4074074074074074,
    "List_of_Italian_football_transfers_winter_2012\u201313": 0.4074074074074074,
    "2007\u201308_Eccellenza_season": 0.05,
    "2007\u201308_Serie_C2": 0.047244094488188976,
    "2011\u201312_Calcio_Catania_season": 0.04310344827586207,
    "2006\u201307_Eccellenza_season": 0.04132231404958678,
    "2008\u201309_Eccellenza_season": 0.0390625,
    "2008\u201309_Lega_Pro_Seconda_Divisione": 0.037037037037037035,
    "2007\u201308_Serie_D": 0.03636363636363636,
    "2011\u201312_Lega_Pro_Seconda_Divisione": 0.034722222222222224,
    "2011\u201312_ACF_Fiorentina_season": 0.034722222222222224,
    "2007\u201308_Serie_B": 0.031578947368421054,
    "2007\u201308_Serie_C1": 0.031578947368421054,
    "2011\u201312_Serie_A_(women's_football)": 0.03067484662576687,
    "2007\u201308_Parma_F.C._season": 0.03,
    "2006\u201307_Serie_D": 0.029940119760479042,
    "2009\u201310_Lega_Pro_Seconda_Divisione": 0.029850746268656716,
    "2009\u201310_ACF_Fiorentina_season": 0.029850746268656716,
    "2012\u201313_Delfino_Pescara_1936_season": 0.02962962962962963,
    "2012\u201313_S.S._Virtus_Lanciano_1924_season": 0.02962962962962963,
    "2012\u201313_A.C._ChievoVerona_season": 0.02962962962962963,
    "2012\u201313_U.C._Sampdoria_season": 0.02962962962962963,
    "2012\u201313_A.C._Siena_season": 0.02962962962962963,
    "2007\u201308_F.C._Internazionale_Milano_season": 0.02926829268292683,
    "2008\u201309_Serie_D": 0.028901734104046242,
    "2006\u201307_Serie_C2": 0.028708133971291867,
    "List_of_Brazilian_football_transfers_in_2008": 0.02857142857142857,
    "2007\u201308_U.S._Citt\u00e0_di_Palermo_season": 0.02830188679245283,
    "2007\u201308_Juventus_F.C._season": 0.028169014084507043,
    "2007\u201308_A.C._Milan_season": 0.028037383177570093,
    "2012\u201313_Calcio_Catania_season": 0.027972027972027972,
    "List_of_Malaysian_football_transfers_2014": 0.027777777777777776,
    "2011\u201312_Serie_D": 0.027472527472527472,
    "I-League_transfers_for_summer_2012": 0.02702702702702703,
    "2006\u201307_Serie_C1": 0.026041666666666668,
    "2006\u201307_Serie_B": 0.026041666666666668,
    "2008\u201309_A.S._Roma_season": 0.025906735751295335,
    "2011\u201312_A.C._ChievoVerona_season": 0.025380710659898477,
    "2008\u201309_Serie_B": 0.025252525252525252,
    "2008\u201309_Lega_Pro_Prima_Divisione": 0.025252525252525252,
    "2011\u201312_U.S._Lecce_season": 0.025252525252525252,
    "2011\u201312_A.S._Roma_season": 0.024752475247524754,
    "2006\u201307_Parma_F.C._season": 0.024752475247524754,
    "List_of_Portuguese_football_transfers_summer_2009": 0.024691358024691357,
    "2011\u201312_Serie_B": 0.024154589371980676,
    "2011\u201312_Lega_Pro_Prima_Divisione": 0.024154589371980676,
    "2008\u201309_Parma_F.C._season": 0.02403846153846154,
    "2008\u201309_F.C._Internazionale_Milano_season": 0.023474178403755867,
    "2011\u201312_Udinese_Calcio_season": 0.023474178403755867,
    "2012\u201313_Lega_Pro_Seconda_Divisione": 0.023391812865497075,
    "2012\u201313_ACF_Fiorentina_season": 0.023391812865497075,
    "2006\u201307_U.S._Citt\u00e0_di_Palermo_season": 0.02336448598130841,
    "2009\u201310_Serie_D": 0.023255813953488372,
    "2009\u201310_U.C._Sampdoria_season": 0.023255813953488372,
    "2006\u201307_Juventus_F.C._season": 0.023255813953488372,
    "2011\u201312_Parma_F.C._season": 0.02304147465437788,
    "2008\u201309_U.S._Citt\u00e0_di_Palermo_season": 0.022727272727272728,
    "2008\u201309_Juventus_F.C._season": 0.02262443438914027,
    "2008\u201309_A.C._Milan_season": 0.02252252252252252,
    "2011\u201312_F.C._Internazionale_Milano_season": 0.02242152466367713,
    "List_of_USL_Pro_transfers_2012": 0.022222222222222223,
    "2008\u201309_Torino_F.C._season": 0.022123893805309734,
    "2011\u201312_S.S._Lazio_season": 0.022026431718061675,
    "2011\u201312_U.S._Citt\u00e0_di_Palermo_season": 0.021834061135371178,
    "2011\u201312_Juventus_F.C._season": 0.021739130434782608,
    "2011\u201312_A.C._Milan_season": 0.021645021645021644,
    "2010\u201311_ACF_Fiorentina_season": 0.02142857142857143,
    "2010\u201311_Lega_Pro_Seconda_Divisione": 0.02142857142857143,
    "List_of_Danish_football_transfers_summer_2010": 0.021052631578947368,
    "List_of_Greek_football_transfers_2008\u201309": 0.020833333333333332,
    "2009\u201310_A.S._Roma_season": 0.020833333333333332,
    "List_of_Indonesian_football_transfers_2011\u201312": 0.020833333333333332,
    "2009\u201310_S.S.C._Napoli_season": 0.02072538860103627,
    "List_of_Danish_football_transfers_summer_2008": 0.020618556701030927,
    "List_of_Danish_football_transfers_winter_2008\u201309": 0.020618556701030927,
    "List_of_Danish_football_transfers_summer_2009": 0.020618556701030927,
    "List_of_Danish_football_transfers_winter_2009\u201310": 0.020618556701030927,
    "2009\u201310_Lega_Pro_Prima_Divisione": 0.02030456852791878,
    "2009\u201310_Serie_B": 0.02030456852791878,
    "List_of_Belgian_football_transfers_summer_2010": 0.02,
    "List_of_Belgian_football_transfers_winter_2010\u201311": 0.02,
    "List_of_Belgian_football_transfers_summer_2009": 0.019417475728155338,
    "List_of_Belgian_football_transfers_winter_2009\u201310": 0.019417475728155338,
    "2009\u201310_Parma_F.C._season": 0.01932367149758454,
    "2012\u201313_Serie_D": 0.019138755980861243,
    "2012\u201313_Coppa_Italia_Serie_D": 0.019138755980861243,
    "List_of_USL_Pro_transfers_2013": 0.01904761904761905,
    "2009\u201310_F.C._Internazionale_Milano_season": 0.018867924528301886,
    "2010\u201311_Serie_A_(women's_football)": 0.018867924528301886,
    "List_of_Portuguese_football_transfers_winter_2009\u201310": 0.018518518518518517,
    "2009\u201310_U.S._Citt\u00e0_di_Palermo_season": 0.0182648401826484,
    "2009\u201310_Juventus_F.C._season": 0.01818181818181818,