{
    "List_of_downloadable_PSP_games": 1.0,
    "List_of_PlayStation_minis": 1.0,
    "List_of_PlayStation_Mobile_games": 1.0,
    "List_of_PSone_Classics_N\u2013Z": 1.0,
    "List_of_PSone_Classics_(PAL_region)": 1.0,
    "List_of_PSone_Classics_(North_America)": 1.0,
    "List_of_PlayStation_Store_TurboGrafx-16_games": 0.903448275862069,
    "PlayStation_3_models": 0.903448275862069,
    "High-definition_remasters_for_PlayStation_consoles": 0.8675496688741722,
    "List_of_best-selling_PlayStation_video_games": 0.7572254335260116,
    "List_of_PlayStation_Store_Neo_Geo_games": 0.6822916666666666,
    "PlayStation": 0.5282258064516129,
    "PlayStation_Portable_launch": 0.36797752808988765,
    "PlayStation_Portable": 0.36797752808988765,
    "List_of_downloadable_PlayStation_3_games": 0.3589041095890411,
    "List_of_PlayStation_Move_games": 0.3589041095890411,
    "List_of_3D_PlayStation_3_games": 0.3589041095890411,
    "List_of_cooperative_games_for_the_PlayStation_3": 0.3589041095890411,
    "List_of_full_budget_downloadable_PlayStation_3_games": 0.3589041095890411,
    "List_of_PlayStation_3_games": 0.3589041095890411,
    "PlayStation_3_launch": 0.33080808080808083,
    "Instant_Game_Collection": 0.28602620087336245,
    "Remote_Play": 0.21965317919075145,
    "List_of_games_compatible_with_EyeToy": 0.14893617021276595,
    "List_of_Sega_Master_System_games": 0.0927536231884058,
    "List_of_multiplayer_browser_games": 0.0927536231884058,
    "List_of_Ouya_software": 0.0927536231884058,
    "List_of_browser_games": 0.0927536231884058,
    "List_of_Intellivision_games": 0.0927536231884058,
    "List_of_CD-i_games": 0.0927536231884058,
    "List_of_TurboGrafx-16_games": 0.0927536231884058,
    "List_of_Zeebo_games": 0.09116809116809117,
    "List_of_Neo-Geo_Pocket_Color_games": 0.08943089430894309,
    "List_of_DSiWare_games_and_applications": 0.08695652173913043,
    "IPod_game": 0.08695652173913043,
    "List_of_Sega_32X_games": 0.08672086720867209,
    "List_of_PC_booter_games": 0.0862533692722372,
    "List_of_MSX_games": 0.08602150537634409,
    "List_of_PC_exclusive_titles": 0.08602150537634409,
    "List_of_Game_Gear_games": 0.08579088471849866,
    "List_of_Atari_Lynx_games": 0.08579088471849866,
    "List_of_Gizmondo_games": 0.08579088471849866,
    "List_of_Atari_7800_games": 0.08579088471849866,
    "List_of_Amstrad_CPC_games": 0.08579088471849866,
    "List_of_Atari_arcade_games": 0.08579088471849866,
    "List_of_Macintosh_games": 0.08579088471849866,
    "List_of_3DO_games": 0.08579088471849866,
    "List_of_N-Gage_games": 0.08579088471849866,
    "List_of_Atari_Jaguar_games": 0.08579088471849866,
    "List_of_Apple_II_games": 0.0855614973262032,
    "List_of_Virtual_Boy_games": 0.08533333333333333,
    "List_of_Neo_Geo_games": 0.08333333333333333,
    "Chronology_of_Nintendo_GameCube_games": 0.08290155440414508,
    "List_of_Nintendo_GameCube_games": 0.08290155440414508,
    "List_of_games_for_the_original_Game_Boy": 0.08142493638676845,
    "List_of_Dreamcast_games": 0.0810126582278481,
    "List_of_Nintendo_DS_games_(S\u2013Z)": 0.0810126582278481,
    "Chronology_of_Sega_Dreamcast_games": 0.0810126582278481,
    "List_of_Super_Famicom_games_(S\u2013Z)": 0.08068459657701711,
    "List_of_Super_Famicom_games_(A\u2013H)": 0.08068459657701711,
    "List_of_Super_Famicom_games_(I\u2013R)": 0.08068459657701711,
    "List_of_Super_Nintendo_Entertainment_System_games": 0.08068459657701711,
    "List_of_Sega_Genesis_games": 0.08060453400503778,
    "List_of_WiiWare_games": 0.08020050125313283,
    "Chronology_of_Nintendo_64_games": 0.08,
    "List_of_Nintendo_64_games": 0.08,
    "List_of_Game_Boy_Advance_games": 0.0774818401937046,
    "List_of_Atari_2600_games": 0.07692307692307693,
    "List_of_Nintendo_Entertainment_System_games": 0.07655502392344497,
    "List_of_Family_Computer_Disk_System_games": 0.07655502392344497,
    "List_of_Wii_U_games": 0.07565011820330969,
    "List_of_Wii_games": 0.07511737089201878,
    "List_of_Game_&_Watch_games": 0.058823529411764705,
    "List_of_Games_for_Windows_titles": 0.052202283849918436,
    "List_of_canceled_Xbox_360_video_games": 0.052202283849918436,
    "List_of_Windows_Games_on_Demand": 0.052202283849918436,
    "List_of_Xbox_Live_Arcade_Kinect_games": 0.052202283849918436,
    "List_of_Xbox_360_games_with_3D_support": 0.052202283849918436,
    "List_of_Xbox_One_games": 0.052202283849918436,
    "List_of_Xbox_games": 0.0499219968798752,
    "List_of_Xbox_games_on_Windows": 0.04984423676012461,
    "List_of_Xbox_games_on_Windows_Phone": 0.04678362573099415,
    "FeliCa": 0.03167420814479638,
    "Sony_Imagesoft": 0.03167420814479638,
    "Triumph_Films": 0.03167420814479638,
    "List_of_best-selling_video_games": 0.031055900621118012,
    "List_of_best-selling_PC_games": 0.031055900621118012,
    "List_of_best-selling_game_consoles": 0.031055900621118012,
    "List_of_video_game_emulators": 0.030303030303030304,
    "Mednafen": 0.030303030303030304,
    "List_of_acquisitions_by_Sony_Corporation": 0.02857142857142857,
    "List_of_best-selling_Nintendo_DS_video_games": 0.026595744680851064,
    "List_of_best-selling_video_game_franchises": 0.025906735751295335,
    "Nintendo_Selects": 0.02577319587628866,
    "List_of_best-selling_Wii_video_games": 0.022026431718061675,
    "Bionz": 0.021406727828746176,
    "List_of_Namco_Bandai_games": 0.021367521367521368,
    "List_of_video_game_magazines": 0.02127659574468085,
    "List_of_OnLive_video_games": 0.020689655172413793,
    "Wii_system_software": 0.01951219512195122,
    "Polyphony_Digital": 0.019178082191780823,
    "Timeline_of_video_game_console_releases_in_North_America": 0.018907563025210083,
    "Wii_U": 0.018367346938775512,
    "List_of_BSD_operating_systems": 0.017857142857142856,
    "Wii": 0.01646090534979424,
    "Wii_launch": 0.01646090534979424,
    "List_of_MIPS_microprocessor_cores": 0.016042780748663103,
    "Xbox": 0.015873015873015872,
    "SNES_Multitap": 0.01583710407239819,
    "Amiga_CD32": 0.014814814814814815,
    "Commodore_CDTV": 0.014705882352941176,
    "Adelaide_Productions": 0.014373716632443531,
    "Second_screen": 0.013986013986013986,
    "GameCube": 0.013916500994035786,
    "History_of_FreeBSD": 0.013888888888888888,
    "Comparison_of_BSD_operating_systems": 0.013392857142857142,
    "FreeTrack": 0.013215859030837005,
    "GameAgent": 0.012987012987012988,
    "Comparison_of_handheld_game_consoles": 0.01293103448275862,
    "Nelsonic_Industries": 0.01293103448275862,
    "GetTV": 0.01289134438305709,
    "List_of_Logitech_Racing_Wheels_compatible_games": 0.012658227848101266,
    "Logitech_G19": 0.012658227848101266,
    "Edge_(magazine)": 0.0125,
    "NetBSD": 0.011583011583011582,
    "Sony_Alpha": 0.011494252873563218,
    "List_of_mobile_software_distribution_platforms": 0.011441647597254004,
    "Nintendo_DS_Lite": 0.011210762331838564,
    "Your_Sinclair": 0.011152416356877323,
    "Mega_(magazine)": 0.011152416356877323,
    "Amiga_Power": 0.010526315789473684,
    "Ouya": 0.010273972602739725,
    "SunOS": 0.010238907849829351,
    "FreeBSD": 0.010169491525423728
}