{
    "Big_Beautiful_Tour": 1.0,
    "Words_and_Sounds_Tour": 1.0,
    "Buzz_Tour": 1.0,
    "The_Real_Thing_Tour": 1.0,
    "Summer_Block_Party": 1.0,
    "An_Evening_with_Jill_Scott": 1.0,
    "Maxwell_&_Jill_Scott:_The_Tour": 0.5970149253731343,
    "Sugar_Water_Festival": 0.4,
    "Little_One_Tour": 0.03333333333333333,
    "Frustrated_Artist_Tour": 0.02631578947368421,
    "The_Vortex_World_Tour": 0.02631578947368421,
    "Worldwide_Underground_Tour": 0.02631578947368421,
    "Out_My_Mind,_Just_in_Time_World_Tour": 0.02631578947368421,
    "Jam_Tour": 0.02631578947368421,
    "Mama's_Gun_World_Tour": 0.02631578947368421,
    "New_Amerykah_Part_One_(4th_World_War)": 0.025974025974025976,
    "New_Amerykah_Part_Two_(Return_of_the_Ankh)": 0.025974025974025976,
    "Flavor_Unit_Entertainment": 0.015625,
    "The_Voodoo_World_Tour": 0.014925373134328358,
    "Maxwell_08_Tour": 0.014925373134328358,
    "BLACKsummers'night_Tour": 0.014925373134328358,
    "Occupy_Music_Tour": 0.014925373134328358,
    "Paul_Wall_discography": 0.014492753623188406,
    "The_Peoples_Champ": 0.014285714285714285,
    "Thisisme_Then:_The_Best_of_Common": 0.0136986301369863,
    "Resurrection_(Common_album)": 0.0136986301369863,
    "Be_(Common_album)": 0.0136986301369863,
    "One_Day_It'll_All_Make_Sense": 0.0136986301369863,
    "Gabrielle_Union": 0.012658227848101266,
    "Groove_Is_in_the_Heart": 0.011904761904761904,
    "Baduizm_World_Tour": 0.01171875,
    "The_Low_End_Theory": 0.011494252873563218,
    "Midnight_Marauders": 0.011494252873563218,
    "People's_Instinctive_Travels_and_the_Paths_of_Rhythm": 0.011494252873563218,
    "Voodoo_(D'Angelo_album)": 0.010416666666666666,
    "Mos_Def_discography": 0.01020408163265306,
    "Like_Water_for_Chocolate_(album)": 0.010101010101010102
}