{
    "Sugar_Water_Festival": 1.0,
    "Big_Beautiful_Tour": 0.4,
    "Words_and_Sounds_Tour": 0.4,
    "Buzz_Tour": 0.4,
    "The_Real_Thing_Tour": 0.4,
    "Summer_Block_Party": 0.4,
    "An_Evening_with_Jill_Scott": 0.4,
    "Frustrated_Artist_Tour": 0.38,
    "The_Vortex_World_Tour": 0.38,
    "Worldwide_Underground_Tour": 0.38,
    "Out_My_Mind,_Just_in_Time_World_Tour": 0.38,
    "Jam_Tour": 0.38,
    "Mama's_Gun_World_Tour": 0.38,
    "New_Amerykah_Part_One_(4th_World_War)": 0.37623762376237624,
    "New_Amerykah_Part_Two_(Return_of_the_Ankh)": 0.37623762376237624,
    "Maxwell_&_Jill_Scott:_The_Tour": 0.31496062992125984,
    "Flavor_Unit_Entertainment": 0.25,
    "Baduizm_World_Tour": 0.14336917562724014,
    "Queen_Latifah": 0.10588235294117647,
    "Gabrielle_Union": 0.021897810218978103,
    "Voodoo_(D'Angelo_album)": 0.01948051948051948,
    "Like_Water_for_Chocolate_(album)": 0.01910828025477707,
    "J_Dilla_discography": 0.01818181818181818,
    "Little_One_Tour": 0.016666666666666666,
    "Black_on_Both_Sides": 0.016304347826086956,
    "Mos_Def": 0.01485148514851485,
    "Phylicia_Rash\u0101d": 0.0125,
    "Anita_Baker": 0.012345679012345678,
    "Yolanda_Adams": 0.0111731843575419,
    "India.Arie": 0.01098901098901099,
    "Common_discography": 0.010869565217391304,
    "Taraji_P._Henson": 0.01079136690647482,
    "NAACP_Image_Award_for_Outstanding_Actress_in_a_Television_Movie,_Mini-Series_or_Dramatic_Special": 0.01020408163265306,
    "NAACP_Image_Award_for_Outstanding_Female_Artist": 0.01020408163265306
}