{
    "Shooting_at_the_2002_Asian_Games": 1.0,
    "Cue_sports_at_the_2002_Asian_Games": 0.6521739130434783,
    "Karate_at_the_2002_Asian_Games": 0.625,
    "Wushu_at_the_2002_Asian_Games": 0.6164383561643836,
    "Taekwondo_at_the_2002_Asian_Games": 0.6081081081081081,
    "Canoeing_at_the_2002_Asian_Games": 0.6081081081081081,
    "Rowing_at_the_2002_Asian_Games": 0.6,
    "Bowling_at_the_2002_Asian_Games": 0.6,
    "Archery_at_the_2002_Asian_Games": 0.5844155844155844,
    "Sailing_at_the_2002_Asian_Games": 0.5769230769230769,
    "Tennis_at_the_2002_Asian_Games": 0.5625,
    "Table_tennis_at_the_2002_Asian_Games": 0.5625,
    "Badminton_at_the_2002_Asian_Games": 0.5555555555555556,
    "Judo_at_the_2002_Asian_Games": 0.5487804878048781,
    "Boxing_at_the_2002_Asian_Games": 0.5421686746987951,
    "Wrestling_at_the_2002_Asian_Games": 0.5421686746987951,
    "Swimming_at_the_2002_Asian_Games": 0.5357142857142857,
    "Cycling_at_the_2002_Asian_Games": 0.5357142857142857,
    "Athletics_at_the_2002_Asian_Games": 0.5357142857142857,
    "Gymnastics_at_the_2002_Asian_Games": 0.5232558139534884,
    "2002_Asian_Games": 0.29411764705882354,
    "Shooting_at_the_1974_Asian_Games": 0.23809523809523808,
    "Shooting_at_the_1990_Asian_Games": 0.20618556701030927,
    "Shooting_at_the_1994_Asian_Games": 0.1941747572815534,
    "Shooting_at_the_1998_Asian_Games": 0.18518518518518517,
    "Shooting_at_the_2006_Asian_Games": 0.1834862385321101,
    "Shooting_at_the_2010_Asian_Games": 0.17391304347826086,
    "Athletics_at_the_1954_Asian_Games": 0.021052631578947368,
    "Table_tennis_at_the_1958_Asian_Games": 0.020833333333333332,
    "Badminton_at_the_1970_Asian_Games": 0.020618556701030927,
    "Tennis_at_the_1966_Asian_Games": 0.020618556701030927,
    "Badminton_at_the_1966_Asian_Games": 0.02040816326530612,
    "Boxing_at_the_1958_Asian_Games": 0.020202020202020204,
    "Wrestling_at_the_1970_Asian_Games": 0.020202020202020204,
    "Swimming_at_the_1958_Asian_Games": 0.02,
    "Athletics_at_the_1970_Asian_Games": 0.02,
    "Athletics_at_the_1962_Asian_Games": 0.02,
    "Athletics_at_the_1958_Asian_Games": 0.02,
    "Athletics_at_the_1966_Asian_Games": 0.019801980198019802,
    "Boxing_at_the_1974_Asian_Games": 0.0196078431372549,
    "Wrestling_at_the_1974_Asian_Games": 0.0196078431372549,
    "Badminton_at_the_1978_Asian_Games": 0.019417475728155338,
    "Wrestling_at_the_1978_Asian_Games": 0.01904761904761905,
    "Badminton_at_the_1982_Asian_Games": 0.01904761904761905,
    "Athletics_at_the_1978_Asian_Games": 0.018867924528301886,
    "Wrestling_at_the_1982_Asian_Games": 0.018691588785046728,
    "Boxing_at_the_1982_Asian_Games": 0.018691588785046728,
    "Athletics_at_the_1982_Asian_Games": 0.018518518518518517,
    "Iran_at_the_2002_Asian_Games": 0.01834862385321101,
    "South_Korea_at_the_2002_Asian_Games": 0.01834862385321101,
    "Thailand_at_the_2002_Asian_Games": 0.01834862385321101,
    "Indonesia_at_the_2002_Asian_Games": 0.01834862385321101,
    "Gymnastics_at_the_1990_Asian_Games": 0.01834862385321101,
    "Boxing_at_the_1986_Asian_Games": 0.018018018018018018,
    "Wrestling_at_the_1986_Asian_Games": 0.018018018018018018,
    "Table_tennis_at_the_1990_Asian_Games": 0.017857142857142856,
    "Cue_sports_at_the_1998_Asian_Games": 0.017857142857142856,
    "Athletics_at_the_1986_Asian_Games": 0.017857142857142856,
    "Cue_sports_at_the_2006_Asian_Games": 0.017699115044247787,
    "Boxing_at_the_1990_Asian_Games": 0.017391304347826087,
    "Gymnastics_at_the_1994_Asian_Games": 0.017391304347826087,
    "Karate_at_the_1998_Asian_Games": 0.017391304347826087,
    "Swimming_at_the_1990_Asian_Games": 0.017241379310344827,
    "Karate_at_the_2006_Asian_Games": 0.017241379310344827,
    "Athletics_at_the_1990_Asian_Games": 0.017241379310344827,
    "Wushu_at_the_2006_Asian_Games": 0.017094017094017096,
    "Tennis_at_the_1994_Asian_Games": 0.01694915254237288,
    "Table_tennis_at_the_1994_Asian_Games": 0.01694915254237288,
    "Taekwondo_at_the_2006_Asian_Games": 0.01694915254237288,
    "Judo_at_the_1994_Asian_Games": 0.01680672268907563,
    "Badminton_at_the_1994_Asian_Games": 0.01680672268907563,
    "Cue_sports_at_the_2010_Asian_Games": 0.01680672268907563,
    "Bowling_at_the_2006_Asian_Games": 0.01680672268907563,
    "Rowing_at_the_2006_Asian_Games": 0.01680672268907563,
    "Fencing_at_the_2006_Asian_Games": 0.016666666666666666,
    "Boxing_at_the_1994_Asian_Games": 0.01652892561983471,
    "Wrestling_at_the_1994_Asian_Games": 0.01652892561983471,
    "Archery_at_the_2006_Asian_Games": 0.01652892561983471,
    "Karate_at_the_2010_Asian_Games": 0.01639344262295082,
    "Swimming_at_the_1994_Asian_Games": 0.01639344262295082,
    "Sailing_at_the_2006_Asian_Games": 0.01639344262295082,
    "Athletics_at_the_1994_Asian_Games": 0.01639344262295082,
    "Tennis_at_the_1998_Asian_Games": 0.016260162601626018,
    "Wushu_at_the_2010_Asian_Games": 0.016260162601626018,
    "Table_tennis_at_the_1998_Asian_Games": 0.016260162601626018,
    "Judo_at_the_1998_Asian_Games": 0.016129032258064516,
    "Badminton_at_the_1998_Asian_Games": 0.016129032258064516,
    "Taekwondo_at_the_2010_Asian_Games": 0.016129032258064516,
    "Table_tennis_at_the_2006_Asian_Games": 0.016129032258064516,
    "Tennis_at_the_2006_Asian_Games": 0.016129032258064516,
    "Bowling_at_the_2010_Asian_Games": 0.016,
    "Rowing_at_the_2010_Asian_Games": 0.016,
    "Badminton_at_the_2006_Asian_Games": 0.016,
    "Fencing_at_the_2010_Asian_Games": 0.015873015873015872,
    "Wrestling_at_the_1998_Asian_Games": 0.015873015873015872,
    "Boxing_at_the_1998_Asian_Games": 0.015873015873015872,
    "Swimming_at_the_1998_Asian_Games": 0.015748031496062992,
    "Archery_at_the_2010_Asian_Games": 0.015748031496062992,
    "Boxing_at_the_2006_Asian_Games": 0.015748031496062992,
    "Wrestling_at_the_2006_Asian_Games": 0.015748031496062992,
    "Athletics_at_the_1998_Asian_Games": 0.015748031496062992,
    "Athletics_at_the_2006_Asian_Games": 0.015625,
    "Judo_at_the_2006_Asian_Games": 0.015625,
    "Swimming_at_the_2006_Asian_Games": 0.015625,
    "Table_tennis_at_the_2010_Asian_Games": 0.015384615384615385,
    "Badminton_at_the_2010_Asian_Games": 0.015267175572519083,
    "Gymnastics_at_the_2006_Asian_Games": 0.015267175572519083,
    "Boxing_at_the_2010_Asian_Games": 0.015037593984962405,
    "Wrestling_at_the_2010_Asian_Games": 0.015037593984962405,
    "Swimming_at_the_2010_Asian_Games": 0.014925373134328358,
    "Athletics_at_the_2010_Asian_Games": 0.014925373134328358,
    "Cue_sports_at_the_Asian_Games": 0.014814814814814815,
    "Squash_at_the_Asian_Games": 0.014598540145985401,
    "1954_Asian_Games": 0.014492753623188406,
    "Soft_tennis_at_the_Asian_Games": 0.014388489208633094,
    "Synchronized_swimming_at_the_Asian_Games": 0.014388489208633094,
    "Sepaktakraw_at_the_Asian_Games": 0.014285714285714285,
    "Equestrian_at_the_Asian_Games": 0.014184397163120567,
    "Gymnastics_at_the_2010_Asian_Games": 0.014184397163120567,
    "Gymnastics_at_the_Asian_Games_\u2013_Women's_team_all-around": 0.013888888888888888,
    "Gymnastics_at_the_Asian_Games_\u2013_Women's_individual_all-around": 0.013888888888888888,
    "Gymnastics_at_the_Asian_Games_\u2013_Women's_vault": 0.013888888888888888,
    "Gymnastics_at_the_Asian_Games_\u2013_Women's_floor": 0.013888888888888888,
    "Gymnastics_at_the_Asian_Games_\u2013_Women's_balance_beam": 0.013888888888888888,
    "Gymnastics_at_the_Asian_Games_\u2013_Women's_uneven_bars": 0.013888888888888888,
    "Table_tennis_at_the_Asian_Games": 0.0136986301369863,
    "Tennis_at_the_Asian_Games": 0.0136986301369863,
    "List_of_Asian_Games_medalists_in_table_tennis": 0.013605442176870748,
    "Diving_at_the_Asian_Games": 0.013422818791946308,
    "Weightlifting_at_the_1982_Asian_Games": 0.013422818791946308,
    "List_of_Asian_Games_medalists_in_wrestling": 0.013333333333333334,