{
    "Melbourne_Track_Classic": 1.0,
    "Grande_Premio_Brasil_Caixa_de_Atletismo": 0.9567901234567902,
    "Meeting_Grand_Prix_IAAF_de_Dakar": 0.9567901234567902,
    "Meeting_de_Atletismo_Madrid": 0.9567901234567902,
    "Osaka_Grand_Prix": 0.9567901234567902,
    "2007_IAAF_Golden_League": 0.8333333333333334,
    "2008_IAAF_Golden_League": 0.8333333333333334,
    "2009_IAAF_Golden_League": 0.8333333333333334,
    "2006_IAAF_Golden_League": 0.8333333333333334,
    "1997_IAAF_Grand_Prix_Final": 0.8333333333333334,
    "1998_IAAF_Grand_Prix_Final": 0.8333333333333334,
    "1999_IAAF_Grand_Prix_Final": 0.8333333333333334,
    "2000_IAAF_Grand_Prix_Final": 0.8333333333333334,
    "2001_IAAF_Grand_Prix_Final": 0.8333333333333334,
    "2002_IAAF_Grand_Prix_Final": 0.8333333333333334,
    "1996_IAAF_Grand_Prix_Final": 0.8333333333333334,
    "2005_IAAF_Golden_League": 0.8333333333333334,
    "2003_IAAF_Golden_League": 0.8333333333333334,
    "Athens_Grand_Prix_Tsiklitiria": 0.8333333333333334,
    "1995_IAAF_Grand_Prix_Final": 0.8333333333333334,
    "1985_IAAF_Grand_Prix_Final": 0.8333333333333334,
    "DN_Galan": 0.7640449438202247,
    "Shanghai_Golden_Grand_Prix": 0.7640449438202247,
    "KBC_Night_of_Athletics": 0.7120418848167539,
    "Notturna_di_Milano": 0.7120418848167539,
    "Gugl_Games": 0.7120418848167539,
    "Memorial_Primo_Nebiolo": 0.7120418848167539,
    "Josef_Odlo\u017eil_Memorial": 0.7120418848167539,
    "Brothers_Znamensky_Memorial": 0.7120418848167539,
    "Meeting_Areva": 0.6666666666666666,
    "Rieti_Meeting": 0.6458333333333334,
    "Adidas_Grand_Prix": 0.4857142857142857,
    "Han\u017eekovi\u0107_Memorial": 0.4599406528189911,
    "IAAF_World_Athletics_Tour": 0.425,
    "IAAF_Grand_Prix": 0.425,
    "IAAF_Golden_League": 0.425,
    "IAAF_World_Athletics_Final": 0.425,
    "IAAF_World_Challenge": 0.19166666666666668,
    "Colorful_Daegu_Championships_Meeting": 0.19166666666666668,
    "Golden_Spike_Ostrava": 0.19135802469135801,
    "Fanny_Blankers-Koen_Games": 0.19135802469135801,
    "Golden_Grand_Prix": 0.19135802469135801,
    "Jamaica_International_Invitational": 0.19135802469135801,
    "Moscow_Challenge": 0.19135802469135801,
    "IAAF_World_Challenge_Beijing": 0.19135802469135801,
    "Internationales_Stadionfest": 0.15897435897435896,
    "2007_IAAF_World_Athletics_Final": 0.09259259259259259,
    "2008_IAAF_World_Athletics_Final": 0.09259259259259259,
    "2004_IAAF_World_Athletics_Final": 0.09259259259259259,
    "2009_IAAF_World_Athletics_Final": 0.09259259259259259,
    "2009_IAAF_World_Athletics_Final_results": 0.09259259259259259,
    "2005_IAAF_World_Athletics_Final": 0.09259259259259259,
    "2006_IAAF_World_Athletics_Final": 0.09259259259259259,
    "2003_IAAF_World_Athletics_Final": 0.09259259259259259,
    "Bislett_Games": 0.07865168539325842,
    "Athletissima": 0.07865168539325842,
    "2010_IAAF_Diamond_League": 0.07865168539325842,
    "Meeting_International_Mohammed_VI_d'Athl\u00e9tisme_de_Rabat": 0.07865168539325842,
    "2011_IAAF_Diamond_League": 0.07865168539325842,
    "2012_IAAF_Diamond_League": 0.07865168539325842,
    "2013_IAAF_Diamond_League": 0.07865168539325842,
    "Sapporo_Half_Marathon": 0.075,
    "IAAF_Diamond_League": 0.07142857142857142,
    "Maghreb_Athletics_Championships": 0.07114624505928854,
    "Yokohama_International_Women's_Ekiden": 0.0703125,
    "London_Grand_Prix": 0.06930693069306931,
    "British_Grand_Prix_(athletics)": 0.06930693069306931,
    "Qatar_Athletic_Super_Grand_Prix": 0.06896551724137931,
    "Herculis": 0.06862745098039216,
    "IAAF_Hammer_Throw_Challenge": 0.065625,
    "IAAF_World_Combined_Events_Challenge": 0.065625,
    "IAAF_World_Race_Walking_Challenge": 0.065625,
    "Golden_Gala": 0.06422018348623854,
    "Memorial_Van_Damme": 0.06306306306306306,
    "Weltklasse_Z\u00fcrich": 0.06167400881057269,
    "IAAF_World_Cross_Challenge": 0.059375,
    "Prefontaine_Classic": 0.05714285714285714,
    "D\u00e9castar": 0.05603448275862069,
    "TNT_\u2013_Fortuna_Meeting": 0.05603448275862069,
    "2010_IAAF_Hammer_Throw_Challenge": 0.05603448275862069,
    "Multistars": 0.05603448275862069,
    "Grande_Pr\u00e9mio_Internacional_de_Rio_Maior_em_Marcha_Atl\u00e9tica": 0.05603448275862069,
    "Coppa_Citt\u00e0_di_Sesto_San_Giovanni": 0.05603448275862069,
    "Pan_American_Combined_Events_Cup": 0.05454545454545454,
    "Central_American_and_Caribbean_Cross_Country_Championships": 0.052478134110787174,
    "Sydney_Track_Classic": 0.04938271604938271,
    "Mehrkampf-Meeting_Ratingen": 0.04924242424242424,
    "International_Cross_Country_Championships": 0.04896907216494845,
    "Hypo-Meeting": 0.04659498207885305,
    "European_Cup_(athletics)": 0.04411764705882353,
    "International_athletics_championships_and_games": 0.043137254901960784,
    "World_Military_Track_and_Field_Championships": 0.041044776119402986,
    "2011_IAAF_World_Race_Walking_Challenge": 0.03943661971830986,
    "2013_IAAF_World_Race_Walking_Challenge": 0.03932584269662921,
    "2010_IAAF_World_Race_Walking_Challenge": 0.0392156862745098,
    "Internationales_Hochsprung-Meeting_Eberstadt": 0.03664921465968586,
    "Cezmi_Or_Memorial": 0.03664921465968586,
    "Janusz_Kusoci\u0144ski_Memorial": 0.03664921465968586,
    "M\u00edting_Internacional_d\u00b4Atletisme_Ciutat_de_Barcelona": 0.03664921465968586,
    "Athletics_Bridge": 0.03664921465968586,
    "Spitzen_Leichtathletik_Luzern": 0.03664921465968586,
    "Central_American_and_Caribbean_Junior_Championships_in_Athletics": 0.03621730382293763,
    "List_of_Central_American_and_Caribbean_Junior_Championships_records": 0.03621730382293763,
    "IAAF_World_Road_Relay_Championships": 0.03571428571428571,
    "Central_American_Championships_in_Athletics": 0.03559870550161812,
    "Indoor_athletics_at_the_Asian_Indoor_Games": 0.03514376996805112,
    "World_Masters_Athletics_Championships": 0.03374233128834356,
    "World_Marathon_Majors": 0.03323262839879154,
    "Asian_Marathon_Championship": 0.03303303303303303,
    "Central_American_and_Caribbean_Championships_in_Athletics": 0.03235294117647059,
    "World_Marathon_Cup": 0.03125,
    "IAAF_Continental_Cup": 0.03076923076923077,
    "Gulf_Cooperation_Council_Athletics_Championships": 0.030555555555555555,
    "African_Championships_in_Athletics": 0.030054644808743168,
    "Balkan_Cross_Country_Championships": 0.029649595687331536,
    "Athletics_at_the_Pan_American_Games": 0.029333333333333333,
    "Arab_Cross_Country_Championships": 0.029023746701846966,
    "Oceania_Area_Championships_in_Athletics": 0.028350515463917526,
    "Asian_Athletics_Championships": 0.027227722772277228,
    "Asian_Indoor_Athletics_Championships": 0.027227722772277228,
    "IAAF_World_Youth_Championships_in_Athletics": 0.02702702702702703,
    "IAAF_Road_Race_Label_Events": 0.0267639902676399,
    "Asian_Cross_Country_Championships": 0.0267639902676399,
    "Ibero-American_Championships_in_Athletics": 0.026066350710900472,
    "IAAF_World_Race_Walking_Cup": 0.024504084014002333,
    "South_American_Half_Marathon_Championships": 0.023965141612200435,
    "Athletics_at_the_Summer_Olympics": 0.02286902286902287,
    "Balkan_Games": 0.02231237322515213,
    "Malawian_records_in_athletics": 0.02217741935483871,
    "Pan_American_Race_Walking_Cup": 0.022,
    "Arab_Athletics_Championships": 0.021956087824351298,
    "South_American_Championships_in_Athletics": 0.021739130434782608,
    "South_American_Race_Walking_Championships": 0.021739130434782608,
    "South_American_Cross_Country_Championships": 0.021442495126705652,
    "Aviva_Indoor_Grand_Prix": 0.021367521367521368,
    "North_American,_Central_American_and_Caribbean_Athletic_Association": 0.02111324376199616,
    "Asian_Athletics_Association": 0.020793950850661626,
    "Confederation_of_African_Athletics": 0.02040816326530612,
    "Boston_Indoor_Games": 0.020080321285140562,
    "European_Race_Walking_Cup": 0.019963702359346643,