{
    "List_of_Olympic_venues_in_rowing": 1.0,
    "Olympic_Park": 0.6571428571428571,
    "List_of_Summer_Olympics_venues:_1\u20139_to_A": 0.6571428571428571,
    "List_of_Summer_Olympics_venues:_B": 0.6571428571428571,
    "List_of_Summer_Olympics_venues:_C": 0.6571428571428571,
    "List_of_Summer_Olympics_venues:_D\u2013E": 0.6571428571428571,
    "List_of_Summer_Olympics_venues:_F\u2013G": 0.6571428571428571,
    "List_of_Summer_Olympics_venues:_H\u2013I": 0.6571428571428571,
    "List_of_Summer_Olympics_venues:_J\u2013K": 0.6571428571428571,
    "List_of_Summer_Olympics_venues:_L": 0.6571428571428571,
    "List_of_Summer_Olympics_venues:_M\u2013N": 0.6571428571428571,
    "List_of_Summer_Olympics_venues:_O": 0.6571428571428571,
    "List_of_Summer_Olympics_venues:_P": 0.6571428571428571,
    "List_of_Summer_Olympics_venues:_Q\u2013R": 0.6571428571428571,
    "List_of_Summer_Olympics_venues:_S": 0.6571428571428571,
    "List_of_Summer_Olympics_venues:_T\u2013V": 0.6571428571428571,
    "List_of_Summer_Olympics_venues:_W\u2013Z": 0.6571428571428571,
    "List_of_Winter_Olympics_venues:_1\u20139_to_B": 0.6571428571428571,
    "List_of_Winter_Olympics_venues:_C\u2013G": 0.6571428571428571,
    "List_of_Winter_Olympics_venues:_H\u2013K": 0.6571428571428571,
    "List_of_Winter_Olympics_venues:_L": 0.6571428571428571,
    "List_of_Winter_Olympics_venues:_M": 0.6571428571428571,
    "List_of_Winter_Olympics_venues:_N\u2013R": 0.6571428571428571,
    "List_of_Winter_Olympics_venues:_S": 0.6571428571428571,
    "Venues_of_the_1968_Winter_Olympics": 0.6244343891402715,
    "Venues_of_the_1994_Winter_Olympics": 0.6216216216216216,
    "Venues_of_the_1952_Winter_Olympics": 0.6188340807174888,
    "Venues_of_the_1992_Winter_Olympics": 0.6133333333333333,
    "Venues_of_the_2002_Winter_Olympics": 0.6133333333333333,
    "Venues_of_the_2006_Winter_Olympics": 0.6106194690265486,
    "Venues_of_the_1956_Summer_Olympics": 0.6096491228070176,
    "Venues_of_the_1998_Winter_Olympics": 0.6079295154185022,
    "Venues_of_the_1952_Summer_Olympics": 0.5914893617021276,
    "Venues_of_the_1968_Summer_Olympics": 0.5864978902953587,
    "Venues_of_the_1948_Summer_Olympics": 0.5840336134453782,
    "List_of_Olympic_venues_in_judo": 0.5761316872427984,
    "Venues_of_the_1976_Summer_Olympics": 0.5743801652892562,
    "Venues_of_the_1964_Summer_Olympics": 0.569672131147541,
    "Venues_of_the_1960_Summer_Olympics": 0.5673469387755102,
    "Venues_of_the_1984_Summer_Olympics": 0.5673469387755102,
    "Venues_of_the_2000_Summer_Olympics": 0.5673469387755102,
    "Venues_of_the_1972_Summer_Olympics": 0.5650406504065041,
    "Venues_of_the_1996_Summer_Olympics": 0.5650406504065041,
    "Venues_of_the_2008_Summer_Olympics": 0.5604838709677419,
    "List_of_Olympic_venues_in_archery": 0.5577689243027888,
    "List_of_Olympic_venues_in_tennis": 0.5533596837944664,
    "List_of_Olympic_venues_in_biathlon": 0.549800796812749,
    "Venues_of_the_1992_Summer_Olympics": 0.547244094488189,
    "Venues_of_the_2004_Summer_Olympics": 0.54296875,
    "List_of_Olympic_venues_in_cross-country_skiing": 0.5348837209302325,
    "List_of_Olympic_venues_in_ski_jumping": 0.5307692307692308,
    "List_of_Olympic_venues_in_speed_skating": 0.5307692307692308,
    "List_of_Olympic_venues_in_diving": 0.5261194029850746,
    "List_of_Olympic_venues_in_boxing": 0.5243445692883895,
    "List_of_Olympic_venues_in_weightlifting": 0.5223880597014925,
    "List_of_Olympic_venues_in_luge": 0.518796992481203,
    "List_of_Olympic_venues_in_alpine_skiing": 0.5130111524163569,
    "Olympic_Stadium": 0.5130111524163569,
    "List_of_Olympic_venues_in_Nordic_combined": 0.5111111111111111,
    "List_of_Olympic_venues_in_sailing": 0.5109489051094891,
    "List_of_Olympic_venues_in_wrestling": 0.5109489051094891,
    "List_of_Olympic_venues_in_fencing": 0.5072463768115942,
    "List_of_Olympic_venues_in_bobsleigh": 0.4946236559139785,
    "List_of_Olympic_venues_in_shooting": 0.48109965635738833,
    "List_of_Olympic_venues_in_swimming": 0.4642857142857143,
    "List_of_Olympic_venues_in_ice_hockey": 0.4584717607973422,
    "List_of_Olympic_venues": 0.45161290322580644,
    "List_of_Olympic_venues_in_canoeing": 0.4262734584450402,
    "List_of_Olympic_venues_in_modern_pentathlon": 0.4259818731117825,
    "List_of_Olympic_venues_in_gymnastics": 0.425531914893617,
    "List_of_Olympic_venues_in_athletics": 0.417910447761194,
    "List_of_Olympic_venues_in_handball": 0.4166666666666667,
    "List_of_Olympic_venues_in_field_hockey": 0.40816326530612246,
    "List_of_Olympic_venues_in_cycling": 0.40229885057471265,
    "List_of_Olympic_venues_in_volleyball": 0.39325842696629215,
    "List_of_Olympic_venues_in_basketball": 0.39215686274509803,
    "List_of_Olympic_venues_in_equestrian": 0.3878116343490305,
    "List_of_Olympic_venues_in_figure_skating": 0.372972972972973,
    "List_of_Olympic_venues_in_water_polo": 0.34382566585956414,
    "List_of_Olympic_venues_in_football": 0.2905263157894737,
    "Rowing_at_the_1960_Summer_Olympics": 0.18614718614718614,
    "Rowing_at_the_1932_Summer_Olympics": 0.18614718614718614,
    "Rowing_at_the_1928_Summer_Olympics": 0.1853448275862069,
    "Rowing_at_the_1952_Summer_Olympics": 0.18454935622317598,
    "Rowing_at_the_1968_Summer_Olympics": 0.18376068376068377,
    "Rowing_at_the_1956_Summer_Olympics": 0.18376068376068377,
    "Rowing_at_the_1976_Summer_Olympics": 0.1829787234042553,
    "Rowing_at_the_1964_Summer_Olympics": 0.1829787234042553,
    "Rowing_at_the_1936_Summer_Olympics": 0.18220338983050846,
    "Rowing_at_the_1972_Summer_Olympics": 0.18143459915611815,
    "Rowing_at_the_1996_Summer_Olympics": 0.17842323651452283,
    "Rowing_at_the_2012_Summer_Olympics": 0.17842323651452283,
    "Rowing_at_the_1988_Summer_Olympics": 0.17768595041322313,
    "Rowing_at_the_1992_Summer_Olympics": 0.17695473251028807,
    "Rowing_at_the_2000_Summer_Olympics": 0.17695473251028807,
    "Rowing_at_the_2004_Summer_Olympics": 0.17695473251028807,
    "Rowing_at_the_2008_Summer_Olympics": 0.1762295081967213,
    "List_of_Olympic_medalists_in_rowing_(men)": 0.15517241379310345,
    "List_of_Olympic_medalists_in_rowing_(women)": 0.15517241379310345,
    "Rowing_at_the_Summer_Olympics": 0.09887640449438202,
    "1912_Summer_Olympics": 0.0215633423180593,
    "Venues_of_the_1912_Summer_Olympics": 0.0215633423180593,
    "List_of_Olympic_medalists_in_luge": 0.021406727828746176,
    "Venues_of_the_1932_Summer_Olympics": 0.020887728459530026,
    "1932_Summer_Olympics": 0.020887728459530026,
    "1920_Summer_Olympics": 0.02077922077922078,
    "Venues_of_the_1920_Summer_Olympics": 0.02077922077922078,
    "Venues_of_the_1928_Summer_Olympics": 0.020460358056265986,
    "1928_Summer_Olympics": 0.020460358056265986,
    "Venues_of_the_1924_Summer_Olympics": 0.020151133501259445,
    "1924_Summer_Olympics": 0.020151133501259445,
    "1904_Summer_Olympics": 0.019886363636363636,
    "1956_Summer_Olympics": 0.018957345971563982,
    "1952_Summer_Olympics": 0.018779342723004695,
    "Winter_Olympic_Games": 0.018712162905888827,
    "Summer_Olympic_Games": 0.018528610354223433,
    "1960_Summer_Olympics": 0.017817371937639197,
    "1924_Winter_Olympics": 0.017543859649122806,
    "1932_Winter_Olympics": 0.01744186046511628,
    "1896_Summer_Olympics": 0.017391304347826087,
    "1928_Winter_Olympics": 0.0169971671388102,
    "1968_Summer_Olympics": 0.01694915254237288,
    "List_of_Olympic_medalists_in_polo": 0.016891891891891893,
    "List_of_Olympic_medalists_in_triathlon": 0.016835016835016835,
    "1960_Winter_Olympics": 0.01680672268907563,
    "1936_Winter_Olympics": 0.01680672268907563,
    "1948_Winter_Olympics": 0.01675977653631285,
    "List_of_Olympic_medalists_in_table_tennis": 0.016666666666666666,
    "List_of_Olympic_medalists_in_badminton": 0.016611295681063124,
    "1956_Winter_Olympics": 0.016574585635359115,
    "1952_Winter_Olympics": 0.016483516483516484,