{
    "List_of_plantations_in_Virginia": 1.0,
    "List_of_plantations_in_the_United_States": 0.3025210084033613,
    "List_of_plantations_in_Alabama": 0.3025210084033613,
    "List_of_plantations_in_Louisiana": 0.3025210084033613,
    "List_of_plantations_in_South_Carolina": 0.3025210084033613,
    "List_of_plantations_in_Georgia_(U.S._state)": 0.3025210084033613,
    "List_of_plantations_in_Mississippi": 0.3025210084033613,
    "List_of_plantations_in_North_Carolina": 0.1572052401746725,
    "Southeastern_United_States": 0.14937759336099585,
    "Robert_M._T._Hunter": 0.09186906019007392,
    "American_slave_court_cases": 0.057692307692307696,
    "Slave_and_free_states": 0.057692307692307696,
    "Congress_of_the_Confederate_States": 0.02040816326530612,
    "List_of_museums_focused_on_African_Americans": 0.020151133501259445,
    "List_of_U.S._cities_with_large_African-American_populations": 0.020151133501259445,
    "Black_history_in_ice_hockey": 0.020151133501259445,
    "List_of_African-American_jurists": 0.020151133501259445,
    "List_of_U.S._metropolitan_areas_with_large_African-American_populations": 0.020151133501259445,
    "Joyce_Cobb": 0.020050125313283207,
    "List_of_African-American_United_States_Cabinet_Secretaries": 0.018518518518518517,
    "List_of_African-American_inventors_and_scientists": 0.016701461377870562,
    "Willem_van_Keppel,_2nd_Earl_of_Albemarle": 0.016666666666666666,
    "Littleton_Waller_Tazewell": 0.01650943396226415,
    "Yam_(vegetable)": 0.015789473684210527,
    "Energy_crop": 0.015789473684210527,
    "John_Randolph_of_Roanoke": 0.015350877192982455,
    "Jim_Moran": 0.014760147601476014,
    "List_of_African-American_astronauts": 0.014311270125223614,
    "List_of_U.S._states_by_African-American_population": 0.01415929203539823,
    "Bob_McDonnell": 0.014134275618374558,
    "General_officers_in_the_Confederate_States_Army": 0.013916500994035786,
    "Ordinance_of_Secession": 0.013916500994035786,
    "List_of_Confederate_Regular_Army_officers": 0.013916500994035786,
    "List_of_American_Civil_War_generals_(Confederate)": 0.013916500994035786,
    "Naval_battles_of_the_American_Civil_War": 0.013916500994035786,
    "Timeline_of_events_leading_to_the_American_Civil_War": 0.013916500994035786,
    "List_of_American_Civil_War_brevet_generals_(Union)": 0.013916500994035786,
    "List_of_American_Civil_War_battles": 0.013916500994035786,
    "List_of_American_Civil_War_generals_(Acting_Confederate)": 0.013916500994035786,
    "List_of_Grand_Army_of_the_Republic_Commanders-in-Chief": 0.013916500994035786,
    "American_Civil_War_prison_camps": 0.013916500994035786,
    "3rd_Vermont_Infantry": 0.013307984790874524,
    "2nd_Vermont_Infantry": 0.013307984790874524,
    "4th_Vermont_Infantry": 0.013307984790874524,
    "List_of_Arkansas_Civil_War_Confederate_units": 0.012939001848428836,
    "Reconstruction_Era": 0.012878787878787878,
    "Arkansas_in_the_American_Civil_War": 0.012797074954296161,
    "William_Cabell_Rives": 0.011990407673860911,
    "Disfranchisement_after_the_Reconstruction_Era": 0.011904761904761904,
    "List_of_routes_in_Frederick_County,_Virginia": 0.01179245283018868,
    "List_of_weapons_in_the_American_Civil_War": 0.011456628477905073,
    "Confederate_States_of_America": 0.011363636363636364,
    "Mark_Warner": 0.011326860841423949,
    "List_of_African-American_United_States_Senators": 0.011019283746556474,
    "List_of_African-American_United_States_Representatives": 0.011019283746556474,
    "Cassava": 0.01098901098901099,
    "List_of_Secretaries_of_State_of_the_United_States": 0.010416666666666666,
    "List_of_United_States_Secretaries_of_State_by_time_in_office": 0.010416666666666666,
    "John_C._Breckinridge": 0.010223048327137546,
    "Cellulosic_ethanol_commercialization": 0.010135135135135136,
    "John_Warner": 0.010121457489878543,
    "List_of_Bamboo_species": 0.010101010101010102,
    "Animal_fiber": 0.010101010101010102,
    "Gettysburg_Campaign": 0.010071942446043165,
    "Sterling_Price": 0.010071942446043165
}