{
    "List_of_New_Zealand_Knights_FC_players": 1.0,
    "List_of_Gold_Coast_United_FC_players": 0.6666666666666666,
    "List_of_North_Queensland_Fury_FC_players": 0.6666666666666666,
    "List_of_Adelaide_United_FC_players": 0.6071428571428571,
    "List_of_Central_Coast_Mariners_FC_players": 0.6071428571428571,
    "List_of_Newcastle_United_Jets_FC_players": 0.5862068965517241,
    "List_of_Perth_Glory_FC_players": 0.576271186440678,
    "List_of_Sydney_FC_players": 0.5666666666666667,
    "List_of_Melbourne_Heart_players": 0.5573770491803278,
    "List_of_Melbourne_Victory_FC_players": 0.5396825396825397,
    "Brisbane_Roar_FC_records_and_statistics": 0.06493506493506493,
    "Sydney_FC_in_international_competition": 0.05,
    "Sydney_FC_league_record_by_opponent": 0.05,
    "2005\u201306_Sydney_FC_season": 0.046511627906976744,
    "Wellington_Phoenix_records_and_statistics": 0.04285714285714286,
    "Melbourne_Heart_FC_records_and_statistics": 0.04054054054054054,
    "Melbourne_Victory_records_and_statistics": 0.039473684210526314,
    "2007\u201308_Sydney_FC_season": 0.03614457831325301,
    "2006\u201307_Queensland_Roar_season": 0.03592814371257485,
    "The_Big_Blue_(A-League)": 0.03571428571428571,
    "2008\u201309_Sydney_FC_season": 0.03225806451612903,
    "2012\u201313_Perth_Glory_season": 0.03225806451612903,
    "List_of_Western_Sydney_Wanderers_FC_players": 0.03225806451612903,
    "2012\u201313_Sydney_FC_season": 0.031914893617021274,
    "2011\u201312_Perth_Glory_season": 0.031578947368421054,
    "2011\u201312_Sydney_FC_season": 0.03125,
    "2006\u201307_New_Zealand_Knights_season": 0.03125,
    "2009\u201310_Perth_Glory_season": 0.030927835051546393,
    "2009\u201310_Sydney_FC_season": 0.030612244897959183,
    "2012\u201313_Brisbane_Roar_season": 0.030612244897959183,
    "2011\u201312_Brisbane_Roar_season": 0.03,
    "2009\u201310_Brisbane_Roar_season": 0.029411764705882353,
    "2005\u201306_New_Zealand_Knights_season": 0.029411764705882353,
    "2010\u201311_Perth_Glory_season": 0.028846153846153848,
    "2010\u201311_Sydney_FC_season": 0.02857142857142857,
    "2010\u201311_Brisbane_Roar_season": 0.027522935779816515,
    "2013\u201314_Perth_Glory_season": 0.02608695652173913,
    "2006\u201307_Central_Coast_Mariners'_season": 0.02564102564102564,
    "2013\u201314_Brisbane_Roar_season": 0.025,
    "The_F3_Derby": 0.024844720496894408,
    "2006\u201307_Newcastle_Jets_season": 0.024844720496894408,
    "Melbourne_Derby_(A-League)": 0.023809523809523808,
    "2006_A-League_Pre-Season_Challenge_Cup": 0.020833333333333332,
    "Wellington_Phoenix_results_by_opposition": 0.02040816326530612,
    "2005\u201306_A-League": 0.017543859649122806,
    "List_of_A-League_stadiums": 0.017142857142857144,
    "List_of_association_football_stadiums_in_Australia": 0.016666666666666666,
    "PFA_Footballer_of_the_Year_Awards": 0.016666666666666666,
    "A-League_all-time_records": 0.015151515151515152,
    "List_of_A-League_players": 0.015151515151515152,
    "2005_A-League_Pre-Season_Challenge_Cup": 0.014084507042253521,
    "Wellington_Phoenix_FC": 0.013888888888888888,
    "2012_Blues_season": 0.013513513513513514,
    "2013_Blues_season": 0.013513513513513514,
    "Perth_Glory_FC": 0.013262599469496022,
    "Northern_Fury_FC": 0.012618296529968454,
    "2008\u201309_A-League": 0.012605042016806723,
    "2007\u201308_Wellington_Phoenix_season": 0.0125,
    "Gold_Coast_United_FC": 0.0125,
    "2007\u201308_Newcastle_Jets_season": 0.012345679012345678,
    "Australian_National_Track_Championships": 0.012195121951219513,
    "Australian_National_Criterium_Championships": 0.012195121951219513,
    "Australian_Sidecar_Speedway_Championship": 0.012195121951219513,
    "Gordon_Hunter_Memorial_Trophy": 0.012195121951219513,
    "2005\u201306_Melbourne_Victory_season": 0.011904761904761904,
    "2007\u201308_Melbourne_Victory_season": 0.011627906976744186,
    "2005\u201306_Newcastle_Jets_season": 0.011363636363636364,
    "List_of_soccer_clubs_in_Australia": 0.011363636363636364,
    "2009\u201310_North_Queensland_Fury_season": 0.011363636363636364,
    "2012\u201313_A-League_National_Youth_League": 0.011235955056179775,
    "2008\u201309_Wellington_Phoenix_season": 0.011111111111111112,
    "2011\u201312_A-League_National_Youth_League": 0.011111111111111112,
    "2012\u201313_Central_Coast_Mariners_season": 0.011111111111111112,
    "2008\u201309_Newcastle_Jets_season": 0.01098901098901099,
    "A-League_transfers_for_2012\u201313_season": 0.01098901098901099,
    "2012\u201313_Wellington_Phoenix_season": 0.01098901098901099,
    "Australian_clubs_in_the_AFC_Champions_League": 0.01090909090909091,
    "2011\u201312_Central_Coast_Mariners_season": 0.010869565217391304,
    "2012\u201313_Newcastle_Jets_season": 0.010869565217391304,
    "Central_Coast_Mariners_FC_W-League_players": 0.010810810810810811,
    "FFSA_State_League": 0.010810810810810811,
    "FFSA_Super_League": 0.010810810810810811,
    "A-League_transfers_for_2011\u201312_season": 0.010752688172043012,
    "2011\u201312_Wellington_Phoenix_season": 0.010752688172043012,
    "National_Premier_Leagues": 0.010752688172043012,
    "2009\u201310_Central_Coast_Mariners_FC_season": 0.010638297872340425,
    "A-League_transfers_for_2009\u201310_season": 0.010526315789473684,
    "2009\u201310_Wellington_Phoenix_season": 0.010526315789473684,
    "2010\u201311_North_Queensland_Fury_FC_season": 0.010526315789473684,
    "2009\u201310_Newcastle_Jets_season": 0.010416666666666666,
    "2013\u201314_A-League_National_Youth_League": 0.010416666666666666,
    "2012\u201313_Melbourne_Victory_season": 0.010309278350515464,
    "A-League": 0.010101010101010102,
    "2011\u201312_Melbourne_Victory_season": 0.010101010101010102,
    "2011\u201312_Melbourne_Victory_W-League_season": 0.010101010101010102,
    "Southern_Premier_League_(Tasmania)": 0.010101010101010102
}