{
    "List_of_Indonesia_Super_League_hat-tricks": 1.0,
    "1994\u201395_Liga_Indonesia_Premier_Division": 0.9181818181818182,
    "1995\u201396_Liga_Indonesia_Premier_Division": 0.9181818181818182,
    "1997\u201398_Liga_Indonesia_Premier_Division": 0.9181818181818182,
    "1999\u20132000_Liga_Indonesia_Premier_Division": 0.9181818181818182,
    "2001_Liga_Indonesia_Premier_Division": 0.9181818181818182,
    "2002_Liga_Indonesia_Premier_Division": 0.9181818181818182,
    "2003_Liga_Indonesia_Premier_Division": 0.9181818181818182,
    "2004_Liga_Indonesia_Premier_Division": 0.9181818181818182,
    "2013_Liga_Indonesia_Premier_Division_(LI)": 0.9181818181818182,
    "Liga_Indonesia_First_Division": 0.7801418439716312,
    "Indonesian_Premier_League": 0.6432748538011696,
    "2008\u201309_Liga_Indonesia_Premier_Division": 0.543010752688172,
    "2009\u201310_Liga_Indonesia_Premier_Division": 0.520618556701031,
    "2010\u201311_Liga_Indonesia_Premier_Division": 0.49029126213592233,
    "Indonesia_Super_League": 0.4700854700854701,
    "2011\u201312_Indonesian_Premier_Division": 0.4675925925925926,
    "2011\u201312_Liga_Indonesia_Premier_Division_(LI)": 0.45495495495495497,
    "2005_Liga_Indonesia_Premier_Division": 0.40239043824701193,
    "2006_Liga_Indonesia_Premier_Division": 0.39920948616600793,
    "2013_Indonesian_Premier_League": 0.2885714285714286,
    "2009\u201310_Indonesia_Super_League": 0.28133704735376047,
    "2013_Indonesia_Super_League": 0.271505376344086,
    "2014_Indonesia_Super_League": 0.2596401028277635,
    "2010\u201311_Indonesia_Super_League": 0.23271889400921658,
    "2011\u201312_Indonesian_Premier_League": 0.19765166340508805,
    "2011\u201312_Indonesia_Super_League": 0.19385796545105566,
    "Liga_Indonesia_Premier_Division": 0.1471698113207547,
    "Indonesian_Premier_Division": 0.1471698113207547,
    "2010_Liga_Indonesia_Premier_Division_Final": 0.12365591397849462,
    "2009_Liga_Indonesia_Premier_Division_Final": 0.12365591397849462,
    "2008_Liga_Indonesia_Premier_Division_Final": 0.12365591397849462,
    "2011_Liga_Indonesia_Premier_Division_Final": 0.12365591397849462,
    "2012_Liga_Indonesia_Premier_Division_Final": 0.10810810810810811,
    "Indonesian_clubs_in_Asian_football": 0.09929078014184398,
    "2007\u201308_Liga_Indonesia_Premier_Division": 0.08727272727272728,
    "2011_Indonesian_Futsal_League": 0.08588957055214724,
    "Sriwijaya_F.C.": 0.06859205776173286,
    "List_of_football_clubs_in_Indonesia": 0.05982905982905983,
    "Liga_Primer_Indonesia": 0.0521978021978022,
    "Keith_Gumbs": 0.041176470588235294,
    "2010\u201311_Persela_Lamongan_season": 0.038461538461538464,
    "2010\u201311_Persipura_Jayapura_season": 0.038461538461538464,
    "2010\u201311_Persija_Jakarta_season": 0.033112582781456956,
    "2010\u201311_Persiraja_Banda_Aceh_season": 0.032520325203252036,
    "Persipura_Jayapura": 0.029585798816568046,
    "Indonesia_national_football_team": 0.029535864978902954,
    "Arema_Cronous": 0.026748971193415638,
    "2011\u201312_Persiraja_Banda_Aceh_season": 0.026143790849673203,
    "2014_Persib_Bandung_season": 0.018691588785046728
}