{
    "List_of_senators_in_the_39th_Parliament_of_Canada": 1.0,
    "List_of_senators_in_the_40th_Parliament_of_Canada": 1.0,
    "List_of_senators_in_the_41st_Parliament_of_Canada": 1.0,
    "List_of_senators_in_the_38th_Parliament_of_Canada": 1.0,
    "List_of_senators_in_the_37th_Parliament_of_Canada": 1.0,
    "List_of_senators_in_the_36th_Parliament_of_Canada": 1.0,
    "List_of_senators_in_the_35th_Parliament_of_Canada": 1.0,
    "List_of_senators_in_the_34th_Parliament_of_Canada": 1.0,
    "List_of_senators_in_the_33rd_Parliament_of_Canada": 1.0,
    "List_of_senators_in_the_32nd_Parliament_of_Canada": 1.0,
    "List_of_senators_in_the_31st_Parliament_of_Canada": 1.0,
    "List_of_senators_in_the_30th_Parliament_of_Canada": 1.0,
    "List_of_senators_in_the_29th_Parliament_of_Canada": 1.0,
    "List_of_senators_in_the_28th_Parliament_of_Canada": 1.0,
    "List_of_senators_in_the_1st_Parliament_of_Canada": 1.0,
    "List_of_current_Canadian_senators": 0.7121212121212122,
    "11th_Canadian_Parliament": 0.7121212121212122,
    "List_of_House_members_of_the_39th_Parliament_of_Canada": 0.4845360824742268,
    "2nd_Canadian_Parliament": 0.4845360824742268,
    "3rd_Canadian_Parliament": 0.4845360824742268,
    "List_of_House_members_of_the_40th_Parliament_of_Canada": 0.4845360824742268,
    "7th_Canadian_Parliament": 0.4845360824742268,
    "List_of_House_members_of_the_41st_Parliament_of_Canada": 0.4845360824742268,
    "4th_Canadian_Parliament": 0.4845360824742268,
    "5th_Canadian_Parliament": 0.4845360824742268,
    "6th_Canadian_Parliament": 0.4845360824742268,
    "8th_Canadian_Parliament": 0.4845360824742268,
    "9th_Canadian_Parliament": 0.4845360824742268,
    "10th_Canadian_Parliament": 0.4845360824742268,
    "12th_Canadian_Parliament": 0.4845360824742268,
    "13th_Canadian_Parliament": 0.4845360824742268,
    "14th_Canadian_Parliament": 0.4845360824742268,
    "15th_Canadian_Parliament": 0.4845360824742268,
    "16th_Canadian_Parliament": 0.4845360824742268,
    "17th_Canadian_Parliament": 0.4845360824742268,
    "18th_Canadian_Parliament": 0.4845360824742268,
    "19th_Canadian_Parliament": 0.4845360824742268,
    "20th_Canadian_Parliament": 0.4845360824742268,
    "21st_Canadian_Parliament": 0.4845360824742268,
    "27th_Canadian_Parliament": 0.4845360824742268,
    "22nd_Canadian_Parliament": 0.4845360824742268,
    "23rd_Canadian_Parliament": 0.4845360824742268,
    "24th_Canadian_Parliament": 0.4845360824742268,
    "25th_Canadian_Parliament": 0.4845360824742268,
    "26th_Canadian_Parliament": 0.4845360824742268,
    "List_of_House_members_of_the_37th_Parliament_of_Canada": 0.4845360824742268,
    "1st_Canadian_Parliament": 0.4845360824742268,
    "30th_Canadian_Parliament": 0.4413145539906103,
    "List_of_Ontario_senators": 0.4393939393939394,
    "List_of_Alberta_senators": 0.4393939393939394,
    "List_of_British_Columbia_senators": 0.4393939393939394,
    "List_of_Quebec_senators": 0.4393939393939394,
    "List_of_Saskatchewan_senators": 0.4393939393939394,
    "List_of_Newfoundland_and_Labrador_senators": 0.4393939393939394,
    "List_of_Manitoba_senators": 0.4393939393939394,
    "List_of_Prince_Edward_Island_senators": 0.4393939393939394,
    "List_of_New_Brunswick_senators": 0.4393939393939394,
    "List_of_Nova_Scotia_senators": 0.4393939393939394,
    "List_of_Members_of_the_Canadian_Senate_(A)": 0.43609022556390975,
    "List_of_Members_of_the_Canadian_Senate_(B)": 0.43609022556390975,
    "List_of_Members_of_the_Canadian_Senate_(C)": 0.43609022556390975,
    "List_of_Members_of_the_Canadian_Senate_(D)": 0.43609022556390975,
    "List_of_Members_of_the_Canadian_Senate_(E)": 0.43609022556390975,
    "List_of_Members_of_the_Canadian_Senate_(F)": 0.43609022556390975,
    "List_of_Members_of_the_Canadian_Senate_(G)": 0.43609022556390975,
    "List_of_Members_of_the_Canadian_Senate_(H)": 0.43609022556390975,
    "List_of_Members_of_the_Canadian_Senate_(J)": 0.43609022556390975,
    "List_of_Members_of_the_Canadian_Senate_(K)": 0.43609022556390975,
    "List_of_Members_of_the_Canadian_Senate_(L)": 0.43609022556390975,
    "List_of_Members_of_the_Canadian_Senate_(M)": 0.43609022556390975,
    "List_of_Members_of_the_Canadian_Senate_(N)": 0.43609022556390975,
    "List_of_Members_of_the_Canadian_Senate_(P)": 0.43609022556390975,
    "List_of_Members_of_the_Canadian_Senate_(R)": 0.43609022556390975,
    "List_of_Members_of_the_Canadian_Senate_(S)": 0.43609022556390975,
    "List_of_Members_of_the_Canadian_Senate_(T)": 0.43609022556390975,
    "List_of_Members_of_the_Canadian_Senate_(W)": 0.43609022556390975,
    "32nd_Canadian_Parliament": 0.3983050847457627,
    "34th_Canadian_Parliament": 0.3560606060606061,
    "35th_Canadian_Parliament": 0.35074626865671643,
    "List_of_female_viceroys_in_Canada": 0.1357142857142857,
    "Women_in_the_39th_Canadian_Parliament": 0.1357142857142857,
    "Women_in_Canadian_provincial_and_territorial_legislatures": 0.1357142857142857,
    "List_of_female_first_ministers_in_Canada": 0.11377245508982035,
    "Senate_of_Canada": 0.11047619047619048,
    "New_Democratic_Party_Shadow_Cabinet_of_the_40th_Parliament_of_Canada": 0.03424657534246575,
    "Bloc_Qu\u00e9b\u00e9cois_Shadow_Cabinet_of_the_39th_Parliament_of_Canada": 0.03424657534246575,
    "House_of_Commons_of_Canada": 0.019569471624266144,
    "Jack_Layton": 0.012285012285012284,
    "Christian_Heritage_Party_of_Canada_candidates,_2008_Canadian_federal_election": 0.011494252873563218,
    "Results_of_the_Canadian_federal_election,_2008": 0.011494252873563218,
    "Endorsements_in_the_Canadian_federal_election,_2006": 0.011299435028248588,
    "Opinion_polling_in_the_Canadian_federal_election,_2011": 0.011235955056179775,
    "Opinion_polling_in_the_Canadian_federal_election,_2006": 0.0111731843575419,
    "Bloc_Qu\u00e9b\u00e9cois_candidates,_2008_Canadian_federal_election": 0.01015228426395939,
    "Conservative_Party_of_Canada_candidates,_2011_Canadian_federal_election": 0.01015228426395939
}