{
    "Tour_of_the_Universe_(tour)": 1.0,
    "Touring_the_Angel": 1.0,
    "The_Delta_Machine_Tour": 1.0,
    "Depeche_Mode_videography": 0.9925373134328358,
    "List_of_awards_and_nominations_received_by_Depeche_Mode": 0.9925373134328358,
    "Depeche_Mode_discography": 0.9925373134328358,
    "Exciter_(album)": 0.9851851851851852,
    "Songs_of_Faith_and_Devotion": 0.9851851851851852,
    "Sounds_of_the_Universe": 0.9851851851851852,
    "Playing_the_Angel": 0.9851851851851852,
    "Violator_(album)": 0.9851851851851852,
    "Precious_(Depeche_Mode_song)": 0.9851851851851852,
    "Some_Great_Reward_Tour": 0.9851851851851852,
    "Construction_Time_Again_Tour": 0.9851851851851852,
    "Broken_Frame_Tour": 0.9851851851851852,
    "Master_and_Servant": 0.9851851851851852,
    "Strangelove_(song)": 0.9851851851851852,
    "Remixes_2:_81\u201311": 0.9851851851851852,
    "It's_No_Good": 0.9851851851851852,
    "Dream_On_(Depeche_Mode_song)": 0.9851851851851852,
    "Freelove": 0.9851851851851852,
    "Heaven_(Depeche_Mode_song)": 0.9851851851851852,
    "Delta_Machine": 0.9851851851851852,
    "Wrong_(Depeche_Mode_song)": 0.9779411764705882,
    "Everything_Counts": 0.9779411764705882,
    "Barrel_of_a_Gun_(Depeche_Mode_song)": 0.9779411764705882,
    "Only_When_I_Lose_Myself": 0.9779411764705882,
    "I_Feel_Loved": 0.9779411764705882,
    "Martyr_(song)": 0.9779411764705882,
    "I_Feel_You": 0.6820512820512821,
    "People_Are_People": 0.6717171717171717,
    "List_of_Depeche_Mode_tours": 0.5175097276264592,
    "See_You_Tour": 0.5175097276264592,
    "Enjoy_the_Silence": 0.4360655737704918,
    "Personal_Jesus": 0.4169278996865204,
    "Anton_Corbijn": 0.033112582781456956,
    "Don't_Go_(Yazoo_song)": 0.03289473684210526,
    "Pretty_Hate_Machine_Tour_Series": 0.020338983050847456,
    "Live:_With_Teeth_Tour": 0.020338983050847456,
    "Candy_Carol_Tour": 0.012658227848101266,
    "Book_of_Love_discography": 0.012658227848101266,
    "All_Fired_Up!_Live": 0.011111111111111112,
    "Tinie_Tempah": 0.010238907849829351
}