{
    "1987_West_Coast_Eagles_season": 1.0,
    "1988_West_Coast_Eagles_season": 1.0,
    "List_of_West_Coast_Eagles_records": 1.0,
    "1989_West_Coast_Eagles_season": 1.0,
    "List_of_West_Coast_Eagles_players": 0.7191011235955056,
    "2011_West_Coast_Eagles_season": 0.6597938144329897,
    "2010_West_Coast_Eagles_season": 0.6530612244897959,
    "List_of_West_Coast_Eagles_leading_goalkickers": 0.6464646464646465,
    "West_Coast_Eagles_Club_Champion_Award": 0.5039370078740157,
    "2006_AFL_Grand_Final": 0.1272365805168986,
    "West_Coast_Eagles": 0.10792580101180438,
    "East_Perth_Football_Club": 0.04854368932038835,
    "List_of_West_Australian_Football_League_premiers": 0.04854368932038835,
    "WAFL_Grand_Final": 0.04854368932038835,
    "East_Fremantle_Football_Club": 0.043859649122807015,
    "Peel_Thunder_Football_Club": 0.043859649122807015,
    "South_West_Football_League": 0.04132231404958678,
    "List_of_Fremantle_Football_Club_players": 0.03731343283582089,
    "Doig_Medal": 0.036585365853658534,
    "Subiaco_Football_Club": 0.03597122302158273,
    "Simpson_Medal": 0.034013605442176874,
    "2013_Fremantle_Football_Club_season": 0.033112582781456956,
    "List_of_Australian_Football_League_grounds": 0.029411764705882353,
    "Sandover_Medal": 0.025510204081632654,
    "Australian_Football_League_reserves_affiliations": 0.022271714922048998,
    "Traeger_Park": 0.020366598778004074,
    "List_of_Australian_Football_League_coaches": 0.0200445434298441,
    "AFLPA_Awards": 0.01839080459770115,
    "Coleman_Medal": 0.01839080459770115,
    "2004_AFL_season": 0.018223234624145785,
    "Norm_Smith_Medal": 0.018223234624145785,
    "2014_AFL_season": 0.018018018018018018,
    "2013_AFL_season": 0.017977528089887642,
    "West_Australian_Football_League": 0.017699115044247787,
    "2007_AFL_Goal_of_the_Year": 0.017660044150110375,
    "Goal_of_the_Year_(AFL)": 0.017660044150110375,
    "Leigh_Matthews_Trophy": 0.017130620985010708,
    "Lou_Richards_Medal": 0.017094017094017096,
    "Geoff_Christian_Medal": 0.017094017094017096,
    "2003_AFL_season": 0.0170316301703163,
    "2002_AFL_season": 0.0170316301703163,
    "2001_AFL_season": 0.0170316301703163,
    "List_of_Australian_Football_League_players_with_200_games_for_one_club": 0.0170316301703163,
    "List_of_Australian_Football_League_wooden_spoons": 0.0170316301703163,
    "2008_AFL_season": 0.0170316301703163,
    "2009_AFL_season": 0.0170316301703163,
    "2005_AFL_season": 0.0170316301703163,
    "List_of_Australian_Football_League_minor_premiers": 0.0170316301703163,
    "2000_AFL_season": 0.0170316301703163,
    "2010_AFL_season": 0.0170316301703163,
    "2011_AFL_season": 0.0170316301703163,
    "1999_AFL_season": 0.0170316301703163,
    "2012_AFL_season": 0.0170316301703163,
    "2006_AFL_season": 0.0170316301703163,
    "1998_AFL_season": 0.0170316301703163,
    "1997_AFL_season": 0.0170316301703163,
    "2007_AFL_season": 0.0170316301703163,
    "List_of_Australian_Football_League_premiers": 0.0170316301703163,
    "Blue_Ribbon_Cup": 0.016826923076923076,
    "Fremantle_Football_Club": 0.01675041876046901,
    "Mark_of_the_Year": 0.016632016632016633,
    "Cazaly's_Stadium": 0.01646090534979424,
    "List_of_cricket_grounds_in_Australia": 0.01639344262295082,
    "AFL_Rising_Star": 0.016227180527383367,
    "List_of_Australian_Football_League_all-time_leading_goalkickers": 0.016166281755196306,
    "AFL_Grand_Final": 0.015250544662309368,
    "2002_AFL_Grand_Final": 0.014519056261343012,
    "Australian_Football_League": 0.014311270125223614,
    "Herald_Sun_Player_of_the_Year": 0.014084507042253521,
    "2009_AFL_Grand_Final": 0.013986013986013986,
    "AFL_records": 0.013888888888888888,
    "1990_AFL_Grand_Final": 0.013592233009708738,
    "2006_AFL_Rising_Star": 0.013513513513513514,
    "2011_AFL_Rising_Star": 0.013422818791946308,
    "List_of_Brownlow_Medal_winners": 0.013008130081300813,
    "Australian_Football_Media_Association_Player_of_the_Year": 0.012987012987012988,
    "International_Rules_Series": 0.012939001848428836,
    "Geelong_Football_Club": 0.0128,
    "QClash": 0.012797074954296161,
    "Carrara_Stadium": 0.012674271229404309,
    "Chris_Judd": 0.012618296529968454,
    "Queen's_Birthday_clash": 0.012589928057553957,
    "E._J._Whitten_Medal": 0.012345679012345678,
    "Anzac_Day_clash": 0.012302284710017574,
    "Melbourne_Football_Club": 0.01225114854517611,
    "Gold_Coast_Football_Club": 0.012213740458015267,
    "Best_and_Fairest": 0.012048192771084338,
    "North_Melbourne_Football_Club": 0.01199400299850075,
    "Richmond_Football_Club": 0.011904761904761904,
    "Western_Bulldogs": 0.011851851851851851,
    "1984_VFL_Grand_Final": 0.011647254575707155,
    "List_of_Australian_intercolonial_cricket_matches": 0.011560693641618497,
    "Carlton_Football_Club": 0.011560693641618497,
    "Essendon_Football_Club": 0.011475409836065573,
    "Essendon_VFL_Football_Club": 0.011475409836065573,
    "Malcolm_Blight_Medal": 0.011299435028248588,
    "List_of_Fitzroy_Football_Club_players": 0.011235955056179775,
    "Western_Australian_Grade_Cricket": 0.0111731843575419,
    "Brisbane_Lions": 0.011065006915629323,
    "List_of_Australia_Test_wicket-keepers": 0.010869565217391304,
    "2006_Brownlow_Medal": 0.010416666666666666,
    "Interstate_matches_in_Australian_rules_football": 0.01016260162601626,
    "Hawthorn_Football_Club": 0.010130246020260492,
    "List_of_A-League_stadiums": 0.010050251256281407,
    "Victorian_Premier_Cricket": 0.010050251256281407
}