{
    "Australia_at_the_1976_Summer_Paralympics": 1.0,
    "Lawn_bowls_at_the_1976_Summer_Paralympics": 0.03076923076923077,
    "Athletics_at_the_1976_Summer_Paralympics": 0.02666666666666667,
    "Table_tennis_at_the_1976_Summer_Paralympics": 0.02666666666666667,
    "Swimming_at_the_1976_Summer_Paralympics": 0.02631578947368421,
    "Archery_at_the_1976_Summer_Paralympics": 0.02531645569620253,
    "2007_Steelback_Grand_Prix": 0.024390243902439025,
    "2005_Molson_Indy_Toronto": 0.024390243902439025,
    "2004_Molson_Indy_Toronto": 0.024390243902439025,
    "2003_Molson_Indy_Toronto": 0.024390243902439025,
    "2009_Honda_Indy_Toronto": 0.024390243902439025,
    "2002_Molson_Indy_Toronto": 0.024390243902439025,
    "1999_Molson_Indy_Toronto": 0.024390243902439025,
    "2010_Honda_Indy_Toronto": 0.024390243902439025,
    "1998_Molson_Indy_Toronto": 0.024390243902439025,
    "1996_Molson_Indy_Toronto": 0.024390243902439025,
    "2011_Honda_Indy_Toronto": 0.024390243902439025,
    "2012_Honda_Indy_Toronto": 0.024390243902439025,
    "2006_Molson_Grand_Prix_of_Toronto": 0.024390243902439025,
    "List_of_Paralympic_Games_host_cities": 0.02142857142857143,
    "Sarah_Kaufman_(fighter)": 0.0196078431372549,
    "Brandon_Vera": 0.0196078431372549,
    "U.S._Synchronized_Skating_Championships": 0.019230769230769232,
    "Canadian_Synchronized_Skating_Championships": 0.019230769230769232,
    "Marloes_Coenen": 0.018867924528301886,
    "Peter_Polansky": 0.018518518518518517,
    "Steven_Diez": 0.018518518518518517,
    "Iditarod_Trail_Sled_Dog_Race": 0.01818181818181818,
    "Lyman_Good": 0.01818181818181818,
    "Rory_MacDonald_(fighter)": 0.01818181818181818,
    "Douglas_Lima": 0.01818181818181818,
    "Andrey_Koreshkov": 0.01818181818181818,
    "Department_of_Transportation_and_Infrastructure_(New_Brunswick)": 0.017241379310344827,
    "Department_of_Transportation_(New_Brunswick)": 0.017241379310344827,
    "Ben_Askren": 0.017241379310344827,
    "List_of_Ontario_Legislative_Assemblies": 0.017241379310344827,
    "List_of_Northwest_Territories_highways": 0.01694915254237288,
    "List_of_Yukon_territorial_highways": 0.01694915254237288,
    "Johny_Hendricks": 0.01694915254237288,
    "Tyron_Woodley": 0.01694915254237288,
    "Rebecca_Marino": 0.01694915254237288,
    "Carlos_Newton": 0.01694915254237288,
    "Robbie_Lawler": 0.01694915254237288,
    "List_of_ice_hockey_teams_in_Alberta": 0.01694915254237288,
    "List_of_ice_hockey_teams_in_British_Columbia": 0.01694915254237288,
    "List_of_ice_hockey_teams_in_Manitoba": 0.01694915254237288,
    "List_of_ice_hockey_teams_in_New_Brunswick": 0.01694915254237288,
    "List_of_ice_hockey_teams_in_Quebec": 0.01694915254237288,
    "List_of_baseball_teams_in_Canada": 0.01694915254237288,
    "List_of_lacrosse_teams_in_Canada": 0.01694915254237288,
    "List_of_Gridiron_football_teams_in_Canada": 0.01694915254237288,
    "List_of_basketball_teams_in_Canada": 0.01694915254237288,
    "1968_Summer_Paralympics": 0.01652892561983471,
    "Evan_Tanner": 0.01639344262295082,
    "Dave_Menne": 0.01639344262295082,
    "Ding_Junhui": 0.016129032258064516,
    "Anderson_Silva": 0.015873015873015872,
    "Carlos_Condit": 0.015625,
    "Yellowknife": 0.014925373134328358,
    "Geography_of_Yukon": 0.014705882352941176,
    "List_of_governments_in_Canada_by_annual_expenditures": 0.014705882352941176,
    "List_of_Canadian_provinces_by_unemployment_rate": 0.014705882352941176,
    "List_of_proposed_provinces_and_territories_of_Canada": 0.014705882352941176,
    "Steve_Omischl": 0.014492753623188406,
    "FIS_Freestyle_World_Ski_Championships_2011_\u2013_Men's_aerials": 0.014492753623188406,
    "FIS_Freestyle_World_Ski_Championships_2013_\u2013_Men's_aerials": 0.014492753623188406,
    "2010_Winter_Paralympics": 0.014184397163120567,
    "List_of_Prime_Ministers_of_Canada_by_date_of_birth": 0.014084507042253521,
    "List_of_Prime_Ministers_of_Canada_by_military_service": 0.014084507042253521,
    "Historical_rankings_of_Canadian_prime_ministers": 0.014084507042253521,
    "List_of_Prime_Ministers_of_Canada_by_academic_degrees": 0.014084507042253521,
    "List_of_Prime_Ministers_of_Canada_by_date_of_death": 0.014084507042253521,
    "FIS_Nordic_World_Ski_Championships_2011_\u2013_Men's_team_sprint": 0.013888888888888888,
    "FIS_Nordic_World_Ski_Championships_2013_\u2013_Men's_team_sprint": 0.013888888888888888,
    "Ontario_Scotties_Tournament_of_Hearts": 0.0136986301369863,
    "Manitoba_Scotties_Tournament_of_Hearts": 0.0136986301369863,
    "British_Columbia_Scotties_Tournament_of_Hearts": 0.0136986301369863,
    "Nova_Scotia_Scotties_Tournament_of_Hearts": 0.0136986301369863,
    "Saskatchewan_Scotties_Tournament_of_Hearts": 0.0136986301369863,
    "Alberta_Scotties_Tournament_of_Hearts": 0.0136986301369863,
    "Prince_Edward_Island_Scotties_Tournament_of_Hearts": 0.0136986301369863,
    "5th_Summit_of_the_Americas": 0.0136986301369863,
    "Miesha_Tate": 0.0136986301369863,
    "6th_Summit_of_the_Americas": 0.0136986301369863,
    "FIS_Freestyle_World_Ski_Championships_2011_\u2013_Women's_aerials": 0.0136986301369863,
    "FIS_Freestyle_World_Ski_Championships_2013_\u2013_Women's_aerials": 0.0136986301369863,
    "FIS_Alpine_World_Ski_Championships_2009_\u2013_Men's_Super-G": 0.013513513513513514,
    "FIS_Alpine_World_Ski_Championships_2011_\u2013_Men's_Super-G": 0.013513513513513514,
    "FIS_Alpine_World_Ski_Championships_2013_\u2013_Men's_Super-G": 0.013513513513513514,
    "FIS_Alpine_World_Ski_Championships_2007_\u2013_Men's_Super_G": 0.013513513513513514,
    "The_Dominion_Tankard": 0.013333333333333334,
    "Boston_Pizza_Cup": 0.013333333333333334,
    "SaskTel_Tankard": 0.013333333333333334,
    "Canadian_Direct_Insurance_BC_Men's_Curling_Championship": 0.013333333333333334,
    "Molson_Coors_Tankard": 0.013333333333333334,
    "Murilo_Bustamante": 0.013333333333333334,
    "Kep_Enderby": 0.013333333333333334,
    "Georges_St-Pierre": 0.013157894736842105,
    "Daron_Rahlves": 0.013157894736842105,
    "Igor_Vrablic": 0.01282051282051282,
    "List_of_Canadian_ambassadors_to_Japan": 0.012658227848101266,
    "Rocky_Mountain_Lacrosse_League": 0.012658227848101266,
    "List_of_Prime_Ministers_of_Canada_by_time_in_office": 0.012658227848101266,
    "Klaus_Kr\u00f6ll": 0.012658227848101266,
    "Roland_Collombin": 0.012658227848101266,
    "Chris_Weidman": 0.0125,
    "List_of_Ambassadors_and_High_Commissioners_of_Canada": 0.012345679012345678,
    "Caledon,_Ontario": 0.012195121951219513,
    "Luke_Rockhold": 0.012195121951219513,
    "2009_World_Football_Challenge": 0.012048192771084338,
    "Neil_Robertson_(snooker_player)": 0.012048192771084338,
    "Mark_Selby": 0.012048192771084338,
    "John_Higgins_(snooker_player)": 0.012048192771084338,
    "H\u00e5kan_Loob": 0.011904761904761904,
    "List_of_professional_wrestling_promotions_in_Europe": 0.011904761904761904,
    "Judd_Trump": 0.011904761904761904,
    "Mark_Williams_(snooker_player)": 0.011904761904761904,
    "Stephen_Hendry": 0.011764705882352941,
    "List_of_Canadian_provinces_and_territories_by_area": 0.011627906976744186,
    "Zenyatta": 0.011627906976744186,
    "Blame_(horse)": 0.011627906976744186,
    "List_of_Canadian_provinces_and_territories_by_population_growth_rate": 0.011627906976744186,
    "Asian_Film_Award_for_Best_Newcomer": 0.011627906976744186,
    "Scott_Niedermayer": 0.011627906976744186,
    "Invasor_(horse)": 0.011627906976744186,
    "List_of_current_Canadian_first_ministers": 0.011627906976744186,
    "2002_Toronto_Phantoms_season": 0.011494252873563218,
    "Stephan_Bonnar": 0.011494252873563218,
    "Ronnie_O'Sullivan": 0.011494252873563218,
    "Hannes_Reichelt": 0.011363636363636364,
    "List_of_Canadian_first-class_cricketers": 0.011363636363636364,
    "Cristiane_Justino": 0.011235955056179775,
    "2001_Toronto_Phantoms_season": 0.011235955056179775,