{
    "List_of_Finnish_locomotives": 1.0,
    "Finnish_Railway_Museum": 0.9661016949152542,
    "Bulgarian_State_Railways": 0.0111731843575419
}