{
    "UNLV_Rebels_baseball": 1.0,
    "UNLV_Rebels": 0.39568345323741005,
    "Mike_Batesole": 0.05517241379310345,
    "2009_UNLV_Rebels_football_team": 0.03007518796992481,
    "2008_UNLV_Rebels_football_team": 0.03007518796992481,
    "2007_UNLV_Rebels_football_team": 0.03007518796992481,
    "2010_UNLV_Rebels_football_team": 0.03007518796992481,
    "2011_UNLV_Rebels_football_team": 0.03007518796992481,
    "2012_UNLV_Rebels_football_team": 0.03007518796992481,
    "2006_UNLV_Rebels_football_team": 0.03007518796992481,
    "2005_UNLV_Rebels_football_team": 0.03007518796992481,
    "2004_UNLV_Rebels_football_team": 0.03007518796992481,
    "2003_UNLV_Rebels_football_team": 0.03007518796992481,
    "2002_UNLV_Rebels_football_team": 0.03007518796992481,
    "2001_UNLV_Rebels_football_team": 0.03007518796992481,
    "2000_UNLV_Rebels_football_team": 0.03007518796992481,
    "1999_UNLV_Rebels_football_team": 0.03007518796992481,
    "2013_UNLV_Rebels_football_team": 0.03007518796992481,
    "List_of_engineering_programs_in_the_California_State_University": 0.03,
    "2009\u201310_UNLV_Runnin'_Rebels_basketball_team": 0.028985507246376812,
    "2010\u201311_UNLV_Runnin'_Rebels_basketball_team": 0.028985507246376812,
    "2011\u201312_UNLV_Runnin'_Rebels_basketball_team": 0.028985507246376812,
    "2012\u201313_UNLV_Runnin'_Rebels_basketball_team": 0.028985507246376812,
    "Sports_in_the_Las_Vegas_metropolitan_area": 0.026717557251908396,
    "Mackay_Stadium": 0.02531645569620253,
    "McCarran_International_Airport": 0.02510460251046025,
    "Bulwer-Lytton_Fiction_Contest": 0.02459016393442623,
    "List_of_Mountain_West_Conference_champions": 0.024096385542168676,
    "Western_Athletic_Conference": 0.0234375,
    "Fresno_State_Bulldogs": 0.02181818181818182,
    "2010\u201313_Mountain_West_Conference_realignment": 0.020618556701030927,
    "Nevada_Wolf_Pack_football": 0.020161290322580645,
    "Sonoma_State_University": 0.0189873417721519,
    "Nevada_Wolf_Pack": 0.018315018315018316,
    "Las_Vegas_Bowl": 0.017543859649122806,
    "Mountain_West_Conference": 0.017094017094017096,
    "2009_Mountain_West_Conference_football_season": 0.01694915254237288,
    "2010_Mountain_West_Conference_football_season": 0.01694915254237288,
    "2011_Mountain_West_Conference_football_season": 0.01694915254237288,
    "History_of_Air_Force_Falcons_football": 0.01639344262295082,
    "Air_Force_Falcons_football": 0.01639344262295082,
    "List_of_University_of_New_Mexico_buildings": 0.016,
    "List_of_University_of_New_Mexico_alumni": 0.016,
    "Clark_County,_Nevada": 0.015957446808510637,
    "List_of_Commandants_of_the_United_States_Air_Force_Academy": 0.015384615384615385,
    "Mountain_West_Conference_Football_Championship_Game": 0.015384615384615385,
    "San_Diego_State_Aztecs_football": 0.014545454545454545,
    "2008_Fresno_State_Bulldogs_baseball_team": 0.014534883720930232,
    "New_Mexico_Lobos_men's_basketball": 0.014285714285714285,
    "California_State_University": 0.013850415512465374,
    "New_Mexico_Lobos_football": 0.013745704467353952,
    "California_State_University,_Chico": 0.013513513513513514,
    "List_of_Superintendents_of_the_United_States_Air_Force_Academy": 0.013333333333333334,
    "List_of_colleges_and_universities_in_Nevada": 0.011363636363636364,
    "NCAA_Division_I_FBS_independent_schools": 0.011235955056179775,
    "List_of_Boise_State_University_people": 0.010869565217391304,
    "Jim_Schlossnagle": 0.010416666666666666
}