{
    "Arrondissement_of_Clermont": 1.0,
    "Arrondissement_of_Beauvais": 0.8571428571428571,
    "Arrondissement_of_Compi\u00e8gne": 0.8571428571428571,
    "Arrondissement_of_Senlis": 0.8571428571428571
}