{
    "Arrondissement_of_Bar-le-Duc": 1.0,
    "Arrondissement_of_Commercy": 1.0,
    "Arrondissement_of_Verdun": 1.0,
    "Lorraine_Open": 0.05405405405405406,
    "Rallye_Alsace-Vosges": 0.029411764705882353,
    "AS_Nancy": 0.01646090534979424
}