{
    "2011_Presidents_Cup": 1.0,
    "2013_Presidents_Cup": 1.0,
    "List_of_American_Presidents_Cup_golfers": 1.0,
    "List_of_International_Presidents_Cup_golfers": 1.0,
    "2009_Presidents_Cup": 0.13333333333333333,
    "2007_Presidents_Cup": 0.0967741935483871,
    "United_States_Amateur_Championship_(golf)": 0.0763888888888889,
    "United_States_Women's_Amateur_Golf_Championship": 0.07534246575342465,
    "Scott_Hoch": 0.07407407407407407,
    "Presidents_Cup": 0.06818181818181818,
    "PGA_Grand_Slam_of_Golf": 0.06666666666666667,
    "Adam_Scott_(golfer)": 0.04975124378109453,
    "2006_U.S._Open_(golf)": 0.048672566371681415,
    "2001_U.S._Open_(golf)": 0.048672566371681415,
    "2002_U.S._Open_(golf)": 0.048672566371681415,
    "2000_U.S._Open_(golf)": 0.048672566371681415,
    "1995_U.S._Open_(golf)": 0.048672566371681415,
    "1960_U.S._Open_(golf)": 0.048672566371681415,
    "1962_U.S._Open_(golf)": 0.048672566371681415,
    "1961_U.S._Open_(golf)": 0.048672566371681415,
    "1959_U.S._Open_(golf)": 0.048672566371681415,
    "1958_U.S._Open_(golf)": 0.048672566371681415,
    "1957_U.S._Open_(golf)": 0.048672566371681415,
    "1956_U.S._Open_(golf)": 0.048672566371681415,
    "1955_U.S._Open_(golf)": 0.048672566371681415,
    "1954_U.S._Open_(golf)": 0.048672566371681415,
    "1965_U.S._Open_(golf)": 0.048672566371681415,
    "1964_U.S._Open_(golf)": 0.048672566371681415,
    "1963_U.S._Open_(golf)": 0.048672566371681415,
    "2013_U.S._Open_(golf)": 0.048672566371681415,
    "Mark_McNulty": 0.046153846153846156,
    "David_Frost_(golfer)": 0.046153846153846156,
    "Kenny_Perry": 0.0423728813559322,
    "2012_Ryder_Cup": 0.04229607250755287,
    "Davis_Love_III": 0.040229885057471264,
    "2014_U.S._Open_(golf)": 0.03932584269662921,
    "1998_U.S._Open_(golf)": 0.0392156862745098,
    "1996_U.S._Open_(golf)": 0.0392156862745098,
    "Fred_Couples": 0.037209302325581395,
    "Ryo_Ishikawa": 0.03529411764705882,
    "Jay_Haas": 0.034482758620689655,
    "Nick_Price": 0.03435114503816794,
    "Steve_Elkington": 0.03355704697986577,
    "Phil_Mickelson": 0.03333333333333333,
    "Ernie_Els": 0.032467532467532464,
    "Jim_Furyk": 0.03225806451612903,
    "Steve_Stricker": 0.031088082901554404,
    "1998_PGA_Championship": 0.03088803088803089,
    "1991_PGA_Championship": 0.03088803088803089,
    "Retief_Goosen": 0.030837004405286344,
    "Vijay_Singh": 0.029900332225913623,
    "United_States_Senior_Open": 0.02806122448979592,
    "Loren_Roberts": 0.02631578947368421,
    "David_Toms": 0.02564102564102564,
    "Peter_Thomson_(golfer)": 0.024844720496894408,
    "Justin_Leonard": 0.0234375,
    "Zach_Johnson": 0.0228310502283105,
    "Greg_Norman": 0.02247191011235955,
    "Memorial_Tournament": 0.02197802197802198,
    "1961_Masters_Tournament": 0.020833333333333332,
    "1964_Masters_Tournament": 0.020833333333333332,
    "1991_Masters_Tournament": 0.020833333333333332,
    "1997_Masters_Tournament": 0.020833333333333332,
    "2000_Masters_Tournament": 0.020833333333333332,
    "1965_Masters_Tournament": 0.02072538860103627,
    "1966_Masters_Tournament": 0.02072538860103627,
    "1967_Masters_Tournament": 0.02072538860103627,
    "1968_Masters_Tournament": 0.02072538860103627,
    "1969_Masters_Tournament": 0.02072538860103627,
    "1970_Masters_Tournament": 0.02072538860103627,
    "1971_Masters_Tournament": 0.02072538860103627,
    "1973_Masters_Tournament": 0.02072538860103627,
    "1974_Masters_Tournament": 0.02072538860103627,
    "1975_Masters_Tournament": 0.02072538860103627,
    "1978_Masters_Tournament": 0.02072538860103627,
    "1980_Masters_Tournament": 0.02072538860103627,
    "1981_Masters_Tournament": 0.02072538860103627,
    "1983_Masters_Tournament": 0.02072538860103627,
    "1985_Masters_Tournament": 0.02072538860103627,
    "1988_Masters_Tournament": 0.02072538860103627,
    "1989_Masters_Tournament": 0.02072538860103627,
    "David_Duval": 0.019417475728155338,
    "Thongchai_Jaidee": 0.018518518518518517,
    "Corey_Pavin": 0.017341040462427744,
    "2007_PGA_Championship": 0.01694915254237288,
    "2006_PGA_Championship": 0.01694915254237288,
    "2005_PGA_Championship": 0.01694915254237288,
    "2004_PGA_Championship": 0.01694915254237288,
    "2008_PGA_Championship": 0.01694915254237288,
    "2002_PGA_Championship": 0.01694915254237288,
    "2003_PGA_Championship": 0.01694915254237288,
    "2001_PGA_Championship": 0.01694915254237288,
    "2000_PGA_Championship": 0.01694915254237288,
    "1999_PGA_Championship": 0.01694915254237288,
    "1997_PGA_Championship": 0.01694915254237288,
    "1996_PGA_Championship": 0.01694915254237288,
    "1995_PGA_Championship": 0.01694915254237288,
    "1994_PGA_Championship": 0.01694915254237288,
    "1993_PGA_Championship": 0.01694915254237288,
    "1992_PGA_Championship": 0.01694915254237288,
    "2009_PGA_Championship": 0.01694915254237288,
    "1958_PGA_Championship": 0.01694915254237288,
    "1959_PGA_Championship": 0.01694915254237288,
    "1960_PGA_Championship": 0.01694915254237288,
    "1962_PGA_Championship": 0.01694915254237288,
    "1963_PGA_Championship": 0.01694915254237288,
    "1964_PGA_Championship": 0.01694915254237288,
    "2010_PGA_Championship": 0.01694915254237288,
    "2011_PGA_Championship": 0.01694915254237288,
    "2012_PGA_Championship": 0.01694915254237288,
    "2013_PGA_Championship": 0.01694915254237288,
    "2007_Masters_Tournament": 0.01593625498007968,
    "1994_Masters_Tournament": 0.01593625498007968,
    "1998_Masters_Tournament": 0.01593625498007968,
    "1986_Masters_Tournament": 0.015873015873015872,
    "1982_Masters_Tournament": 0.015873015873015872,
    "1987_Masters_Tournament": 0.015873015873015872,
    "1990_Masters_Tournament": 0.015873015873015872,
    "2003_Open_Championship": 0.014925373134328358,
    "Tiger_Woods": 0.014771048744460856,
    "Mark_Calcavecchia": 0.013793103448275862,
    "Tavistock_Cup": 0.01282051282051282,
    "Paul_Azinger": 0.012578616352201259,
    "2010_Masters_Tournament": 0.011627906976744186,
    "2011_Masters_Tournament": 0.011627906976744186,
    "2012_Masters_Tournament": 0.011627906976744186,
    "2013_Masters_Tournament": 0.011627906976744186,
    "2014_Masters_Tournament": 0.011627906976744186,
    "2008_Masters_Tournament": 0.011594202898550725,
    "2009_Masters_Tournament": 0.011594202898550725
}