{
    "List_of_radio_stations_in_Ontario": 1.0,
    "CBLA-FM": 0.1678520625889047,
    "List_of_radio_stations_in_Quebec": 0.10101010101010101,
    "CBQT-FM": 0.09246088193456614,
    "CKWT-FM": 0.09146341463414634,
    "Milton,_Ontario": 0.0907840440165062,
    "Greater_Toronto_Area": 0.08412322274881516,
    "Media_in_Ottawa-Gatineau": 0.08277703604806408,
    "Northern_Ontario": 0.08047493403693931,
    "Kingston,_Ontario": 0.07575757575757576,
    "London,_Ontario": 0.07454739084132056,
    "List_of_township_municipalities_in_Ontario": 0.07348703170028818,
    "List_of_municipalities_in_Ontario": 0.07193229901269393,
    "List_of_cities_in_Ontario": 0.07183098591549296,
    "List_of_towns_in_Ontario": 0.07183098591549296,
    "Essex_County,_Ontario": 0.07095926412614981,
    "Guelph": 0.07087486157253599,
    "Southern_Ontario": 0.07017543859649122,
    "Geography_of_Ontario": 0.06851119894598155,
    "Kawartha_Lakes": 0.06762028608582575,
    "Peterborough,_Ontario": 0.06487695749440715,
    "Canada's_Olympic_Broadcast_Media_Consortium": 0.06060606060606061,
    "Ontario": 0.05993340732519423,
    "CBCS-FM": 0.059743954480796585,
    "CBON-FM": 0.05611510791366906,
    "Toronto": 0.05293691080493111,
    "NRJ_(Canada)": 0.04895104895104895,
    "List_of_assets_owned_by_CTVglobemedia": 0.04895104895104895,
    "List_of_assets_owned_by_Bell_Media": 0.04895104895104895,
    "Bell_Media_Radio": 0.04895104895104895,
    "Oshawa": 0.046798029556650245,
    "Brampton": 0.04637336504161712,
    "Sports_in_Brampton": 0.04637336504161712,
    "Mississauga": 0.04609929078014184,
    "Bob_FM": 0.04501607717041801,
    "CTV_Television_Network": 0.04479166666666667,
    "Richmond_Hill,_Ontario": 0.04363207547169811,
    "Vaughan": 0.04252873563218391,
    "Windsor,_Ontario": 0.03937007874015748,
    "CISN-FM": 0.03841676367869616,
    "City_(TV_network)": 0.035509736540664374,
    "Western_International_Communications": 0.03522012578616352,
    "CBR_(AM)": 0.034606205250596656,
    "Caledon,_Ontario": 0.03422619047619048,
    "List_of_radio_stations_in_Manitoba": 0.033426183844011144,
    "Global_Television_Network": 0.03341013824884793,
    "CBU-FM": 0.03153745072273324,
    "List_of_radio_stations_in_Alberta": 0.03136762860727729,
    "List_of_radio_stations_in_Nunavut": 0.030120481927710843,
    "List_of_radio_stations_in_British_Columbia": 0.030033370411568408,
    "List_of_radio_stations_in_Yukon": 0.029985007496251874,
    "List_of_radio_stations_in_Northwest_Territories": 0.0286144578313253,
    "List_of_radio_stations_in_Prince_Edward_Island": 0.02844311377245509,
    "CBUF-FM": 0.028112449799196786,
    "CBK_(AM)": 0.027577937649880094,
    "NHL_on_CTV_Sportsnet": 0.02696078431372549,
    "List_of_radio_stations_in_Saskatchewan": 0.02677376171352075,
    "VOAR_(AM)": 0.026717557251908396,
    "List_of_radio_stations_in_Newfoundland_and_Labrador": 0.026490066225165563,
    "List_of_campus_radio_stations_in_Canada": 0.025914634146341462,
    "List_of_radio_stations_in_New_Brunswick": 0.02585034013605442,
    "Gatineau": 0.025578562728380026,
    "List_of_television_stations_in_Ontario": 0.02510460251046025,
    "CIAM-FM": 0.024709302325581394,
    "Kitchener,_Ontario": 0.024676850763807285,
    "Greater_Toronto_and_Hamilton_Area": 0.024516129032258065,
    "Fort_Erie,_Ontario": 0.024509803921568627,
    "List_of_radio_stations_in_Nova_Scotia": 0.02425876010781671,
    "Great_Lakes_census_statistical_areas": 0.022598870056497175,
    "Great_Lakes_Megalopolis": 0.022598870056497175,
    "CFWH-FM": 0.02247191011235955,
    "Megaregions_of_the_United_States": 0.02211874272409779,
    "CBCV-FM": 0.02188782489740082,
    "CBX_(AM)": 0.021739130434782608,
    "CFYK_(AM)": 0.021156558533145273,
    "Longueuil": 0.02106430155210643,
    "Laval,_Quebec": 0.020855057351407715,
    "CBVE-FM": 0.0205761316872428,
    "CBYG-FM": 0.02040816326530612,
    "CFPR": 0.02040816326530612,
    "Media_in_Windsor,_Ontario": 0.020227560050568902,
    "St._John's_Metropolitan_Area": 0.020086083213773313,
    "Dublin,_Ohio": 0.019895287958115182,
    "CBSI-FM": 0.01984126984126984,
    "Metro_Vancouver": 0.019559902200488997,
    "CBAF-FM-5": 0.019417475728155338,
    "CHFA_(AM)": 0.019230769230769232,
    "CBYK-FM": 0.018944519621109608,
    "Greater_Montreal": 0.018783542039355994,
    "Metro_Detroit": 0.018726591760299626,
    "List_of_numbered_roads_in_Essex_County": 0.018495684340320593,
    "CBKA-FM": 0.01849217638691323,
    "CBWK-FM": 0.01849217638691323,
    "CHAK_(AM)": 0.01849217638691323,
    "Abbotsford,_British_Columbia": 0.018396846254927726,
    "CBTK-FM": 0.01832460732984293,
    "Halifax_Regional_Municipality": 0.018140589569160998,
    "Calgary_Region": 0.01806451612903226,
    "Edmonton_Capital_Region": 0.01694915254237288,
    "CBC_Radio_One": 0.01675977653631285,
    "Indianapolis_metropolitan_area": 0.016579406631762654,
    "Greater_Cleveland": 0.01633705932932072,
    "Minneapolis\u2013Saint_Paul": 0.016295025728987993,
    "Yukon": 0.01570048309178744,
    "Saskatoon": 0.01545253863134658,
    "Vancouver": 0.014505893019038985,
    "London_Lightning": 0.014098690835850957,
    "Nunavut": 0.013978494623655914,
    "London_Knights": 0.013847675568743818,
    "Madison,_Wisconsin": 0.013802622498274672,
    "Cincinnati": 0.013774104683195593,
    "Milwaukee": 0.013377926421404682,
    "Chicago_metropolitan_area": 0.013114754098360656,
    "List_of_United_States_stations_available_in_Canada": 0.013108614232209739,
    "CKUA_Radio_Network": 0.012658227848101266,
    "Peel_District_School_Board": 0.012531328320802004,
    "Cincinnati_metropolitan_area": 0.012002526847757423,
    "Media_in_Vancouver": 0.011235955056179775,
    "Timmins": 0.011220196353436185,
    "C_Music_TV": 0.0107095046854083,
    "Fairchild_TV": 0.010404624277456647
}