{
    "Music_City_Bowl": 1.0,
    "Automatic_bids_to_college_bowl_games": 0.6375,
    "Hula_Bowl": 0.6375,
    "Military_Bowl": 0.5368421052631579,
    "East\u2013West_Shrine_Game": 0.5204081632653061,
    "Little_Caesars_Pizza_Bowl": 0.5151515151515151,
    "New_Mexico_Bowl": 0.5151515151515151,
    "Texas_Bowl": 0.51,
    "Senior_Bowl": 0.51,
    "BBVA_Compass_Bowl": 0.51,
    "Armed_Forces_Bowl": 0.5,
    "New_Orleans_Bowl": 0.49038461538461536,
    "Fight_Hunger_Bowl": 0.49038461538461536,
    "Hawaii_Bowl": 0.4722222222222222,
    "GoDaddy.com_Bowl": 0.46788990825688076,
    "Famous_Idaho_Potato_Bowl": 0.4594594594594595,
    "BCS_National_Championship_Game": 0.45689655172413796,
    "Alamo_Bowl": 0.4473684210526316,
    "Russell_Athletic_Bowl": 0.4434782608695652,
    "Cactus_Bowl": 0.4322033898305085,
    "Buffalo_Wild_Wings_Bowl": 0.4322033898305085,
    "Holiday_Bowl": 0.40625,
    "Las_Vegas_Bowl": 0.37777777777777777,
    "Liberty_Bowl": 0.3466666666666667,
    "Belk_Bowl": 0.34210526315789475,
    "Sun_Bowl": 0.29310344827586204,
    "Capital_One_Bowl": 0.21544715447154472,
    "Fiesta_Bowl": 0.19924812030075187,
    "Outback_Bowl": 0.19924812030075187,
    "Chick-fil-A_Bowl": 0.17770034843205576,
    "Orange_Bowl": 0.17549668874172186,
    "Sugar_Bowl": 0.1737704918032787,
    "Cotton_Bowl_Classic": 0.159375,
    "List_of_Gator_Bowl_broadcasters": 0.1572700296735905,
    "Gator_Bowl": 0.1572700296735905,
    "Rose_Bowl_Game": 0.15588235294117647,
    "Big_East_Conference_(1979\u20132013)": 0.12444444444444444,
    "Atlantic_Coast_Conference": 0.11764705882352941,
    "Big_12_Conference_football": 0.1076923076923077,
    "Bowl_Championship_Series": 0.10663983903420524,
    "MAC_Championship_Game": 0.10486891385767791,
    "Conference_USA_Football_Championship_Game": 0.10108303249097472,
    "College_Football_Playoff": 0.07443820224719101,
    "The_Big_Fat_Quiz_of_the_Year": 0.05421686746987952,
    "Mercedes-Benz_Superdome": 0.047337278106508875,
    "Lou_Holtz": 0.04516129032258064,
    "Minnesota_Golden_Gophers_football_under_Lou_Holtz": 0.04516129032258064,
    "K\u014dhaku_Uta_Gassen": 0.037815126050420166,
    "Tour_de_Ski": 0.031141868512110725,
    "List_of_Four_Hills_Tournament_winners": 0.030303030303030304,
    "Commonwealth_Stadium_(Kentucky)": 0.029850746268656716,
    "Ohio_League": 0.02857142857142857,
    "Tiger_Stadium_(LSU)": 0.0260707635009311,
    "Spengler_Cup": 0.025423728813559324,
    "List_of_Independence_Bowl_broadcasters": 0.0223463687150838,
    "2013_East\u2013West_Shrine_Game": 0.022058823529411766,
    "2012_Senior_Bowl": 0.021739130434782608,
    "2013_Senior_Bowl": 0.021739130434782608,
    "Saint_Silvester_Road_Race": 0.02040816326530612,
    "List_of_Liberty_Bowl_broadcasters": 0.02,
    "NCAA_Division_I_FBS_independent_schools": 0.02,
    "List_of_Kentucky_Wildcats_bowl_games": 0.01984126984126984,
    "List_of_Armed_Forces_Bowl_broadcasters": 0.019736842105263157,
    "List_of_New_Orleans_Bowl_broadcasters": 0.01948051948051948,
    "List_of_Hawaii_Bowl_broadcasters": 0.0189873417721519,
    "List_of_GoDaddy.com_Bowl_broadcasters": 0.01875,
    "List_of_Famous_Idaho_Potato_Bowl_broadcasters": 0.018518518518518517,
    "List_of_Russell_Athletic_Bowl_broadcasters": 0.01818181818181818,
    "2010_Gator_Bowl": 0.017632241813602016,
    "West_Coast_Conference": 0.015873015873015872,
    "Big_West_Conference": 0.015748031496062992,
    "Mid-Eastern_Athletic_Conference": 0.015748031496062992,
    "Horizon_League": 0.015625,
    "Southwestern_Athletic_Conference": 0.015625,
    "Mountain_West_Conference": 0.015503875968992248,
    "Patriot_League": 0.015503875968992248,
    "America_East_Conference": 0.015267175572519083,
    "Ohio_Valley_Conference": 0.015267175572519083,
    "The_Summit_League": 0.015151515151515152,
    "Northeast_Conference": 0.015151515151515152,
    "Sun_Belt_Conference": 0.014925373134328358,
    "2010_East\u2013West_Shrine_Game": 0.014814814814814815,
    "Notre_Dame_Fighting_Irish_football": 0.014778325123152709,
    "Notre_Dame_Fighting_Irish_football_(1980\u201389)": 0.014778325123152709,
    "Notre_Dame_Fighting_Irish_football_(1990\u201399)": 0.014778325123152709,
    "Notre_Dame_Fighting_Irish_football_(1950\u201359)": 0.014778325123152709,
    "Big_East_Conference": 0.014705882352941176,
    "Pacific-12_Conference": 0.014705882352941176,
    "College_Football_Hall_of_Fame": 0.014613778705636743,
    "2009_Senior_Bowl": 0.014598540145985401,
    "2010_Senior_Bowl": 0.014598540145985401,
    "Big_Sky_Conference": 0.014492753623188406,
    "Missouri_Valley_Conference": 0.014388489208633094,
    "Western_Athletic_Conference": 0.014184397163120567,
    "Big_South_Conference": 0.014184397163120567,
    "2005\u201306_NCAA_football_bowl_games": 0.014084507042253521,
    "Atlantic_Sun_Conference": 0.014084507042253521,
    "Southern_Conference": 0.014084507042253521,
    "Metro_Atlantic_Athletic_Conference": 0.013986013986013986,
    "Southland_Conference": 0.013888888888888888,
    "Southeastern_Conference": 0.013605442176870748,
    "NHL_Winter_Classic": 0.013574660633484163,
    "List_of_Little_Caesars_Pizza_Bowl_broadcasters": 0.013422818791946308,
    "American_Athletic_Conference": 0.013422818791946308,
    "List_of_Aloha_Bowl_broadcasters": 0.013245033112582781,
    "List_of_Sun_Bowl_broadcasters": 0.013157894736842105,
    "Big_12_Conference": 0.013071895424836602,
    "Colonial_Athletic_Association": 0.01282051282051282,
    "Ivy_League": 0.012422360248447204,
    "Big_Ten_Conference": 0.012269938650306749,
    "Conference_USA": 0.012048192771084338,
    "Mineral_Water_Bowl": 0.011764705882352941,
    "List_of_Outback_Bowl_broadcasters": 0.011363636363636364,
    "List_of_Clemson_Tigers_bowl_games": 0.010869565217391304,
    "List_of_Tennessee_Volunteers_bowl_games": 0.01060070671378092,
    "Gate_River_Run": 0.010526315789473684,
    "List_of_Fight_Hunger_Bowl_broadcasters": 0.010471204188481676,
    "Atlantic_10_Conference": 0.010471204188481676,
    "Chick-fil-A_Kickoff_Game": 0.01020408163265306,
    "Bowl_Coalition": 0.010101010101010102,
    "Bowl_Alliance": 0.010101010101010102
}