{
    "Jeonbuk_Hyundai_Motors_in_Asian_football": 1.0,
    "2010_Jeonbuk_Hyundai_Motors_season": 0.4177215189873418,
    "2011_Jeonbuk_Hyundai_Motors_season": 0.36666666666666664,
    "2012_Jeonbuk_Hyundai_Motors_season": 0.35106382978723405,
    "Chunnam_Dragons_in_Asian_football": 0.26666666666666666,
    "Ulsan_Hyundai_in_Asian_football": 0.24358974358974358,
    "Busan_IPark_in_Asian_football": 0.24324324324324326,
    "Pohang_Steelers_in_Asian_football": 0.21176470588235294,
    "Seongnam_Ilhwa_Chunma_in_Asian_football": 0.2087912087912088,
    "Suwon_Samsung_Bluewings_in_Asian_football": 0.18627450980392157,
    "FC_Seoul_in_Asian_football": 0.17307692307692307,
    "Jeonbuk_Hyundai_Motors": 0.09615384615384616,
    "1983_K_League": 0.07407407407407407,
    "1984_K_League": 0.07407407407407407,
    "1985_K_League": 0.07407407407407407,
    "1986_K_League": 0.07407407407407407,
    "1987_K_League": 0.07407407407407407,
    "1997_K_League": 0.07407407407407407,
    "2001_K_League": 0.07407407407407407,
    "2002_K_League": 0.07407407407407407,
    "2003_K_League": 0.07407407407407407,
    "1998_K_League": 0.07407407407407407,
    "1999_K_League": 0.07407407407407407,
    "2000_K_League": 0.07407407407407407,
    "2005_K_League": 0.07377049180327869,
    "Pohang_Steelers": 0.07079646017699115,
    "Pusan_Daewoo_Royals": 0.06976744186046512,
    "Busan_IPark": 0.06976744186046512,
    "K_League_Championship": 0.0684931506849315,
    "K_League_Manager_of_the_Year_Award": 0.06748466257668712,
    "Ulsan_Hyundai_FC": 0.06557377049180328,
    "2006_K_League": 0.064,
    "FC_Seoul": 0.06043956043956044,
    "Jeju_United_FC": 0.059880239520958084,
    "2011_Ulsan_Hyundai_FC_season": 0.058823529411764705,
    "Korean_National_Football_Championship": 0.058394160583941604,
    "List_of_Korean_FA_Cup_winners": 0.058394160583941604,
    "Seongnam_Ilhwa_Chunma": 0.05734767025089606,
    "K_League_Young_Player_Award": 0.05660377358490566,
    "List_of_K_League_40-40_club_members": 0.05660377358490566,
    "List_of_K_League_30-30_club_members": 0.05660377358490566,
    "List_of_K_League_20-20_club_members": 0.05660377358490566,
    "K_League": 0.05660377358490566,
    "K_League_Classic": 0.05485232067510549,
    "2013_K_League_Challenge": 0.05442176870748299,
    "1983_Daewoo_Royals_season": 0.05405405405405406,
    "1984_Daewoo_Royals_season": 0.05405405405405406,
    "Suwon_Samsung_Bluewings": 0.053156146179401995,
    "2011_Seongnam_Ilhwa_Chunma_season": 0.05303030303030303,
    "K_League_Top_Scorer_Award": 0.05232558139534884,
    "2007_K_League": 0.05202312138728324,
    "2011_Busan_I'Park_season": 0.05128205128205128,
    "K_League_Top_Assistor_Award": 0.05084745762711865,
    "2008_K_League": 0.05,
    "2010_Seongnam_Ilhwa_Chunma_season": 0.04918032786885246,
    "Chunnam_Dragons": 0.049019607843137254,
    "Korean_FA_Cup": 0.04891304347826087,
    "Korean_FA_Cup_MVP_Award": 0.04891304347826087,
    "Korean_FA_Cup_Top_Scorer_Award": 0.04891304347826087,
    "2012_Ulsan_Hyundai_FC_season": 0.04878048780487805,
    "2011_Suwon_Samsung_Bluewings_season": 0.04861111111111111,
    "2011_Pohang_Steelers_season": 0.047244094488188976,
    "2010_Busan_I'Park_season": 0.04716981132075472,
    "2010_Suwon_Samsung_Bluewings_season": 0.045454545454545456,
    "Donghaean_derby": 0.045454545454545456,
    "Korean_President's_Cup_National_Football_Tournament": 0.044444444444444446,
    "Korean_National_Semi-Professional_Football_League": 0.044444444444444446,
    "Piyapong_Pue-on": 0.04430379746835443,
    "2012_Seongnam_Ilhwa_Chunma_season": 0.043795620437956206,
    "2010_Pohang_Steelers_season": 0.04310344827586207,
    "2004_K_League": 0.04245283018867924,
    "Ahn_Jung-Hwan": 0.042105263157894736,
    "2005_FC_Seoul_season": 0.04201680672268908,
    "2012_Busan_IPark_season": 0.04132231404958678,
    "2011_FC_Seoul_season": 0.0410958904109589,
    "Kim_Do-Heon": 0.04081632653061224,
    "2012_Suwon_Samsung_Bluewings_season": 0.04054054054054054,
    "2009_K_League": 0.040160642570281124,
    "Cho_Kwang-Rae": 0.0398406374501992,
    "Daejeon_Citizen_FC": 0.0392156862745098,
    "2008_Pohang_Steelers_season": 0.0392156862745098,
    "2011_Chunnam_Dragons_season": 0.0392156862745098,
    "List_of_K_League_champions": 0.03875968992248062,
    "List_of_South_Korean_football_champions": 0.03875968992248062,
    "2004_FC_Seoul_season": 0.038461538461538464,
    "1984\u20131990_FC_Seoul_(Lucky-Goldstar_Hwangso)_seasons": 0.038461538461538464,
    "List_of_FC_Seoul_records_and_statistics": 0.038461538461538464,
    "FC_Seoul_award_winners": 0.038461538461538464,
    "FC_Seoul_Reserves_and_Academy": 0.038461538461538464,
    "List_of_FC_Seoul_managers": 0.038461538461538464,
    "2012_Pohang_Steelers_season": 0.038461538461538464,
    "2007_Pohang_Steelers_season": 0.0380952380952381,
    "Magyedaejeon": 0.03783783783783784,
    "Korea_National_League_Championship": 0.03773584905660377,
    "2010_FC_Seoul_season": 0.03759398496240601,
    "2009_Pohang_Steelers_season": 0.037037037037037035,
    "2013_Korean_FA_Cup": 0.0364963503649635,
    "Super_Match": 0.035175879396984924,
    "2010_K_League": 0.034482758620689655,
    "2011_Jeju_United_FC_season": 0.034482758620689655,
    "K_League_MVP_Award": 0.03424657534246575,
    "2012_FC_Seoul_season": 0.03333333333333333,
    "2006_FC_Seoul_season": 0.03305785123966942,
    "2008_FC_Seoul_season": 0.03278688524590164,
    "2007_FC_Seoul_season": 0.03225806451612903,
    "Korea_National_League": 0.031746031746031744,
    "Cha_Bum-Kun": 0.03164556962025317,
    "2009_FC_Seoul_season": 0.031496062992125984,
    "Kim_Do-Hoon": 0.031073446327683617,
    "2011_K_League": 0.03048780487804878,
    "Park_Sung-Wha": 0.030303030303030304,
    "2011_Gyeongnam_FC_season": 0.03,
    "Chungju_Hummel_FC": 0.03,
    "Lee_Dong-Gook": 0.029545454545454545,
    "2011_Daejeon_Citizen_season": 0.02912621359223301,
    "2012_K_League": 0.028901734104046242,
    "Sangju_Sangmu_FC": 0.028846153846153848,
    "Chung_Hae-Won": 0.02867383512544803,
    "R_League": 0.02857142857142857,
    "2010_Jeju_United_FC_season": 0.02857142857142857,
    "Yoo_Sang-Chul": 0.028469750889679714,
    "2011_U-League": 0.02830188679245283,
    "2012_Chunnam_Dragons_season": 0.02830188679245283,
    "Daegu_FC": 0.028037383177570093,
    "Koo_Ja-Cheol": 0.027972027972027972,
    "2013_FC_Seoul_season": 0.027777777777777776,
    "Kim_Joo-Sung": 0.027522935779816515,
    "1997\u201398_Asian_Club_Championship": 0.026785714285714284,
    "Asian_Club_Championship_and_AFC_Champions_League_records_and_statistics": 0.026785714285714284,
    "Guangzhou_Evergrande_F.C.": 0.02666666666666667,
    "Choi_Yong-Soo": 0.026246719160104987,
    "South_Korea_national_under-20_football_team": 0.025974025974025976,
    "South_Korea_national_under-17_football_team": 0.02586206896551724,
    "Hwang_Sun-Hong": 0.02577319587628866,
    "Park_Chu-Young": 0.025735294117647058,
    "2007_AFC_Champions_League": 0.025477707006369428,
    "2012_Jeju_United_FC_season": 0.024793388429752067,
    "2013_K_League_Classic": 0.024793388429752067,
    "2010_U-League": 0.024630541871921183,
    "Pakhtakor_FK_(Tashkent)": 0.024096385542168676,
    "Korean_League_Cup": 0.02403846153846154,
    "Al_Sadd_SC": 0.023166023166023165,
    "2010_Gyeongnam_FC_season": 0.02247191011235955,
    "Lee_Chun-Soo": 0.022284122562674095,
    "2011_in_South_Korean_football": 0.022222222222222223,
    "2008_AFC_Champions_League": 0.022222222222222223,
    "2011_AFC_Annual_Awards": 0.02197802197802198,
    "2009_AFC_Champions_League": 0.021739130434782608,
    "2008_U-League": 0.021052631578947368,
    "List_of_football_stadiums_in_South_Korea": 0.02072538860103627,
    "Asian_Footballer_of_the_Year": 0.020618556701030927,
    "South_Korea_national_football_team": 0.02054794520547945,
    "List_of_South_Korea_national_football_team_managers": 0.02054794520547945,