{
    "List_of_longest_church_buildings_in_the_world": 1.0,
    "List_of_the_largest_Protestant_churches_in_the_United_States": 1.0,
    "List_of_the_oldest_churches_in_the_United_States": 1.0,
    "List_of_largest_Orthodox_cathedrals": 1.0,
    "List_of_largest_church_buildings_in_the_world": 0.12234042553191489,
    "List_of_oldest_church_buildings": 0.12234042553191489,
    "List_of_tallest_Orthodox_church_buildings": 0.10222222222222223,
    "List_of_largest_mosques": 0.06686046511627906,
    "List_of_tallest_church_buildings_in_the_world": 0.05897435897435897,
    "List_of_longest_tunnels_in_the_world": 0.057971014492753624,
    "List_of_long_tunnels_by_type": 0.057971014492753624,
    "World's_largest_palace": 0.057971014492753624,
    "List_of_largest_buildings_in_the_world": 0.057971014492753624,
    "List_of_city_squares_by_size": 0.057971014492753624,
    "List_of_largest_domes": 0.057971014492753624,
    "List_of_longest_buildings_in_the_world": 0.057971014492753624,
    "List_of_the_oldest_mosques_in_the_world": 0.034954407294832825,
    "List_of_first_mosques_by_country": 0.034954407294832825,
    "List_of_longest_bridges_in_the_world": 0.03389830508474576,
    "List_of_large_Hindu_temples": 0.03328509406657019,
    "List_of_tallest_Gopurams": 0.031746031746031744,
    "List_of_largest_shopping_malls_in_the_world": 0.026490066225165563,
    "List_of_tallest_structures_in_the_world": 0.023715415019762844,
    "List_of_tallest_twin_buildings_and_structures_in_the_world": 0.023715415019762844,
    "List_of_tallest_buildings_and_structures_in_the_world": 0.023715415019762844,
    "List_of_tallest_buildings_in_the_world_by_country": 0.023715415019762844,
    "List_of_largest_dams_in_the_world": 0.022988505747126436,
    "List_of_tallest_dams_in_the_world": 0.018404907975460124,
    "List_of_cities_with_the_most_skyscrapers": 0.01812688821752266,
    "List_of_statues_by_height": 0.01675977653631285,
    "List_of_tallest_buildings_in_Mexico": 0.013333333333333334,
    "List_of_tallest_buildings_in_Sweden": 0.013333333333333334,
    "List_of_tallest_buildings_in_Germany": 0.013333333333333334,
    "List_of_tallest_structures_in_the_United_States_by_height": 0.013333333333333334,
    "List_of_tallest_buildings_in_the_United_Arab_Emirates": 0.013333333333333334,
    "List_of_tallest_buildings_in_Taiwan": 0.013333333333333334,
    "List_of_tallest_structures_in_the_world_\u2013_300_to_400_metres": 0.013333333333333334,
    "List_of_tallest_buildings_in_Malaysia": 0.013333333333333334,
    "List_of_tallest_structures_in_Italy": 0.013333333333333334,
    "List_of_tallest_buildings_in_Croatia": 0.013333333333333334,
    "List_of_tallest_buildings_in_Brazil": 0.013333333333333334,
    "List_of_tallest_freestanding_structures_in_the_world": 0.013333333333333334,
    "List_of_tallest_structures_in_Canada": 0.013333333333333334,
    "List_of_tallest_structures_in_South_America": 0.013333333333333334,
    "List_of_tallest_buildings_in_the_Arab_League": 0.013333333333333334,
    "List_of_tallest_structures_built_before_the_20th_century": 0.013333333333333334,
    "List_of_tallest_structures_in_the_world_by_country": 0.013333333333333334,
    "List_of_tallest_structures_in_Germany": 0.013333333333333334,
    "List_of_tallest_buildings_in_France": 0.013333333333333334,
    "List_of_tallest_structures_in_India": 0.013333333333333334,
    "List_of_tallest_buildings_and_structures_in_Greece": 0.013333333333333334,
    "List_of_tallest_residential_buildings_in_the_world": 0.013333333333333334,
    "List_of_tallest_educational_buildings": 0.013333333333333334,
    "List_of_tallest_structures_in_the_world_\u2013_400_to_500_metres": 0.013333333333333334,
    "List_of_tallest_residential_buildings_in_Dubai": 0.013333333333333334,
    "List_of_tallest_buildings_in_Denmark": 0.013333333333333334,
    "List_of_tallest_buildings_in_Scandinavia": 0.013333333333333334,
    "List_of_tallest_lighthouses_in_the_world": 0.013333333333333334,
    "List_of_tallest_buildings_in_the_British_Empire_and_the_British_Commonwealth": 0.013333333333333334,
    "List_of_tallest_buildings_in_Bangladesh": 0.013333333333333334,
    "List_of_tallest_structures_in_Estonia": 0.013333333333333334,
    "List_of_tallest_structures_in_Africa": 0.013333333333333334,
    "List_of_tallest_buildings_in_Europe": 0.013333333333333334,
    "List_of_tallest_buildings_in_Peru": 0.013333333333333334,
    "List_of_tallest_buildings_in_Indonesia": 0.013333333333333334,
    "List_of_tallest_structures_in_New_Zealand": 0.013333333333333334,
    "List_of_tallest_structures_in_the_former_Soviet_Union": 0.013333333333333334,
    "List_of_tallest_buildings_and_structures_in_South_Asia": 0.013333333333333334,
    "List_of_most_expensive_buildings_in_the_world": 0.013333333333333334,
    "List_of_tallest_buildings_in_Bulgaria": 0.013333333333333334,
    "List_of_tallest_buildings_in_Dhaka": 0.013333333333333334,
    "List_of_tallest_buildings_in_Italy": 0.013333333333333334,
    "List_of_tallest_structures_in_Ireland": 0.013333333333333334,
    "List_of_tallest_buildings_in_the_Netherlands": 0.013333333333333334,
    "List_of_tallest_structures_in_Poland": 0.013333333333333334,
    "Partially_guyed_tower": 0.013333333333333334,
    "Additionally_guyed_tower": 0.013333333333333334,
    "List_of_tallest_structures_in_the_Czech_Republic": 0.013333333333333334,
    "List_of_tallest_structures_in_China": 0.013333333333333334,
    "List_of_tallest_structures_in_Hungary": 0.013333333333333334,
    "List_of_tallest_structures_in_Austria": 0.013333333333333334,
    "List_of_tallest_structures_in_Switzerland": 0.013333333333333334,
    "List_of_tallest_structures_in_Denmark": 0.013333333333333334,
    "List_of_tallest_structures_in_Norway": 0.013333333333333334,
    "List_of_tallest_structures_in_Sweden": 0.013333333333333334,
    "List_of_tallest_structures_in_Finland": 0.013333333333333334,
    "List_of_tallest_structures_in_Yugoslavia": 0.013333333333333334,
    "List_of_tallest_structures_in_Slovakia": 0.013333333333333334,
    "List_of_tallest_structures_in_Europe": 0.013333333333333334,
    "List_of_tallest_structures_in_the_United_States": 0.013333333333333334,
    "List_of_tallest_towers_in_Southwest_Asia": 0.013333333333333334,
    "List_of_buildings_with_100_floors_or_more": 0.013333333333333334,
    "List_of_tallest_buildings_in_Argentina": 0.013333333333333334,
    "List_of_tallest_buildings_in_the_Czech_Republic": 0.013333333333333334,
    "List_of_tallest_buildings_in_Barcelona": 0.013333333333333334,
    "List_of_tallest_buildings_in_Israel": 0.013333333333333334,
    "List_of_tallest_structures_in_Japan": 0.013043478260869565,
    "List_of_tallest_buildings_in_Pakistan": 0.01282051282051282,
    "List_of_tallest_buildings_in_Africa": 0.01276595744680851,
    "List_of_tallest_buildings_in_South_Africa": 0.01276595744680851,
    "List_of_tallest_buildings_and_structures_in_South_Africa": 0.01276595744680851,
    "List_of_tallest_buildings_in_South_Korea": 0.012448132780082987,
    "List_of_tallest_buildings_by_city": 0.012396694214876033,
    "List_of_tallest_buildings_in_the_world": 0.012396694214876033,
    "List_of_tallest_buildings_in_Guangzhou": 0.012345679012345678,
    "List_of_tallest_buildings_in_China": 0.012345679012345678,
    "List_of_tallest_buildings_in_India": 0.012295081967213115,
    "List_of_tallest_buildings_in_the_Philippines": 0.012096774193548387,
    "List_of_tallest_buildings_in_the_United_Kingdom": 0.012,
    "List_of_tallest_buildings_and_structures_in_the_United_Kingdom_by_usage": 0.012,
    "List_of_tallest_destroyed_buildings_and_structures_in_the_United_Kingdom": 0.012,
    "List_of_tallest_structures_in_the_United_Kingdom": 0.012,
    "List_of_tallest_structures_in_Belgium": 0.01195219123505976,
    "List_of_tallest_structures_in_Serbia": 0.011857707509881422,
    "List_of_tallest_buildings_in_Poland": 0.011673151750972763,