{
    "List_of_football_clubs_in_Finland_\u2013_E": 1.0,
    "List_of_football_clubs_in_Finland_\u2013_F": 1.0,
    "List_of_football_clubs_in_Finland_\u2013_G": 1.0,
    "List_of_football_clubs_in_Finland_\u2013_V": 1.0,
    "List_of_football_clubs_in_Finland_\u2013_O": 1.0,
    "List_of_football_clubs_in_Finland_\u2013_I": 1.0,
    "List_of_football_clubs_in_Finland_\u2013_J": 1.0,
    "List_of_football_clubs_in_Finland_\u2013_N": 1.0,
    "List_of_football_clubs_in_Finland_\u2013_H": 1.0,
    "List_of_football_clubs_in_Finland_\u2013_K": 1.0,
    "List_of_football_clubs_in_Finland_\u2013_L": 1.0,
    "List_of_football_clubs_in_Finland_\u2013_M": 1.0,
    "List_of_football_clubs_in_Finland_\u2013_P": 1.0,
    "List_of_football_clubs_in_Finland_\u2013_R": 1.0,
    "List_of_football_clubs_in_Finland_\u2013_S": 1.0,
    "List_of_football_clubs_in_Finland_\u2013_T": 1.0,
    "Finnish_League_Cup": 0.4639175257731959,
    "List_of_Finnish_football_champions": 0.4326923076923077,
    "List_of_football_stadiums_in_Finland": 0.4090909090909091,
    "Finnish_Women's_Cup": 0.4017857142857143,
    "List_of_football_clubs_in_Finland": 0.39823008849557523,
    "Finnish_Cup": 0.2571428571428571,
    "SPL_Helsingin_piiri": 0.24561403508771928,
    "SPL_Kaakkois-Suomen_piiri": 0.24561403508771928,
    "SPL_Keski-Pohjanmaan_piiri": 0.24561403508771928,
    "SPL_It\u00e4-Suomen_piiri": 0.24561403508771928,
    "SPL_Keski-Suomen_piiri": 0.24561403508771928,
    "SPL_Pohjois-Suomen_piiri": 0.24561403508771928,
    "SPL_Tampereen_piiri": 0.24561403508771928,
    "SPL_Turun_piiri": 0.24561403508771928,
    "SPL_Uudenmaan_piiri": 0.24561403508771928,
    "SPL_Vaasan_piiri": 0.24561403508771928,
    "SPL_Satakunnan_piiri": 0.24561403508771928,
    "Finland_national_football_team": 0.20454545454545456,
    "Kakkonen": 0.19230769230769232,
    "Veikkausliiga": 0.17578125,
    "Finland_national_men's_squash_team": 0.0784313725490196,
    "Finland_national_speedway_team": 0.05755395683453238,
    "Finland_men's_national_junior_ice_hockey_team": 0.049079754601226995,
    "Finland_national_bandy_team": 0.04878048780487805,
    "Finland_national_futsal_team": 0.041666666666666664,
    "List_of_Finland_international_footballers": 0.03643724696356275,
    "2011_Kakkonen_\u2013_Finnish_League_Division_2": 0.0273972602739726,
    "2010_Kakkonen_\u2013_Finnish_League_Division_2": 0.027210884353741496,
    "2007_Ykk\u00f6nen": 0.02702702702702703,
    "Finland_at_the_Paralympics": 0.026936026936026935,
    "2006_Ykk\u00f6nen": 0.026845637583892617,
    "2005_Ykk\u00f6nen": 0.026845637583892617,
    "2004_Ykk\u00f6nen": 0.026845637583892617,
    "2003_Ykk\u00f6nen": 0.026845637583892617,
    "2008_Ykk\u00f6nen": 0.02666666666666667,
    "2011_Ykk\u00f6nen": 0.02666666666666667,
    "2010_Ykk\u00f6nen": 0.026490066225165563,
    "2012_Kakkonen": 0.02564102564102564,
    "2013_Kakkonen": 0.025477707006369428,
    "2012_Ykk\u00f6nen": 0.025,
    "2013_Ykk\u00f6nen": 0.024844720496894408,
    "Finland_men's_national_ice_hockey_team": 0.024691358024691357,
    "2009_Kakkonen_\u2013_Finnish_League_Division_2": 0.024539877300613498,
    "2009_Ykk\u00f6nen": 0.023952095808383235,
    "Finland_at_the_Olympics": 0.023255813953488372,
    "2014_Ykk\u00f6nen": 0.018404907975460124,
    "1956_Finnish_Cup": 0.017857142857142856,
    "1995_Ykk\u00f6nen_\u2013_Finnish_League_Division_1": 0.014925373134328358,
    "MYPA": 0.011904761904761904,
    "FC_Jazz": 0.011904761904761904,
    "Kuopion_Palloseura": 0.011764705882352941,
    "Turun_Palloseura": 0.011764705882352941,
    "FC_Haka": 0.011764705882352941,
    "Tampere_United": 0.011764705882352941,
    "Helsingin_Jalkapalloklubi": 0.01098901098901099,
    "2001_Finnish_Cup": 0.010282776349614395,
    "2002_Finnish_Cup": 0.01020408163265306,
    "2003_Finnish_Cup": 0.010178117048346057,
    "2004_Finnish_Cup": 0.01015228426395939
}