{
    "List_of_Houston_Cougars_bowl_games": 1.0,
    "2008_Houston_Cougars_football_team": 0.7723577235772358,
    "1989_Houston_Cougars_football_team": 0.7723577235772358,
    "2009_Houston_Cougars_football_team": 0.7723577235772358,
    "2010_Houston_Cougars_football_team": 0.7723577235772358,
    "1969_Houston_Cougars_football_team": 0.7723577235772358,
    "2011_Houston_Cougars_football_team": 0.7723577235772358,
    "1967_Houston_Cougars_football_team": 0.7723577235772358,
    "1968_Houston_Cougars_football_team": 0.7723577235772358,
    "2012_Houston_Cougars_football_team": 0.7723577235772358,
    "1973_Houston_Cougars_football_team": 0.7723577235772358,
    "2007_Houston_Cougars_football_team": 0.7723577235772358,
    "2005_Houston_Cougars_football_team": 0.7723577235772358,
    "2004_Houston_Cougars_football_team": 0.7723577235772358,
    "2003_Houston_Cougars_football_team": 0.7723577235772358,
    "2002_Houston_Cougars_football_team": 0.7723577235772358,
    "2001_Houston_Cougars_football_team": 0.7723577235772358,
    "2000_Houston_Cougars_football_team": 0.7723577235772358,
    "1999_Houston_Cougars_football_team": 0.7723577235772358,
    "2013_Houston_Cougars_football_team": 0.7723577235772358,
    "2006_Houston_Cougars_football_team": 0.6333333333333333,
    "List_of_Houston_Cougars_head_football_coaches": 0.5900621118012422,
    "1952_Houston_Cougars_football_team": 0.4439252336448598,
    "1957_Houston_Cougars_football_team": 0.4439252336448598,
    "1976_Houston_Cougars_football_team": 0.4377880184331797,
    "List_of_University_of_Houston_people": 0.028735632183908046,
    "Houston_Shakespeare_Festival": 0.028735632183908046,
    "Bluebonnet_Bowl": 0.026490066225165563,
    "Armed_Forces_Bowl": 0.02617801047120419,
    "List_of_Armed_Forces_Bowl_broadcasters": 0.025906735751295335,
    "List_of_Southwest_Conference_champions": 0.017241379310344827,
    "2010_Gator_Bowl": 0.015909090909090907,
    "2013_Rice_Owls_football_team": 0.014705882352941176,
    "List_of_Sun_Bowl_broadcasters": 0.014450867052023121,
    "2008\u201309_Houston_Cougars_men's_basketball_team": 0.014084507042253521,
    "1981\u201382_Houston_Cougars_men's_basketball_team": 0.014084507042253521,
    "1982\u201383_Houston_Cougars_men's_basketball_team": 0.014084507042253521,
    "1983\u201384_Houston_Cougars_men's_basketball_team": 0.014084507042253521,
    "2010\u201311_Houston_Cougars_men's_basketball_team": 0.014084507042253521,
    "List_of_Chick-fil-A_Bowl_broadcasters": 0.013513513513513514,
    "1982_SMU_Mustangs_football_team": 0.012121212121212121,
    "1981_SMU_Mustangs_football_team": 0.012121212121212121,
    "1947_SMU_Mustangs_football_team": 0.012121212121212121,
    "1962_Houston_Oilers_season": 0.01195219123505976,
    "1981_Drake_Bulldogs_football_team": 0.011461318051575931,
    "1972_Drake_Bulldogs_football_team": 0.011461318051575931,
    "1994_Texas_A&M_Aggies_football_team": 0.011396011396011397,
    "1993_Texas_A&M_Aggies_football_team": 0.011396011396011397,
    "1992_Texas_A&M_Aggies_football_team": 0.011396011396011397,
    "1991_Texas_A&M_Aggies_football_team": 0.011396011396011397,
    "1985_Texas_A&M_Aggies_football_team": 0.011396011396011397,
    "1977_Texas_Longhorns_football_team": 0.0113314447592068,
    "1975_Texas_Longhorns_football_team": 0.0113314447592068,
    "1971_Texas_Longhorns_football_team": 0.0113314447592068,
    "1995_Texas_Longhorns_football_team": 0.0113314447592068,
    "1990_Texas_Longhorns_football_team": 0.0113314447592068,
    "1983_Texas_Longhorns_football_team": 0.0113314447592068,
    "1972_Texas_Longhorns_football_team": 0.0113314447592068,
    "1973_Texas_Longhorns_football_team": 0.0113314447592068,
    "1975_Houston_Oilers_season": 0.010869565217391304,
    "1973_Houston_Oilers_season": 0.010869565217391304,
    "1972_Houston_Oilers_season": 0.010869565217391304,
    "1971_Houston_Oilers_season": 0.010869565217391304,
    "1974_Houston_Oilers_season": 0.010830324909747292,
    "1970_Houston_Oilers_season": 0.010830324909747292,
    "1978_Houston_Oilers_season": 0.01079136690647482,
    "1979_Houston_Oilers_season": 0.01079136690647482,
    "1980_Houston_Oilers_season": 0.01079136690647482,
    "1988_Houston_Oilers_season": 0.01079136690647482,
    "1989_Houston_Oilers_season": 0.01079136690647482,
    "1990_Houston_Oilers_season": 0.01079136690647482,
    "1991_Houston_Oilers_season": 0.01079136690647482,
    "1992_Houston_Oilers_season": 0.01079136690647482,
    "1993_Houston_Oilers_season": 0.01079136690647482,
    "1981_Houston_Oilers_season": 0.01079136690647482,
    "1994_Houston_Oilers_season": 0.01079136690647482,
    "1986_Houston_Oilers_season": 0.01079136690647482,
    "1985_Houston_Oilers_season": 0.01079136690647482,
    "1983_Houston_Oilers_season": 0.01079136690647482,
    "1977_Houston_Oilers_season": 0.01079136690647482,
    "1987_Houston_Oilers_season": 0.010752688172043012,
    "1982_Houston_Oilers_season": 0.010752688172043012,
    "1984_Houston_Oilers_season": 0.010752688172043012,
    "1976_Houston_Oilers_season": 0.010752688172043012,
    "1997_Tennessee_Oilers_season": 0.010714285714285714,
    "1999_Tennessee_Titans_season": 0.010714285714285714,
    "1998_Tennessee_Oilers_season": 0.010714285714285714,
    "1996_Houston_Oilers_season": 0.010714285714285714,
    "2012_Tulsa_Golden_Hurricane_football_team": 0.010714285714285714,
    "2005_Tulsa_Golden_Hurricane_football_team": 0.010714285714285714,
    "2000_Tennessee_Titans_season": 0.010676156583629894,
    "2001_Tennessee_Titans_season": 0.010676156583629894,
    "1995_Houston_Oilers_season": 0.010676156583629894,
    "2007_Tennessee_Titans_season": 0.01060070671378092,
    "2008_Tennessee_Titans_season": 0.01060070671378092,
    "2004_Tennessee_Titans_season": 0.01060070671378092,
    "2003_Tennessee_Titans_season": 0.01060070671378092,
    "2010_Tennessee_Titans_season": 0.01060070671378092,
    "2006_Tennessee_Titans_season": 0.01060070671378092,
    "2005_Tennessee_Titans_season": 0.01056338028169014,
    "2002_Tennessee_Titans_season": 0.01056338028169014,
    "Governor's_Cup_(Texas)": 0.010471204188481676,
    "Texas_Bowl": 0.010416666666666666,
    "BBVA_Compass_Bowl": 0.010416666666666666,
    "List_of_Cotton_Bowl_Classic_broadcasters": 0.01006036217303823
}