{
    "World_Sportscar_Championship": 1.0,
    "Tour_de_France_Automobile": 0.5882352941176471,
    "1992_World_Sportscar_Championship_season": 0.4215686274509804,
    "1991_World_Sportscar_Championship_season": 0.4215686274509804,
    "1990_World_Sportscar_Championship_season": 0.4215686274509804,
    "1989_World_Sportscar_Championship_season": 0.4215686274509804,
    "1988_World_Sportscar_Championship_season": 0.4215686274509804,
    "1987_World_Sportscar_Championship_season": 0.4215686274509804,
    "1986_World_Sportscar_Championship_season": 0.4215686274509804,
    "1985_World_Sportscar_Championship_season": 0.4215686274509804,
    "1984_World_Sportscar_Championship_season": 0.4215686274509804,
    "1982_World_Sportscar_Championship_season": 0.4215686274509804,
    "1981_World_Sportscar_Championship_season": 0.4215686274509804,
    "1980_World_Sportscar_Championship_season": 0.4215686274509804,
    "1953_World_Sportscar_Championship_season": 0.4215686274509804,
    "1954_World_Sportscar_Championship_season": 0.4215686274509804,
    "1957_World_Sportscar_Championship_season": 0.4215686274509804,
    "1962_World_Sportscar_Championship_season": 0.4215686274509804,
    "1967_World_Sportscar_Championship_season": 0.4215686274509804,
    "1968_World_Sportscar_Championship_season": 0.4215686274509804,
    "1969_World_Sportscar_Championship_season": 0.4215686274509804,
    "1970_World_Sportscar_Championship_season": 0.4215686274509804,
    "1971_World_Sportscar_Championship_season": 0.4215686274509804,
    "1972_World_Sportscar_Championship_season": 0.4215686274509804,
    "1973_World_Sportscar_Championship_season": 0.4215686274509804,
    "1974_World_Sportscar_Championship_season": 0.4215686274509804,
    "1977_World_Championship_for_Makes_season": 0.4174757281553398,
    "1983_World_Sportscar_Championship_season": 0.4174757281553398,
    "Targa_Florio": 0.3508771929824561,
    "Mille_Miglia": 0.33519553072625696,
    "Oulton_Park": 0.32608695652173914,
    "Reims-Gueux": 0.31413612565445026,
    "Mugello_Circuit": 0.21660649819494585,
    "Circuit_Paul_Ricard": 0.19801980198019803,
    "List_of_Formula_One_circuits": 0.17307692307692307,
    "Donington_Park": 0.15384615384615385,
    "List_of_Superbike_World_Championship_circuits": 0.14705882352941177,
    "Circuit_des_Nations": 0.1393939393939394,
    "Aut\u00f3dromo_Jos\u00e9_Carlos_Pace": 0.13074204946996468,
    "Silverstone_Circuit": 0.12958963282937366,
    "Phillip_Island_Grand_Prix_Circuit": 0.12669683257918551,
    "List_of_Grand_Prix_motorcycle_circuits": 0.11891891891891893,
    "Oran_Park_Raceway": 0.11731843575418995,
    "Canadian_Tire_Motorsport_Park": 0.09819967266775777,
    "Mallory_Park": 0.09142857142857143,
    "1976_Formula_750_season": 0.08396946564885496,
    "1977_Formula_750_season": 0.08396946564885496,
    "Wellington_500": 0.07608695652173914,
    "Mount_Panorama_Circuit": 0.07407407407407407,
    "Formula_3_Euro_Series": 0.06547619047619048,
    "Mazda_Raceway_Laguna_Seca": 0.064030131826742,
    "1000_km_Jarama": 0.06349206349206349,
    "List_of_European_Le_Mans_Series_circuits": 0.06206896551724138,
    "Sydney_Motorsport_Park": 0.06167400881057269,
    "List_of_Superleague_Formula_circuits": 0.059602649006622516,
    "Shanghai_International_Circuit": 0.05654281098546042,
    "Rockingham_Motor_Speedway": 0.05045871559633028,
    "Lydden_Hill_Race_Circuit": 0.04819277108433735,
    "Circuit_Trois-Rivi\u00e8res": 0.04716981132075472,
    "Sonoma_Raceway": 0.04313099041533546,
    "Westwood_Motorsport_Park": 0.04225352112676056,
    "Deutsche_Tourenwagen_Masters": 0.04197530864197531,
    "Grand_Prix_of_St._Petersburg": 0.04024767801857585,
    "Auto_GP_World_Series": 0.04,
    "Endurance_FIM_World_Championship": 0.03728070175438596,
    "Pikes_Peak_International_Hill_Climb": 0.0335195530726257,
    "List_of_A1_Grand_Prix_circuits": 0.03333333333333333,
    "Pembrey_Circuit": 0.031055900621118012,
    "Detroit_Belle_Isle_Grand_Prix": 0.03103448275862069,
    "1963_World_Sportscar_Championship_season": 0.029411764705882353,
    "1964_World_Sportscar_Championship_season": 0.029411764705882353,
    "1965_World_Sportscar_Championship_season": 0.029411764705882353,
    "1966_World_Sportscar_Championship_season": 0.029411764705882353,
    "FIA_European_Formula_Three_Championship": 0.02877697841726619,
    "Lakewood_Speedway": 0.02875399361022364,
    "Grand_Prix_of_Cleveland": 0.028481012658227847,
    "Hawaiian_Super_Prix": 0.025974025974025976,
    "Molson_Indy_Vancouver": 0.024390243902439025,
    "DuQuoin_State_Fairgrounds_Racetrack": 0.02346041055718475,
    "California_State_Fairgrounds_Race_Track": 0.023316062176165803,
    "Langhorne_Speedway": 0.023316062176165803,
    "Asheville-Weaverville_Speedway": 0.0231023102310231,
    "Dover_International_Speedway": 0.022821576763485476,
    "Grand_Prix_of_Montreal": 0.022388059701492536,
    "Short_track_motor_racing": 0.02217741935483871,
    "World_Touring_Car_Championship": 0.021922428330522766,
    "List_of_Champ_Car_circuits": 0.021660649819494584,
    "Surfers_Paradise_Street_Circuit": 0.02092050209205021,
    "List_of_NASCAR_tracks": 0.02040816326530612,
    "Grand_Prix_of_Miami_(Indycar)": 0.02030456852791878,
    "Trans-Am_Series": 0.020179372197309416,
    "Texas_World_Speedway": 0.020168067226890758,
    "Speedway_Motorsports": 0.0196078431372549,
    "International_Speedway_Corporation": 0.019455252918287938,
    "Illinois_State_Fairgrounds_Racetrack": 0.01927710843373494,
    "Dallas_Grand_Prix": 0.019138755980861243,
    "Grand_Prix_of_Mosport": 0.01893939393939394,
    "Talladega_Superspeedway": 0.018867924528301886,
    "IMSA_GT_Championship": 0.01873536299765808,
    "Orange_County_Speedway": 0.01834862385321101,
    "New_Hampshire_Motor_Speedway": 0.018315018315018316,
    "Pirelli_World_Challenge": 0.01818181818181818,
    "International_Race_of_Champions": 0.017964071856287425,
    "Nashville_Superspeedway": 0.017897091722595078,
    "Homebush_Street_Circuit": 0.01764705882352941,
    "Barbagallo_Raceway": 0.017241379310344827,
    "1000_km_Buenos_Aires": 0.01694915254237288,
    "Willhire_24_Hour": 0.01694915254237288,
    "6_Hours_of_Vallelunga": 0.01694915254237288,
    "24_Hours_of_Zolder": 0.01694915254237288,
    "6_Hours_of_Castellet": 0.01694915254237288,
    "6_Hours_of_Imola": 0.01694915254237288,
    "Tokachi_24_Hours": 0.01694915254237288,
    "6_Hours_of_Donington": 0.01694915254237288,
    "Endurance_racing_(motorsport)": 0.01694915254237288,
    "Six_Hour_Le_Mans": 0.01694915254237288,
    "Spa_24_Hours": 0.016666666666666666,
    "1000_km_Suzuka": 0.016666666666666666,
    "Malaysia_Merdeka_Endurance_Race": 0.016666666666666666,
    "Kentucky_Speedway": 0.016597510373443983,
    "Pikes_Peak_International_Raceway": 0.01653944020356234,
    "Mil_Milhas_Brasil": 0.016304347826086956,
    "6_Hours_of_Watkins_Glen": 0.015625,
    "Texas_Motor_Speedway": 0.015486725663716814,
    "Honda_Indy_Toronto": 0.015280135823429542,
    "Bathurst_12_Hour": 0.015,
    "List_of_American_Championship_Car_winners": 0.014950166112956811,
    "Can-Am": 0.01488095238095238,
    "Top_Gear_test_track": 0.014367816091954023,
    "Fuji_1000_km": 0.014150943396226415,
    "Italian_Superturismo_Championship": 0.014018691588785047,
    "British_Superbike_Championship": 0.013937282229965157,
    "Petit_Le_Mans": 0.013761467889908258,
    "Hidden_Valley_Raceway": 0.013761467889908258,
    "Phoenix_International_Raceway": 0.013528748590755355,
    "2009_Grand_Prix_of_Mosport": 0.013333333333333334,
    "2010_Grand_Prix_of_Mosport": 0.013333333333333334,
    "2011_Grand_Prix_of_Mosport": 0.013333333333333334,
    "2013_SportsCar_Grand_Prix": 0.013333333333333334,
    "24_Hours_N\u00fcrburgring": 0.01327433628318584,
    "Memphis_International_Raceway": 0.012640449438202247,
    "American_Championship_car_racing": 0.012379642365887207,
    "United_States_Auto_Club": 0.012072434607645875,