{
    "List_of_24_Hours_of_Le_Mans_winners": 1.0,
    "Louis_Rosier": 0.5072463768115942,
    "Masten_Gregory": 0.5072463768115942,
    "Seiji_Ara": 0.5072463768115942,
    "Masanori_Sekiya": 0.5072463768115942,
    "List_of_24_Hours_of_Le_Mans_fatal_accidents": 0.5,
    "2008_24_Hours_of_Le_Mans": 0.5,
    "Le_Mans_Legend": 0.5,
    "2009_24_Hours_of_Le_Mans": 0.5,
    "2010_24_Hours_of_Le_Mans": 0.5,
    "2011_24_Hours_of_Le_Mans": 0.5,
    "List_of_24_hours_of_Le_Mans_records": 0.5,
    "List_of_female_24_Hours_of_Le_Mans_drivers": 0.5,
    "2006_24_Hours_of_Le_Mans": 0.5,
    "1977_24_Hours_of_Le_Mans": 0.5,
    "1976_24_Hours_of_Le_Mans": 0.5,
    "1975_24_Hours_of_Le_Mans": 0.5,
    "1974_24_Hours_of_Le_Mans": 0.5,
    "1973_24_Hours_of_Le_Mans": 0.5,
    "1972_24_Hours_of_Le_Mans": 0.5,
    "1971_24_Hours_of_Le_Mans": 0.5,
    "1970_24_Hours_of_Le_Mans": 0.5,
    "1969_24_Hours_of_Le_Mans": 0.5,
    "1968_24_Hours_of_Le_Mans": 0.5,
    "1967_24_Hours_of_Le_Mans": 0.5,
    "1966_24_Hours_of_Le_Mans": 0.5,
    "1965_24_Hours_of_Le_Mans": 0.5,
    "1964_24_Hours_of_Le_Mans": 0.5,
    "1963_24_Hours_of_Le_Mans": 0.5,
    "1961_24_Hours_of_Le_Mans": 0.5,
    "1960_24_Hours_of_Le_Mans": 0.5,
    "1959_24_Hours_of_Le_Mans": 0.5,
    "1958_24_Hours_of_Le_Mans": 0.5,
    "1957_24_Hours_of_Le_Mans": 0.5,
    "1956_24_Hours_of_Le_Mans": 0.5,
    "1923_24_Hours_of_Le_Mans": 0.5,
    "1954_24_Hours_of_Le_Mans": 0.5,
    "1955_24_Hours_of_Le_Mans": 0.5,
    "1953_24_Hours_of_Le_Mans": 0.5,
    "1952_24_Hours_of_Le_Mans": 0.5,
    "1951_24_Hours_of_Le_Mans": 0.5,
    "1950_24_Hours_of_Le_Mans": 0.5,
    "1949_24_Hours_of_Le_Mans": 0.5,
    "1939_24_Hours_of_Le_Mans": 0.5,
    "1938_24_Hours_of_Le_Mans": 0.5,
    "1937_24_Hours_of_Le_Mans": 0.5,
    "1935_24_Hours_of_Le_Mans": 0.5,
    "1934_24_Hours_of_Le_Mans": 0.5,
    "1933_24_Hours_of_Le_Mans": 0.5,
    "1932_24_Hours_of_Le_Mans": 0.5,
    "1931_24_Hours_of_Le_Mans": 0.5,
    "1929_24_Hours_of_Le_Mans": 0.5,
    "2007_24_Hours_of_Le_Mans": 0.5,
    "1928_24_Hours_of_Le_Mans": 0.5,
    "1925_24_Hours_of_Le_Mans": 0.5,
    "Dunlop_Bridge": 0.4726027397260274,
    "List_of_Le_Mans_Prototypes": 0.43670886075949367,
    "Vern_Schuppan": 0.42813455657492355,
    "Roy_Salvadori": 0.41916167664670656,
    "Rinaldo_Capello": 0.40575916230366493,
    "Maurice_Trintignant": 0.39106145251396646,
    "2012_24_Hours_of_Le_Mans": 0.38764044943820225,
    "2013_24_Hours_of_Le_Mans": 0.38764044943820225,
    "Beno\u00eet_Tr\u00e9luyer": 0.38461538461538464,
    "Yannick_Dalmas": 0.3804347826086957,
    "Lucien_Bianchi": 0.3783783783783784,
    "Olivier_Gendebien": 0.37735849056603776,
    "\u00c9ric_H\u00e9lary": 0.37333333333333335,
    "Pedro_Rodr\u00edguez_(racing_driver)": 0.356234096692112,
    "Jan_Lammers": 0.356234096692112,
    "Henri_Pescarolo": 0.35443037974683544,
    "St\u00e9phane_Ortelli": 0.35,
    "Tom_Kristensen": 0.34120171673819744,
    "Lo\u00efc_Duval": 0.33261802575107297,
    "Brendon_Hartley": 0.3211009174311927,
    "Pierluigi_Martini": 0.3182844243792325,
    "Mauro_Baldi": 0.3111111111111111,
    "Chris_Amon": 0.3111111111111111,
    "Andr\u00e9_Lotterer": 0.3093812375249501,
    "Stefan_Johansson": 0.3090507726269316,
    "Allan_McNish": 0.29750479846449135,
    "Jochen_Rindt": 0.2910602910602911,
    "John_Nielsen_(racing_driver)": 0.29045643153526973,
    "Tazio_Nuvolari": 0.2892561983471074,
    "Christophe_Bouchut": 0.2880658436213992,
    "Mike_Conway": 0.28688524590163933,
    "S\u00e9bastien_Buemi": 0.28629856850715746,
    "Triple_Crown_of_Motorsport": 0.2804878048780488,
    "Jackie_Oliver": 0.2755905511811024,
    "Frank_Biela": 0.275049115913556,
    "Martin_Brundle": 0.27184466019417475,
    "Dan_Gurney": 0.2564102564102564,
    "Hans_Herrmann": 0.25547445255474455,
    "Derek_Warwick": 0.2550091074681239,
    "Jos\u00e9_Froil\u00e1n_Gonz\u00e1lez": 0.2550091074681239,
    "Emanuele_Pirro": 0.2545126353790614,
    "Earl_Bamber": 0.2540834845735027,
    "Bruce_McLaren": 0.2536231884057971,
    "Johnny_Herbert": 0.24518388791593695,
    "David_Brabham": 0.2413793103448276,
    "Hans-Joachim_Stuck": 0.24013722126929674,
    "Andy_Wallace_(racing_driver)": 0.23972602739726026,
    "Jochen_Mass": 0.2348993288590604,
    "Nico_H\u00fclkenberg": 0.22690437601296595,
    "Geoff_Brabham": 0.22435897435897437,
    "Graham_Hill": 0.21806853582554517,
    "Lorenzo_Bandini": 0.21084337349397592,
    "Kamui_Kobayashi": 0.20833333333333334,
    "JJ_Lehto": 0.20085470085470086,
    "Mike_Hawthorn": 0.19830028328611898,
    "Michele_Alboreto": 0.1928374655647383,
    "Romain_Dumas": 0.18641810918774968,
    "Phil_Hill": 0.17766497461928935,
    "A._J._Foyt": 0.17135862913096694,
    "Didier_Theys": 0.15367965367965367,
    "Jacky_Ickx": 0.13195098963242224,
    "Filipe_Albuquerque": 0.1223175965665236,
    "Fernando_Alonso": 0.11932773109243698,
    "Pipo_Derani": 0.11804008908685969,
    "John_Paul,_Jr._(racing_driver)": 0.11804008908685969,
    "Lloyd_Ruby": 0.11777777777777777,
    "Jo_Siffert": 0.11751662971175167,
    "Bob_Wollek": 0.1172566371681416,
    "Emmanuel_Collard": 0.11666666666666667,
    "Gary_Brabham": 0.10597826086956522,
    "Harry_Tincknell": 0.10597826086956522,
    "Joakim_Bonnier": 0.10569105691056911,
    "Jean_Behra": 0.10540540540540541,
    "Nicolas_Lapierre": 0.10386473429951691,
    "Eric_van_de_Poele": 0.10216110019646366,
    "Johnny_O'Connell": 0.10056925996204934,
    "Lucas_di_Grassi": 0.09375,
    "Allan_Moffat": 0.09111617312072894,
    "Hans_Heyer": 0.090311986863711,
    "Derek_Daly": 0.0893970893970894,
    "Anthony_Davidson": 0.085667215815486,
    "Alex_Lynn": 0.08442776735459662,
    "Olivier_Panis": 0.08300395256916997,
    "Scott_Sharp": 0.07123655913978495,
    "Peter_Collins_(racing_driver)": 0.06907378335949764,
    "S\u00e9bastien_Bourdais": 0.06693711967545639,
    "Bobby_Rahal": 0.06690997566909976,
    "J\u00f6rg_Bergmeister": 0.0663265306122449,
    "Rocky_Moran": 0.0663265306122449,
    "Franck_Fr\u00e9on": 0.0663265306122449,
    "Raul_Boesel": 0.06615776081424936,
    "Danny_Ongais": 0.06615776081424936,
    "Toshio_Suzuki_(racing_driver)": 0.06615776081424936,
    "Rolf_Stommelen": 0.06598984771573604,
    "Kazuyoshi_Hoshino": 0.06598984771573604,
    "Arie_Luyendyk": 0.06571087216248507,
    "Renger_van_der_Zande": 0.06474820143884892,
    "Stirling_Moss": 0.06466876971608833,
    "Scott_Pruett": 0.06264236902050115,
    "Olivier_Beretta": 0.05895691609977324,
    "Marco_S\u00f8rensen": 0.056856187290969896,
    "Juan_Manuel_Fangio": 0.05389908256880734,
    "James_Calado": 0.05309734513274336,
    "Steve_Soper": 0.051224944320712694,
    "Bernd_Schneider_(racing_driver)": 0.051001821493624776,
    "St\u00e9phane_Sarrazin": 0.05092592592592592,
    "24_Hours_of_Daytona": 0.04963235294117647,
    "John_Surtees": 0.04883227176220807,
    "Alexander_Sims_(racing_driver)": 0.04788213627992634,
    "Philipp_Eng": 0.047619047619047616,
    "Timo_Scheider": 0.046992481203007516,
    "Didier_de_Radigu\u00e8s": 0.04533333333333334,
    "Thierry_Boutsen": 0.04532967032967033,
    "Mario_Andretti": 0.044095665171898356,
    "Graham_Rahal": 0.043689320388349516,
    "Gerhard_Berger": 0.039414414414414414,
    "Pedro_Lamy": 0.03937007874015748,
    "Giuseppe_Farina": 0.03756476683937824,
    "Dan_Wheldon": 0.03620474406991261,
    "Scott_Dixon": 0.03580246913580247,
    "H\u00e9lio_Castroneves": 0.03567035670356704,
    "Dario_Franchitti": 0.03538812785388128,
    "Tony_Kanaan": 0.034523809523809526,
    "Al_Unser": 0.034523809523809526,
    "2012_6_Hours_of_S\u00e3o_Paulo": 0.033707865168539325,
    "2013_6_Hours_of_S\u00e3o_Paulo": 0.033707865168539325,
    "2012_6_Hours_of_Bahrain": 0.03361344537815126,
    "2012_6_Hours_of_Shanghai": 0.03361344537815126,
    "Alexander_Rossi_(racing_driver)": 0.03337041156840934,
    "2012_6_Hours_of_Fuji": 0.03278688524590164,
    "2013_6_Hours_of_Circuit_of_the_Americas": 0.0326975476839237,