{
    "List_of_Svenska_Cupen_winners": 1.0,
    "1997\u201398_Svenska_Cupen": 0.4912891986062718,
    "Division_2_Norra": 0.275,
    "Swedish_football_Division_2_S\u00f6dra": 0.275,
    "List_of_football_clubs_in_Sweden_\u2013_B": 0.275,
    "List_of_football_clubs_in_Sweden_\u2013_D": 0.275,
    "List_of_football_clubs_in_Sweden_\u2013_E": 0.275,
    "List_of_football_clubs_in_Sweden_\u2013_F": 0.275,
    "List_of_football_clubs_in_Sweden_\u2013_G": 0.275,
    "List_of_football_clubs_in_Sweden_\u2013_H": 0.275,
    "List_of_football_clubs_in_Sweden_\u2013_I": 0.275,
    "List_of_football_clubs_in_Sweden_\u2013_K": 0.275,
    "List_of_football_clubs_in_Sweden_\u2013_L": 0.275,
    "List_of_football_clubs_in_Sweden_\u2013_M": 0.275,
    "List_of_football_clubs_in_Sweden_\u2013_S": 0.275,
    "List_of_football_clubs_in_Sweden_\u2013_T": 0.275,
    "List_of_football_clubs_in_Sweden_\u2013_V": 0.275,
    "Kamratm\u00e4sterskapen": 0.275,
    "Wicanderska_V\u00e4lg\u00f6renhetssk\u00f6lden": 0.275,
    "Seasons_in_Swedish_football": 0.2646048109965636,
    "2003_Svenska_Cupen": 0.25493716337522443,
    "2002_Svenska_Cupen": 0.25493716337522443,
    "2004_Svenska_Cupen": 0.25448028673835127,
    "2005_Svenska_Cupen": 0.2526690391459075,
    "2006_Svenska_Cupen": 0.24149659863945577,
    "Elitettan": 0.2413793103448276,
    "2008_Svenska_Cupen": 0.23865546218487396,
    "List_of_Swedish_football_champions": 0.23511904761904762,
    "List_of_football_stadiums_in_Sweden": 0.22318840579710145,
    "List_of_football_clubs_in_Sweden": 0.22126436781609196,
    "List_of_foreign_Allsvenskan_players": 0.21629213483146068,
    "Coppa_Titano": 0.21476510067114093,
    "Faroe_Islands_Cup": 0.2,
    "Moldovan_Cup": 0.1933534743202417,
    "Belarusian_Cup": 0.1921921921921922,
    "Georgian_Cup": 0.19047619047619047,
    "Scanian_derbies": 0.1872037914691943,
    "Kazakhstan_Cup": 0.1792717086834734,
    "Slovenian_Football_Cup": 0.17582417582417584,
    "Macedonian_Cup": 0.17486338797814208,
    "Sweden_national_under-17_football_team": 0.17362637362637362,
    "Estonian_Cup": 0.1725067385444744,
    "Latvian_Football_Cup": 0.1693121693121693,
    "Azerbaijan_Cup": 0.16842105263157894,
    "Lithuanian_Football_Cup": 0.1671018276762402,
    "Cypriot_Cup": 0.1641025641025641,
    "Finnish_Cup": 0.1636828644501279,
    "Armenian_Independence_Cup": 0.1620253164556962,
    "Luxembourg_Cup": 0.1620253164556962,
    "Austrian_Cup": 0.16,
    "Swedish_Football_Association": 0.1595959595959596,
    "Russian_Cup_(football)": 0.15920398009950248,
    "Yugoslav_Cup": 0.1568627450980392,
    "Albanian_Cup": 0.15609756097560976,
    "Polish_Cup": 0.1549636803874092,
    "Damallsvenskan": 0.15476190476190477,
    "Swedish_Football_Division_1": 0.15459882583170254,
    "Swedish_Football_Division_1_Norra": 0.15459882583170254,
    "Swedish_Football_Division_1_S\u00f6dra": 0.15459882583170254,
    "Swiss_Cup": 0.15384615384615385,
    "Superettan": 0.15221579961464354,
    "FDGB-Pokal": 0.15201900237529692,
    "List_of_Sweden_international_footballers": 0.1511627906976744,
    "List_of_Israel_State_Cup_winners": 0.14988290398126464,
    "Belgian_Cup": 0.14578587699316628,
    "Soviet_Cup": 0.14317673378076062,
    "Sweden_national_under-21_football_team": 0.14285714285714285,
    "Allsvenskan": 0.14084507042253522,
    "Ukrainian_Cup": 0.1306122448979592,
    "List_of_Cupa_Rom\u00e2niei_finals": 0.13034623217922606,
    "Bulgarian_Cup": 0.12673267326732673,
    "Coppa_Italia": 0.12549019607843137,
    "Danish_Cup": 0.12524461839530332,
    "KNVB_Cup": 0.12475633528265107,
    "DFB-Pokal": 0.12403100775193798,
    "Turkish_Cup": 0.1191806331471136,
    "Norwegian_Football_Cup": 0.11449016100178891,
    "FAI_Cup": 0.1094017094017094,
    "Copa_del_Rey": 0.10509031198686371,
    "Ta\u00e7a_de_Portugal": 0.10491803278688525,
    "Magyar_Kupa": 0.10142630744849446,
    "Sweden_national_football_team": 0.08876404494382023,
    "UEFA": 0.05309090909090909,
    "Sweden_national_men's_squash_team": 0.02881844380403458,
    "Sweden_national_speedway_team": 0.026041666666666668,
    "Sweden_men's_national_junior_ice_hockey_team": 0.023696682464454975,
    "Sweden_national_basketball_team": 0.020833333333333332,
    "2013_Landskrona_BoIS_season": 0.020689655172413793,
    "Sweden_national_rugby_league_team": 0.02053388090349076,
    "Sweden_men's_national_ice_hockey_team": 0.020491803278688523,
    "Sweden_at_the_Paralympics": 0.01845018450184502,
    "Sweden_national_bandy_team": 0.01845018450184502,
    "2012_Damallsvenskan": 0.016304347826086956,
    "2013_in_Swedish_football": 0.015015015015015015,
    "Masters_Football": 0.014534883720930232,
    "Sweden_at_the_Olympics": 0.014347202295552367,
    "Premier_League": 0.014263074484944533,
    "2013_Superettan": 0.014150943396226415,
    "NIFL_Premiership": 0.014040561622464899,
    "Northern_Ireland_national_football_team": 0.013071895424836602,
    "List_of_Landskrona_BoIS_players": 0.01278772378516624,
    "England_national_football_team_manager": 0.01263537906137184,
    "2012_in_Swedish_football": 0.012048192771084338,
    "2012_Swedish_Football_Division_2": 0.01201923076923077,
    "Oberliga_Berlin_(1945\u201363)": 0.011990407673860911,
    "2013_Swedish_football_Division_1": 0.011933174224343675,
    "Second_League_of_Serbia_and_Montenegro": 0.011881188118811881,
    "2012_Superettan": 0.01182033096926714,
    "2013_Malm\u00f6_FF_season": 0.01179245283018868,
    "2013_Halmstads_BK_season": 0.011655011655011656,
    "Slovenian_Republic_Football_League": 0.011494252873563218,
    "DFL-Supercup": 0.011441647597254004,
    "Moldovan_National_Division": 0.011337868480725623,
    "2013_Djurg\u00e5rdens_IF_season": 0.01126126126126126,
    "Landskrona_BoIS": 0.011235955056179775,
    "Trofeo_Federale": 0.011235955056179775,
    "2013_AIK_Fotboll_season": 0.011210762331838564,
    "Georgian_Super_Cup": 0.011049723756906077,
    "Campionato_Sammarinese_di_Calcio": 0.010964912280701754,
    "LTV_Super_Cup": 0.01084010840108401,
    "Slovenian_Supercup": 0.010752688172043012,
    "Kazakhstan_Premier_League": 0.010752688172043012,
    "Football_Superleague_of_Kosovo": 0.01072961373390558,
    "List_of_Greek_football_champions": 0.0106951871657754,
    "Luxembourg_National_Division": 0.010657193605683837,
    "San_Marino_national_football_team": 0.010638297872340425,
    "Luxembourg_Division_of_Honour": 0.010554089709762533,
    "DDR-Oberliga": 0.010548523206751054,
    "List_of_Finnish_football_champions": 0.010526315789473684,
    "Mestaruussarja": 0.010443864229765013,
    "Luxembourg_national_under-21_football_team": 0.010416666666666666,
    "Luxembourg_2._Division": 0.010416666666666666,
    "Luxembourg_3._Division": 0.010416666666666666,
    "Premier_League_of_Bosnia_and_Herzegovina": 0.010395010395010396,
    "Slovenian_PrvaLiga": 0.01037344398340249,
    "Gambrinus_Liga": 0.010351966873706004,
    "Andorra_national_football_team": 0.010230179028132993,
    "Divisiones_Regionales_de_F\u00fatbol": 0.010230179028132993,
    "Divisiones_Regionales_de_F\u00fatbol_in_the_Valencian_Community": 0.01020408163265306,
    "Divisiones_Regionales_de_F\u00fatbol_in_Galicia": 0.01020408163265306,
    "Divisiones_Regionales_de_F\u00fatbol_in_Asturias": 0.01020408163265306,
    "Divisiones_Regionales_de_F\u00fatbol_in_the_Region_of_Murcia": 0.01020408163265306,
    "Divisiones_Regionales_de_F\u00fatbol_in_Castilla-La_Mancha": 0.01020408163265306,
    "Divisiones_Regionales_de_F\u00fatbol_in_Extremadura": 0.01020408163265306,
    "Divisiones_Regionales_de_F\u00fatbol_in_Castile_and_Le\u00f3n": 0.01020408163265306,
    "Divisiones_Regionales_de_F\u00fatbol_in_Arag\u00f3n": 0.01020408163265306,
    "Divisiones_Regionales_de_F\u00fatbol_in_Andalusia": 0.01020408163265306,
    "Divisiones_Regionales_de_F\u00fatbol_in_Canary_Islands": 0.01020408163265306,
    "Divisiones_Regionales_de_F\u00fatbol_in_Balearic_Islands": 0.01020408163265306,