{
    "List_of_Jessie_J_concert_tours": 1.0,
    "Who_You_Are_(Jessie_J_album)": 0.9743589743589743,
    "Domino_(Jessie_J_song)": 0.9743589743589743,
    "Nobody's_Perfect_(Jessie_J_song)": 0.95,
    "Do_It_like_a_Dude": 0.95,
    "Price_Tag": 0.4318181818181818,
    "Wild_(Jessie_J_song)": 0.24516129032258063,
    "Songs_for_You,_Truths_for_Me": 0.016666666666666666,
    "The_Awakening_(James_Morrison_album)": 0.016666666666666666,
    "Undiscovered_(James_Morrison_album)": 0.016666666666666666,
    "I_Won't_Let_You_Go_(James_Morrison_song)": 0.01639344262295082,
    "Pitch_Perfect": 0.014285714285714285,
    "David_Guetta_discography": 0.013605442176870748,
    "Love_Don't_Let_Me_Go_(Walking_Away)": 0.013605442176870748,
    "Just_One_Last_Time": 0.013513513513513514,
    "Robin_Thicke_discography": 0.012658227848101266,
    "Blurred_Lines_(album)": 0.0125,
    "Alan_Thicke": 0.012195121951219513,
    "One_Love_(David_Guetta_song)": 0.011695906432748537,
    "B.o.B_discography": 0.011627906976744186,
    "So_Good_(B.o.B_song)": 0.011627906976744186,
    "B.o.B_Presents:_The_Adventures_of_Bobby_Ray": 0.011494252873563218,
    "Night_of_Your_Life_(David_Guetta_song)": 0.011363636363636364,
    "B.o.B": 0.011235955056179775,
    "Acapella_(Kelis_song)": 0.010869565217391304,
    "Airplanes_(song)": 0.010101010101010102
}