{
    "List_of_shopping_malls_in_Metro_Manila": 1.0,
    "List_of_parks_in_Manila": 0.6682242990654206,
    "List_of_hotels_in_Metro_Manila": 0.6682242990654206,
    "List_of_museums_in_Metro_Manila": 0.6682242990654206,
    "List_of_cinemas_in_Manila": 0.6682242990654206,
    "List_of_theaters_and_concert_halls_in_Metro_Manila": 0.6682242990654206,
    "List_of_public_art_in_Metro_Manila": 0.6682242990654206,
    "Mega_Manila": 0.6271929824561403,
    "List_of_Cultural_Properties_of_the_Philippines_in_Metro_Manila": 0.6190476190476191,
    "List_of_rivers_and_estuaries_in_Metro_Manila": 0.6111111111111112,
    "Greater_Manila_Area": 0.5375939849624061,
    "List_of_libraries_in_Metro_Manila": 0.5238095238095238,
    "Pasig_River_Ferry_Service": 0.5125448028673835,
    "List_of_radio_stations_in_Metro_Manila": 0.47039473684210525,
    "List_of_populated_places_in_Metro_Manila": 0.3932291666666667,
    "Metro_Manila_Arterial_Road_System": 0.3142857142857143,
    "List_of_rail_transit_stations_in_Metro_Manila": 0.3004201680672269,
    "List_of_tallest_buildings_in_Metro_Manila": 0.2803921568627451,
    "Metro_Manila": 0.18654073199527746,
    "Manila": 0.1754601226993865,
    "World_Pyro_Olympics": 0.06209150326797386,
    "Ayala_Malls": 0.06072874493927125,
    "SM_Supermalls": 0.05517241379310345,
    "List_of_bridges_in_the_Philippines": 0.04659498207885305,
    "Mayor_of_Manila": 0.043795620437956206,
    "Montenegro_Lines": 0.04304635761589404,
    "List_of_cities_in_the_Philippines": 0.038929440389294405,
    "Cabuyao": 0.03801652892561983,
    "List_of_expressways_in_the_Philippines": 0.03735632183908046,
    "Dasmari\u00f1as": 0.036608863198458574,
    "List_of_ports_in_the_Philippines": 0.03580562659846547,
    "Cities_of_the_Philippines": 0.0352,
    "List_of_airlines_of_the_Philippines": 0.032418952618453865,
    "Legislative_districts_of_Manila": 0.02806122448979592,
    "List_of_airports_in_the_Philippines": 0.02771855010660981,
    "Manila_local_elections,_2013": 0.022004889975550123,
    "Manila_Metro_Rail_Transit_System": 0.019308943089430895,
    "Manila_Light_Rail_Transit_System_Line_1": 0.018085106382978722,
    "Roman_Catholic_Archdiocese_of_Manila": 0.017241379310344827,
    "Highways_in_the_Philippines": 0.01703800786369594,
    "Regions_of_the_Philippines": 0.014522821576763486,
    "Laguna_(province)": 0.014285714285714285,
    "City_Supermarket,_Inc.": 0.01293103448275862,
    "List_of_shopping_mall_retailers_in_the_Philippines": 0.01293103448275862,
    "List_of_barangays_in_Valenzuela": 0.01282051282051282,
    "List_of_Philippine_cities_and_municipalities_by_population": 0.012224938875305624,
    "List_of_smallest_municipalities_in_the_Philippines": 0.012224938875305624,
    "List_of_Philippine_cities_and_municipalities_by_area": 0.012224938875305624,
    "Bulacan-Rizal-Manila-Cavite_Regional_Expressway": 0.01152073732718894,
    "Legislative_districts_of_the_Philippines": 0.011308562197092083,
    "San_Mateo,_Rizal": 0.010723860589812333,
    "EDSA_(road)": 0.010452961672473868,
    "Bulacan": 0.010309278350515464,
    "Commonwealth_Avenue,_Quezon_City": 0.010178117048346057,
    "Circumferential_Road_5": 0.010178117048346057,
    "List_of_largest_shopping_malls_in_the_Philippines": 0.010169491525423728,
    "List_of_shopping_malls_in_the_Philippines": 0.010169491525423728,
    "Quirino_Highway": 0.010101010101010102,
    "Rizal": 0.010050251256281407,
    "CALABARZON": 0.010025062656641603
}