{
    "2010_College_Baseball_All-America_Team": 1.0,
    "2006_College_Baseball_All-America_Team": 0.7894736842105263,
    "2004_College_Baseball_All-America_Team": 0.7894736842105263,
    "2009_College_Baseball_All-America_Team": 0.78125,
    "2011_College_Baseball_All-America_Team": 0.7755102040816326,
    "1991_College_Baseball_All-America_Team": 0.7731958762886598,
    "2007_College_Baseball_All-America_Team": 0.7731958762886598,
    "2002_College_Baseball_All-America_Team": 0.7731958762886598,
    "2001_College_Baseball_All-America_Team": 0.7731958762886598,
    "1947_College_Baseball_All-America_Team": 0.7731958762886598,
    "1948_College_Baseball_All-America_Team": 0.7731958762886598,
    "1949_College_Baseball_All-America_Team": 0.7731958762886598,
    "1950_College_Baseball_All-America_Team": 0.7731958762886598,
    "1951_College_Baseball_All-America_Team": 0.7731958762886598,
    "1952_College_Baseball_All-America_Team": 0.7731958762886598,
    "1953_College_Baseball_All-America_Team": 0.7731958762886598,
    "1954_College_Baseball_All-America_Team": 0.7731958762886598,
    "1955_College_Baseball_All-America_Team": 0.7731958762886598,
    "1956_College_Baseball_All-America_Team": 0.7731958762886598,
    "1957_College_Baseball_All-America_Team": 0.7731958762886598,
    "1958_College_Baseball_All-America_Team": 0.7731958762886598,
    "1959_College_Baseball_All-America_Team": 0.7731958762886598,
    "1960_College_Baseball_All-America_Team": 0.7731958762886598,
    "1961_College_Baseball_All-America_Team": 0.7731958762886598,
    "1962_College_Baseball_All-America_Team": 0.7731958762886598,
    "1963_College_Baseball_All-America_Team": 0.7731958762886598,
    "1964_College_Baseball_All-America_Team": 0.7731958762886598,
    "1965_College_Baseball_All-America_Team": 0.7731958762886598,
    "1966_College_Baseball_All-America_Team": 0.7731958762886598,
    "1967_College_Baseball_All-America_Team": 0.7731958762886598,
    "1968_College_Baseball_All-America_Team": 0.7731958762886598,
    "1969_College_Baseball_All-America_Team": 0.7731958762886598,
    "1973_College_Baseball_All-America_Team": 0.7731958762886598,
    "1970_College_Baseball_All-America_Team": 0.7731958762886598,
    "1972_College_Baseball_All-America_Team": 0.7731958762886598,
    "2003_College_Baseball_All-America_Team": 0.7653061224489796,
    "1971_College_Baseball_All-America_Team": 0.7653061224489796,
    "1974_College_Baseball_All-America_Team": 0.7653061224489796,
    "1975_College_Baseball_All-America_Team": 0.7653061224489796,
    "1976_College_Baseball_All-America_Team": 0.7653061224489796,
    "1977_College_Baseball_All-America_Team": 0.7653061224489796,
    "1979_College_Baseball_All-America_Team": 0.7653061224489796,
    "1980_College_Baseball_All-America_Team": 0.7653061224489796,
    "2012_College_Baseball_All-America_Team": 0.7653061224489796,
    "2013_College_Baseball_All-America_Team": 0.7653061224489796,
    "1995_College_Baseball_All-America_Team": 0.7575757575757576,
    "1978_College_Baseball_All-America_Team": 0.7575757575757576,
    "1993_College_Baseball_All-America_Team": 0.75,
    "2008_College_Baseball_All-America_Team": 0.75,
    "2005_College_Baseball_All-America_Team": 0.75,
    "2000_College_Baseball_All-America_Team": 0.75,
    "1997_College_Baseball_All-America_Team": 0.75,
    "1992_College_Baseball_All-America_Team": 0.7425742574257426,
    "1999_College_Baseball_All-America_Team": 0.7425742574257426,
    "1996_College_Baseball_All-America_Team": 0.7425742574257426,
    "1994_College_Baseball_All-America_Team": 0.7352941176470589,
    "1989_College_Baseball_All-America_Team": 0.7281553398058253,
    "1998_College_Baseball_All-America_Team": 0.7211538461538461,
    "1988_College_Baseball_All-America_Team": 0.7142857142857143,
    "1985_College_Baseball_All-America_Team": 0.7142857142857143,
    "1981_College_Baseball_All-America_Team": 0.7142857142857143,
    "1982_College_Baseball_All-America_Team": 0.7142857142857143,
    "1984_College_Baseball_All-America_Team": 0.7075471698113207,
    "1983_College_Baseball_All-America_Team": 0.7075471698113207,
    "1987_College_Baseball_All-America_Team": 0.7009345794392523,
    "1986_College_Baseball_All-America_Team": 0.7009345794392523,
    "1990_College_Baseball_All-America_Team": 0.6880733944954128,
    "2010_Major_League_Baseball_Draft": 0.022321428571428572,
    "Dick_Howser_Trophy": 0.011764705882352941,
    "Baseball_America_College_Player_of_the_Year_Award": 0.011299435028248588
}