{
    "The_Good_Wife_(season_1)": 1.0,
    "The_Good_Wife_(season_2)": 1.0,
    "The_Good_Wife_(season_3)": 1.0,
    "List_of_awards_and_nominations_received_by_The_Good_Wife": 1.0,
    "The_Good_Wife_(season_4)": 1.0,
    "The_Good_Wife": 0.13855421686746988,
    "Boomtown_(2002_TV_series)": 0.020202020202020204,
    "Lisa_Wilhoit": 0.0196078431372549,
    "My_So-Called_Life": 0.0196078431372549,
    "TCA_Award_for_Outstanding_Achievement_in_Drama": 0.015037593984962405,
    "Homicide:_Life_on_the_Street_(season_4)": 0.014492753623188406,
    "Homicide:_Life_on_the_Street_(season_5)": 0.014492753623188406,
    "Homicide:_Life_on_the_Street_(season_6)": 0.014492753623188406,
    "I'll_Fly_Away_(TV_series)": 0.013043478260869565,
    "Breaking_Bad_(season_3)": 0.012121212121212121,
    "Breaking_Bad_(season_4)": 0.011627906976744186,
    "Lonesome_Dove_(TV_miniseries)": 0.010752688172043012,
    "Homicide:_Life_on_the_Street": 0.010676156583629894,
    "The_Sopranos_(season_3)": 0.01015228426395939
}