{
    "List_of_Oko_satellites": 1.0,
    "1984_in_spaceflight": 0.022988505747126436,
    "1985_in_spaceflight": 0.022857142857142857,
    "1986_in_spaceflight": 0.021538461538461538,
    "1992_in_spaceflight": 0.01904761904761905,
    "1990_in_spaceflight": 0.016901408450704224,
    "1980_in_spaceflight": 0.015527950310559006,
    "1982_in_spaceflight": 0.014925373134328358,
    "Salyut_7": 0.014792899408284023,
    "1981_in_spaceflight": 0.014619883040935672,
    "STS-32": 0.013793103448275862,
    "1987_in_spaceflight": 0.012345679012345678,
    "1988_in_spaceflight": 0.012012012012012012,
    "Astra_1A": 0.011834319526627219,
    "Mir": 0.010606060606060607,
    "1993_in_spaceflight": 0.010067114093959731
}