{
    "Seoul_Subway_Line_3": 1.0,
    "Sinansan_Line": 0.9147727272727273,
    "Suin_Line": 0.9147727272727273,
    "Seoul_Subway_Line_2": 0.8819875776397516,
    "Seoul_Subway_Line_6": 0.8819875776397516,
    "Seoul_Subway_Line_7": 0.8819875776397516,
    "Seoul_Subway_Line_8": 0.8819875776397516,
    "Seoul_Subway_Line_5": 0.8819875776397516,
    "Ansan_Line": 0.84472049689441,
    "Everline": 0.8068181818181818,
    "Seoul_Subway_Line_4": 0.755868544600939,
    "Incheon_Subway_Line_2": 0.7553191489361702,
    "Incheon_Subway_Line_1": 0.743455497382199,
    "List_of_Seoul_bus_routes": 0.7142857142857143,
    "Bundang_Line": 0.6680497925311203,
    "Seoul_Subway_Line_1": 0.6168582375478927,
    "Gimpo_International_Airport": 0.5888324873096447,
    "Incheon_International_Airport": 0.5155555555555555,
    "Gyeongui_Line": 0.5093632958801498,
    "Seoul_Metropolitan_Subway": 0.49480968858131485,
    "Janghang_Line": 0.49097472924187724,
    "Jungang_Line": 0.47719298245614034,
    "Gyeongbu_Expressway": 0.42592592592592593,
    "Busan\u2013Gimhae_Light_Rail_Transit": 0.36645962732919257,
    "Busan_Metro_Line_1": 0.36645962732919257,
    "Busan_Metro_Line_2": 0.36645962732919257,
    "Busan_Metro_Line_3": 0.36645962732919257,
    "Daegu_Metro_Line_1": 0.36645962732919257,
    "Daejeon_Metro_Line_1": 0.36645962732919257,
    "Gwangju_Metro_Line_1": 0.36645962732919257,
    "Busan_Metro_Line_4": 0.36645962732919257,
    "Daegu_Metro_Line_2": 0.36645962732919257,
    "Gyeongbu_High_Speed_Railway": 0.3382352941176471,
    "Rapid_transit_in_South_Korea": 0.26339285714285715,
    "Yongsan_Station": 0.24628450106157113,
    "Donghae_Nambu_Line": 0.2236024844720497,
    "National_highways_of_South_Korea": 0.05063291139240506,
    "Expressways_in_South_Korea": 0.03137254901960784,
    "Okinawa_Monorail": 0.03076923076923077,
    "Kochi_Metro": 0.023195876288659795,
    "Nagoya_Municipal_Subway": 0.022222222222222223,
    "Jeju_International_Airport": 0.02030456852791878,
    "Gimhae_International_Airport": 0.02030456852791878,
    "List_of_Kolkata_metro_stations": 0.020179372197309416,
    "Osaka_Monorail": 0.019271948608137045,
    "Osaka_Municipal_Subway": 0.019189765458422176,
    "Tokyo_Metro": 0.019011406844106463,
    "High-speed_rail_by_country": 0.017326732673267328,
    "FMetro": 0.015306122448979591,
    "List_of_Namma_Metro_stations": 0.014925373134328358,
    "Hokkaido_Shinkansen": 0.01488833746898263,
    "Northeast_Corridor": 0.014861995753715499,
    "Kyushu_Shinkansen": 0.01366742596810934,
    "South_Chungcheong_Province": 0.013574660633484163,
    "North_Chungcheong_Province": 0.013574660633484163,
    "North_Jeolla_Province": 0.013452914798206279,
    "South_Jeolla_Province": 0.012987012987012988,
    "North_Gyeongsang_Province": 0.012875536480686695,
    "South_Gyeongsang_Province": 0.012875536480686695,
    "Taiwan_High_Speed_Rail": 0.01282051282051282,
    "Sany\u014d_Shinkansen": 0.01276595744680851,
    "T\u014dhoku_Shinkansen": 0.012269938650306749,
    "J\u014detsu_Shinkansen": 0.012269938650306749,
    "List_of_the_busiest_airports_in_South_Korea": 0.011904761904761904,
    "Administrative_divisions_of_South_Korea": 0.011363636363636364,
    "List_of_Delhi_metro_stations": 0.011083743842364532,
    "Gyeonggi_Province": 0.01107011070110701,
    "Hokuriku_Shinkansen": 0.010830324909747292,
    "Nagano_Shinkansen": 0.010830324909747292,
    "T\u014dkaid\u014d_Shinkansen": 0.010714285714285714,
    "Iran_at_the_1986_Asian_Games": 0.010582010582010581,
    "South_Korea_at_the_1986_Asian_Games": 0.010582010582010581,
    "Regions_of_Korea": 0.010309278350515464,
    "Gangwon_Province_(South_Korea)": 0.010273972602739725,
    "West_Coast_Main_Line": 0.010084033613445379,
    "Daejeon": 0.010033444816053512,
    "Ulsan": 0.010033444816053512
}