{
    "2012_NASCAR_Sprint_All-Star_Race": 1.0,
    "2013_NASCAR_Sprint_All-Star_Race": 0.5384615384615384,
    "2013_Mudsummer_Classic": 0.4461538461538462,
    "2008_NASCAR_Sprint_All-Star_Race": 0.3855932203389831,
    "2012_Budweiser_Shootout": 0.3153846153846154,
    "2012_Gatorade_Duels": 0.3153846153846154,
    "2012_Subway_Fresh_Fit_500": 0.3153846153846154,
    "2012_Kobalt_Tools_400": 0.3153846153846154,
    "2012_Food_City_500": 0.3153846153846154,
    "2012_Auto_Club_400": 0.3153846153846154,
    "2012_Goody's_Fast_Relief_500": 0.3153846153846154,
    "2012_STP_400": 0.3153846153846154,
    "2012_Capital_City_400": 0.3153846153846154,
    "2012_FedEx_400": 0.3153846153846154,
    "2012_Pocono_400": 0.3153846153846154,
    "2012_Quaker_State_400": 0.3153846153846154,
    "2012_Coke_Zero_400": 0.3153846153846154,
    "2012_Lenox_Industrial_Tools_301": 0.3153846153846154,
    "2012_Pennsylvania_400": 0.3153846153846154,
    "2012_Finger_Lakes_355_at_The_Glen": 0.3153846153846154,
    "2012_Pure_Michigan_400": 0.3153846153846154,
    "2012_Federated_Auto_Parts_400": 0.3153846153846154,
    "2012_GEICO_400": 0.3153846153846154,
    "2012_Sylvania_300": 0.3153846153846154,
    "2012_AAA_400": 0.3153846153846154,
    "2012_Good_Sam_Roadside_Assistance_500": 0.3153846153846154,
    "2012_Bank_of_America_500": 0.3153846153846154,
    "2012_Hollywood_Casino_400": 0.3153846153846154,
    "2012_Tums_Fast_Relief_500": 0.3153846153846154,
    "2012_AAA_Texas_500": 0.3153846153846154,
    "List_of_NASCAR_Sprint_All-Star_Race_drivers": 0.2923076923076923,
    "2012_Daytona_500": 0.241635687732342,
    "2012_Brickyard_400": 0.22270742358078602,
    "2012_Coca-Cola_600": 0.21354166666666666,
    "2012_Bojangles'_Southern_500": 0.20098039215686275,
    "2012_NASCAR_Sprint_Cup_Series": 0.19806763285024154,
    "NASCAR_Sprint_All-Star_Race": 0.19689119170984457,
    "NASCAR_Hall_of_Fame": 0.16810344827586207,
    "2009_Aaron's_499": 0.11063829787234042,
    "2013_Aaron's_499": 0.11063829787234042,
    "2007_Subway_Fresh_Fit_500": 0.1059322033898305,
    "2007_Aaron's_499": 0.1059322033898305,
    "Darrell_Waltrip": 0.1,
    "Michael_Waltrip": 0.0953125,
    "2005_Daytona_500": 0.08794788273615635,
    "2009_Daytona_500": 0.08794788273615635,
    "2010_Daytona_500": 0.08794788273615635,
    "2011_Daytona_500": 0.08794788273615635,
    "2013_Daytona_500": 0.08794788273615635,
    "List_of_Daytona_500_broadcasters": 0.0852994555353902,
    "2001_Daytona_500": 0.08469055374592833,
    "2003_Daytona_500": 0.08116883116883117,
    "List_of_Coca-Cola_600_broadcasters": 0.0741687979539642,
    "Coca-Cola_600": 0.0741687979539642,
    "1998_Pepsi_400": 0.07096774193548387,
    "2000_Dura_Lube_300": 0.07096774193548387,
    "1992_Hooters_500": 0.058091286307053944,
    "Jeff_Gordon": 0.05475504322766571,
    "Benny_Parsons": 0.05191256830601093,
    "2010_AAA_Texas_500": 0.051181102362204724,
    "2011_AdvoCare_500": 0.051181102362204724,
    "1991_Budweiser_at_The_Glen": 0.05092592592592592,
    "2010_Ford_400": 0.05017921146953405,
    "2011_Ford_400": 0.05017921146953405,
    "Danica_Patrick": 0.05,
    "2010_Brickyard_400": 0.04868913857677903,
    "2011_Brickyard_400": 0.04868913857677903,
    "2013_Brickyard_400": 0.04868913857677903,
    "1994_Brickyard_400": 0.048034934497816595,
    "1995_Brickyard_400": 0.048034934497816595,
    "1996_Brickyard_400": 0.048034934497816595,
    "Buddy_Baker": 0.04552352048558422,
    "2010_Irwin_Tools_Night_Race": 0.04487179487179487,
    "2007_Allstate_400_at_the_Brickyard": 0.04477611940298507,
    "Kevin_Harvick": 0.044444444444444446,
    "2013_DRIVE4COPD_300": 0.04417670682730924,
    "2007_Pepsi_400": 0.04329004329004329,
    "Texas_Motor_Speedway": 0.04185022026431718,
    "Jamie_McMurray": 0.04028436018957346,
    "Geoff_Bodine": 0.038978494623655914,
    "Dale_Jarrett": 0.03873744619799139,
    "1972_Daytona_500": 0.038461538461538464,
    "Cale_Yarborough": 0.038314176245210725,
    "David_Hobbs_(racing_driver)": 0.03807106598984772,
    "2004_Daytona_500": 0.0379746835443038,
    "Dale_Earnhardt,_Jr.": 0.03735632183908046,
    "Adri\u00e1n_Fern\u00e1ndez": 0.037037037037037035,
    "2002_Daytona_500": 0.03597122302158273,
    "2006_Daytona_500": 0.03597122302158273,
    "Terry_Labonte": 0.03409090909090909,
    "Charlotte_Motor_Speedway": 0.034050179211469536,
    "Hendrick_Motorsports": 0.032846715328467155,
    "Davey_Allison": 0.03282828282828283,
    "Richard_Petty": 0.032520325203252036,
    "Ernie_Irvan": 0.03202846975088968,
    "Johnny_Rutherford": 0.0319693094629156,
    "1998_Daytona_500": 0.03162055335968379,
    "2000_Daytona_500": 0.03162055335968379,
    "1996_Daytona_500": 0.03162055335968379,
    "1999_Daytona_500": 0.03162055335968379,
    "1997_Daytona_500": 0.03162055335968379,
    "1994_Daytona_500": 0.03162055335968379,
    "Dale_Earnhardt,_Inc.": 0.030959752321981424,
    "Kasey_Kahne": 0.030478955007256895,
    "David_Green_(racing_driver)": 0.029957203994293864,
    "1999_Marlboro_500": 0.02976190476190476,
    "2000_Tenneco_Automotive_Grand_Prix_of_Detroit": 0.02976190476190476,
    "Tony_Stewart": 0.02893617021276596,
    "Junior_Johnson": 0.028503562945368172,
    "Matt_Kenseth": 0.028023598820058997,
    "Greg_Sacks": 0.02746566791510612,
    "Ken_Schrader": 0.026341463414634145,
    "Robby_Gordon": 0.025373134328358207,
    "Bobby_Unser": 0.025157232704402517,
    "Jimmie_Johnson": 0.025065963060686015,
    "Bruno_Junqueira": 0.025,
    "Jim_Sauter": 0.024691358024691357,
    "Ward_Burton": 0.02466367713004484,
    "David_Pearson_(racing_driver)": 0.02443609022556391,
    "Dale_Earnhardt": 0.024232633279483037,
    "Ryan_Briscoe": 0.023605150214592276,
    "Sterling_Marlin": 0.023287671232876714,
    "Owen_Kelly": 0.02318840579710145,
    "John_Andretti": 0.02312925170068027,
    "Max_Chilton": 0.022950819672131147,
    "Stirling_Moss": 0.021235521235521235,
    "Steve_Grissom": 0.02119205298013245,
    "2001_American_Memorial": 0.02109704641350211,
    "Dan_Gurney": 0.020793950850661626,
    "Marc_Goossens": 0.020512820512820513,
    "Tiny_Lund": 0.020202020202020204,
    "Bill_Elliott": 0.01956521739130435,
    "Kevin_Cogan": 0.01948051948051948,
    "Gary_Bettenhausen": 0.019417475728155338,
    "Marcos_Ambrose": 0.01910828025477707,
    "Al_Unser,_Jr.": 0.019024970273483946,
    "Rodger_Ward": 0.018612521150592216,
    "Bill_Davis_Racing": 0.01694915254237288,
    "Daytona_500": 0.016706443914081145,
    "Marcus_Ericsson": 0.01639344262295082,
    "Alex_Tagliani": 0.016166281755196306,
    "Bobby_Allison": 0.015789473684210527,
    "Conor_Daly": 0.015779092702169626,
    "Paul_Tracy": 0.01557632398753894,
    "International_Race_of_Champions": 0.015384615384615385,
    "Mike_Thackwell": 0.015228426395939087,
    "NASCAR_Rookie_of_the_Year": 0.01483679525222552,
    "Alexandre_Pr\u00e9mat": 0.014814814814814815,
    "Jimmy_Vasser": 0.014613778705636743,
    "Jan_Magnussen": 0.014563106796116505,
    "List_of_NASCAR_tracks": 0.014218009478672985,
    "Speedway_Motorsports": 0.014084507042253521,
    "International_Speedway_Corporation": 0.013986013986013986,
    "List_of_IndyCar_Series_racetracks": 0.013888888888888888,
    "Jackie_Stewart": 0.013580246913580247,
    "Derek_Daly": 0.013404825737265416,
    "2007_Vegas_Grand_Prix": 0.013215859030837005,
    "2007_Toyota_Grand_Prix_of_Long_Beach": 0.013215859030837005,
    "2005_Toyota_Grand_Prix_of_Long_Beach": 0.013215859030837005,
    "2013_Irwin_Tools_Night_Race": 0.013215859030837005,
    "List_of_Daytona_500_pole_position_winners": 0.013157894736842105,
    "Sprint_Unlimited": 0.013157894736842105,
    "2010_Coca-Cola_600": 0.013043478260869565,
    "2011_Coca-Cola_600": 0.013043478260869565,
    "2013_Coca-Cola_600": 0.013043478260869565,
    "2005_Coca-Cola_600": 0.013043478260869565,
    "Earl_Bamber": 0.013011152416356878,
    "Derrike_Cope": 0.01288244766505636,
    "Scott_Pruett": 0.01287001287001287,