{
    "2009_Santos_FC_season": 1.0,
    "2002_Santos_FC_season": 0.7025316455696202,
    "2006_Santos_FC_season": 0.7025316455696202,
    "2005_Santos_FC_season": 0.7025316455696202,
    "2003_Santos_FC_season": 0.7025316455696202,
    "2004_Santos_FC_season": 0.7025316455696202,
    "2008_Santos_FC_season": 0.6113989637305699,
    "2010_Santos_FC_season": 0.576530612244898,
    "2011_Santos_FC_season": 0.5137614678899083,
    "2007_Santos_FC_season": 0.5091743119266054,
    "2012_Santos_FC_season": 0.5045454545454545,
    "2013_Santos_FC_season": 0.46443514644351463,
    "2009_Sociedade_Esportiva_Palmeiras_season": 0.22488038277511962,
    "2009_Campeonato_Brasileiro_S\u00e9rie_C": 0.22274881516587677,
    "2009_Campeonato_Brasileiro_S\u00e9rie_B": 0.21266968325791855,
    "2009_Copa_do_Brasil": 0.1910569105691057,
    "2009_Campeonato_Ga\u00facho": 0.18146718146718147,
    "2009_Campeonato_Brasileiro_S\u00e9rie_A": 0.17472118959107807,
    "2009_in_Brazilian_football": 0.17028985507246377,
    "2009_Campeonato_Paulista": 0.16845878136200718,
    "2009_S\u00e3o_Paulo_F.C._season": 0.16262975778546712,
    "2009_Clube_de_Regatas_do_Flamengo_season": 0.1551155115511551,
    "2009_Campeonato_Brasileiro_S\u00e9rie_D": 0.10657596371882086,
    "2009_Copa_Venezuela": 0.03428571428571429,
    "2008_Campeonato_Brasileiro_S\u00e9rie_C": 0.032520325203252036,
    "2009_Liga_de_F\u00fatbol_Profesional_Boliviano_season": 0.027906976744186046,
    "2009_Copa_Chile": 0.0273972602739726,
    "2008_Campeonato_Ga\u00facho": 0.027303754266211604,
    "2009_Copa_Sudamericana": 0.02666666666666667,
    "2008_Campeonato_Brasileiro_S\u00e9rie_A": 0.025974025974025976,
    "2008_in_Brazilian_football": 0.025806451612903226,
    "2008_S\u00e3o_Paulo_F.C._season": 0.021671826625386997,
    "2008\u201309_Venezuelan_Primera_Divisi\u00f3n_season": 0.020905923344947737,
    "2009\u201310_Venezuelan_Primera_Divisi\u00f3n_season": 0.020618556701030927,
    "2009_Campeonato_Ecuatoriano_de_F\u00fatbol_Serie_A": 0.020066889632107024,
    "2009_Categor\u00eda_Primera_A_season": 0.019801980198019802,
    "2009_Paraguayan_Primera_Divisi\u00f3n_season": 0.019801980198019802,
    "2009_Copa_Libertadores": 0.01929260450160772,
    "2008\u201309_Uruguayan_Primera_Divisi\u00f3n_season": 0.01875,
    "2009\u201310_Uruguayan_Primera_Divisi\u00f3n_season": 0.018518518518518517,
    "2008\u201309_in_Venezuelan_football": 0.017191977077363897,
    "2009_Chilean_Primera_Divisi\u00f3n_season": 0.016483516483516484,
    "2009\u201310_Argentine_Primera_Divisi\u00f3n_season": 0.015915119363395226,
    "2009_Torneo_Descentralizado": 0.014598540145985401,
    "2010_Campeonato_Brasileiro_S\u00e9rie_A": 0.012698412698412698,
    "2008\u201309_Argentine_Primera_Divisi\u00f3n_season": 0.012658227848101266,
    "2010_Campeonato_Brasileiro_S\u00e9rie_C": 0.012096774193548387,
    "2011_in_Brazilian_football": 0.011976047904191617,
    "2012_in_Brazilian_football": 0.011940298507462687,
    "2011_Campeonato_Brasileiro_S\u00e9rie_A": 0.011799410029498525,
    "2010_Campeonato_Brasileiro_S\u00e9rie_B": 0.011627906976744186,
    "2013_in_Brazilian_football": 0.011235955056179775,
    "2011_Campeonato_Brasileiro_S\u00e9rie_C": 0.011111111111111112,
    "2007_in_Brazilian_football": 0.010869565217391304,
    "2006_in_Brazilian_football": 0.010869565217391304,
    "2005_in_Brazilian_football": 0.010869565217391304,
    "2004_in_Brazilian_football": 0.010869565217391304,
    "2002_in_Brazilian_football": 0.010869565217391304,
    "2003_in_Brazilian_football": 0.010869565217391304,
    "2001_in_Brazilian_football": 0.010869565217391304,
    "2000_in_Brazilian_football": 0.010869565217391304,
    "1999_in_Brazilian_football": 0.010869565217391304,
    "1998_in_Brazilian_football": 0.010869565217391304,
    "1997_in_Brazilian_football": 0.010869565217391304,
    "1996_in_Brazilian_football": 0.010869565217391304,
    "1995_in_Brazilian_football": 0.010869565217391304,
    "1994_in_Brazilian_football": 0.010869565217391304,
    "1993_in_Brazilian_football": 0.010869565217391304,
    "1992_in_Brazilian_football": 0.010869565217391304,
    "1991_in_Brazilian_football": 0.010869565217391304,
    "1990_in_Brazilian_football": 0.010869565217391304,
    "1989_in_Brazilian_football": 0.010869565217391304,
    "1988_in_Brazilian_football": 0.010869565217391304,
    "1987_in_Brazilian_football": 0.010869565217391304,
    "1986_in_Brazilian_football": 0.010869565217391304,
    "1985_in_Brazilian_football": 0.010869565217391304,
    "1984_in_Brazilian_football": 0.010869565217391304,
    "1983_in_Brazilian_football": 0.010869565217391304,
    "1982_in_Brazilian_football": 0.010869565217391304,
    "1981_in_Brazilian_football": 0.010869565217391304,
    "1980_in_Brazilian_football": 0.010869565217391304,
    "1979_in_Brazilian_football": 0.010869565217391304,
    "1978_in_Brazilian_football": 0.010869565217391304,
    "1977_in_Brazilian_football": 0.010869565217391304,
    "1976_in_Brazilian_football": 0.010869565217391304,
    "1975_in_Brazilian_football": 0.010869565217391304,
    "1974_in_Brazilian_football": 0.010869565217391304,
    "1973_in_Brazilian_football": 0.010869565217391304,
    "1972_in_Brazilian_football": 0.010869565217391304,
    "1971_in_Brazilian_football": 0.010869565217391304,
    "1970_in_Brazilian_football": 0.010869565217391304,
    "1969_in_Brazilian_football": 0.010869565217391304,
    "1968_in_Brazilian_football": 0.010869565217391304,
    "1967_in_Brazilian_football": 0.010869565217391304,
    "1966_in_Brazilian_football": 0.010869565217391304,
    "1965_in_Brazilian_football": 0.010869565217391304,
    "1964_in_Brazilian_football": 0.010869565217391304,
    "1963_in_Brazilian_football": 0.010869565217391304,
    "1962_in_Brazilian_football": 0.010869565217391304,
    "1961_in_Brazilian_football": 0.010869565217391304,
    "1960_in_Brazilian_football": 0.010869565217391304,
    "1959_in_Brazilian_football": 0.010869565217391304,
    "1958_in_Brazilian_football": 0.010869565217391304,
    "1957_in_Brazilian_football": 0.010869565217391304,
    "1955_in_Brazilian_football": 0.010869565217391304,
    "1956_in_Brazilian_football": 0.010869565217391304,
    "1954_in_Brazilian_football": 0.010869565217391304,
    "1953_in_Brazilian_football": 0.010869565217391304,
    "1951_in_Brazilian_football": 0.010869565217391304,
    "1952_in_Brazilian_football": 0.010869565217391304,
    "1950_in_Brazilian_football": 0.010869565217391304,
    "1949_in_Brazilian_football": 0.010869565217391304,
    "1948_in_Brazilian_football": 0.010869565217391304,
    "1947_in_Brazilian_football": 0.010869565217391304,
    "1946_in_Brazilian_football": 0.010869565217391304,
    "1945_in_Brazilian_football": 0.010869565217391304,
    "1944_in_Brazilian_football": 0.010869565217391304,
    "1943_in_Brazilian_football": 0.010869565217391304,
    "1942_in_Brazilian_football": 0.010869565217391304,
    "1941_in_Brazilian_football": 0.010869565217391304,
    "1940_in_Brazilian_football": 0.010869565217391304,
    "1939_in_Brazilian_football": 0.010869565217391304,
    "1938_in_Brazilian_football": 0.010869565217391304,
    "1937_in_Brazilian_football": 0.010869565217391304,
    "1936_in_Brazilian_football": 0.010869565217391304,
    "1935_in_Brazilian_football": 0.010869565217391304,
    "1934_in_Brazilian_football": 0.010869565217391304,
    "1933_in_Brazilian_football": 0.010869565217391304,
    "1932_in_Brazilian_football": 0.010869565217391304,
    "1931_in_Brazilian_football": 0.010869565217391304,
    "1930_in_Brazilian_football": 0.010869565217391304,
    "1929_in_Brazilian_football": 0.010869565217391304,
    "1928_in_Brazilian_football": 0.010869565217391304,
    "1927_in_Brazilian_football": 0.010869565217391304,
    "1918_in_Brazilian_football": 0.010869565217391304,
    "2011_Campeonato_Brasileiro_S\u00e9rie_B": 0.010714285714285714,
    "2010_Copa_do_Brasil": 0.010273972602739725,