{
    "List_of_people_who_died_climbing_Mount_Everest": 1.0,
    "List_of_alpine_clubs": 0.5772727272727273,
    "List_of_first_ascents": 0.5772727272727273,
    "1924_British_Mount_Everest_expedition": 0.4253393665158371,
    "1922_British_Mount_Everest_expedition": 0.4253393665158371,
    "1953_British_Mount_Everest_expedition": 0.4253393665158371,
    "International_Federation_of_Sport_Climbing": 0.3223350253807107,
    "List_of_climbing_knots": 0.3097560975609756,
    "IFSC_Climbing_European_Championships": 0.2754880694143167,
    "IFSC_Climbing_World_Championships": 0.2167235494880546,
    "Air_racing": 0.01910828025477707,
    "Bobsleigh": 0.0169971671388102,
    "List_of_deaths_on_eight-thousanders": 0.0125,
    "Eight-thousander": 0.0125
}