{
    "List_of_national_parks_of_Italy": 1.0,
    "List_of_places_in_Italy_whose_names_were_changed": 0.726027397260274,
    "Biellese_Alps": 0.726027397260274,
    "List_of_caves_in_Italy": 0.726027397260274,
    "Alps": 0.7019867549668874,
    "Metropolitan_cities_of_Italy": 0.6625,
    "Brescia_and_Garda_Prealps": 0.6347305389221557,
    "Bergamasque_Alps_and_Prealps": 0.6347305389221557,
    "Provinces_of_Italy": 0.6272189349112426,
    "Tuscany": 0.6162790697674418,
    "International_rankings_of_Italy": 0.6109510086455331,
    "List_of_lakes_in_Italy": 0.6005665722379604,
    "Veneto": 0.6005665722379604,
    "Cabinet_of_Italy": 0.5971830985915493,
    "List_of_companies_of_Italy": 0.5971830985915493,
    "Politics_of_Italy": 0.5955056179775281,
    "Transport_in_Italy": 0.5955056179775281,
    "Lombardy": 0.5938375350140056,
    "Apennine_Mountains": 0.54337899543379,
    "Sport_in_Italy": 0.5353535353535354,
    "List_of_earthquakes_in_Italy": 0.5326633165829145,
    "Chamber_of_Deputies_(Italy)": 0.5170731707317073,
    "List_of_newspapers_in_Italy": 0.49765258215962443,
    "Regions_of_Italy": 0.4964871194379391,
    "Italian_diaspora": 0.4964871194379391,
    "Foreign_relations_of_Italy": 0.48847926267281105,
    "Senate_of_the_Republic_(Italy)": 0.48291571753986334,
    "Sardinia": 0.4818181818181818,
    "Immigration_to_Italy": 0.4785553047404063,
    "Italian_Parliament": 0.4732142857142857,
    "Sicily": 0.47216035634743875,
    "List_of_universities_in_Italy": 0.46799116997792495,
    "List_of_cities_in_Italy": 0.4638949671772429,
    "List_of_Italian_regions_by_GDP_(PPP)": 0.45010615711252655,
    "Television_in_Italy": 0.4491525423728814,
    "Timeline_of_Italian_history": 0.4181459566074951,
    "List_of_Italian_flags": 0.4038095238095238,
    "Economy_of_Italy": 0.3642611683848797,
    "Elections_in_Italy": 0.3504132231404959,
    "Italy": 0.2796833773087071,
    "Adriatic_Sea": 0.22820236813778255,
    "Italian_cuisine": 0.21327967806841047,
    "List_of_national_parks_of_Spain": 0.1779935275080906,
    "List_of_national_parks_of_Germany": 0.1779935275080906,
    "List_of_national_parks_of_England_and_Wales": 0.1746031746031746,
    "National_parks_of_England_and_Wales": 0.1746031746031746,
    "List_of_national_parks_of_Norway": 0.16034985422740525,
    "National_parks_of_Russia": 0.15625,
    "National_parks_of_France": 0.14435695538057744,
    "List_of_national_parks_of_Finland": 0.14030612244897958,
    "List_of_national_parks_of_Sweden": 0.13349514563106796,
    "List_of_national_parks_of_Poland": 0.13095238095238096,
    "List_of_protected_natural_resources_in_Serbia": 0.11434511434511435,
    "Dolomites": 0.07971014492753623,
    "National_parks_of_Greece": 0.05314009661835749,
    "List_of_monarchs_of_Naples": 0.04307116104868914,
    "Kingdom_of_the_Two_Sicilies": 0.04041570438799076,
    "Etruscan_cities": 0.03985507246376811,
    "Amalfi_Coast": 0.021551724137931036,
    "Cagliari_metropolitan_area": 0.021333333333333333,
    "Province_of_Cagliari": 0.017142857142857144,
    "Hundred_Years'_War": 0.015625,
    "Province_of_Medio_Campidano": 0.015060240963855422,
    "Province_of_Oristano": 0.014251781472684086,
    "Palladian_villas_of_Veneto": 0.014018691588785047,
    "Cossack_Hetmanate": 0.013793103448275862,
    "Sorrento_Peninsula": 0.013333333333333334,
    "Hanseatic_League": 0.013029315960912053,
    "Naples_metropolitan_area": 0.012919896640826873,
    "Russian_Revolution": 0.012403100775193798,
    "Russian_Empire": 0.012115563839701771,
    "Province_of_Ragusa": 0.011235955056179775,
    "Jin_Dynasty_(1115\u20131234)": 0.011131725417439703,
    "Province_of_Enna": 0.011019283746556474,
    "List_of_empires": 0.01098901098901099,
    "Province_of_Syracuse": 0.010958904109589041,
    "Province_of_Caltanissetta": 0.01092896174863388,
    "List_of_largest_empires": 0.010714285714285714,
    "Giovanni_Spadolini": 0.010660980810234541,
    "Istrian_Italians": 0.010498687664041995,
    "Pietro_Nenni": 0.010416666666666666,
    "Carlo_Azeglio_Ciampi": 0.010330578512396695,
    "Italian_Socialist_Party": 0.0102880658436214,
    "Enrico_De_Nicola": 0.010230179028132993,
    "Opinion_polling_for_the_Italian_general_election,_2013": 0.010067114093959731,
    "Crown_of_Aragon": 0.010067114093959731,
    "Italian_Aegean_Islands": 0.01006036217303823,
    "Il_Caravaggio_International_Airport": 0.010025062656641603
}