{
    "Switzerland_at_the_Olympics": 1.0,
    "Tropical_nations_at_the_Winter_Olympics": 0.7993421052631579,
    "Germany_at_the_Winter_Olympics": 0.7993421052631579,
    "Australasia_at_the_Olympics": 0.7915309446254072,
    "Chad_at_the_Olympics": 0.7870967741935484,
    "Mauritania_at_the_Olympics": 0.782051282051282,
    "Central_African_Republic_at_the_Olympics": 0.7770700636942676,
    "Liechtenstein_at_the_Olympics": 0.7746031746031746,
    "Belize_at_the_Olympics": 0.7746031746031746,
    "Cayman_Islands_at_the_Olympics": 0.7721518987341772,
    "Ethiopia_at_the_Olympics": 0.7697160883280757,
    "Antigua_and_Barbuda_at_the_Olympics": 0.7697160883280757,
    "Gabon_at_the_Olympics": 0.7648902821316614,
    "Haiti_at_the_Olympics": 0.7648902821316614,
    "Cambodia_at_the_Olympics": 0.7625,
    "DR_Congo_at_the_Olympics": 0.7625,
    "El_Salvador_at_the_Olympics": 0.7577639751552795,
    "Bermuda_at_the_Olympics": 0.7577639751552795,
    "Burkina_Faso_at_the_Olympics": 0.7577639751552795,
    "Barbados_at_the_Olympics": 0.7507692307692307,
    "Ecuador_at_the_Olympics": 0.7507692307692307,
    "Bolivia_at_the_Olympics": 0.7507692307692307,
    "Ivory_Coast_at_the_Olympics": 0.7507692307692307,
    "Bahamas_at_the_Olympics": 0.746177370030581,
    "Costa_Rica_at_the_Olympics": 0.7439024390243902,
    "Botswana_at_the_Olympics": 0.7439024390243902,
    "Morocco_at_the_Olympics": 0.7416413373860182,
    "Afghanistan_at_the_Olympics": 0.7416413373860182,
    "Cameroon_at_the_Olympics": 0.7416413373860182,
    "North_Korea_at_the_Olympics": 0.7393939393939394,
    "Mongolia_at_the_Olympics": 0.7393939393939394,
    "Macedonia_at_the_Olympics": 0.7371601208459214,
    "Zambia_at_the_Olympics": 0.7349397590361446,
    "Jamaica_at_the_Olympics": 0.7327327327327328,
    "Moldova_at_the_Olympics": 0.7327327327327328,
    "Dominican_Republic_at_the_Olympics": 0.7327327327327328,
    "Trinidad_and_Tobago_at_the_Olympics": 0.7327327327327328,
    "Kenya_at_the_Olympics": 0.7305389221556886,
    "Uganda_at_the_Olympics": 0.7305389221556886,
    "Georgia_at_the_Olympics": 0.7283582089552239,
    "Puerto_Rico_at_the_Olympics": 0.7261904761904762,
    "Vietnam_at_the_Olympics": 0.7261904761904762,
    "Fiji_at_the_Olympics": 0.7261904761904762,
    "Cuba_at_the_Olympics": 0.7197640117994101,
    "Uruguay_at_the_Olympics": 0.7176470588235294,
    "Belarus_at_the_Olympics": 0.7155425219941349,
    "Indonesia_at_the_Olympics": 0.7072463768115942,
    "Chile_at_the_Olympics": 0.7031700288184438,
    "Colombia_at_the_Olympics": 0.7011494252873564,
    "Kazakhstan_at_the_Olympics": 0.6991404011461319,
    "Lithuania_at_the_Olympics": 0.6991404011461319,
    "Armenia_at_the_Olympics": 0.6971428571428572,
    "Chinese_Taipei_at_the_Olympics": 0.6962750716332379,
    "Bulgaria_at_the_Olympics": 0.6912181303116147,
    "Tunisia_at_the_Olympics": 0.6815642458100558,
    "Benin_at_the_Olympics": 0.6815642458100558,
    "Cyprus_at_the_Olympics": 0.6796657381615598,
    "Romania_at_the_Olympics": 0.6777777777777778,
    "Slovakia_at_the_Olympics": 0.6759002770083102,
    "Algeria_at_the_Olympics": 0.6740331491712708,
    "Austria_at_the_Olympics": 0.6740331491712708,
    "Angola_at_the_Olympics": 0.6721763085399449,
    "Croatia_at_the_Olympics": 0.6721763085399449,
    "Azerbaijan_at_the_Olympics": 0.6703296703296703,
    "Portugal_at_the_Olympics": 0.6703296703296703,
    "Poland_at_the_Olympics": 0.6703296703296703,
    "Pakistan_at_the_Olympics": 0.6684931506849315,
    "Ireland_at_the_Olympics": 0.6684931506849315,
    "South_Korea_at_the_Olympics": 0.6684931506849315,
    "Germany_at_the_Summer_Olympics": 0.6657534246575343,
    "South_Africa_at_the_Olympics": 0.6648501362397821,
    "Finland_at_the_Olympics": 0.6648501362397821,
    "Mexico_at_the_Olympics": 0.6594594594594595,
    "Yugoslavia_at_the_Olympics": 0.6576819407008087,
    "Denmark_at_the_Olympics": 0.6576819407008087,
    "Czech_Republic_at_the_Olympics": 0.6559139784946236,
    "Philippines_at_the_Olympics": 0.6506666666666666,
    "Argentina_at_the_Olympics": 0.6506666666666666,
    "Ukraine_at_the_Olympics": 0.648936170212766,
    "Czechoslovakia_at_the_Olympics": 0.6455026455026455,
    "Egypt_at_the_Olympics": 0.6421052631578947,
    "Andorra_at_the_Olympics": 0.6404199475065617,
    "Thailand_at_the_Olympics": 0.6321243523316062,
    "East_Germany_at_the_Olympics": 0.6240409207161125,
    "Venezuela_at_the_Olympics": 0.6192893401015228,
    "Iran_at_the_Olympics": 0.6177215189873417,
    "New_Zealand_at_the_Olympics": 0.6039603960396039,
    "List_of_participating_nations_at_the_Winter_Olympic_Games": 0.6,
    "List_of_participating_nations_at_the_Summer_Olympic_Games": 0.6,
    "Turkey_at_the_Olympics": 0.5893719806763285,
    "Greece_at_the_Olympics": 0.5879518072289157,
    "Norway_at_the_Olympics": 0.5851318944844125,
    "Brazil_at_the_Olympics": 0.5754716981132075,
    "Unified_Team_at_the_Olympics": 0.5625,
    "China_at_the_Olympics": 0.5596330275229358,
    "Netherlands_at_the_Olympics": 0.5570776255707762,
    "Spain_at_the_Olympics": 0.5545454545454546,
    "Japan_at_the_Olympics": 0.5507900677200903,
    "Estonia_at_the_Olympics": 0.5398230088495575,
    "France_at_the_Olympics": 0.5362637362637362,
    "Italy_at_the_Olympics": 0.5269978401727862,
    "Soviet_Union_at_the_Olympics": 0.5213675213675214,
    "Russia_at_the_Olympics": 0.5191489361702127,
    "Australia_at_the_Winter_Olympics": 0.5030927835051546,
    "Australia_at_the_Olympics": 0.5030927835051546,
    "Sweden_at_the_Olympics": 0.5010266940451745,
    "Hungary_at_the_Olympics": 0.4939271255060729,
    "Great_Britain_at_the_Olympics": 0.4939271255060729,
    "Germany_at_the_Olympics": 0.47470817120622566,
    "Belgium_at_the_Olympics": 0.47195357833655704,
    "India_at_the_Olympics": 0.4326241134751773,
    "Albania_at_the_Olympics": 0.43109540636042404,
    "Canada_at_the_Summer_Olympics": 0.41008403361344536,
    "West_Indies_Federation": 0.38087774294670845,
    "Canada_at_the_Olympics": 0.37770897832817335,
    "Canada_at_the_Winter_Olympics": 0.37770897832817335,
    "United_States_at_the_Olympics": 0.3446808510638298,
    "Switzerland_national_men's_squash_team": 0.20394736842105263,
    "Switzerland_men's_national_junior_ice_hockey_team": 0.16986301369863013,
    "Switzerland_at_the_Hopman_Cup": 0.16103896103896104,
    "Switzerland_men's_national_ice_hockey_team": 0.15384615384615385,
    "Switzerland_national_under-17_football_team": 0.1497584541062802,
    "Winter_Olympic_Games": 0.14344503233392122,
    "Summer_Olympic_Games": 0.14127906976744187,
    "Switzerland_at_the_Paralympics": 0.12424849699398798,
    "Switzerland_national_football_team": 0.10782608695652174,
    "FC_Vaduz": 0.0374331550802139,
    "Swiss_Women's_Cup": 0.03526448362720403,
    "List_of_football_stadiums_in_Switzerland": 0.0330188679245283,
    "1._Liga_Classic": 0.030303030303030304,
    "Grasshopper_Club_Z\u00fcrich": 0.029473684210526315,
    "Swiss_Cup": 0.02857142857142857,
    "Swiss_Challenge_League": 0.027184466019417475,
    "Swiss_Super_League": 0.02413793103448276,
    "Canada_national_bandy_team": 0.011494252873563218,
    "1928_Winter_Olympics": 0.011160714285714286,
    "1948_Winter_Olympics": 0.011037527593818985,
    "List_of_Olympic_Games_host_cities": 0.010548523206751054,
    "Canada_men's_national_lacrosse_team": 0.01020408163265306,
    "Canada_national_men's_squash_team": 0.01020408163265306,
    "Canada_national_women's_squash_team": 0.01020408163265306
}