{
    "Appetite_for_Democracy": 1.0,
    "November_Rain": 1.0,
    "List_of_Guns_N'_Roses_band_members": 0.9910714285714286,
    "Rock_n'_Roll_as_It_Should_Be": 0.7872340425531915,
    "DJ_Ashba": 0.6453488372093024,
    "Ron_\"Bumblefoot\"_Thal": 0.6032608695652174,
    "You_Could_Be_Mine": 0.5935828877005348,
    "Dizzy_Reed": 0.5260663507109005,
    "Knockin'_on_Heaven's_Door": 0.49333333333333335,
    "Slash_2010\u201311_World_Tour": 0.40808823529411764,
    "Slash_(album)": 0.04827586206896552,
    "Apocalyptic_Love": 0.046357615894039736,
    "Duff_McKagan_discography": 0.040983606557377046,
    "Apocalyptic_Love_World_Tour": 0.039735099337748346,
    "Dave_Kushner": 0.03167420814479638,
    "Nikki_Sixx": 0.027777777777777776,
    "Ryan_Roxie": 0.02575107296137339,
    "Buckethead_discography": 0.024096385542168676,
    "Beastie_Boys": 0.021917808219178082,
    "Give_In_to_Me": 0.020833333333333332,
    "Profanation_(Preparation_for_a_Coming_Darkness)": 0.020689655172413793,
    "Soulbook_Tour": 0.017977528089887642,
    "Foot_Loose_&_Fancy_Free_Tour": 0.017977528089887642,
    "Isaac_Carpenter_(drummer)": 0.016666666666666666,
    "Cover_Your_Heart_and_the_Anvil_Pants_Odyssey": 0.01639344262295082,
    "Jack_Irons": 0.016,
    "Roll_on_the_Red_Tour": 0.01593625498007968,
    "Red_Hot_Chili_Peppers_2001_Tour": 0.01593625498007968,
    "Mike_Inez": 0.014218009478672985,
    "Martin_Feveyear": 0.013953488372093023,
    "The_Dutchess": 0.013605442176870748,
    "The_Hand_That_Feeds": 0.012244897959183673,
    "The_Fragile_(Nine_Inch_Nails_album)": 0.012244897959183673,
    "Hesitation_Marks": 0.012244897959183673,
    "You_Know_My_Name": 0.011194029850746268,
    "Again_(Lenny_Kravitz_song)": 0.01092896174863388,
    "Black_and_White_America": 0.010582010582010581,
    "A_View_to_a_Kill_(song)": 0.010452961672473868,
    "Kings_and_Queens_(30_Seconds_to_Mars_song)": 0.010256410256410256,
    "Up_in_the_Air_(song)": 0.010256410256410256
}