{
    "2012_in_film": 1.0,
    "List_of_Bollywood_films_of_2012": 1.0,
    "List_of_Telugu_films_of_2012": 1.0,
    "List_of_lesbian,_gay,_bisexual_or_transgender-related_films_of_2012": 1.0,
    "List_of_Canadian_films_of_2012": 0.30357142857142855,
    "List_of_Kannada_films_of_2012": 0.3008849557522124,
    "List_of_Argentine_films_of_2012": 0.265625,
    "List_of_Japanese_films_of_2012": 0.22077922077922077,
    "List_of_Australian_films_of_2012": 0.19101123595505617,
    "List_of_French_films_of_2012": 0.1596244131455399,
    "List_of_American_films_of_2012": 0.1440677966101695,
    "List_of_Chinese_films_of_2012": 0.11371237458193979,
    "List_of_Hong_Kong_films_of_2012": 0.10897435897435898,
    "List_of_Brazilian_films_of_2012": 0.10493827160493827,
    "List_of_South_Korean_films_of_2012": 0.09523809523809523,
    "List_of_British_films_of_2012": 0.0779816513761468,
    "List_of_Malayalam_films_of_2012": 0.050595238095238096,
    "List_of_Tamil_films_of_2012": 0.0387243735763098,
    "List_of_Marathi_films_of_2012": 0.03854875283446712,
    "List_of_Philippine_films_of_2012": 0.03278688524590164,
    "List_of_Philippine_films_of_the_2010s": 0.0228494623655914,
    "List_of_cinemas_in_Singapore": 0.0196078431372549,
    "List_of_American_films_of_2010": 0.01282051282051282,
    "List_of_Tamil_films_of_the_1930s": 0.011904761904761904,
    "List_of_Telugu_films_of_the_1930s": 0.011904761904761904,
    "List_of_Telugu_films_of_the_1950s": 0.011904761904761904,
    "List_of_Telugu_films_of_the_1960s": 0.011904761904761904,
    "List_of_Telugu_films_of_1961": 0.011904761904761904,
    "List_of_Telugu_films_of_1950": 0.011904761904761904,
    "List_of_Telugu_films_of_1951": 0.011904761904761904,
    "List_of_Telugu_films_of_1952": 0.011904761904761904,
    "List_of_Telugu_films_of_1953": 0.011904761904761904,
    "List_of_Telugu_films_of_1954": 0.011904761904761904,
    "List_of_Telugu_films_of_1955": 0.011904761904761904,
    "List_of_Telugu_films_of_1956": 0.011904761904761904,
    "List_of_Bollywood_films_of_1940": 0.01171303074670571,
    "List_of_Telugu_films_of_1940": 0.01171303074670571,
    "List_of_Telugu_films_of_1957": 0.011644832605531296,
    "List_of_Bollywood_films_of_1989": 0.011611030478955007,
    "List_of_Ollywood_films_of_1989": 0.011611030478955007,
    "List_of_Ollywood_films_of_1978": 0.011594202898550725,
    "List_of_Ollywood_films_of_1983": 0.011594202898550725,
    "List_of_Ollywood_films_of_1991": 0.011594202898550725,
    "List_of_Ollywood_films_of_1992": 0.011594202898550725,
    "List_of_Ollywood_films_of_1999": 0.011577424023154847,
    "List_of_Ollywood_films_of_1994": 0.011577424023154847,
    "List_of_Ollywood_films_of_1977": 0.011560693641618497,
    "List_of_Ollywood_films_of_1979": 0.011560693641618497,
    "List_of_Ollywood_films_of_1980": 0.011560693641618497,
    "List_of_Ollywood_films_of_1993": 0.011560693641618497,
    "List_of_Bollywood_films_of_2000": 0.011477761836441894,
    "List_of_Ollywood_films_of_2000": 0.011477761836441894,
    "List_of_Ollywood_films_of_2006": 0.011477761836441894,
    "List_of_Tamil_films_of_2003": 0.011461318051575931,
    "List_of_Ollywood_films_of_2004": 0.011461318051575931,
    "List_of_Ollywood_films_of_2005": 0.011461318051575931,
    "List_of_Ollywood_films_of_2007": 0.011461318051575931,
    "List_of_Malayalam_films_of_2011": 0.011444921316165951,
    "List_of_Ollywood_films_of_2002": 0.011444921316165951,
    "List_of_Ollywood_films_of_2008": 0.011444921316165951,
    "List_of_Ollywood_films_of_2009": 0.011444921316165951,
    "List_of_Ollywood_films_of_2011": 0.011444921316165951,
    "List_of_Bollywood_films_of_2011": 0.011444921316165951,
    "List_of_Telugu_films_of_2013": 0.011444921316165951,
    "List_of_Malayalam_films_of_2013": 0.011444921316165951,
    "List_of_Bollywood_films_of_2010": 0.011428571428571429,
    "List_of_Malayalam_films_of_2010": 0.011428571428571429,
    "List_of_Telugu_films_of_2010": 0.011428571428571429,
    "List_of_Ollywood_films_of_2010": 0.011428571428571429,
    "List_of_Bengali_films_of_1935": 0.011283497884344146,
    "List_of_Tamil_films_of_2000": 0.011251758087201125,
    "List_of_Tamil_films_of_2013": 0.011220196353436185,
    "List_of_Bengali_films_of_1961": 0.011188811188811189,
    "List_of_Bengali_films_of_1962": 0.011188811188811189,
    "Bollywood_Hundred_Crore_Club": 0.010178117048346057
}