{
    "Judo_at_the_2006_Central_American_and_Caribbean_Games": 1.0,
    "Shooting_at_the_2006_Central_American_and_Caribbean_Games": 1.0,
    "Taekwondo_at_the_2006_Central_American_and_Caribbean_Games": 1.0,
    "Boxing_at_the_2006_Central_American_and_Caribbean_Games": 1.0,
    "Swimming_at_the_2006_Central_American_and_Caribbean_Games": 0.6363636363636364,
    "Athletics_at_the_2006_Central_American_and_Caribbean_Games": 0.6363636363636364,
    "5th_Summit_of_the_Americas": 0.02857142857142857,
    "6th_Summit_of_the_Americas": 0.02857142857142857,
    "Santiago_Giraldo": 0.019230769230769232,
    "Alejandro_Gonz\u00e1lez_(tennis)": 0.019230769230769232,
    "Nicol\u00e1s_Barrientos": 0.019230769230769232,
    "Ver\u00f3nica_Cepede_Royg": 0.017241379310344827,
    "Daniela_Seguel": 0.017241379310344827,
    "Paula_Ormaechea": 0.016129032258064516,
    "Namrata_Shirodkar": 0.016129032258064516,
    "Athletics_at_the_1926_Central_American_and_Caribbean_Games": 0.015151515151515152,
    "Athletics_at_the_1930_Central_American_and_Caribbean_Games": 0.015151515151515152,
    "Athletics_at_the_1935_Central_American_and_Caribbean_Games": 0.015151515151515152,
    "Athletics_at_the_1938_Central_American_and_Caribbean_Games": 0.015151515151515152,
    "Athletics_at_the_1946_Central_American_and_Caribbean_Games": 0.015151515151515152,
    "Athletics_at_the_1950_Central_American_and_Caribbean_Games": 0.015151515151515152,
    "Athletics_at_the_1954_Central_American_and_Caribbean_Games": 0.015151515151515152,
    "Athletics_at_the_1959_Central_American_and_Caribbean_Games": 0.015151515151515152,
    "Athletics_at_the_1962_Central_American_and_Caribbean_Games": 0.015151515151515152,
    "Athletics_at_the_1966_Central_American_and_Caribbean_Games": 0.015151515151515152,
    "Athletics_at_the_1970_Central_American_and_Caribbean_Games": 0.015151515151515152,
    "Athletics_at_the_1978_Central_American_and_Caribbean_Games": 0.015151515151515152,
    "Athletics_at_the_1982_Central_American_and_Caribbean_Games": 0.015151515151515152,
    "Athletics_at_the_1986_Central_American_and_Caribbean_Games": 0.015151515151515152,
    "Athletics_at_the_1990_Central_American_and_Caribbean_Games": 0.015151515151515152,
    "Athletics_at_the_1993_Central_American_and_Caribbean_Games": 0.015151515151515152,
    "Athletics_at_the_1998_Central_American_and_Caribbean_Games": 0.015151515151515152,
    "Dia_Mirza": 0.013888888888888888,
    "UNASUR_Constitutive_Treaty": 0.0136986301369863,
    "Member_states_of_the_Union_of_South_American_Nations": 0.0136986301369863,
    "President_pro_tempore_of_the_Union_of_South_American_Nations": 0.0136986301369863,
    "List_of_sovereign_states_and_dependent_territories_in_South_America": 0.013333333333333334,
    "Gymnastics_at_the_2006_Commonwealth_Games": 0.01282051282051282,
    "2009_World_Football_Challenge": 0.012345679012345678,
    "2006_WTA_Tier_I_Series": 0.012195121951219513,
    "2005\u201306_UCI_Europe_Tour": 0.012048192771084338,
    "2005\u201306_UCI_Africa_Tour": 0.012048192771084338,
    "2005\u201306_UCI_Asia_Tour": 0.012048192771084338,
    "2005\u201306_UCI_America_Tour": 0.012048192771084338,
    "List_of_football_clubs_in_Colombia": 0.011904761904761904,
    "List_of_football_stadiums_in_Colombia": 0.011904761904761904,
    "Aerol\u00ednea_de_Antioquia": 0.011904761904761904,
    "Rafael_N\u00fa\u00f1ez_International_Airport": 0.011627906976744186,
    "El_Dorado_International_Airport": 0.011627906976744186,
    "Alfonso_Bonilla_Arag\u00f3n_International_Airport": 0.011627906976744186,
    "Jos\u00e9_Mar\u00eda_C\u00f3rdova_International_Airport": 0.011627906976744186,
    "Colombia_national_men's_squash_team": 0.011494252873563218,
    "Caribbean_Disaster_Emergency_Management_Agency": 0.011494252873563218,
    "Celina_Jaitly": 0.011363636363636364,
    "2006_Holland_Ladies_Tour": 0.011235955056179775,
    "Member_states_of_the_Organization_of_American_States": 0.010869565217391304,
    "General_Assembly_of_the_Organization_of_American_States": 0.010869565217391304,
    "WSA_World_Series_2013": 0.010638297872340425,
    "Sire_Ma": 0.010526315789473684,
    "2006_UCI_Women's_Road_World_Rankings": 0.010526315789473684,
    "2010_South_American_Footballer_of_the_Year": 0.010416666666666666,
    "2009_South_American_Footballer_of_the_Year": 0.010416666666666666,
    "2011_South_American_Footballer_of_the_Year": 0.010416666666666666,
    "WSA_World_Tour_2013": 0.01020408163265306
}