{
    "Outland_Trophy": 1.0,
    "Nils_V._\"Swede\"_Nelson_Award": 0.5786516853932584,
    "AT&T_ESPN_All-America_Player": 0.5786516853932584,
    "Southwest_Conference_football_individual_awards": 0.544973544973545,
    "Lombardi_Award": 0.5441860465116279,
    "Chuck_Bednarik_Award": 0.53,
    "Bronko_Nagurski_Trophy": 0.5297029702970297,
    "Disney's_Wide_World_of_Sports_Spirit_Award": 0.5282051282051282,
    "Melberger_Award": 0.5282051282051282,
    "Rimington_Trophy": 0.5276381909547738,
    "Ted_Hendricks_Award": 0.5255102040816326,
    "Ray_Guy_Award": 0.5228426395939086,
    "Associated_Press_College_Football_Coach_of_the_Year_Award": 0.5175879396984925,
    "Associated_Press_College_Football_Player_of_the_Year": 0.5174129353233831,
    "John_Mackey_Award": 0.515,
    "Home_Depot_Coach_of_the_Year_Award": 0.5049019607843137,
    "Broyles_Award": 0.5049019607843137,
    "Fred_Biletnikoff_Award": 0.5049019607843137,
    "Buck_Buchanan_Award": 0.5049019607843137,
    "Gagliardi_Trophy": 0.5024390243902439,
    "Doak_Walker_Award": 0.4975845410628019,
    "Lou_Groza_Award": 0.4975845410628019,
    "George_Munger_Award": 0.4951923076923077,
    "Mid-American_Conference_football_individual_awards": 0.4951923076923077,
    "Harlon_Hill_Trophy": 0.4951923076923077,
    "Paul_\"Bear\"_Bryant_Award": 0.49047619047619045,
    "Eddie_Robinson_Award": 0.49047619047619045,
    "Walter_Payton_Award": 0.4881516587677725,
    "Johnny_Unitas_Golden_Arm_Award": 0.4835680751173709,
    "Davey_O'Brien_Award": 0.4790697674418605,
    "Jim_Thorpe_Award": 0.4790697674418605,
    "Big_East_Conference_football_individual_awards": 0.47685185185185186,
    "Bobby_Dodd_Coach_of_the_Year_Award": 0.46396396396396394,
    "Archie_Griffin_Award": 0.4557522123893805,
    "Chic_Harley_Award": 0.4557522123893805,
    "Sammy_Baugh_Trophy": 0.4557522123893805,
    "Walter_Camp_Coach_of_the_Year_Award": 0.4517543859649123,
    "Walter_Camp_Award": 0.44782608695652176,
    "Sporting_News_College_Football_Coach_of_the_Year": 0.44206008583690987,
    "Eddie_Robinson_Coach_of_the_Year": 0.44206008583690987,
    "List_of_Football_Academic_All-America_Team_Members_of_the_Year": 0.4297520661157025,
    "William_V._Campbell_Trophy": 0.42276422764227645,
    "Butkus_Award": 0.41365461847389556,
    "Maxwell_Award": 0.4108527131782946,
    "Sporting_News_College_Football_Player_of_the_Year": 0.4046692607003891,
    "List_of_Heisman_Trophy_winners": 0.39015151515151514,
    "Pacific-12_Conference_football_individual_awards": 0.33881578947368424,
    "AFCA_Coach_of_the_Year": 0.28690807799442897,
    "Mike_McGee_(American_football)": 0.16452991452991453,
    "Pat_Fitzgerald": 0.03081232492997199,
    "Gary_Patterson": 0.02894736842105263,
    "Mark_Mangino": 0.026570048309178744,
    "Larry_Fitzgerald": 0.02610966057441253,
    "Earl_Campbell": 0.024266936299292215,
    "Bob_Stoops": 0.02364066193853428,
    "Ralph_Friedgen": 0.02295918367346939,
    "National_Football_League_75th_Anniversary_All-Time_Team": 0.022058823529411766,
    "List_of_National_Football_Conference_West_Pro_Football_Hall_of_Fame_inductees": 0.02185792349726776,
    "List_of_National_Football_Conference_South_Pro_Football_Hall_of_Fame_inductees": 0.02185792349726776,
    "List_of_National_Football_Conference_North_Pro_Football_Hall_of_Fame_inductees": 0.02185792349726776,
    "List_of_National_Football_Conference_East_Pro_Football_Hall_of_Fame_inductees": 0.02185792349726776,
    "List_of_American_Football_Conference_North_Pro_Football_Hall_of_Fame_inductees": 0.02185792349726776,
    "List_of_American_Football_Conference_East_Pro_Football_Hall_of_Fame_inductees": 0.02185792349726776,
    "List_of_American_Football_Conference_West_Pro_Football_Hall_of_Fame_inductees": 0.02185792349726776,
    "List_of_American_Football_Conference_South_Pro_Football_Hall_of_Fame_inductees": 0.02185792349726776,
    "List_of_Pro_Football_Hall_of_Fame_inductees": 0.02185792349726776,
    "Thurman_Thomas": 0.021244309559939303,
    "Nick_Saban": 0.02027027027027027,
    "Bubba_Smith": 0.0196078431372549,
    "Paul_Brown": 0.01951219512195122,
    "Gary_Barnett": 0.01909307875894988,
    "List_of_first_overall_National_Football_League_draft_picks": 0.01881720430107527,
    "Frank_Beamer": 0.018617021276595744,
    "Edith_Cummings_Munson_Golf_Award": 0.018604651162790697,
    "David_Cutcliffe": 0.018561484918793503,
    "Bill_Snyder": 0.01818181818181818,
    "Curtis_Martin": 0.01808066759388039,
    "Tony_Gonzalez_(American_football)": 0.017994858611825194,
    "National_Football_League_Rookie_of_the_Year_Award": 0.017699115044247787,
    "National_Football_League_Most_Valuable_Player_Award": 0.017699115044247787,
    "National_Football_League_Coach_of_the_Year_Award": 0.017699115044247787,
    "UPI_NFC_Player_of_the_Year": 0.017699115044247787,
    "UPI_AFL-AFC_Player_of_the_Year": 0.017699115044247787,
    "Bert_Bell_Award": 0.017699115044247787,
    "Cincinnati_Bengals_draft_history": 0.017482517482517484,
    "Bill_Cowher": 0.01742627345844504,
    "NCAA_Inspiration_Award": 0.017316017316017316,
    "Don_James_(American_football)": 0.017241379310344827,
    "Dabo_Swinney": 0.017241379310344827,
    "Bob_Sapp": 0.01694915254237288,
    "Derrick_Thomas": 0.016748768472906402,
    "Joe_Paterno": 0.016591251885369532,
    "Jim_Brown": 0.016456921587608905,
    "Woody_Hayes": 0.0163265306122449,
    "Mike_MacIntyre": 0.016203703703703703,
    "Bruce_Snyder": 0.016166281755196306,
    "NFL:_The_Top_100_Players_of_2011": 0.0160857908847185,
    "NFL:_The_Top_100_Players_of_2012": 0.0160857908847185,
    "Otto_Graham": 0.016074450084602367,
    "Jimmy_Johnson_(American_football_coach)": 0.01603206412825651,
    "Phillip_Fulmer": 0.016,
    "LaDainian_Tomlinson": 0.015991471215351813,
    "Duffy_Daugherty": 0.015625,
    "Shannon_Sharpe": 0.015625,
    "Dick_MacPherson": 0.015424164524421594,
    "Troy_Aikman": 0.015418502202643172,
    "Bo_Schembechler": 0.015350877192982455,
    "Gene_Chizik": 0.015,
    "Vince_Dooley": 0.014989293361884369,
    "Brian_Kelly_(American_football_coach)": 0.014787430683918669,
    "Bill_Walsh_(American_football_coach)": 0.014690451206715634,
    "Sid_Gillman": 0.014423076923076924,
    "Tom_Osborne": 0.0144,
    "Bob_Devaney": 0.014388489208633094,
    "Pat_Sullivan_(American_football)": 0.01436265709156194,
    "Eric_Dickerson": 0.014358974358974359,
    "List_of_Senior_CLASS_Award_women's_basketball_winners": 0.014336917562724014,
    "Greg_Schiano": 0.014326647564469915,
    "Byron_\"Whizzer\"_White_NFL_Man_of_the_Year_Award": 0.014285714285714285,
    "Super_Bowl_Most_Valuable_Player_Award": 0.014285714285714285,
    "National_Football_League_Comeback_Player_of_the_Year_Award": 0.014084507042253521,
    "Johnny_Majors": 0.014084507042253521,
    "Greasy_Neale": 0.013904982618771726,
    "Steve_Spurrier": 0.013793103448275862,
    "Barry_Switzer": 0.013761467889908258,
    "Willie_Wood_(American_football)": 0.013756613756613757,
    "Mike_Price": 0.0136986301369863,
    "Adam_Vinatieri": 0.013657056145675266,
    "Lou_Holtz": 0.01358695652173913,
    "Minnesota_Golden_Gophers_football_under_Lou_Holtz": 0.01358695652173913,
    "Lloyd_Carr": 0.013513513513513514,
    "Drew_Brees": 0.013485477178423237,
    "Jim_Tressel": 0.013186813186813187,
    "Les_Miles": 0.01312910284463895,
    "Willis_McGahee": 0.012953367875647668,
    "Fisher_DeBerry": 0.012953367875647668,
    "Terry_Bradshaw": 0.012668250197941409,
    "Rich_Brooks": 0.012531328320802004,
    "1947_College_Football_All-America_Team": 0.0125,
    "John_McKay_(American_football)": 0.012474012474012475,
    "USC_Trojans_football_under_John_McKay": 0.012474012474012475,
    "Jamal_Lewis": 0.012121212121212121,
    "AP_NFL_Defensive_Player_of_the_Year_Award": 0.012096774193548387,
    "Frank_Solich": 0.011940298507462687,
    "Marv_Levy": 0.011857707509881422,
    "List_of_Senior_CLASS_Award_men's_basketball_winners": 0.011695906432748537,