{
    "Blue_Water_Arena": 1.0,
    "Farum_Park": 1.0,
    "Nordjyske_Arena": 0.14150943396226415,
    "List_of_football_stadiums_in_Denmark": 0.14018691588785046,
    "List_of_Danish_Superliga_clubs": 0.04,
    "Br\u00f8ndby_IF_(women)": 0.030303030303030304,
    "List_of_F.C._Copenhagen_Players_of_the_Year": 0.029411764705882353,
    "List_of_Kj\u00f8benhavns_Boldklub_players": 0.029411764705882353,
    "List_of_concerts_at_Parken_Stadium": 0.027777777777777776,
    "List_of_covered_stadiums_by_capacity": 0.0196078431372549,
    "1995_Speedway_Grand_Prix_of_Denmark": 0.01818181818181818,
    "1996_Speedway_Grand_Prix_of_Denmark": 0.01818181818181818,
    "1997_Speedway_Grand_Prix_of_Denmark": 0.01818181818181818,
    "1998_Speedway_Grand_Prix_of_Denmark": 0.01818181818181818,
    "1999_Speedway_Grand_Prix_of_Denmark": 0.01818181818181818,
    "2000_Speedway_Grand_Prix_of_Denmark": 0.01818181818181818,
    "2007_Speedway_Grand_Prix_of_Denmark": 0.016666666666666666,
    "2009_Speedway_Grand_Prix_of_Denmark": 0.016666666666666666,
    "2009_Speedway_Grand_Prix_of_Nordic": 0.016666666666666666,
    "List_of_F.C._Copenhagen_players": 0.016666666666666666,
    "2008_Speedway_Grand_Prix_of_Denmark": 0.01639344262295082,
    "Denmark_national_football_team_statistics": 0.01639344262295082,
    "List_of_F.C._Copenhagen_seasons": 0.015873015873015872,
    "List_of_Danish_football_champions": 0.014814814814814815,
    "F.C._Copenhagen": 0.011363636363636364,
    "1993\u201394_Danish_Superliga": 0.01020408163265306,
    "List_of_football_stadiums_in_Luxembourg": 0.010101010101010102
}