{
    "2013_Chicago_Red_Stars_season": 1.0,
    "2013_Atlanta_Silverbacks_season": 0.7569444444444444,
    "2013_Antigua_Barracuda_FC_season": 0.7414965986394558,
    "2013_Phoenix_FC_season": 0.7414965986394558,
    "2013_FC_Kansas_City_season": 0.7261146496815286,
    "2013_Washington_Spirit_season": 0.7055214723926381,
    "2013_Seattle_Reign_FC_season": 0.6745562130177515,
    "2013_Chivas_USA_season": 0.6646341463414634,
    "2013_New_York_Cosmos_season": 0.630057803468208,
    "List_of_Major_League_Soccer_transfers_2013": 0.615819209039548,
    "List_of_North_American_Soccer_League_transfers_2013_(Fall_Season)": 0.615819209039548,
    "2013_Richmond_Kickers_season": 0.6123595505617978,
    "2013_Orlando_City_S.C._season": 0.6077348066298343,
    "2013_Minnesota_United_FC_season": 0.6055555555555555,
    "2013_San_Jose_Earthquakes_season": 0.5891891891891892,
    "2013_Atlantic_Coast_Conference_men's_soccer_season": 0.5860215053763441,
    "2013_Big_East_Conference_men's_soccer_season": 0.5860215053763441,
    "2013_Patriot_League_men's_soccer_season": 0.5860215053763441,
    "2013_Tampa_Bay_Rowdies_season": 0.5828877005347594,
    "2013_New_England_Revolution_season": 0.5736842105263158,
    "2013_Portland_Timbers_season": 0.5736842105263158,
    "2013_Houston_Dynamo_season": 0.5670103092783505,
    "2013_Colorado_Rapids_season": 0.5477386934673367,
    "2013_Columbus_Crew_season": 0.5369458128078818,
    "2013_Los_Angeles_Galaxy_season": 0.5343137254901961,
    "2013_New_York_Red_Bulls_season": 0.5317073170731708,
    "2013_Toronto_FC_season": 0.49321266968325794,
    "2013_Fort_Lauderdale_Strikers_season": 0.48660714285714285,
    "2013_Conference_USA_men's_soccer_season": 0.4698275862068966,
    "2013_North_American_Soccer_League_season": 0.45228215767634855,
    "2013_Atlantic_10_Conference_men's_soccer_season": 0.45228215767634855,
    "2013_Montreal_Impact_season": 0.44129554655870445,
    "2013_Seattle_Sounders_FC_season": 0.436,
    "2013_USL_Pro_season": 0.41923076923076924,
    "2013_Real_Salt_Lake_season": 0.41729323308270677,
    "2013_Philadelphia_Union_season": 0.40977443609022557,
    "2013_Metro_Atlantic_Athletic_Conference_men's_soccer_season": 0.40671641791044777,
    "2013_Chicago_Fire_season": 0.40441176470588236,
    "2013_Big_South_Conference_men's_soccer_season": 0.4007352941176471,
    "2013_Sporting_Kansas_City_season": 0.39492753623188404,
    "2013_National_Women's_Soccer_League_season": 0.39322033898305087,
    "2013_Lamar_Hunt_U.S._Open_Cup": 0.38652482269503546,
    "2013_in_American_soccer": 0.3713355048859935,
    "2013_D.C._United_season": 0.37037037037037035,
    "2013_Vancouver_Whitecaps_FC_season": 0.3343558282208589,
    "2013_MLS_Cup_Playoffs": 0.32732732732732733,
    "2013_NCAA_Division_I_men's_soccer_season": 0.31054131054131057,
    "2013_NPSL_season": 0.296875,
    "2013_Major_League_Soccer_season": 0.2868421052631579,
    "2012_Boston_Breakers_season": 0.12396694214876033,
    "2012_Atlanta_Silverbacks_season": 0.11711711711711711,
    "2012\u201313_Major_Indoor_Soccer_League_season": 0.11711711711711711,
    "2012_Rochester_Rhinos_season": 0.11607142857142858,
    "2012_Dayton_Dutch_Lions_season": 0.1115702479338843,
    "2012_Chivas_USA_season": 0.1111111111111111,
    "List_of_Major_League_Soccer_transfers_2012": 0.109375,
    "2012_Orlando_City_S.C._season": 0.10852713178294573,
    "2012_PDL_season": 0.10843373493975904,
    "2012_Los_Angeles_Blues_season": 0.1078838174273859,
    "2012_Richmond_Kickers_season": 0.1062992125984252,
    "2012_Chicago_Fire_season": 0.1033210332103321,
    "2012_San_Jose_Earthquakes_season": 0.10227272727272728,
    "2012_Tampa_Bay_Rowdies_season": 0.10227272727272728,
    "2012_Portland_Timbers_season": 0.10037174721189591,
    "Chicago_Red_Stars": 0.09915014164305949,
    "2012_Fort_Lauderdale_Strikers_season": 0.09698996655518395,
    "2012_Minnesota_Stars_FC_season": 0.09415584415584416,
    "2012_Carolina_RailHawks_FC_season": 0.09333333333333334,
    "2012_Toronto_FC_season": 0.09278350515463918,
    "2012_Puerto_Rico_Islanders_season": 0.09271523178807947,
    "2012_North_American_Soccer_League_season": 0.09003215434083602,
    "2012_Charleston_Battery_season": 0.09,
    "2012_NPSL_season": 0.08672086720867209,
    "2012_MLS_Cup_Playoffs": 0.08588957055214724,
    "2012_Real_Salt_Lake_season": 0.08405797101449275,
    "2012_World_Football_Challenge": 0.08333333333333333,
    "2012_in_American_soccer": 0.08290155440414508,
    "2012_Colonial_Athletic_Association_men's_soccer_season": 0.08253968253968254,
    "2012_Atlantic_10_Conference_men's_soccer_season": 0.08176100628930817,
    "2012_D.C._United_season": 0.08083832335329341,
    "2012_Houston_Dynamo_season": 0.08,
    "2013_MLS_Supplemental_Draft": 0.07920792079207921,
    "2012_Sporting_Kansas_City_season": 0.07909604519774012,
    "2011\u201312_Major_Indoor_Soccer_League_season": 0.0790273556231003,
    "2012_Philadelphia_Union_season": 0.0782608695652174,
    "2012_New_England_Revolution_season": 0.07780979827089338,
    "2012_New_York_Red_Bulls_season": 0.07713498622589532,
    "2012_Colorado_Rapids_season": 0.07605633802816901,
    "2012_Los_Angeles_Galaxy_season": 0.07541899441340782,
    "2012_Columbus_Crew_season": 0.07520891364902507,
    "2013_MLS_SuperDraft": 0.075,
    "2013_Charlotte_Eagles_season": 0.07482993197278912,
    "2013_Pittsburgh_Riverhounds_season": 0.07482993197278912,
    "2012_Seattle_Sounders_FC_season": 0.07397260273972603,
    "2012_USL_Pro_season": 0.07258064516129033,
    "List_of_USL_Pro_transfers_2013": 0.0718232044198895,
    "2012_Montreal_Impact_season": 0.06835443037974684,
    "2012_Vancouver_Whitecaps_FC_season": 0.06801007556675064,
    "2012_Lamar_Hunt_U.S._Open_Cup": 0.06696428571428571,
    "2012_NCAA_Division_I_men's_soccer_season": 0.06323185011709602,
    "2012_Major_League_Soccer_season": 0.0630841121495327,
    "2013_Canadian_Soccer_League_season": 0.05485232067510549,
    "NWSL_records_and_statistics": 0.02997275204359673,
    "2002_in_American_soccer": 0.026058631921824105,
    "2000_in_American_soccer": 0.026058631921824105,
    "1999_in_American_soccer": 0.026058631921824105,
    "1997_in_American_soccer": 0.026058631921824105,
    "2009_in_American_soccer": 0.02452316076294278,
    "2010_in_American_soccer": 0.024390243902439025,
    "2014_Sporting_Kansas_City_season": 0.024,
    "2005_in_American_soccer": 0.023391812865497075,
    "2007_in_American_soccer": 0.023054755043227664,
    "2004_in_American_soccer": 0.022988505747126436,
    "2008_in_American_soccer": 0.022598870056497175,
    "2010_Boston_Breakers_season": 0.021929824561403508,
    "Professional_Arena_Soccer_League": 0.021739130434782608,
    "1998_in_American_soccer": 0.02127659574468085,
    "2008_NPSL_Season": 0.020689655172413793,
    "2007_NPSL_Season": 0.020689655172413793,
    "2011_in_American_soccer": 0.020460358056265986,
    "2008_WPSL_season": 0.02027027027027027,
    "2006_WPSL_season": 0.02027027027027027,
    "Rio_Tinto_Stadium": 0.020202020202020204,
    "2011_Boston_Breakers_season": 0.020161290322580645,
    "2009_NPSL_season": 0.019886363636363636,
    "2009_Women's_Professional_Soccer_season": 0.01977401129943503,
    "2010_NPSL_season": 0.01977401129943503,
    "2009_WPSL_season": 0.019553072625698324,
    "USL_Second_Division": 0.01935483870967742,
    "USASA_National_Women's_Open": 0.01935483870967742,
    "Atlanta_Silverbacks": 0.01910828025477707,
    "Harrisburg_City_Islanders": 0.018666666666666668,
    "2011_NPSL_season": 0.018666666666666668,
    "Super_Y-League": 0.01838235294117647,
    "List_of_NCAA_Division_I_men's_soccer_coaches": 0.01838235294117647,
    "List_of_soccer_stadiums_in_the_United_States": 0.01838235294117647,
    "DFW_Tornados": 0.01824817518248175,
    "American_Cup": 0.018115942028985508,
    "National_Association_Football_League": 0.018115942028985508,
    "Lamar_Hunt_U.S._Open_Cup": 0.017937219730941704,