{
    "List_of_architecture_prizes": 1.0,
    "Collar_day": 1.0,
    "List_of_history_awards": 1.0,
    "Numismatics": 1.0,
    "List_of_prizes_named_after_people": 0.83125,
    "List_of_film_awards": 0.6273584905660378,
    "List_of_highest_military_decorations": 0.34190231362467866,
    "Sash": 0.30158730158730157,
    "Title": 0.018617021276595744,
    "Serbian_name": 0.016666666666666666,
    "Courtesy_name": 0.016666666666666666,
    "Finnish_name": 0.016666666666666666,
    "List_of_titles": 0.016666666666666666,
    "French_name": 0.016666666666666666,
    "Portuguese_name": 0.016666666666666666,
    "Identifier": 0.016666666666666666,
    "Dutch_name": 0.016666666666666666,
    "Burmese_name": 0.015873015873015872,
    "Garnet": 0.015060240963855422,
    "Ring_(jewellery)": 0.01483679525222552,
    "Medal_of_Valor_(Israel)": 0.014634146341463415,
    "Papal_name": 0.012962962962962963,
    "National_personification": 0.01284796573875803,
    "Precious_metal": 0.012345679012345678,
    "Slogan_(heraldry)": 0.012232415902140673,
    "Star_(heraldry)": 0.012232415902140673,
    "Doctorate": 0.011764705882352941,
    "Certificate_in_Management_Studies": 0.011764705882352941,
    "Catholic_religious_order": 0.011428571428571429,
    "Palladium": 0.011210762331838564,
    "Arabic_name": 0.011194029850746268,
    "Papal_coats_of_arms": 0.011086474501108648,
    "Rhodium": 0.010893246187363835,
    "Germanic_name": 0.010869565217391304,
    "Gold": 0.01079913606911447,
    "Baptism": 0.01073345259391771,
    "Call_sign": 0.010619469026548672,
    "List_of_some_religious_institutes_(Catholic)": 0.010554089709762533
}