{
    "2013_Bangladesh_anti-Hindu_violence": 1.0,
    "Muslim_Population_by_District_in_West_Bengal": 0.4896551724137931,
    "State_of_Law_Coalition": 0.04142011834319527,
    "Harkat-ul-Jihad_al-Islami": 0.03383458646616541,
    "Islamic_democracy": 0.026717557251908396,
    "Al-Qaeda_in_the_Arabian_Peninsula": 0.025878003696857672,
    "Muhammad_Asad": 0.025821596244131457,
    "Hamas": 0.02491103202846975,
    "Al-Qaeda": 0.024179620034542316,
    "Places_in_Pakistan_with_Hindu_and_Sikh_populations_before_1947": 0.02177293934681182,
    "Twelver": 0.01854974704890388,
    "Aurangzeb": 0.01762114537444934,
    "List_of_sectors_in_Bangladesh_Liberation_War": 0.015873015873015872,
    "Mukti_Bahini": 0.015424164524421594,
    "Gilbert_Elliot-Murray-Kynynmound,_1st_Earl_of_Minto": 0.015384615384615385,
    "Charles_Canning,_1st_Earl_Canning": 0.015345268542199489,
    "James_Broun-Ramsay,_1st_Marquess_of_Dalhousie": 0.015306122448979591,
    "Islamism": 0.014783526927138331,
    "Imamah_(Shia_Twelver_doctrine)": 0.014687882496940025,
    "Imamah_(Shia_doctrine)": 0.014580801944106925,
    "List_of_Taliban_leaders": 0.014423076923076924,
    "Guantanamo_detainees_who_were_previously_Taliban_prisoners": 0.014423076923076924,
    "Lord_William_Bentinck": 0.013303769401330377,
    "Pakistan_Tehreek-e-Insaf": 0.012455516014234875,
    "Archibald_Wavell,_1st_Earl_Wavell": 0.011857707509881422,
    "Pakistan_Peoples_Party": 0.01174496644295302,
    "Hindustan_Socialist_Republican_Association": 0.01171875,
    "Richard_Wellesley,_1st_Marquess_Wellesley": 0.011214953271028037,
    "Frederic_Thesiger,_1st_Viscount_Chelmsford": 0.011152416356877323,
    "Kakori_conspiracy": 0.010434782608695653
}