{
    "List_of_Georgetown_Hoyas_in_the_NBA_and_WNBA_Drafts": 1.0,
    "2007\u201308_Georgetown_Hoyas_men's_basketball_team": 0.4845360824742268,
    "1984\u201385_Georgetown_Hoyas_men's_basketball_team": 0.4845360824742268,
    "2009\u201310_Georgetown_Hoyas_men's_basketball_team": 0.4845360824742268,
    "2006\u201307_Georgetown_Hoyas_men's_basketball_team": 0.4845360824742268,
    "2011\u201312_Georgetown_Hoyas_men's_basketball_team": 0.4845360824742268,
    "1978\u201379_Georgetown_Hoyas_men's_basketball_team": 0.4845360824742268,
    "2005\u201306_Georgetown_Hoyas_men's_basketball_team": 0.4845360824742268,
    "List_of_Georgetown_Hoyas_men's_basketball_seasons": 0.4717607973421927,
    "List_of_Georgetown_University_buildings": 0.35051546391752575,
    "List_of_Presidents_of_Georgetown_University": 0.3090909090909091,
    "2009_Georgetown_Hoyas_football_team": 0.011933174224343675,
    "2010_Georgetown_Hoyas_football_team": 0.011933174224343675,
    "2011_Georgetown_Hoyas_football_team": 0.011933174224343675,
    "2012_Georgetown_Hoyas_football_team": 0.011933174224343675,
    "2013_Georgetown_Hoyas_football_team": 0.011933174224343675
}