{
    "EA_Sports_NASCAR_series": 1.0,
    "Griptonite_Games": 0.7022222222222222,
    "List_of_Electronic_Arts_games": 0.7022222222222222,
    "Distinctive_Software": 0.6991150442477876,
    "Pandemic_Studios": 0.6396761133603239,
    "List_of_acquisitions_by_Electronic_Arts": 0.6345381526104418,
    "NBA_Live_(video_game_series)": 0.6245059288537549,
    "Need_for_Speed": 0.61003861003861,
    "DICE_Los_Angeles": 0.5895522388059702,
    "EA_Digital_Illusions_CE": 0.5895522388059702,
    "Visceral_Games": 0.5845588235294118,
    "Criterion_Games": 0.5787545787545788,
    "Tiger_Woods_PGA_Tour": 0.5745454545454546,
    "FIFA_Manager_(video_game_series)": 0.5524475524475524,
    "Firemonkeys_Studios": 0.5302013422818792,
    "BioWare": 0.5163398692810458,
    "The_Sims_Studio": 0.4968553459119497,
    "Madden_NFL": 0.4952978056426332,
    "NHL_(video_game_series)": 0.441340782122905,
    "EA_Los_Angeles": 0.43526170798898073,
    "Frostbite_(game_engine)": 0.4328767123287671,
    "EA_Sports_Big": 0.3872549019607843,
    "NASCAR_Unleashed": 0.26222222222222225,
    "NASCAR_Thunder_2004": 0.24789915966386555,
    "List_of_NASCAR_video_games": 0.1798780487804878,
    "Overlord_(2007_video_game)": 0.06198347107438017,
    "IndyCar_Racing": 0.050980392156862744,
    "Need_for_Speed:_Most_Wanted_(2012_video_game)": 0.04411764705882353,
    "List_of_Need_for_Speed_video_games": 0.03861003861003861,
    "Need_for_Speed:_ProStreet": 0.03861003861003861,
    "Dale_Earnhardt": 0.03698435277382646,
    "V-Rally_2": 0.03436426116838488,
    "Dale_Earnhardt,_Jr.": 0.03417721518987342,
    "Jeff_Gordon": 0.03245942571785269,
    "Kevin_Harvick": 0.031668696711327646,
    "Jimmie_Johnson": 0.030732860520094562,
    "Image_Space_Incorporated": 0.027491408934707903,
    "List_of_Battlefield_video_games": 0.02247191011235955,
    "The_Sims_2": 0.022222222222222223,
    "The_Sims_3": 0.022082018927444796,
    "NetKar_Pro": 0.021352313167259787,
    "Warthog_Games": 0.021352313167259787,
    "Burnout_Paradise": 0.02066115702479339,
    "Burnout_3_soundtrack": 0.02066115702479339,
    "Tony_Stewart": 0.02034428794992175,
    "007:_From_Russia_with_Love": 0.019933554817275746,
    "Grand_Prix_2": 0.018421052631578946,
    "Ultima_III:_Exodus": 0.01607717041800643,
    "IndyCar_Series_(video_game)": 0.01606425702811245,
    "IRacing.com": 0.015424164524421594,
    "Bill_Rexford": 0.015197568389057751,
    "List_of_Baldur's_Gate_characters": 0.015113350125944584,
    "Sprint_Unlimited": 0.015113350125944584,
    "List_of_accolades_received_by_Mass_Effect_2": 0.014669926650366748,
    "Davey_Allison": 0.014084507042253521,
    "List_of_NASCAR_Sprint_Cup_Series_champions": 0.013921113689095127,
    "Adri\u00e1n_Fern\u00e1ndez": 0.013245033112582781,
    "CryEngine": 0.012987012987012988,
    "TOCA_Race_Driver": 0.012987012987012988,
    "TOCA_Race_Driver_2": 0.012987012987012988,
    "Fight_Night_Champion": 0.01293103448275862,
    "Ward_Burton": 0.012844036697247707,
    "Nicky_Grist": 0.0125,
    "Tiny_Lund": 0.012170385395537525,
    "Tiger_Woods_PGA_Tour_12": 0.012,
    "Tiger_Woods_PGA_Tour_13": 0.012,
    "Daytona_500": 0.011650485436893204,
    "NASCAR_Rookie_of_the_Year": 0.011574074074074073,
    "Junior_Johnson": 0.011494252873563218,
    "Johnny_O'Connell": 0.011472275334608031,
    "Richard_Garriott": 0.011467889908256881,
    "Cale_Yarborough": 0.011111111111111112,
    "David_Pearson_(racing_driver)": 0.011058451816745656,
    "Brett_Sperry": 0.01098901098901099,
    "Gamebryo": 0.010958904109589041,
    "PhyreEngine": 0.010958904109589041,
    "Game_Editor": 0.010958904109589041,
    "List_of_first-person_shooter_engines": 0.010958904109589041,
    "SpeedTree": 0.010958904109589041,
    "Dragon_Age:_Dawn_of_the_Seeker": 0.010638297872340425,
    "Vision_(game_engine)": 0.010416666666666666,
    "International_Race_of_Champions": 0.010344827586206896,
    "Jim_Sauter": 0.010221465076660987
}