{
    "2000_Australian_Open_\u2013_Women's_Singles": 1.0,
    "List_of_Australian_Open_women's_singles_champions": 0.3256578947368421,
    "Victoria_Azarenka_career_statistics": 0.08722741433021806,
    "Hana_Mandl\u00edkov\u00e1": 0.08472012102874432,
    "Mary_Pierce": 0.07079646017699115,
    "Justine_Henin": 0.057911065149948295,
    "2012_Serena_Williams_tennis_season": 0.04869565217391304,
    "2011_Serena_Williams_tennis_season": 0.04865334491746308,
    "2013_Serena_Williams_tennis_season": 0.04865334491746308,
    "2010_Serena_Williams_tennis_season": 0.04865334491746308,
    "2009_Serena_Williams_tennis_season": 0.04865334491746308,
    "Serena_Williams'_early_career": 0.04865334491746308,
    "2006_Serena_Williams_tennis_season": 0.04865334491746308,
    "1999_Serena_Williams_tennis_season": 0.04865334491746308,
    "2008_Serena_Williams_tennis_season": 0.04865334491746308,
    "2007_Serena_Williams_tennis_season": 0.04865334491746308,
    "2005_Serena_Williams_tennis_season": 0.04865334491746308,
    "2004_Serena_Williams_tennis_season": 0.04865334491746308,
    "2003_Serena_Williams_tennis_season": 0.04865334491746308,
    "Serena_Williams": 0.029613960867265997
}