{
    "2009_Masters_of_Formula_3": 1.0,
    "1991_Masters_of_Formula_3": 1.0,
    "1992_Masters_of_Formula_3": 1.0,
    "1993_Masters_of_Formula_3": 1.0,
    "1994_Masters_of_Formula_3": 1.0,
    "1995_Masters_of_Formula_3": 1.0,
    "1996_Masters_of_Formula_3": 1.0,
    "1997_Masters_of_Formula_3": 1.0,
    "1998_Masters_of_Formula_3": 1.0,
    "1999_Masters_of_Formula_3": 1.0,
    "2000_Masters_of_Formula_3": 1.0,
    "2001_Masters_of_Formula_3": 1.0,
    "2002_Masters_of_Formula_3": 1.0,
    "2003_Masters_of_Formula_3": 1.0,
    "2004_Masters_of_Formula_3": 1.0,
    "2005_Masters_of_Formula_3": 1.0,
    "2007_Masters_of_Formula_3": 1.0,
    "2008_Masters_of_Formula_3": 1.0,
    "2010_Masters_of_Formula_3": 1.0,
    "2011_Masters_of_Formula_3": 1.0,
    "2012_Masters_of_Formula_3": 1.0,
    "2013_Masters_of_Formula_3": 1.0,
    "Masters_of_Formula_3": 0.48214285714285715,
    "2011_FIA_Formula_3_International_Trophy_season": 0.017857142857142856,
    "List_of_GP3_Series_drivers": 0.01282051282051282,
    "Tom_Coronel": 0.012048192771084338
}