{
    "Athletics_at_the_2013_Island_Games": 1.0,
    "Shooting_at_the_2013_Island_Games": 1.0,
    "Swimming_at_the_2013_Island_Games": 1.0,
    "2013_Island_Games": 0.3448275862068966,
    "Men's_Football_at_the_2003_Island_Games": 0.02857142857142857,
    "2013_Omloop_van_het_Hageland": 0.022222222222222223,
    "2013_Drentse_8_van_Dwingeloo": 0.022222222222222223,
    "Special_Committee_on_Decolonization": 0.022222222222222223,
    "2013_Chrono_Champenois_\u2013_Troph\u00e9e_Europ\u00e9en": 0.022222222222222223,
    "Uyghur_detainees_at_Guantanamo_Bay": 0.021739130434782608,
    "Men's_Football_at_the_2009_Island_Games": 0.0196078431372549,
    "Men's_football_at_the_2011_Island_Games": 0.0196078431372549,
    "2013_Energiewacht_Tour": 0.018867924528301886,
    "2007_Island_Games": 0.017241379310344827,
    "2005_Island_Games": 0.017241379310344827,
    "1999_Island_Games": 0.017241379310344827,
    "1997_Island_Games": 0.017241379310344827,
    "2003_Island_Games": 0.017241379310344827,
    "2001_Island_Games": 0.017241379310344827,
    "1985_Island_Games": 0.017241379310344827,
    "1987_Island_Games": 0.017241379310344827,
    "1989_Island_Games": 0.017241379310344827,
    "1991_Island_Games": 0.017241379310344827,
    "1995_Island_Games": 0.017241379310344827,
    "1993_Island_Games": 0.017241379310344827,
    "Gymnastics_at_the_2013_European_Youth_Summer_Olympic_Festival": 0.01639344262295082,
    "2012\u201313_UCI_Africa_Tour": 0.015873015873015872,
    "2012\u201313_UCI_America_Tour": 0.015873015873015872,
    "2012\u201313_UCI_Asia_Tour": 0.015873015873015872,
    "2013_UCI_Europe_Tour": 0.015873015873015872,
    "2013_Chinese_Artistic_Gymnastics_Championships": 0.015384615384615385,
    "Caribbean_Disaster_Emergency_Management_Agency": 0.015384615384615385,
    "2013_Russian_Cup": 0.014492753623188406,
    "2013_Boels_Rental_Ladies_Tour": 0.014492753623188406,
    "2013_Dutch_National_Time_Trial_Championships_\u2013_Women's_time_trial": 0.014084507042253521,
    "2011_Island_Games": 0.0136986301369863,
    "2013_WTA_125K_series": 0.0136986301369863,
    "2009_Island_Games": 0.013513513513513514,
    "2013_UCI_Women's_Road_Rankings": 0.013333333333333334,
    "Bermuda_at_the_Pan_American_Games": 0.012195121951219513,
    "2013_in_women's_road_cycling": 0.011904761904761904,
    "2013_Asian_Cycling_Championships": 0.011764705882352941,
    "Football_at_the_Island_Games": 0.01171875,
    "List_of_sovereign_states_and_dependent_territories_in_North_America": 0.011494252873563218,
    "2013_UCI_Women's_Road_World_Cup": 0.011111111111111112,
    "2013_European_Road_Championships": 0.011111111111111112
}