{
    "ARIA_Award_for_Breakthrough_Artist_-_Album": 1.0,
    "Lessons_to_Be_Learned": 0.5154639175257731,
    "ARIA_Award_for_Best_Female_Artist": 0.4717948717948718,
    "ARIA_Music_Awards_of_2011": 0.4585635359116022,
    "ARIA_Music_Awards_of_2012": 0.4585635359116022,
    "ARIA_Music_Awards_of_2013": 0.4585635359116022,
    "ARIA_Award_for_Album_of_the_Year": 0.44493392070484583,
    "ARIA_Award_for_Best_Male_Artist": 0.4321608040201005,
    "Don't_Call_Me_Baby": 0.4225941422594142,
    "ARIA_Award_for_Single_of_the_Year": 0.41810344827586204,
    "Sweet_About_Me": 0.4122448979591837,
    "Are_You_Gonna_Be_My_Girl": 0.3482758620689655,
    "Wendy_Matthews": 0.34812286689419797,
    "Believe_Again_Tour": 0.33663366336633666,
    "The_Visualise_Tour": 0.33663366336633666,
    "Natalie_Imbruglia": 0.3081570996978852,
    "ARIA_Hall_of_Fame": 0.29537366548042704,
    "Torn_(Ednaswap_song)": 0.28450704225352114,
    "ARIA_Music_Awards": 0.2842465753424658,
    "Kasey_Chambers": 0.09407665505226481,
    "Tina_Arena": 0.08794788273615635,
    "Lonerism": 0.07335907335907337,
    "You_Am_I": 0.0673758865248227,
    "Making_Mirrors": 0.06484641638225255,
    "Walking_on_a_Dream_(song)": 0.060240963855421686,
    "Eskimo_Joe": 0.056818181818181816,
    "Truly_Madly_Deeply": 0.05442176870748299,
    "Beds_Are_Burning": 0.05263157894736842,
    "Gotye": 0.047619047619047616,
    "Can't_Get_You_Out_of_My_Head": 0.044642857142857144,
    "Where_the_Wild_Roses_Grow": 0.034482758620689655,
    "Somebody_That_I_Used_to_Know": 0.02313624678663239,
    "Sweet_Disposition": 0.01680672268907563,
    "Ten_(Gabriella_Cilmi_album)": 0.015463917525773196,
    "Shine_On_(Jet_album)": 0.014492753623188406,
    "Silverchair_discography": 0.013513513513513514,
    "List_of_awards_and_nominations_received_by_Silverchair": 0.013513513513513514,
    "Delta_Goodrem_discography": 0.012711864406779662,
    "Delta_(2007_album)": 0.012658227848101266,
    "APRA_Awards_(Australia)": 0.012,
    "Almost_Here_(Brian_McFadden_and_Delta_Goodrem_song)": 0.01171875,
    "Across_the_Great_Divide_tour": 0.01056338028169014
}