{
    "2013_Mudsummer_Classic": 1.0,
    "2012_NASCAR_Sprint_All-Star_Race": 0.4461538461538462,
    "2013_NASCAR_Sprint_All-Star_Race": 0.4461538461538462,
    "2008_NASCAR_Sprint_All-Star_Race": 0.29441624365482233,
    "2007_Subway_Fresh_Fit_500": 0.14545454545454545,
    "2007_Aaron's_499": 0.14545454545454545,
    "2013_Aaron's_499": 0.14545454545454545,
    "2009_Aaron's_499": 0.13855421686746988,
    "2010_Daytona_500": 0.10548523206751055,
    "2011_Daytona_500": 0.10548523206751055,
    "2012_Daytona_500": 0.10548523206751055,
    "2013_Daytona_500": 0.10548523206751055,
    "Michael_Waltrip": 0.10157618213660245,
    "2001_Daytona_500": 0.10126582278481013,
    "2003_Daytona_500": 0.10126582278481013,
    "2005_Daytona_500": 0.10084033613445378,
    "2009_Daytona_500": 0.10084033613445378,
    "1998_Pepsi_400": 0.09302325581395349,
    "2000_Dura_Lube_300": 0.09302325581395349,
    "Darrell_Waltrip": 0.090625,
    "List_of_Daytona_500_broadcasters": 0.0823045267489712,
    "List_of_Coca-Cola_600_broadcasters": 0.08074534161490683,
    "Coca-Cola_600": 0.08074534161490683,
    "List_of_NASCAR_Sprint_All-Star_Race_drivers": 0.06666666666666667,
    "2007_Pepsi_400": 0.06289308176100629,
    "1999_Marlboro_500": 0.052083333333333336,
    "2000_Tenneco_Automotive_Grand_Prix_of_Detroit": 0.052083333333333336,
    "Danica_Patrick": 0.048828125,
    "Jeff_Gordon": 0.04595879556259905,
    "1992_Hooters_500": 0.045714285714285714,
    "2002_Daytona_500": 0.043478260869565216,
    "2006_Daytona_500": 0.043478260869565216,
    "Kevin_Harvick": 0.039755351681957186,
    "NASCAR_Sprint_All-Star_Race": 0.0392156862745098,
    "1998_Daytona_500": 0.038461538461538464,
    "2000_Daytona_500": 0.038461538461538464,
    "1996_Daytona_500": 0.038461538461538464,
    "1999_Daytona_500": 0.038461538461538464,
    "1997_Daytona_500": 0.038461538461538464,
    "1994_Daytona_500": 0.038461538461538464,
    "Benny_Parsons": 0.03714710252600297,
    "NASCAR_Hall_of_Fame": 0.036458333333333336,
    "2004_Daytona_500": 0.03643724696356275,
    "Jamie_McMurray": 0.03598971722365039,
    "David_Hobbs_(racing_driver)": 0.03374233128834356,
    "Buddy_Baker": 0.03350083752093802,
    "1991_Budweiser_at_The_Glen": 0.03333333333333333,
    "Cale_Yarborough": 0.03296703296703297,
    "Ernie_Irvan": 0.032520325203252036,
    "2010_AAA_Texas_500": 0.031746031746031744,
    "2011_AdvoCare_500": 0.031746031746031744,
    "Richard_Petty": 0.031135531135531136,
    "1994_Brickyard_400": 0.03067484662576687,
    "1995_Brickyard_400": 0.03067484662576687,
    "1996_Brickyard_400": 0.03067484662576687,
    "2001_American_Memorial": 0.030303030303030304,
    "2007_Allstate_400_at_the_Brickyard": 0.0297029702970297,
    "2010_Brickyard_400": 0.0297029702970297,
    "2011_Brickyard_400": 0.0297029702970297,
    "2012_Brickyard_400": 0.0297029702970297,
    "2013_Brickyard_400": 0.0297029702970297,
    "Geoff_Bodine": 0.02936857562408223,
    "Bill_Davis_Racing": 0.02857142857142857,
    "2010_Ford_400": 0.027906976744186046,
    "2011_Ford_400": 0.027906976744186046,
    "2013_DRIVE4COPD_300": 0.0273224043715847,
    "Davey_Allison": 0.0243161094224924,
    "2010_Irwin_Tools_Night_Race": 0.024193548387096774,
    "Dale_Earnhardt,_Jr.": 0.023622047244094488,
    "Dale_Earnhardt,_Inc.": 0.023529411764705882,
    "Richardson-Haas_Motorsports": 0.023529411764705882,
    "Dale_Jarrett": 0.0219435736677116,
    "Ward_Burton": 0.021220159151193633,
    "Adri\u00e1n_Fern\u00e1ndez": 0.02097902097902098,
    "Johnny_Rutherford": 0.020833333333333332,
    "David_Green_(racing_driver)": 0.02040816326530612,
    "1972_Daytona_500": 0.02,
    "2007_Vegas_Grand_Prix": 0.01935483870967742,
    "2007_Toyota_Grand_Prix_of_Long_Beach": 0.01935483870967742,
    "2005_Toyota_Grand_Prix_of_Long_Beach": 0.01935483870967742,
    "Kasey_Kahne": 0.019169329073482427,
    "Bruno_Junqueira": 0.018957345971563982,
    "Hendrick_Motorsports": 0.018556701030927835,
    "Dale_Earnhardt": 0.018115942028985508,
    "Terry_Labonte": 0.017711171662125342,
    "David_Pearson_(racing_driver)": 0.017204301075268817,
    "Max_Chilton": 0.01694915254237288,
    "Junior_Johnson": 0.016901408450704224,
    "Jim_Sauter": 0.016706443914081145,
    "Derek_Daly": 0.016611295681063124,
    "Robby_Gordon": 0.01652892561983471,
    "Marcos_Ambrose": 0.01639344262295082,
    "Matt_Kenseth": 0.016260162601626018,
    "Greg_Sacks": 0.016238159675236806,
    "Marc_Goossens": 0.016,
    "Tiny_Lund": 0.01529051987767584,
    "NASCAR_Rookie_of_the_Year": 0.015037593984962405,
    "John_Andretti": 0.014925373134328358,
    "Derrike_Cope": 0.014571948998178506,
    "Owen_Kelly": 0.01444043321299639,
    "Jimmie_Johnson": 0.014388489208633094,
    "Tony_Stewart": 0.014272970561998216,
    "Jeff_Ward_(racing_driver)": 0.0136986301369863,
    "Bobby_Unser": 0.013642564802182811,
    "Sterling_Marlin": 0.013513513513513514,
    "Ken_Schrader": 0.01344364012409514,
    "Bill_Elliott": 0.012865497076023392,
    "Ryan_Briscoe": 0.0125,
    "Steve_Grissom": 0.011577424023154847,
    "Daytona_500": 0.011428571428571429,
    "Marcus_Ericsson": 0.0111731843575419,
    "List_of_NASCAR_Camping_World_Truck_Series_champions": 0.0111731843575419,
    "Stirling_Moss": 0.011061946902654867,
    "Dan_Gurney": 0.01079913606911447,
    "List_of_NASCAR_Nationwide_Series_champions": 0.010471204188481676,
    "Paul_Tracy": 0.010452961672473868,
    "2007_Goody's_Cool_Orange_500": 0.01020408163265306,
    "2007_Samsung_500": 0.01020408163265306,
    "2007_Crown_Royal_Presents_The_Jim_Stewart_400": 0.01020408163265306,
    "2007_Autism_Speaks_400": 0.01020408163265306,
    "2007_Pocono_500": 0.01020408163265306,
    "2007_Citizens_Bank_400": 0.01020408163265306,
    "2007_Pennsylvania_500": 0.01020408163265306,
    "2007_Centurion_Boats_at_the_Glen": 0.01020408163265306,
    "2007_3M_Performance_400": 0.01020408163265306,
    "2007_Sharp_AQUOS_500": 0.01020408163265306,
    "2007_Chevy_Rock_&_Roll_400": 0.01020408163265306,
    "2007_Sylvania_300": 0.01020408163265306,
    "2007_Dodge_Dealers_400": 0.01020408163265306,
    "2007_LifeLock_400": 0.01020408163265306,
    "2007_UAW-Ford_500": 0.01020408163265306,
    "2007_Bank_of_America_500": 0.01020408163265306,
    "2007_Subway_500": 0.01020408163265306,
    "2007_Pep_Boys_Auto_500": 0.01020408163265306,
    "2007_Dickies_500": 0.01020408163265306,
    "2007_Checker_Auto_Parts_500": 0.01020408163265306,
    "2010_Auto_Club_500": 0.01020408163265306,
    "2010_Shelby_American": 0.01020408163265306,
    "2010_Kobalt_Tools_500_(Atlanta)": 0.01020408163265306,
    "2010_Food_City_500": 0.01020408163265306,
    "2010_Goody's_Fast_Pain_Relief_500": 0.01020408163265306,
    "2010_Subway_Fresh_Fit_600": 0.01020408163265306,
    "2010_Samsung_Mobile_500": 0.01020408163265306,
    "2010_Aaron's_499": 0.01020408163265306,
    "2010_Crown_Royal_Presents_the_Heath_Calhoun_400": 0.01020408163265306,
    "2010_Autism_Speaks_400": 0.01020408163265306,
    "2010_Gillette_Fusion_ProGlide_500": 0.01020408163265306,
    "2010_Heluva_Good!_Sour_Cream_Dips_400": 0.01020408163265306,
    "2010_Lenox_Industrial_Tools_301": 0.01020408163265306,
    "2010_Coke_Zero_400": 0.01020408163265306,
    "2010_LifeLock.com_400": 0.01020408163265306,
    "2010_Sunoco_Red_Cross_Pennsylvania_500": 0.01020408163265306,
    "2010_Heluva_Good!_Sour_Cream_Dips_at_the_Glen": 0.01020408163265306,
    "2010_Carfax_400": 0.01020408163265306,
    "2010_Emory_Healthcare_500": 0.01020408163265306,
    "2010_Air_Guard_400": 0.01020408163265306,
    "2010_Sylvania_300": 0.01020408163265306,
    "2010_AAA_400": 0.01020408163265306,
    "2010_Price_Chopper_400": 0.01020408163265306,
    "2010_Pepsi_Max_400": 0.01020408163265306,
    "2010_Bank_of_America_500": 0.01020408163265306,
    "2010_TUMS_Fast_Relief_500": 0.01020408163265306,
    "2011_Budweiser_Shootout": 0.01020408163265306,
    "2010_AMP_Energy_Juice_500": 0.01020408163265306,