{
    "Internationalization_of_the_renminbi": 1.0,
    "BRIC": 0.01597444089456869,
    "Emerging_markets": 0.015037593984962405,
    "Emerging_Markets_Index": 0.015037593984962405,
    "List_of_banks_in_China": 0.012315270935960592,
    "Asian_Development_Bank": 0.012048192771084338,
    "Newly_industrialized_country": 0.011869436201780416,
    "Community_of_Latin_American_and_Caribbean_States": 0.011299435028248588,
    "Colombo_Plan": 0.01092896174863388,
    "Soft_power": 0.010309278350515464,
    "Uniting_for_Consensus": 0.010309278350515464,
    "Emerging_and_growth-leading_economies": 0.010309278350515464,
    "MIKT": 0.010309278350515464,
    "Small_Island_Developing_States": 0.01020408163265306
}