{
    "List_of_metropolitan_areas_of_North_Carolina": 1.0,
    "List_of_Interstate_Highways_in_North_Carolina": 1.0,
    "List_of_botanical_gardens_and_arboretums_in_North_Carolina": 1.0,
    "Mecklenburg_County,_North_Carolina": 0.8609022556390977,
    "List_of_townships_in_North_Carolina": 0.8207885304659498,
    "List_of_North_Carolina_state_symbols": 0.7979094076655052,
    "North_Carolina_statistical_areas": 0.7951388888888888,
    "List_of_Superfund_sites_in_North_Carolina": 0.7923875432525952,
    "List_of_counties_in_North_Carolina": 0.7923875432525952,
    "List_of_airports_in_North_Carolina": 0.7896551724137931,
    "North_Carolina_locations_by_per_capita_income": 0.7815699658703071,
    "List_of_North_Carolina_railroads": 0.7411003236245954,
    "List_of_hospitals_in_North_Carolina": 0.7339743589743589,
    "List_of_television_stations_in_North_Carolina": 0.6561604584527221,
    "List_of_National_Historic_Landmarks_in_North_Carolina": 0.6273972602739726,
    "List_of_colleges_and_universities_in_North_Carolina": 0.5812182741116751,
    "National_Register_of_Historic_Places_listings_in_North_Carolina": 0.5640394088669951,
    "List_of_North_Carolina_state_parks": 0.4831223628691983,
    "Sports_in_North_Carolina": 0.46356275303643724,
    "Politics_and_government_of_North_Carolina": 0.44639376218323584,
    "Asheville,_North_Carolina": 0.3523076923076923,
    "North_Carolina": 0.35068912710566613,
    "List_of_Governors_of_North_Carolina": 0.3397626112759644,
    "Raleigh,_North_Carolina": 0.3397626112759644,
    "List_of_radio_stations_in_North_Carolina": 0.2735961768219833,
    "Triangle_Transit": 0.0898876404494382,
    "U.S._Route_52_in_North_Carolina": 0.0851063829787234,
    "U.S._Route_311": 0.08247422680412371,
    "Piedmont_Triad_International_Airport": 0.08191126279863481,
    "Interstate_85_Business_(North_Carolina)": 0.07973421926910298,
    "Shaw_University": 0.03898305084745763,
    "Sports_in_Charlotte,_North_Carolina": 0.03636363636363636,
    "National_Register_of_Historic_Places_listings_in_Wake_County,_North_Carolina": 0.02386117136659436,
    "U.S._Route_64_in_North_Carolina": 0.02,
    "North_Carolina_Central_University": 0.019963702359346643,
    "U.S._Route_158": 0.019736842105263157,
    "All-America_City_Award": 0.018315018315018316,
    "National_Register_of_Historic_Places_listings_in_Mecklenburg_County,_North_Carolina": 0.01674641148325359,
    "Chesterfield_County,_South_Carolina": 0.016587677725118485,
    "WRTP": 0.015479876160990712,
    "Orange_County_Speedway": 0.01545253863134658,
    "List_of_United_States_cities_by_population": 0.01529051987767584,
    "National_Register_of_Historic_Places_listings_in_Cabarrus_County,_North_Carolina": 0.014527845036319613,
    "Kansas_City,_Missouri": 0.014084507042253521,
    "St._Augustine's_University": 0.01327433628318584,
    "Greensboro_Coliseum_Complex": 0.0121765601217656,
    "National_Register_of_Historic_Places_listings_in_Guilford_County,_North_Carolina": 0.0117096018735363,
    "National_Register_of_Historic_Places_listings_in_Durham_County,_North_Carolina": 0.0117096018735363,
    "Chesapeake,_Virginia": 0.011695906432748537,
    "Asheville-Weaverville_Speedway": 0.011574074074074073,
    "National_Register_of_Historic_Places_listings_in_Forsyth_County,_North_Carolina": 0.011235955056179775,
    "Upstate_South_Carolina": 0.010889292196007259,
    "Greenville-Spartanburg-Anderson,_SC_Combined_Statistical_Area": 0.010889292196007259,
    "South_Carolina": 0.01079136690647482,
    "List_of_Core_Based_Statistical_Areas": 0.0106951871657754,
    "List_of_metropolitan_areas_of_the_United_States": 0.0106951871657754,
    "List_of_Metropolitan_Statistical_Areas": 0.0106951871657754,
    "List_of_Micropolitan_Statistical_Areas": 0.0106951871657754,
    "List_of_counties_in_South_Carolina": 0.010683760683760684,
    "Tacoma,_Washington": 0.010657193605683837,
    "Delaware": 0.010657193605683837,
    "Cincinnati": 0.010638297872340425,
    "List_of_East_Carolina_University_faculty": 0.010273972602739725,
    "List_of_East_Carolina_University_alumni": 0.010273972602739725,
    "Demographics_of_South_Carolina": 0.010141987829614604
}