{
    "1998_NCAA_Division_I-A_football_season": 1.0,
    "1979_NCAA_Division_I-A_football_season": 0.9614243323442137,
    "1978_NCAA_Division_I-A_football_season": 0.9614243323442137,
    "1926_college_football_season": 0.9614243323442137,
    "1927_college_football_season": 0.9614243323442137,
    "1928_college_football_season": 0.9614243323442137,
    "1929_college_football_season": 0.9614243323442137,
    "1930_college_football_season": 0.9614243323442137,
    "1931_college_football_season": 0.9614243323442137,
    "1932_college_football_season": 0.9614243323442137,
    "1933_college_football_season": 0.9614243323442137,
    "1934_college_football_season": 0.9614243323442137,
    "2008_NCAA_Division_I_FCS_football_season": 0.9614243323442137,
    "1948_college_football_season": 0.9614243323442137,
    "1947_college_football_season": 0.9614243323442137,
    "1946_college_football_season": 0.9614243323442137,
    "2009_NCAA_Division_I_FCS_football_season": 0.9614243323442137,
    "1990_NCAA_Division_I-A_football_season": 0.9614243323442137,
    "2012_NCAA_Division_I_FCS_football_season": 0.9614243323442137,
    "2013_NCAA_Division_I_FCS_football_season": 0.9614243323442137,
    "1992_NCAA_Division_I-A_football_season": 0.9614243323442137,
    "1996_NCAA_Division_I-A_football_season": 0.9614243323442137,
    "1997_NCAA_Division_I-A_football_season": 0.9614243323442137,
    "1935_college_football_season": 0.9337175792507204,
    "2013_NCAA_Division_I_FBS_football_season": 0.9257142857142857,
    "2008_NCAA_Division_I_FBS_football_season": 0.9230769230769231,
    "2009_NCAA_Division_I_FBS_football_season": 0.9230769230769231,
    "2010_NCAA_Division_I_FBS_football_season": 0.9230769230769231,
    "2011_NCAA_Division_I_FBS_football_season": 0.9230769230769231,
    "2012_NCAA_Division_I_FBS_football_season": 0.9230769230769231,
    "2002_NCAA_Division_I-A_football_season": 0.9230769230769231,
    "2006_NCAA_Division_I_FBS_football_season": 0.9230769230769231,
    "2007_NCAA_Division_I_FBS_football_season": 0.9230769230769231,
    "2007_NCAA_Division_I_FCS_football_season": 0.9152542372881356,
    "2006_NCAA_Division_I_FCS_football_season": 0.9152542372881356,
    "2008_NCAA_Division_II_National_Football_Championship_playoffs": 0.7330316742081447,
    "2009_NCAA_Division_II_National_Football_Championship_playoffs": 0.7330316742081447,
    "2007_NCAA_Division_II_National_Football_Championship_playoffs": 0.7330316742081447,
    "NCAA_Division_II_National_Football_Championship": 0.08045977011494253,
    "1998_NCAA_Division_I-A_football_rankings": 0.02631578947368421
}