{
    "List_of_threatened_fauna_of_Michigan": 1.0,
    "List_of_Olympic_medalists_from_Michigan": 1.0,
    "West_Michigan": 0.885,
    "Cass_County,_Michigan": 0.8194444444444444,
    "Upper_Peninsula_of_Michigan": 0.8009049773755657,
    "List_of_Michigan_lakes_named_Long_Lake": 0.75,
    "List_of_lakes_in_Michigan": 0.75,
    "List_of_power_stations_in_Michigan": 0.75,
    "Mud_Lake_(Michigan)": 0.75,
    "List_of_hospitals_in_Michigan": 0.75,
    "Michigan_statistical_areas": 0.7468354430379747,
    "List_of_Superfund_sites_in_Michigan": 0.7468354430379747,
    "List_of_airports_in_Michigan": 0.7436974789915967,
    "List_of_counties_in_Michigan": 0.7436974789915967,
    "List_of_reptiles_of_Michigan": 0.7405857740585774,
    "List_of_municipalities_in_Michigan_(by_population)": 0.7375,
    "List_of_cities,_villages,_and_townships_in_Michigan": 0.7375,
    "List_of_villages_in_Michigan": 0.7375,
    "Michigan_locations_by_per_capita_income": 0.7344398340248963,
    "List_of_amphibians_of_Michigan": 0.7344398340248963,
    "List_of_Michigan_State_Historic_Sites": 0.6781609195402298,
    "List_of_museums_in_Michigan": 0.6507352941176471,
    "Livingston_County,_Michigan": 0.6459854014598541,
    "List_of_sister_cities_in_Michigan": 0.6124567474048442,
    "Monroe_County,_Michigan": 0.5880398671096345,
    "Adrian,_Michigan": 0.580327868852459,
    "Economy_of_metropolitan_Detroit": 0.5654952076677316,
    "Oakland_County,_Michigan": 0.5619047619047619,
    "National_Register_of_Historic_Places_listings_in_Michigan": 0.5267857142857143,
    "List_of_islands_of_Michigan": 0.5071633237822349,
    "United_States_congressional_delegations_from_Michigan": 0.49166666666666664,
    "Lieutenant_Governor_of_Michigan": 0.4796747967479675,
    "List_of_United_States_Senators_from_Michigan": 0.44584382871536526,
    "Roman_Catholic_Archdiocese_of_Detroit": 0.4135514018691589,
    "Metro_Detroit": 0.4097222222222222,
    "List_of_tallest_buildings_in_Michigan": 0.4013605442176871,
    "List_of_Governors_of_Michigan": 0.3839479392624729,
    "Michigan": 0.3094405594405594,
    "Grosse_Pointe": 0.23167539267015708,
    "List_of_radio_stations_in_Michigan": 0.20159453302961275,
    "Media_in_Detroit": 0.1875,
    "Alpena,_Michigan": 0.13268608414239483,
    "Sports_in_Detroit": 0.12612612612612611,
    "Downtown_Detroit": 0.11052631578947368,
    "Midtown_Detroit": 0.10880829015544041,
    "Tourism_in_metropolitan_Detroit": 0.105,
    "Capital_Region_International_Airport": 0.07398568019093078,
    "Wind_power_in_Michigan": 0.06621004566210045,
    "Blue_Water_(train)": 0.06223175965665236,
    "Mio,_Michigan": 0.04150943396226415,
    "Greater_Toronto_and_Hamilton_Area": 0.029411764705882353,
    "List_of_shopping_malls_in_Michigan": 0.029315960912052116,
    "Fort_Erie,_Ontario": 0.02586206896551724,
    "Gatineau": 0.025423728813559324,
    "Oshawa": 0.024861878453038673,
    "Great_Lakes_census_statistical_areas": 0.02403846153846154,
    "Great_Lakes_Megalopolis": 0.02403846153846154,
    "Kitchener,_Ontario": 0.0234375,
    "National_Register_of_Historic_Places_listings_in_Lapeer_County,_Michigan": 0.0231023102310231,
    "Megaregions_of_the_United_States": 0.023076923076923078,
    "Windsor,_Ontario": 0.022988505747126436,
    "Brampton": 0.02295918367346939,
    "Sports_in_Brampton": 0.02295918367346939,
    "Mississauga": 0.022670025188916875,
    "Richmond_Hill,_Ontario": 0.022670025188916875,
    "Vaughan": 0.021479713603818614,
    "Greater_Toronto_Area": 0.02107728337236534,
    "Longueuil": 0.020785219399538105,
    "National_Register_of_Historic_Places_listings_in_Calhoun_County,_Michigan": 0.019801980198019802,
    "Peterborough,_Ontario": 0.01939655172413793,
    "National_Register_of_Historic_Places_listings_in_Saginaw_County,_Michigan": 0.019337016574585635,
    "National_Register_of_Historic_Places_listings_in_Monroe_County,_Michigan": 0.01881720430107527,
    "Guelph": 0.018789144050104383,
    "Dublin,_Ohio": 0.018518518518518517,
    "Laval,_Quebec": 0.018329938900203666,
    "London,_Ontario": 0.01727447216890595,
    "National_Register_of_Historic_Places_listings_in_Leelanau_County,_Michigan": 0.017241379310344827,
    "National_Register_of_Historic_Places_listings_in_Macomb_County,_Michigan": 0.017142857142857144,
    "National_Register_of_Historic_Places_listings_in_Oakland_County,_Michigan": 0.017142857142857144,
    "National_Register_of_Historic_Places_listings_in_St._Clair_County,_Michigan": 0.017142857142857144,
    "National_Register_of_Historic_Places_listings_in_Manistee_County,_Michigan": 0.016556291390728478,
    "National_Register_of_Historic_Places_listings_in_Emmet_County,_Michigan": 0.0165016501650165,
    "National_Register_of_Historic_Places_listings_in_Mackinac_County,_Michigan": 0.01592356687898089,
    "National_Register_of_Historic_Places_listings_in_Jackson_County,_Michigan": 0.015873015873015872,
    "National_Register_of_Historic_Places_listings_in_Alger_County,_Michigan": 0.01557632398753894,
    "National_Register_of_Historic_Places_listings_in_Berrien_County,_Michigan": 0.015479876160990712,
    "National_Register_of_Historic_Places_listings_in_Marquette_County,_Michigan": 0.015267175572519083,
    "List_of_mayors_of_Detroit": 0.014925373134328358,
    "Indianapolis_metropolitan_area": 0.014792899408284023,
    "National_Register_of_Historic_Places_listings_in_Washtenaw_County,_Michigan": 0.014534883720930232,
    "Neighborhoods_in_Detroit": 0.014265335235378032,
    "Greater_Montreal": 0.013824884792626729,
    "National_Register_of_Historic_Places_listings_in_Chippewa_County,_Michigan": 0.013774104683195593,
    "National_Register_of_Historic_Places_listings_in_Keweenaw_County,_Michigan": 0.013262599469496022,
    "National_Register_of_Historic_Places_listings_in_Lenawee_County,_Michigan": 0.013227513227513227,
    "Greater_Cleveland": 0.012968299711815562,
    "Minneapolis\u2013Saint_Paul": 0.01291248206599713,
    "Treaty_of_La_Pointe": 0.01276595744680851,
    "Performing_arts_in_Detroit": 0.01276595744680851,
    "Treaty_of_Fond_du_Lac": 0.01276595744680851,
    "List_of_National_Natural_Landmarks_in_Michigan": 0.012618296529968454,
    "List_of_bridges_on_the_National_Register_of_Historic_Places_in_Michigan": 0.012578616352201259,
    "National_Register_of_Historic_Places_listings_in_Detroit,_Michigan": 0.012048192771084338,
    "National_Register_of_Historic_Places_listings_in_Allegan_County,_Michigan": 0.011904761904761904,
    "National_Register_of_Historic_Places_listings_in_Cheboygan_County,_Michigan": 0.011904761904761904,
    "National_Register_of_Historic_Places_listings_in_Grand_Traverse_County,_Michigan": 0.011904761904761904,
    "National_Register_of_Historic_Places_listings_in_Genesee_County,_Michigan": 0.011904761904761904,
    "National_Register_of_Historic_Places_listings_in_Eaton_County,_Michigan": 0.011904761904761904,
    "National_Register_of_Historic_Places_listings_in_Ingham_County,_Michigan": 0.011904761904761904,
    "National_Register_of_Historic_Places_listings_in_Iron_County,_Michigan": 0.011904761904761904,
    "National_Register_of_Historic_Places_listings_in_Ionia_County,_Michigan": 0.011904761904761904,
    "National_Register_of_Historic_Places_listings_in_Huron_County,_Michigan": 0.011904761904761904,
    "National_Register_of_Historic_Places_listings_in_Kent_County,_Michigan": 0.011904761904761904,
    "National_Register_of_Historic_Places_listings_in_Kalamazoo_County,_Michigan": 0.011904761904761904,
    "National_Register_of_Historic_Places_listings_in_Menominee_County,_Michigan": 0.011904761904761904,
    "National_Register_of_Historic_Places_listings_in_Ottawa_County,_Michigan": 0.011904761904761904,
    "National_Register_of_Historic_Places_listings_in_Shiawassee_County,_Michigan": 0.011904761904761904,