{
    "List_of_business_schools_in_the_United_States": 1.0,
    "List_of_business_schools_in_Texas": 0.5858585858585859,
    "List_of_breweries_in_Missouri": 0.013071895424836602,
    "List_of_breweries_in_Kansas": 0.013071895424836602,
    "List_of_breweries_in_Idaho": 0.013071895424836602,
    "List_of_breweries_in_Texas": 0.013071895424836602,
    "List_of_breweries_in_South_Carolina": 0.013071895424836602,
    "List_of_fishes_of_Florida": 0.012903225806451613,
    "List_of_mammals_of_Alaska": 0.01282051282051282,
    "List_of_school_districts_in_New_Hampshire": 0.01282051282051282,
    "List_of_mammals_of_Florida": 0.01282051282051282,
    "List_of_professional_sports_teams_in_the_United_States_and_Canada": 0.01282051282051282,
    "List_of_professional_sports_teams_in_Alabama": 0.01282051282051282,
    "List_of_shopping_malls_in_Oregon": 0.01282051282051282,
    "List_of_professional_sports_teams_in_Delaware": 0.01282051282051282,
    "Government_of_Mississippi": 0.01282051282051282,
    "List_of_professional_sports_teams_in_North_Carolina": 0.01282051282051282,
    "List_of_power_stations_in_Washington": 0.01282051282051282,
    "List_of_power_stations_in_Virginia": 0.01282051282051282,
    "List_of_power_stations_in_Florida": 0.01282051282051282,
    "List_of_professional_sports_teams_in_Michigan": 0.01282051282051282,
    "List_of_shopping_malls_in_Texas": 0.01282051282051282,
    "List_of_mountain_passes_in_Oregon": 0.01282051282051282,
    "List_of_power_stations_in_Ohio": 0.01282051282051282,
    "List_of_waterfalls_in_Oregon": 0.01282051282051282,
    "List_of_mountain_passes_in_California": 0.01282051282051282,
    "List_of_lakes_in_New_Hampshire": 0.01282051282051282,
    "List_of_notches_in_New_Hampshire": 0.01282051282051282,
    "List_of_Florida_food_festivals": 0.01282051282051282,
    "Political_party_strength_in_U.S._states": 0.012738853503184714,
    "List_of_airports_in_Maine": 0.012658227848101266,
    "List_of_airports_in_Maryland": 0.012658227848101266,
    "List_of_airports_in_West_Virginia": 0.012658227848101266,
    "List_of_airports_in_New_Hampshire": 0.012658227848101266,
    "List_of_airports_in_Vermont": 0.012658227848101266,
    "List_of_airports_in_Mississippi": 0.012658227848101266,
    "List_of_airports_in_Pennsylvania": 0.012658227848101266,
    "List_of_airports_in_Virginia": 0.012658227848101266,
    "The_Church_of_Jesus_Christ_of_Latter-day_Saints_in_Utah": 0.012578616352201259,
    "List_of_islands_of_New_Hampshire": 0.012578616352201259,
    "List_of_reptiles_of_Washington_(state)": 0.012578616352201259,
    "List_of_counties_in_Florida": 0.012578616352201259,
    "List_of_islands_of_West_Virginia": 0.012578616352201259,
    "List_of_islands_of_Maryland": 0.012578616352201259,
    "List_of_islands_of_Washington_State_by_population_and_area": 0.012578616352201259,
    "List_of_National_Historic_Landmarks_in_New_York_City": 0.0125,
    "South_Carolina_Highway_Patrol": 0.012422360248447204,
    "Time_in_Indiana": 0.012345679012345678,
    "List_of_reptiles_of_Minnesota": 0.011764705882352941,
    "List_of_airports_in_Rhode_Island": 0.011695906432748537,
    "List_of_amphibians_of_Minnesota": 0.011627906976744186,
    "List_of_colleges_and_universities_in_Michigan": 0.011560693641618497,
    "West_Virginia_State_Police": 0.011363636363636364,
    "List_of_newspapers_in_Wisconsin": 0.011363636363636364,
    "List_of_French-language_newspapers_published_in_the_United_States": 0.011363636363636364,
    "List_of_Spanish-language_newspapers_published_in_the_United_States": 0.011363636363636364,
    "Oklahoma_Highway_Patrol": 0.01092896174863388,
    "Illinois_State_Police": 0.010869565217391304,
    "List_of_National_Historic_Landmarks_in_Connecticut": 0.010810810810810811,
    "List_of_colleges_and_universities_in_Rhode_Island": 0.0106951871657754,
    "List_of_airports_in_Connecticut": 0.0106951871657754,
    "List_of_Benedictine_colleges_and_universities": 0.010638297872340425,
    "List_of_Guano_Island_claims": 0.010582010582010581,
    "Defunct_local_councils_of_the_Boy_Scouts_of_America": 0.010471204188481676,
    "Local_councils_of_the_Boy_Scouts_of_America": 0.010471204188481676,
    "List_of_costly_or_deadly_hailstorms": 0.010362694300518135,
    "List_of_derecho_events": 0.010362694300518135,
    "List_of_shopping_malls_in_Alabama": 0.010309278350515464,
    "List_of_law_schools_in_the_United_States": 0.01020408163265306,
    "Public_holidays_in_the_United_States_Virgin_Islands": 0.01020408163265306,
    "List_of_lakes_in_Puerto_Rico": 0.01020408163265306,
    "List_of_colleges_and_universities_in_New_Hampshire": 0.01015228426395939,
    "Indiana_State_Police": 0.010101010101010102,
    "List_of_airports_in_the_United_States": 0.010050251256281407
}