{
    "List_of_Big_Brother_(U.S.)_HouseGuests": 1.0,
    "Big_Brother_9_(U.S.)": 1.0,
    "Big_Brother_10_(U.S.)": 1.0,
    "Big_Brother_11_(U.S.)": 1.0,
    "Big_Brother_12_(U.S.)": 1.0,
    "Big_Brother_14_(U.S.)": 1.0,
    "Big_Brother_1_(U.S.)": 1.0,
    "Big_Brother_2_(U.S.)": 1.0,
    "Big_Brother_3_(U.S.)": 1.0,
    "Big_Brother_5_(U.S.)": 1.0,
    "Big_Brother_6_(U.S.)": 1.0,
    "Big_Brother_15_(U.S.)": 1.0,
    "Big_Brother_7_(U.S.)": 1.0,
    "Big_Brother_8_(U.S.)": 1.0,
    "Big_Brother_(U.S.)": 0.2375296912114014,
    "Big_Brother_1_(Indonesia)": 0.033707865168539325,
    "Bigg_Boss": 0.033707865168539325,
    "Veliki_brat": 0.030456852791878174,
    "List_of_The_Amazing_Race_(U.S._TV_series)_contestants": 0.028846153846153848,
    "Big_Brother_Brasil": 0.0234375,
    "Celebrity_Big_Brother_(UK)": 0.020338983050847456,
    "Big_Brother_(UK)": 0.020338983050847456,
    "Conor_Daly": 0.018907563025210083,
    "Standup_in_Stilettos": 0.01639344262295082,
    "Pinoy_Big_Brother": 0.016172506738544475,
    "Let's_Make_a_Deal": 0.012658227848101266,
    "Alexander_Rossi_(racing_driver)": 0.012096774193548387,
    "Up_to_the_Minute": 0.011235955056179775
}