{
    "U.S._Route_441_in_Florida": 1.0,
    "Florida_State_Road_826": 1.0,
    "Florida_State_Road_817": 1.0,
    "Red_Road_(Miami)": 1.0,
    "Florida_State_Road_A1A": 0.967741935483871,
    "Government_Center_(MDT_station)": 0.7692307692307693,
    "Metrorail_(Miami)": 0.6422018348623854,
    "AirportLink_(Miami)": 0.6422018348623854,
    "Palm_Beach_International_Airport": 0.5706521739130435,
    "Florida_International_University": 0.5412371134020618,
    "Fort_Lauderdale\u2013Hollywood_International_Airport": 0.5303030303030303,
    "Tri-Rail": 0.4805491990846682,
    "Miami_International_Airport": 0.42168674698795183,
    "Broward_County,_Florida": 0.41832669322709165,
    "Miami-Dade_County,_Florida": 0.3860294117647059,
    "Palm_Beach_County,_Florida": 0.3723404255319149,
    "Miami_metropolitan_area": 0.3442622950819672,
    "Miami": 0.23648648648648649,
    "Neighborhoods_in_Miami": 0.06474820143884892,
    "National_Register_of_Historic_Places_listings_in_Miami,_Florida": 0.05373134328358209,
    "List_of_Miami-Dade_Transit_metro_stations": 0.040293040293040296,
    "List_of_tallest_buildings_in_Miami": 0.027982326951399118,
    "Escambia_County_Area_Transit": 0.02510460251046025,
    "List_of_University_of_Miami_alumni": 0.024896265560165973,
    "Iron_Arrow_Honor_Society": 0.024896265560165973,
    "SunRail": 0.02318840579710145,
    "Independent_Colleges_and_Universities_of_Florida": 0.02109704641350211,
    "List_of_airports_in_Florida": 0.0202808112324493,
    "List_of_bridges_in_Florida": 0.02,
    "Stetson_University": 0.01824817518248175,
    "SeaWorld_Orlando": 0.01812688821752266,
    "Florida_Institute_of_Technology": 0.017369727047146403,
    "List_of_Florida_state_parks": 0.017082785808147174,
    "Miami_Hurricanes_men's_basketball": 0.0170316301703163,
    "Miami_Hurricanes_baseball": 0.016901408450704224,
    "List_of_metropolitan_areas_of_Florida": 0.01650943396226415,
    "List_of_botanical_gardens_and_arboretums_in_Florida": 0.01650943396226415,
    "St._Petersburg\u2013Clearwater_International_Airport": 0.01634877384196185,
    "Southwest_Florida_International_Airport": 0.01634877384196185,
    "Florida_International_University_College_of_Arts_and_Sciences": 0.01606425702811245,
    "List_of_invasive_species_in_the_Everglades": 0.01606425702811245,
    "Northwest_Florida_Beaches_International_Airport": 0.016042780748663103,
    "List_of_Jacksonville_University_alumni": 0.016025641025641024,
    "Indigenous_peoples_of_Florida": 0.016018306636155607,
    "Miami_Hurricanes_football": 0.015384615384615385,
    "Tampa_International_Airport": 0.015283842794759825,
    "List_of_Florida_railroads": 0.014675052410901468,
    "List_of_museums_in_Florida": 0.014553014553014554,
    "List_of_people_from_Florida": 0.014522821576763486,
    "List_of_Florida_state_symbols": 0.014522821576763486,
    "Florida_statistical_areas": 0.014492753623188406,
    "List_of_hospitals_in_Florida": 0.014492753623188406,
    "List_of_Superfund_sites_in_Florida": 0.014462809917355372,
    "Orange_County,_Florida": 0.014373716632443531,
    "Florida_locations_by_per_capita_income": 0.014344262295081968,
    "Monroe_County,_Florida": 0.014035087719298246,
    "Archeological_Resources_of_the_18th-Century_Smyrnea_Settlement_of_Dr._Andrew_Turnbull_MPS": 0.013888888888888888,
    "Demographics_of_Florida": 0.0137524557956778,
    "List_of_municipalities_in_Florida": 0.013592233009708738,
    "List_of_communities_in_Miami-Dade_County,_Florida": 0.013559322033898305,
    "Leon_County,_Florida": 0.013307984790874524,
    "Sarasota\u2013Bradenton_International_Airport": 0.013245033112582781,
    "Orlando_Sanford_International_Airport": 0.013186813186813187,
    "Indian_River_State_College": 0.013071895424836602,
    "Pensacola_State_College": 0.013071895424836602,
    "Palm_Beach_State_College": 0.013071895424836602,
    "Eastern_Florida_State_College": 0.013071895424836602,
    "Pasco\u2013Hernando_Community_College": 0.013071895424836602,
    "List_of_television_stations_in_Florida": 0.012867647058823529,
    "Chipola_College": 0.012779552715654952,
    "Lieutenant_Governor_of_Florida": 0.01263537906137184,
    "FIU_Panthers_football": 0.012461059190031152,
    "Orlando_International_Airport": 0.012396694214876033,
    "National_Register_of_Historic_Places_listings_in_Florida": 0.012237762237762238,
    "West_Florida_Argonauts": 0.012048192771084338,
    "Southwest_Florida": 0.011666666666666667,
    "List_of_college_athletic_programs_in_Florida": 0.011428571428571429,
    "List_of_nature_centers_in_Florida": 0.011342155009451797,
    "Jacksonville_International_Airport": 0.01092896174863388,
    "Florida": 0.010842368640533779,
    "Vehicle_registration_plates_of_Florida": 0.010802469135802469,
    "National_Register_of_Historic_Places_listings_in_Miami-Dade_County,_Florida": 0.010666666666666666,
    "Seminole_State_College_of_Florida": 0.010362694300518135
}