{
    "Sigerson_Cup": 1.0,
    "Ryan_Cup": 0.5526315789473685,
    "British_University_Gaelic_football_Championship": 0.3620689655172414,
    "Fitzgibbon_Cup": 0.14383561643835616,
    "Dolores_Tyrrell_Memorial_Cup": 0.03225806451612903,
    "All-Ireland_Under-18_Ladies'_Football_Championship": 0.03225806451612903,
    "All-Ireland_Under-16_Ladies'_Football_Championship": 0.03225806451612903,
    "All-Ireland_Under-14_Ladies'_Football_Championship": 0.03225806451612903,
    "Gaelic_Senior_Hardball_Singles": 0.021739130434782608,
    "Gaelic_Senior_Softball_Singles": 0.021739130434782608,
    "Asian_GAA": 0.019801980198019802,
    "Ladies'_National_Football_League": 0.019230769230769232,
    "Ulster_GAA": 0.015503875968992248,
    "List_of_Presidents_of_the_Gaelic_Athletic_Association": 0.014705882352941176,
    "Meath_GAA": 0.014388489208633094,
    "Limerick_GAA": 0.013986013986013986,
    "All-Ireland_Kick_Fada_Championship": 0.0125,
    "All-Ireland_Senior_Ladies'_Football_Championship": 0.011695906432748537,
    "List_of_All-Ireland_Senior_Ladies'_Football_Championship_finals": 0.011695906432748537,
    "Tyrone_GAA": 0.010638297872340425
}