{
    "Delaware_statistical_areas": 1.0,
    "List_of_hundreds_of_Delaware": 0.6217948717948718,
    "National_Register_of_Historic_Places_listings_in_southern_New_Castle_County,_Delaware": 0.563953488372093,
    "National_Register_of_Historic_Places_listings_in_Kent_County,_Delaware": 0.563953488372093,
    "National_Register_of_Historic_Places_listings_in_northern_New_Castle_County,_Delaware": 0.563953488372093,
    "List_of_Delaware_railroads": 0.46411483253588515,
    "List_of_museums_in_Delaware": 0.45539906103286387,
    "List_of_incorporated_places_in_Delaware": 0.4409090909090909,
    "List_of_airports_in_Delaware": 0.4298245614035088,
    "List_of_high_schools_in_Delaware": 0.39357429718875503,
    "List_of_Delaware_state_parks": 0.36466165413533835,
    "Sussex_County,_Delaware": 0.3527272727272727,
    "List_of_National_Historic_Landmarks_in_Delaware": 0.33676975945017185,
    "List_of_radio_stations_in_Delaware": 0.2993827160493827,
    "District_of_Columbia_statistical_areas": 0.2898550724637681,
    "United_States_congressional_delegations_from_Delaware": 0.282798833819242,
    "Wyoming_statistical_areas": 0.27149321266968324,
    "List_of_United_States_Senators_from_Delaware": 0.25935828877005346,
    "Rhode_Island_census_statistical_areas": 0.2564102564102564,
    "Vermont_statistical_areas": 0.2510460251046025,
    "Delaware": 0.24937027707808565,
    "Arizona_census_statistical_areas": 0.2459016393442623,
    "New_Jersey_statistical_areas": 0.24489795918367346,
    "Maine_statistical_areas": 0.24489795918367346,
    "Texas_statistical_areas": 0.23166023166023167,
    "Alaska_statistical_areas": 0.23166023166023167,
    "Nevada_statistical_areas": 0.22988505747126436,
    "Idaho_statistical_areas": 0.22813688212927757,
    "Montana_statistical_areas": 0.22556390977443608,
    "West_Virginia_statistical_areas": 0.21739130434782608,
    "New_Mexico_statistical_areas": 0.21739130434782608,
    "Massachusetts_statistical_areas": 0.21428571428571427,
    "Oregon_statistical_areas": 0.21052631578947367,
    "Puerto_Rico_statistical_areas": 0.20905923344947736,
    "Louisiana_statistical_areas": 0.20833333333333334,
    "North_Dakota_statistical_areas": 0.20477815699658702,
    "Alabama_statistical_areas": 0.20408163265306123,
    "New_York_statistical_areas": 0.1986754966887417,
    "New_York_State_metropolitan_areas": 0.1986754966887417,
    "Utah_statistical_areas": 0.19801980198019803,
    "Oklahoma_statistical_areas": 0.19736842105263158,
    "Nebraska_statistical_areas": 0.19672131147540983,
    "Washington_statistical_areas": 0.19672131147540983,
    "Maryland_statistical_areas": 0.19607843137254902,
    "Wilmington,_Delaware": 0.196,
    "Tennessee_statistical_areas": 0.19543973941368079,
    "Ohio_statistical_areas": 0.1910828025477707,
    "Arkansas_statistical_areas": 0.18808777429467086,
    "Wisconsin_statistical_areas": 0.18461538461538463,
    "Iowa_statistical_areas": 0.18292682926829268,
    "Indiana_statistical_areas": 0.18181818181818182,
    "Michigan_statistical_areas": 0.18018018018018017,
    "Mississippi_statistical_areas": 0.18018018018018017,
    "South_Dakota_statistical_areas": 0.1791044776119403,
    "California_statistical_areas": 0.17804154302670624,
    "South_Carolina_statistical_areas": 0.17751479289940827,
    "Missouri_statistical_areas": 0.17341040462427745,
    "Minnesota_statistical_areas": 0.1694915254237288,
    "Colorado_statistical_areas": 0.16901408450704225,
    "Colorado_metropolitan_areas": 0.16901408450704225,
    "Kansas_statistical_areas": 0.16853932584269662,
    "Pennsylvania_statistical_areas": 0.16759776536312848,
    "Kentucky_statistical_areas": 0.1671309192200557,
    "Virginia_statistical_areas": 0.16172506738544473,
    "List_of_Governors_of_Delaware": 0.16033057851239668,
    "Florida_statistical_areas": 0.1595744680851064,
    "Connecticut_statistical_areas": 0.15873015873015872,
    "North_Carolina_statistical_areas": 0.15625,
    "Georgia_statistical_areas": 0.15584415584415584,
    "Illinois_statistical_areas": 0.1431980906921241,
    "New_Hampshire_statistical_areas": 0.13274336283185842,
    "Brandywine_Creek_(Christina_River)": 0.12019826517967781,
    "National_Register_of_Historic_Places_listings_in_Sussex_County,_Delaware": 0.09737827715355805,
    "Alaska_Native_Regional_Corporations": 0.0196078431372549,
    "Census_county_division": 0.0196078431372549,
    "List_of_United_States_urban_areas": 0.0196078431372549,
    "New_England_city_and_town_area": 0.0196078431372549,
    "United_States_Census": 0.017467248908296942,
    "List_of_United_States_counties_and_county_equivalents": 0.017123287671232876,
    "United_States_Minor_Outlying_Islands": 0.01644736842105263,
    "WXHL-FM": 0.01639344262295082,
    "List_of_counties_in_Florida": 0.013953488372093023,
    "Largest_townships_in_New_Jersey": 0.013888888888888888,
    "New_Jersey": 0.013888888888888888,
    "List_of_boroughs_and_census_areas_in_Alaska": 0.013888888888888888,
    "Atlantic_City,_New_Jersey": 0.0136986301369863,
    "Delaware_Fightin'_Blue_Hens_football,_1900\u201309": 0.013623978201634877,
    "List_of_Delaware_Fightin'_Blue_Hens_bowl_games": 0.013623978201634877,
    "Delaware_Fightin'_Blue_Hens_football": 0.013623978201634877,
    "List_of_largest_Indian_reservations": 0.013303769401330377,
    "List_of_Core_Based_Statistical_Areas": 0.013289036544850499,
    "List_of_metropolitan_areas_of_the_United_States": 0.013289036544850499,
    "List_of_Metropolitan_Statistical_Areas": 0.013289036544850499,
    "List_of_Micropolitan_Statistical_Areas": 0.013289036544850499,
    "Office_of_Management_and_Budget": 0.013245033112582781,
    "List_of_Combined_Statistical_Areas": 0.013029315960912053,
    "Vermont": 0.012987012987012988,
    "List_of_Guano_Island_claims": 0.012244897959183673,
    "List_of_counties_in_West_Virginia": 0.011976047904191617,
    "West_Virginia": 0.011666666666666667,
    "List_of_counties_in_Oregon": 0.011661807580174927,
    "Radnor_Township,_Delaware_County,_Pennsylvania": 0.011655011655011656,
    "Lower_Merion_Township,_Montgomery_County,_Pennsylvania": 0.011494252873563218,
    "County_statistics_of_the_United_States": 0.011406844106463879,
    "List_of_nature_centers_in_Delaware": 0.011194029850746268,
    "List_of_counties_in_New_York": 0.010958904109589041,
    "United_States_physiographic_region": 0.010948905109489052,
    "Pennsylvania": 0.010948905109489052,
    "International_border_states": 0.010948905109489052,
    "Northeastern_United_States": 0.01090909090909091,
    "List_of_counties_in_Wyoming": 0.010752688172043012,
    "List_of_counties_in_Ohio": 0.010752688172043012,
    "Politics_of_Oregon": 0.010554089709762533,
    "List_of_counties_in_Wisconsin": 0.010443864229765013,
    "Kentucky": 0.010309278350515464,
    "List_of_counties_in_South_Carolina": 0.010101010101010102,
    "List_of_counties_in_Vermont": 0.010101010101010102,
    "Delaware_County,_Pennsylvania": 0.010101010101010102,
    "List_of_newspapers_in_Wyoming": 0.010067114093959731
}