{
    "MTV_Video_Music_Award_for_Best_Rock_Video": 1.0,
    "MTV_Video_Music_Award_\u2013_International_Viewer's_Choice": 0.7304347826086957,
    "MTV_Video_Music_Award_for_Best_R&B_Video": 0.6412213740458015,
    "MTV_Video_Music_Award_for_Best_Video_from_a_Film": 0.6363636363636364,
    "MTV_Video_Music_Award_for_Best_Rap_Video": 0.631578947368421,
    "MTV_Video_Music_Award_for_Best_Group_Video": 0.6277372262773723,
    "MTV_Video_Music_Award_\u2013_Breakthrough_Video": 0.6268656716417911,
    "MTV_Video_Music_Award_for_Best_Hip-Hop_Video": 0.6176470588235294,
    "MTV_Video_Music_Award_for_Best_Male_Video": 0.5714285714285714,
    "MTV_Video_Music_Award_for_Best_Direction": 0.5675675675675675,
    "MTV_Video_Music_Award_for_Best_Visual_Effects": 0.5562913907284768,
    "MTV_Video_Music_Award_for_Best_Pop_Video": 0.5384615384615384,
    "MTV_Video_Music_Award_for_Best_Female_Video": 0.49122807017543857,
    "MTV_Video_Music_Award": 0.2847457627118644,
    "Michael_Jackson_Video_Vanguard_Award": 0.2641509433962264,
    "Kings_and_Queens_(30_Seconds_to_Mars_song)": 0.19047619047619047,
    "Up_in_the_Air_(song)": 0.19047619047619047,
    "Shadow_of_the_Day": 0.17486338797814208,
    "Somewhere_I_Belong": 0.17391304347826086,
    "Paradise_(Coldplay_song)": 0.15763546798029557,
    "21_Guns_(song)": 0.1415929203539823,
    "Walk_(Foo_Fighters_song)": 0.14096916299559473,
    "Rollin'_(Limp_Bizkit_song)": 0.11721611721611722,
    "Are_You_Gonna_Be_My_Girl": 0.10921501706484642,
    "Enter_Sandman": 0.0700218818380744,
    "Boulevard_of_Broken_Dreams_(Green_Day_song)": 0.06938775510204082,
    "Royals_(song)": 0.0599250936329588,
    "Pop_(song)": 0.027450980392156862,
    "Need_You_Tonight": 0.019230769230769232,
    "The_Scientist_(song)": 0.0189873417721519,
    "Doo_Wop_(That_Thing)": 0.018656716417910446,
    "Hey_Baby_(No_Doubt_song)": 0.017937219730941704,
    "Piece_of_Me": 0.01764705882352941,
    "Virtual_Insanity": 0.016722408026755852,
    "I_Write_Sins_Not_Tragedies": 0.01652892561983471,
    "Bleed_It_Out": 0.01639344262295082,
    "Leave_Out_All_the_Rest": 0.01639344262295082,
    "One_Step_Closer_(Linkin_Park_song)": 0.01639344262295082,
    "Crawling_(song)": 0.01639344262295082,
    "The_Catalyst": 0.01639344262295082,
    "Waiting_for_the_End": 0.01639344262295082,
    "Burn_It_Down_(Linkin_Park_song)": 0.01639344262295082,
    "Faint_(song)": 0.016304347826086956,
    "American_Idiot_(song)": 0.016129032258064516,
    "Don't_Speak": 0.016129032258064516,
    "No_Scrubs": 0.015706806282722512,
    "In_My_Place": 0.01568627450980392,
    "Cocked,_Locked,_Ready_to_Rock_Tour": 0.01532567049808429,
    "Global_Warming_Tour": 0.01532567049808429,
    "List_of_awards_and_nominations_received_by_Aerosmith": 0.01532567049808429,
    "List_of_Aerosmith_concert_tours": 0.01532567049808429,
    "A_Little_South_of_Sanity": 0.015267175572519083,
    "Music_from_Another_Dimension!": 0.015267175572519083,
    "Jaded_(Aerosmith_song)": 0.015209125475285171,
    "Love_Shack": 0.015,
    "Aerosmith_videography": 0.014705882352941176,
    "Tonight,_Tonight_(The_Smashing_Pumpkins_song)": 0.01466275659824047,
    "I_Don't_Want_to_Miss_a_Thing": 0.014326647564469915,
    "A_Light_That_Never_Comes": 0.014018691588785047,
    "It's_My_Life_(Talk_Talk_song)": 0.013761467889908258,
    "Back_On_the_Road_Tour": 0.0136986301369863,
    "Honkin'_on_Bobo_Tour": 0.0136986301369863,
    "Girls_of_Summer_Tour": 0.0136986301369863,
    "Bye_Bye_Bye": 0.013636363636363636,
    "All_the_Small_Things": 0.013574660633484163,
    "New_Divide": 0.013452914798206279,
    "Iridescent_(song)": 0.013452914798206279,
    "What_I've_Done": 0.013452914798206279,
    "List_of_songs_in_Guitar_Hero:_Aerosmith": 0.013157894736842105,
    "Bad_Romance": 0.013157894736842105,
    "Losing_My_Religion": 0.013157894736842105,
    "Hey_Ya!": 0.013054830287206266,
    "List_of_songs_recorded_by_Thirty_Seconds_to_Mars": 0.012048192771084338,
    "Into_the_Wild_Tour": 0.012048192771084338,
    "Forever_Night,_Never_Day_Tour": 0.012048192771084338,
    "List_of_awards_and_nominations_received_by_Thirty_Seconds_to_Mars": 0.012048192771084338,
    "Love,_Lust,_Faith_and_Dreams_Tour": 0.012048192771084338,
    "Welcome_to_the_Universe_Tour": 0.012048192771084338,
    "This_Is_War": 0.011976047904191617,
    "A_Beautiful_Lie": 0.011976047904191617,
    "Love,_Lust,_Faith_and_Dreams": 0.011976047904191617,
    "Closer_to_the_Edge": 0.011904761904761904,
    "Eat_You_Alive": 0.011904761904761904,
    "We_Made_It": 0.011857707509881422,
    "Even_Better_Than_the_Real_Thing": 0.011834319526627219,
    "My_Way_(Limp_Bizkit_song)": 0.011834319526627219,
    "Mirrors_(Justin_Timberlake_song)": 0.011764705882352941,
    "List_of_songs_recorded_by_Jamiroquai": 0.011450381679389313,
    "I_Want_It_That_Way": 0.011299435028248588,
    "Ray_of_Light_(song)": 0.011049723756906077,
    "Firework_(song)": 0.01098901098901099,
    "Take_on_Me": 0.010958904109589041,
    "Wrecking_Ball_(Miley_Cyrus_song)": 0.01060070671378092,
    "Katy_Perry": 0.010554089709762533,
    "List_of_songs_in_Green_Day:_Rock_Band": 0.010416666666666666,
    "The_Real_Slim_Shady": 0.010282776349614395,
    "Missy_Elliott": 0.010230179028132993,
    "Mark_Romanek": 0.010050251256281407
}