{
    "List_of_Grimsby_Town_F.C._seasons": 1.0,
    "List_of_Exeter_City_F.C._seasons": 0.7783018867924528,
    "List_of_Millwall_F.C._seasons": 0.5271565495207667,
    "List_of_Fulham_F.C._seasons": 0.5061349693251533,
    "List_of_Blackpool_F.C._seasons": 0.5061349693251533,
    "List_of_Blackburn_Rovers_F.C._seasons": 0.4984894259818731,
    "List_of_Sheffield_United_F.C._seasons": 0.4881656804733728,
    "List_of_Sheffield_Wednesday_F.C._seasons": 0.4852941176470588,
    "Lincolnshire_derby": 0.0798611111111111,
    "List_of_Grimsby_Town_F.C._players": 0.07,
    "Grimsby_Town_F.C.": 0.065625,
    "Football_in_London": 0.0300187617260788,
    "List_of_Northampton_Town_F.C._managers": 0.02601156069364162,
    "List_of_Lincoln_City_F.C._players": 0.02564102564102564,
    "List_of_Northampton_Town_F.C._players": 0.02564102564102564,
    "List_of_Lincoln_City_F.C._players_(25\u201399_appearances)": 0.02564102564102564,
    "List_of_Tamworth_F.C._managers": 0.025157232704402517,
    "List_of_Tranmere_Rovers_F.C._managers": 0.024539877300613498,
    "List_of_Ipswich_Town_F.C._managers": 0.024390243902439025,
    "List_of_Cambridge_United_F.C._managers": 0.0243161094224924,
    "List_of_Bolton_Wanderers_F.C._managers": 0.023952095808383235,
    "List_of_Yeovil_Town_F.C._managers": 0.023668639053254437,
    "List_of_Plymouth_Argyle_F.C._managers": 0.023668639053254437,
    "List_of_Wolverhampton_Wanderers_F.C._managers": 0.02359882005899705,
    "List_of_Oldham_Athletic_A.F.C._managers": 0.023529411764705882,
    "List_of_Aston_Villa_F.C._managers": 0.02346041055718475,
    "List_of_Middlesbrough_F.C._managers": 0.02346041055718475,
    "List_of_Oxford_United_F.C._managers": 0.02346041055718475,
    "List_of_Rochdale_A.F.C._players": 0.0234375,
    "List_of_Tranmere_Rovers_F.C._players": 0.0234375,
    "List_of_post-war_Tranmere_Rovers_F.C._players": 0.0234375,
    "List_of_Tranmere_Rovers_F.C._players_(1921\u201339)": 0.0234375,
    "List_of_Birmingham_City_F.C._managers": 0.023323615160349854,
    "List_of_Luton_Town_F.C._managers": 0.023323615160349854,
    "List_of_Peterborough_United_F.C._players": 0.023316062176165803,
    "List_of_Bristol_City_F.C._players": 0.023255813953488372,
    "List_of_Torquay_United_F.C._managers": 0.023255813953488372,
    "List_of_Swindon_Town_F.C._players": 0.023255813953488372,
    "List_of_Charlton_Athletic_F.C._players": 0.023195876288659795,
    "List_of_Wigan_Athletic_F.C._players": 0.023195876288659795,
    "List_of_Preston_North_End_F.C._managers": 0.02318840579710145,
    "List_of_Everton_F.C._managers": 0.02318840579710145,
    "List_of_Gillingham_F.C._players": 0.02313624678663239,
    "List_of_Gillingham_F.C._players_(25\u201349_appearances)": 0.02313624678663239,
    "List_of_Gillingham_F.C._players_(fewer_than_25_appearances)": 0.02313624678663239,
    "List_of_Mansfield_Town_F.C._players": 0.02313624678663239,
    "List_of_Portsmouth_F.C._players": 0.02313624678663239,
    "List_of_Huddersfield_Town_F.C._managers": 0.023121387283236993,
    "List_of_Bristol_Rovers_F.C._managers": 0.023121387283236993,
    "List_of_Blackburn_Rovers_F.C._players": 0.023076923076923078,
    "List_of_York_City_F.C._managers": 0.023054755043227664,
    "List_of_Torquay_United_F.C._players": 0.023017902813299233,
    "List_of_Ipswich_Town_F.C._players": 0.02295918367346939,
    "List_of_Aston_Villa_F.C._players": 0.02295918367346939,
    "Ipswich_Town_F.C._Hall_of_Fame": 0.02295918367346939,
    "List_of_Coventry_City_F.C._players": 0.02295918367346939,
    "List_of_Yeovil_Town_F.C._internationals": 0.02295918367346939,
    "List_of_Gillingham_F.C._managers": 0.022922636103151862,
    "List_of_Birmingham_City_F.C._players": 0.022900763358778626,
    "List_of_Wolverhampton_Wanderers_F.C._players": 0.022900763358778626,
    "List_of_Birmingham_City_F.C._players_(fewer_than_25_appearances)": 0.022900763358778626,
    "List_of_Bristol_Rovers_F.C._players_(25\u201399_appearances)": 0.022900763358778626,
    "List_of_Burnley_F.C._internationals": 0.022900763358778626,
    "List_of_Wigan_Borough_F.C._players": 0.022900763358778626,
    "List_of_Birmingham_City_F.C._players_(25\u201399_appearances)": 0.022900763358778626,
    "List_of_Bristol_Rovers_F.C._international_players": 0.022900763358778626,
    "List_of_Bristol_Rovers_F.C._players": 0.022900763358778626,
    "List_of_Hereford_United_F.C._players": 0.022900763358778626,
    "List_of_Hartlepool_United_F.C._managers": 0.022857142857142857,
    "List_of_Watford_F.C._managers": 0.022857142857142857,
    "List_of_Stoke_City_F.C._managers": 0.022857142857142857,
    "List_of_Sheffield_Wednesday_F.C._managers": 0.022857142857142857,
    "List_of_Blackpool_F.C._players": 0.02284263959390863,
    "List_of_Port_Vale_F.C._players": 0.02284263959390863,
    "List_of_Port_Vale_F.C._players_with_fewer_than_25_appearances": 0.02284263959390863,
    "List_of_Crystal_Palace_F.C._players": 0.02284263959390863,
    "List_of_Fulham_F.C._players": 0.02284263959390863,
    "List_of_Fulham_F.C._players_(25\u201399_appearances)": 0.02284263959390863,
    "List_of_West_Bromwich_Albion_F.C._players": 0.02284263959390863,
    "List_of_Nelson_F.C._players": 0.02284263959390863,
    "List_of_Fulham_F.C._players_(fewer_than_25_appearances)": 0.02284263959390863,
    "List_of_Newcastle_United_F.C._managers": 0.022792022792022793,
    "List_of_Port_Vale_F.C._managers": 0.022792022792022793,
    "List_of_Walsall_F.C._managers": 0.022792022792022793,
    "List_of_Middlesbrough_F.C._players": 0.02278481012658228,
    "List_of_Stevenage_F.C._players": 0.02278481012658228,
    "List_of_Reading_F.C._players": 0.02278481012658228,
    "List_of_Reading_F.C._internationals": 0.02278481012658228,
    "List_of_York_City_F.C._players_(fewer_than_25_appearances)": 0.02278481012658228,
    "List_of_Reading_F.C._players_(fewer_than_25_appearances)": 0.02278481012658228,
    "List_of_Reading_F.C._players_(25\u201399_appearances)": 0.02278481012658228,
    "List_of_York_City_F.C._players_(25\u201399_appearances)": 0.02278481012658228,
    "List_of_Sheffield_Wednesday_F.C._players": 0.02278481012658228,
    "List_of_York_City_F.C._players": 0.02278481012658228,
    "List_of_Luton_Town_F.C._players": 0.022727272727272728,
    "List_of_Nottingham_Forest_F.C._players": 0.022727272727272728,
    "List_of_Notts_County_F.C._players": 0.022727272727272728,
    "List_of_Carlisle_United_F.C._managers": 0.022727272727272728,
    "List_of_Colchester_United_F.C._managers": 0.022727272727272728,
    "List_of_Leicester_City_F.C._managers": 0.022727272727272728,
    "List_of_Watford_F.C._players": 0.022670025188916875,
    "List_of_Watford_F.C._players_(fewer_than_50_appearances)": 0.022670025188916875,
    "List_of_Chesterfield_F.C._players": 0.022670025188916875,
    "List_of_Southampton_F.C._players_(25\u201399_appearances)": 0.022670025188916875,
    "List_of_Southampton_F.C._players_(fewer_than_25_appearances)": 0.022670025188916875,
    "List_of_Southampton_F.C._players": 0.022670025188916875,
    "List_of_Cardiff_City_F.C._managers": 0.0226628895184136,
    "List_of_Queens_Park_Rangers_F.C._managers": 0.0226628895184136,
    "List_of_Cardiff_City_F.C._players": 0.022613065326633167,
    "List_of_Derby_County_F.C._players": 0.022613065326633167,
    "List_of_Cardiff_City_F.C._captains": 0.022613065326633167,
    "List_of_Cardiff_City_F.C._players_with_fewer_than_100_appearances": 0.022613065326633167,
    "List_of_Swansea_City_A.F.C._players": 0.022613065326633167,
    "List_of_Swansea_City_A.F.C._international_players": 0.022613065326633167,
    "List_of_Tottenham_Hotspur_F.C._managers": 0.022598870056497175,
    "List_of_Norwich_City_F.C._managers": 0.022598870056497175,
    "List_of_Crystal_Palace_F.C._managers": 0.022598870056497175,
    "List_of_Reading_F.C._managers": 0.022598870056497175,