{
    "Pritzker_Architecture_Prize": 1.0,
    "Tadao_Ando": 0.9137931034482759,
    "Wolf_Prize_in_Arts": 0.06542056074766354,
    "Will_Alsop": 0.04054054054054054,
    "Tamara_Rojo": 0.039603960396039604,
    "Alicia_de_Larrocha": 0.0380952380952381,
    "Michael_Haneke": 0.012422360248447204
}