{
    "Sir_Matt_Busby_Player_of_the_Year": 1.0,
    "List_of_Manchester_United_F.C._players": 0.9190140845070423,
    "List_of_Halifax_Town_A.F.C._players": 0.7038327526132404,
    "List_of_Rochdale_A.F.C._players": 0.696551724137931,
    "List_of_Tranmere_Rovers_F.C._players": 0.696551724137931,
    "List_of_post-war_Tranmere_Rovers_F.C._players": 0.696551724137931,
    "List_of_Tranmere_Rovers_F.C._players_(1921\u201339)": 0.696551724137931,
    "List_of_Peterborough_United_F.C._players": 0.6917808219178082,
    "List_of_Bristol_City_F.C._players": 0.689419795221843,
    "List_of_Swindon_Town_F.C._players": 0.689419795221843,
    "List_of_Charlton_Athletic_F.C._players": 0.6870748299319728,
    "List_of_Wigan_Athletic_F.C._players": 0.6870748299319728,
    "List_of_Gillingham_F.C._players": 0.6847457627118644,
    "List_of_Gillingham_F.C._players_(25\u201349_appearances)": 0.6847457627118644,
    "List_of_Gillingham_F.C._players_(fewer_than_25_appearances)": 0.6847457627118644,
    "List_of_Mansfield_Town_F.C._players": 0.6847457627118644,
    "List_of_Portsmouth_F.C._players": 0.6847457627118644,
    "List_of_Blackburn_Rovers_F.C._players": 0.6824324324324325,
    "List_of_Lincoln_City_F.C._players": 0.6801346801346801,
    "List_of_Northampton_Town_F.C._players": 0.6801346801346801,
    "List_of_Torquay_United_F.C._players": 0.6801346801346801,
    "List_of_Lincoln_City_F.C._players_(25\u201399_appearances)": 0.6801346801346801,
    "List_of_Ipswich_Town_F.C._players": 0.6778523489932886,
    "List_of_Aston_Villa_F.C._players": 0.6778523489932886,
    "Ipswich_Town_F.C._Hall_of_Fame": 0.6778523489932886,
    "List_of_Coventry_City_F.C._players": 0.6778523489932886,
    "List_of_Yeovil_Town_F.C._internationals": 0.6778523489932886,
    "List_of_Birmingham_City_F.C._players": 0.6755852842809364,
    "List_of_Wolverhampton_Wanderers_F.C._players": 0.6755852842809364,
    "List_of_Birmingham_City_F.C._players_(fewer_than_25_appearances)": 0.6755852842809364,
    "List_of_Bristol_Rovers_F.C._players_(25\u201399_appearances)": 0.6755852842809364,
    "List_of_Burnley_F.C._internationals": 0.6755852842809364,
    "List_of_Wigan_Borough_F.C._players": 0.6755852842809364,
    "List_of_Birmingham_City_F.C._players_(25\u201399_appearances)": 0.6755852842809364,
    "List_of_Bristol_Rovers_F.C._international_players": 0.6755852842809364,
    "List_of_Bristol_Rovers_F.C._players": 0.6755852842809364,
    "List_of_Hereford_United_F.C._players": 0.6755852842809364,
    "List_of_Blackpool_F.C._players": 0.6733333333333333,
    "List_of_Port_Vale_F.C._players": 0.6733333333333333,
    "List_of_Port_Vale_F.C._players_with_fewer_than_25_appearances": 0.6733333333333333,
    "List_of_Crystal_Palace_F.C._players": 0.6733333333333333,
    "List_of_Fulham_F.C._players": 0.6733333333333333,
    "List_of_Fulham_F.C._players_(25\u201399_appearances)": 0.6733333333333333,
    "List_of_West_Bromwich_Albion_F.C._players": 0.6733333333333333,
    "List_of_Nelson_F.C._players": 0.6733333333333333,
    "List_of_Fulham_F.C._players_(fewer_than_25_appearances)": 0.6733333333333333,
    "List_of_Middlesbrough_F.C._players": 0.6710963455149501,
    "List_of_Stevenage_F.C._players": 0.6710963455149501,
    "List_of_Reading_F.C._players": 0.6710963455149501,
    "List_of_Reading_F.C._internationals": 0.6710963455149501,
    "List_of_York_City_F.C._players_(fewer_than_25_appearances)": 0.6710963455149501,
    "List_of_Reading_F.C._players_(fewer_than_25_appearances)": 0.6710963455149501,
    "List_of_Reading_F.C._players_(25\u201399_appearances)": 0.6710963455149501,
    "List_of_York_City_F.C._players_(25\u201399_appearances)": 0.6710963455149501,
    "List_of_Sheffield_Wednesday_F.C._players": 0.6710963455149501,
    "List_of_York_City_F.C._players": 0.6710963455149501,
    "List_of_Luton_Town_F.C._players": 0.6688741721854304,
    "List_of_Nottingham_Forest_F.C._players": 0.6688741721854304,
    "List_of_Notts_County_F.C._players": 0.6688741721854304,
    "List_of_Watford_F.C._players": 0.6666666666666666,
    "List_of_Watford_F.C._players_(fewer_than_50_appearances)": 0.6666666666666666,
    "List_of_Chesterfield_F.C._players": 0.6666666666666666,
    "List_of_Southampton_F.C._players_(25\u201399_appearances)": 0.6666666666666666,
    "List_of_Southampton_F.C._players_(fewer_than_25_appearances)": 0.6666666666666666,
    "List_of_Southampton_F.C._players": 0.6666666666666666,
    "List_of_Cardiff_City_F.C._players": 0.6644736842105263,
    "List_of_Derby_County_F.C._players": 0.6644736842105263,
    "List_of_Cardiff_City_F.C._captains": 0.6644736842105263,
    "List_of_Cardiff_City_F.C._players_with_fewer_than_100_appearances": 0.6644736842105263,
    "List_of_Swansea_City_A.F.C._players": 0.6644736842105263,
    "List_of_Swansea_City_A.F.C._international_players": 0.6644736842105263,
    "List_of_Colchester_United_F.C._players": 0.6622950819672131,
    "List_of_Colchester_United_F.C._players_(25\u201399_appearances)": 0.6622950819672131,
    "List_of_Colchester_United_F.C._players_(fewer_than_25_appearances)": 0.6622950819672131,
    "List_of_Accrington_Stanley_F.C._players": 0.6601307189542484,
    "List_of_Leeds_United_A.F.C._players": 0.656957928802589,
    "List_of_Oxford_United_F.C._players": 0.6537216828478964,
    "List_of_Newcastle_United_F.C._players": 0.6537216828478964,
    "List_of_West_Ham_United_F.C._players": 0.6516129032258065,
    "List_of_Doncaster_Rovers_F.C._players": 0.6495176848874598,
    "List_of_Everton_F.C._players": 0.6495176848874598,
    "List_of_Doncaster_Rovers_F.C._players_(1879\u20131918)": 0.6495176848874598,
    "List_of_Tottenham_Hotspur_F.C._players": 0.6474358974358975,
    "List_of_Sunderland_A.F.C._players": 0.6412698412698413,
    "List_of_Burnley_F.C._players_(100+_league_appearances)": 0.6412698412698413,
    "List_of_Burnley_F.C._players_(50\u201399_league_appearances)": 0.6412698412698413,
    "List_of_Bradford_Park_Avenue_A.F.C._players": 0.6392405063291139,
    "List_of_Chelsea_F.C._players": 0.637223974763407,
    "List_of_Huddersfield_Town_F.C._players": 0.63125,
    "List_of_Grimsby_Town_F.C._players": 0.6215384615384615,
    "List_of_Wycombe_Wanderers_F.C._players": 0.617737003058104,
    "List_of_Rotherham_United_F.C._players": 0.617737003058104,
    "List_of_Bradford_City_A.F.C._players_with_fewer_than_50_league_appearances": 0.6139817629179332,
    "List_of_Bradford_City_A.F.C._players": 0.6139817629179332,
    "List_of_Crewe_Alexandra_F.C._players": 0.6047904191616766,
    "List_of_Manchester_City_F.C._players_(fewer_than_25_appearances)": 0.6017699115044248,
    "List_of_Manchester_City_F.C._players_(25\u201399_appearances)": 0.6017699115044248,
    "List_of_Manchester_City_F.C._players": 0.6017699115044248,
    "List_of_Arsenal_F.C._players": 0.5988200589970502,
    "York_City_F.C._Clubman_of_the_Year": 0.5976331360946746,
    "Ipswich_Town_F.C._Player_of_the_Year": 0.5976331360946746,
    "Watford_F.C._Player_of_the_Season": 0.5941176470588235,
    "Stoke_City_F.C._Player_of_the_Year": 0.5906432748538012,
    "List_of_Coventry_City_F.C._Players_of_the_Year": 0.5855072463768116,
    "Plymouth_Argyle_F.C._Player_of_the_Year": 0.5838150289017341,
    "Reading_F.C._Player_of_the_Season": 0.5838150289017341,
    "Southampton_F.C._Player_of_the_Season": 0.5838150289017341,
    "Norwich_City_F.C._Player_of_the_Season": 0.5804597701149425,
    "Sheffield_United_F.C._Player_of_the_Year": 0.5738636363636364,
    "Colchester_United_F.C._Player_of_the_Year": 0.5738636363636364,
    "Derby_County_F.C._Player_of_the_Year": 0.5738636363636364,
    "Port_Vale_F.C._Player_of_the_Year": 0.5037406483790524,
    "List_of_Norwich_City_F.C._Hall_of_Fame_members": 0.47086247086247085,
    "Manchester_United_F.C._Reserves_and_Academy": 0.22183098591549297,
    "Manchester_United_F.C._in_European_football": 0.19444444444444445,
    "List_of_Manchester_United_F.C._managers": 0.17401960784313725,