{
    "Lega_Basket_Serie_A": 1.0,
    "2003\u201304_Serie_A_(basketball)": 0.9354838709677419,
    "Legadue_Basket": 0.8494623655913979,
    "2011\u201312_Lega_Basket_Serie_A": 0.7688172043010753,
    "Triple_Crown_(basketball)": 0.7634408602150538,
    "West_Asian_Basketball_League": 0.7300771208226221,
    "2012\u201313_Lega_Basket_Serie_A": 0.697560975609756,
    "USSR_Premier_Basketball_League": 0.6943765281173594,
    "Korisliiga": 0.6926829268292682,
    "National_Basketball_League_(Malaysia)": 0.6826923076923077,
    "Divizia_A_(men's_basketball)": 0.6810551558752997,
    "Novo_Basquete_Brasil": 0.6439909297052154,
    "FIBA_Asia_Champions_Cup": 0.6396396396396397,
    "Israeli_Basketball_Super_League": 0.6367713004484304,
    "National_Basketball_League_(New_Zealand)": 0.6339285714285714,
    "Turkish_Basketball_League": 0.6081370449678801,
    "Dutch_Basketball_League": 0.6081370449678801,
    "Atlantic_Coast_Professional_Basketball_League": 0.5951742627345844,
    "Montenegrin_Basketball_League": 0.5916666666666667,
    "List_of_games_played_between_NBA_and_international_teams": 0.5888594164456233,
    "Tobacco_Road_Basketball_League": 0.5888594164456233,
    "International_Basketball_League": 0.5826771653543307,
    "Independent_Basketball_Association": 0.5826771653543307,
    "FIBA_Intercontinental_Cup": 0.5819672131147541,
    "Basketball_League_of_Serbia": 0.5819672131147541,
    "American_Basketball_Association_(2000\u2013present)": 0.5796344647519582,
    "2010\u201311_Basketball_League_of_Serbia": 0.5721649484536082,
    "2011\u201312_Basketball_League_of_Serbia": 0.5721649484536082,
    "Premier_A_Slovenian_Basketball_League": 0.5692307692307692,
    "Torneo_Nacional_de_Ascenso": 0.5648854961832062,
    "English_Basketball_League": 0.555,
    "National_Basketball_League_(England)": 0.555,
    "Baloncesto_Superior_Nacional": 0.5536159600997507,
    "FIBA_Americas_League": 0.5495049504950495,
    "Greek_Basket_League": 0.5493230174081238,
    "2011\u201312_Slovenian_Basketball_League": 0.5492610837438424,
    "FIBA_Africa_Clubs_Champions_Cup": 0.5458937198067633,
    "2012\u201313_Slovenian_Basketball_League": 0.5439024390243903,
    "2011\u201312_Korisliiga_season": 0.5414634146341464,
    "Liga_Nacional_de_Baloncesto_Profesional": 0.5388349514563107,
    "Korvpalli_Meistriliiga": 0.5375302663438256,
    "FIBA_European_Champions_Cup_and_Euroleague_records_and_statistics": 0.5308411214953271,
    "All-Euroleague_Team": 0.5308411214953271,
    "Euroleague_career_stats_leaders": 0.5308411214953271,
    "Basketball_League_of_Serbia_B": 0.5285714285714286,
    "NBA_Development_League": 0.5278810408921933,
    "2012\u201313_Basketball_League_of_Serbia": 0.5247058823529411,
    "KBL_Finals": 0.5223529411764706,
    "Korean_Basketball_League": 0.5223529411764706,
    "2011\u201312_LNB_Pro_A_season": 0.5211267605633803,
    "2009\u201310_LNB_Pro_A_season": 0.5211267605633803,
    "2010\u201311_LNB_Pro_A_season": 0.5211267605633803,
    "2008\u201309_LNB_Pro_A_season": 0.5211267605633803,
    "2007\u201308_LNB_Pro_A_season": 0.5211267605633803,
    "2006\u201307_LNB_Pro_A_season": 0.5211267605633803,
    "Basketball_League_Belgium": 0.5199063231850117,
    "2013\u201314_Basketball_League_of_Serbia": 0.5162037037037037,
    "BAI_Basket": 0.5150812064965197,
    "2010\u201311_Israeli_Basketball_Super_League": 0.5138888888888888,
    "2011\u201312_Israeli_Basketball_Super_League": 0.5138888888888888,
    "Alphonso_Ford_Trophy": 0.5062388591800356,
    "2010\u201311_Turkish_Basketball_League": 0.5045454545454545,
    "2011\u201312_Turkish_Basketball_League": 0.5045454545454545,
    "Euroleague_Final_Four_records": 0.5044404973357016,
    "2011_LDB": 0.5034013605442177,
    "LNB_Pro_A": 0.502262443438914,
    "Basketball_Bundesliga": 0.4988814317673378,
    "2011\u201312_A-1_League": 0.4977578475336323,
    "2010\u201311_A-1_League": 0.4977578475336323,
    "Ukrainian_Basketball_SuperLeague": 0.4879120879120879,
    "British_Basketball_League": 0.4879120879120879,
    "Liga_Nacional_de_B\u00e1squet": 0.47639484978540775,
    "2012\u201313_Israeli_Basketball_Super_League": 0.47547974413646055,
    "Euroleague_Basketball": 0.4709784411276949,
    "2012\u201313_Turkish_Basketball_League": 0.46750524109014674,
    "2013\u201314_Turkish_Basketball_League": 0.4607438016528926,
    "National_Basketball_League_(Australasia)": 0.42447418738049714,
    "VTB_United_League": 0.4157303370786517,
    "FIBA_Saporta_Cup": 0.40852575488454707,
    "Liga_Sudamericana": 0.4065934065934066,
    "Liga_Espa\u00f1ola_de_Baloncesto": 0.4036363636363636,
    "ABA_League": 0.3801369863013699,
    "Eurocup_Basketball": 0.37766830870279144,
    "ULEB": 0.37645107794361526,
    "Liga_ACB": 0.3756345177664975,
    "FIBA_Asia": 0.3612167300380228,
    "FIBA": 0.3302433371958285,
    "National_Basketball_Association": 0.2868217054263566,
    "Albany_Legends": 0.2545871559633027,
    "Lega_Basket_Serie_A_awards": 0.22469135802469137,
    "Italian_Basketball_Supercup": 0.21308016877637131,
    "Italian_Basketball_Cup": 0.21218487394957983,
    "FIBA_World_Olympic_Qualifying_Tournament_for_Men_2008_squads": 0.185,
    "Vanuatu_national_basketball_team": 0.1774580335731415,
    "2006\u201307_Serie_A_(basketball)": 0.17473118279569894,
    "2005\u201306_Serie_A_(basketball)": 0.17473118279569894,
    "2004\u201305_Serie_A_(basketball)": 0.17473118279569894,
    "2008\u201309_Lega_Basket_Serie_A": 0.17473118279569894,
    "2007\u201308_Serie_A_(basketball)": 0.17473118279569894,
    "2009\u201310_Lega_Basket_Serie_A": 0.17473118279569894,
    "North_Korea_national_basketball_team": 0.16666666666666666,
    "Sri_Lanka_national_basketball_team": 0.16263736263736264,
    "History_of_the_FIBA_Basketball_World_Cup": 0.16192560175054704,
    "William_Jones_Cup": 0.16052060737527116,
    "Southeast_Asia_Basketball_Association": 0.16052060737527116,
    "FIBA_World_Rankings": 0.15982721382289417,
    "2009_FIBA_Asia_Championship": 0.15611814345991562,
    "FIBA_Africa_Championship_2009": 0.15611814345991562,
    "Portugal_national_basketball_team": 0.1524390243902439,
    "FIBA_Basketball_World_Cup_records": 0.148,
    "Sweden_national_basketball_team": 0.14792899408284024,
    "Basketball_at_the_Summer_Universiade": 0.14770459081836326,
    "Basketball_at_the_Southeast_Asian_Games": 0.14068441064638784,
    "FIBA_EuroBasket_2007": 0.14041745730550284,
    "Basketball_at_the_Summer_Olympics": 0.10914454277286136,
    "FIBA_EuroBasket": 0.10161090458488228,
    "FIBA_Europe_Under-16_Championship_for_Women": 0.07114624505928854,
    "Italy_national_basketball_team": 0.06548672566371681,
    "Turkey_men's_national_under-20_basketball_team": 0.05895196506550218,
    "Turkey_boys'_national_under-16_and_under-17_basketball_team": 0.05895196506550218,
    "FIBA_South_America_Under-15_Championship_for_Women": 0.05476190476190476,
    "List_of_Australian_WNBA_players": 0.050997782705099776,
    "FIBA_South_America_Championship_for_Women": 0.046966731898238745,
    "FIBA_Order_of_Merit": 0.040865384615384616,
    "FIBA_Kora\u0107_Cup": 0.03762376237623762,
    "Russian_Basketball_Cup": 0.03640256959314775,
    "FIBA's_50_Greatest_Players_(1991)": 0.03632478632478633,
    "Yugoslav_Basketball_Cup": 0.035196687370600416,
    "Macedonian_Basketball_Cup": 0.034408602150537634,
    "German_Basketball_Cup": 0.03213610586011342,
    "BBL_Cup": 0.032,
    "BBL_Trophy": 0.032,
    "Copa_Pr\u00edncipe_de_Asturias": 0.031936127744510975,
    "FIBA_Hall_of_Fame": 0.03130434782608696,
    "Leaders_Cup": 0.03125,
    "Supercopa_de_Espa\u00f1a_de_Baloncesto": 0.03088803088803089,
    "Slovenian_Basketball_Cup": 0.03023758099352052,
    "Slovenian_Basketball_Supercup": 0.03023758099352052,
    "Estonian_Basketball_Cup": 0.029082774049217,
    "Copa_del_Rey_de_Baloncesto": 0.026016260162601626,
    "Greek_Basketball_Cup": 0.025682182985553772,
    "Italy_national_racquetball_team": 0.023758099352051837,