{
    "List_of_awards_and_nominations_received_by_Dixie_Chicks": 1.0,
    "Fly_Tour": 1.0,
    "Top_of_the_World_Tour": 1.0,
    "Accidents_&_Accusations_Tour": 1.0,
    "You_Can't_Hurry_Love": 0.1935483870967742,
    "Natalie_Maines": 0.16997167138810199,
    "The_Stereotypes": 0.016666666666666666,
    "Kuk_Harrell": 0.016597510373443983,
    "Tricky_Stewart": 0.016597510373443983,
    "Astrud_Gilberto_discography": 0.016260162601626018,
    "We_Are_Young": 0.014598540145985401,
    "George_Benson_discography": 0.013605442176870748,
    "George_Benson": 0.013377926421404682,
    "All_I_Wanna_Do_(Sheryl_Crow_song)": 0.013245033112582781,
    "Chris_Martin": 0.01240694789081886,
    "List_of_awards_and_nominations_received_by_Alicia_Keys": 0.012195121951219513,
    "Rehab_(Amy_Winehouse_song)": 0.012135922330097087,
    "Bette_Davis_Eyes": 0.012048192771084338,
    "Toto_(band)": 0.011904761904761904,
    "Clocks_(song)": 0.011363636363636364,
    "Don't_Worry,_Be_Happy": 0.011235955056179775,
    "Get_Lucky_(Daft_Punk_song)": 0.011204481792717087,
    "John_Mayer": 0.0110803324099723,
    "Battle_Studies_World_Tour": 0.0110803324099723,
    "Another_Day_in_Paradise": 0.011061946902654867,
    "Use_Somebody": 0.010752688172043012,
    "The_Miseducation_of_Lauryn_Hill": 0.010101010101010102
}