{
    "List_of_cities_and_towns_in_Utah": 1.0,
    "List_of_canyons_and_gorges_in_Utah": 0.7014218009478673,
    "Grand_County,_Utah": 0.6379310344827587,
    "Utah_Territory's_at-large_congressional_district": 0.6324786324786325,
    "Salt_Lake_County,_Utah": 0.6324786324786325,
    "West_Valley_City,_Utah": 0.6208333333333333,
    "Summit_County,_Utah": 0.6115702479338843,
    "List_of_Utah_companies": 0.5648854961832062,
    "List_of_counties_in_Utah": 0.5634328358208955,
    "List_of_museums_in_Utah": 0.5522388059701493,
    "List_of_Utah_state_symbols": 0.550185873605948,
    "Utah_statistical_areas": 0.5481481481481482,
    "List_of_Superfund_sites_in_Utah": 0.5461254612546126,
    "List_of_state_highways_in_Utah": 0.5461254612546126,
    "List_of_airports_in_Utah": 0.5441176470588235,
    "Utah_locations_by_per_capita_income": 0.5381818181818182,
    "St._George,_Utah": 0.5285714285714286,
    "List_of_hospitals_in_Utah": 0.4852459016393443,
    "National_Register_of_Historic_Places_listings_in_Utah": 0.4668769716088328,
    "List_of_television_stations_in_Utah": 0.4457831325301205,
    "List_of_Governors_of_Utah": 0.4289855072463768,
    "List_of_Governors_of_Utah_by_time_in_office": 0.4289855072463768,
    "List_of_National_Historic_Landmarks_in_Utah": 0.4265129682997118,
    "Utah_State_Parks": 0.3978494623655914,
    "United_States_congressional_delegations_from_Utah": 0.37279596977329976,
    "Utah_State_Senate": 0.354916067146283,
    "Provo,_Utah": 0.35141509433962265,
    "Utah_House_of_Representatives": 0.3210412147505423,
    "List_of_cities_and_boroughs_in_Pennsylvania_by_population": 0.3033175355450237,
    "List_of_cities_and_towns_in_Arkansas": 0.3033175355450237,
    "List_of_cities_in_Maine": 0.3033175355450237,
    "List_of_radio_stations_in_Utah": 0.2896281800391389,
    "List_of_municipalities_in_North_Carolina": 0.26778242677824265,
    "List_of_municipalities_in_Wyoming": 0.24087591240875914,
    "Southern_Rocky_Mountains": 0.23374613003095976,
    "List_of_municipalities_in_Rhode_Island": 0.22569444444444445,
    "Village_(Vermont)": 0.22108843537414966,
    "List_of_towns_in_Vermont": 0.22108843537414966,
    "List_of_municipalities_in_New_Jersey": 0.21739130434782608,
    "List_of_cities_in_Nevada": 0.21405750798722045,
    "List_of_cities_in_Idaho": 0.21337579617834396,
    "List_of_incorporated_places_in_Delaware": 0.21172638436482086,
    "List_of_cities_and_census-designated_places_in_Alaska": 0.20766773162939298,
    "List_of_cities_in_Alaska_by_population": 0.20766773162939298,
    "List_of_cities_in_Texas": 0.2070063694267516,
    "List_of_cities_in_Texas_by_population": 0.2070063694267516,
    "List_of_cities_and_towns_in_Montana": 0.203125,
    "List_of_cities_in_West_Virginia": 0.19637462235649547,
    "List_of_cities_in_Oregon": 0.19469026548672566,
    "List_of_cities,_towns,_and_villages_in_Louisiana": 0.19298245614035087,
    "List_of_cities_and_towns_in_Arizona": 0.192090395480226,
    "List_of_municipalities_in_Massachusetts": 0.19161676646706588,
    "Utah": 0.18742138364779873,
    "List_of_cities_in_North_Dakota": 0.1873198847262248,
    "List_of_cities_and_towns_in_Alabama": 0.1867816091954023,
    "List_of_incorporated_places_in_Maryland": 0.18055555555555555,
    "List_of_cities_in_Washington": 0.17759562841530055,
    "List_of_towns_in_Washington": 0.17759562841530055,
    "List_of_cities_in_Ohio": 0.17615176151761516,
    "List_of_settlements_in_New_Mexico": 0.17232375979112272,
    "Largest_cities_in_Southern_California": 0.17223650385604114,
    "List_of_cities_and_towns_in_California": 0.17223650385604114,
    "List_of_largest_California_cities_by_population": 0.17223650385604114,
    "List_of_largest_Iowa_cities_by_population": 0.17015706806282724,
    "List_of_cities_in_Oklahoma": 0.17010309278350516,
    "List_of_largest_cities_and_towns_in_Tennessee_by_population": 0.16927083333333334,
    "List_of_cities_in_Indiana": 0.16927083333333334,
    "List_of_municipalities_in_Tennessee": 0.16927083333333334,
    "List_of_cities_in_Nebraska": 0.16883116883116883,
    "List_of_cities_in_South_Dakota": 0.16709511568123395,
    "List_of_cities_in_New_York": 0.16666666666666666,
    "List_of_municipalities_in_Michigan_(by_population)": 0.165374677002584,
    "List_of_cities,_villages,_and_townships_in_Michigan": 0.165374677002584,
    "List_of_villages_in_Michigan": 0.165374677002584,
    "List_of_cities_in_Minnesota": 0.16502463054187191,
    "List_of_cities_and_towns_in_South_Carolina": 0.1649746192893401,
    "List_of_cities_in_Wisconsin": 0.16209476309226933,
    "List_of_cities_in_Iowa": 0.1597051597051597,
    "List_of_municipalities_in_Pennsylvania": 0.1549636803874092,
    "List_of_cities_in_Pennsylvania": 0.1549636803874092,
    "List_of_census-designated_places_in_Washington": 0.15476190476190477,
    "List_of_cities_in_Kentucky": 0.15458937198067632,
    "List_of_cities_in_Missouri": 0.15258215962441316,
    "List_of_cities_in_Connecticut": 0.15046296296296297,
    "List_of_towns_in_Connecticut": 0.15046296296296297,
    "List_of_municipalities_of_Connecticut_by_population": 0.15046296296296297,
    "List_of_cities_in_Kansas": 0.14908256880733944,
    "List_of_municipalities_in_Georgia_(U.S._state)": 0.14772727272727273,
    "List_of_municipalities_in_Florida": 0.14192139737991266,
    "List_of_cities_in_Illinois": 0.1371308016877637,
    "List_of_towns_and_villages_in_Illinois": 0.1371308016877637,
    "List_of_communities_in_New_Hampshire_by_population": 0.12845849802371542,
    "List_of_cities_and_towns_in_New_Hampshire": 0.12845849802371542,
    "Municipalities_of_Puerto_Rico": 0.12244897959183673,
    "List_of_populated_places_in_Guam": 0.11702127659574468,
    "List_of_cities_and_towns_in_Colorado": 0.09939759036144578,
    "Draper,_Utah": 0.08823529411764706,
    "Intermountain_Healthcare": 0.05241935483870968,
    "National_Register_of_Historic_Places_listings_in_Salt_Lake_County,_Utah": 0.05029585798816568,
    "List_of_ancient_dwellings_of_Pueblo_peoples_in_Utah": 0.03495145631067961,
    "Sawtooth_National_Forest": 0.03436426116838488,
    "National_Register_of_Historic_Places_listings_in_Utah_County,_Utah": 0.027700831024930747,
    "List_of_National_Monuments_of_the_United_States": 0.025,
    "List_of_national_parks_of_the_United_States": 0.02413793103448276,
    "List_of_counties_in_Idaho": 0.022332506203473945,
    "List_of_counties_in_Nevada": 0.02168021680216802,
    "National_Park_Service": 0.02127659574468085,
    "List_of_counties_in_Wyoming": 0.021212121212121213,
    "United_States_Minor_Outlying_Islands": 0.0196078431372549,
    "List_of_counties_in_Florida": 0.018656716417910446,
    "List_of_U.S._National_Parks_by_elevation": 0.01845018450184502,
    "National_Register_of_Historic_Places_listings_in_Davis_County,_Utah": 0.01818181818181818,
    "List_of_counties_in_New_Mexico": 0.01818181818181818,
    "List_of_counties_in_California": 0.017977528089887642,
    "List_of_counties_in_Oregon": 0.017721518987341773,
    "List_of_counties_in_Minnesota": 0.017316017316017316,
    "List_of_counties_in_New_Jersey": 0.016901408450704224,
    "History_of_the_National_Park_Service": 0.016333938294010888,
    "List_of_counties_in_Montana": 0.015957446808510637,
    "Demographics_of_Arizona": 0.0158311345646438,
    "County_statistics_of_the_United_States": 0.015822784810126583,
    "List_of_counties_in_West_Virginia": 0.015503875968992248,
    "List_of_counties_in_Massachusetts": 0.015384615384615385,
    "KSOP-FM": 0.015197568389057751,
    "List_of_counties_in_Colorado": 0.015053763440860216,
    "List_of_counties_in_North_Dakota": 0.01488833746898263,
    "List_of_counties_in_Alabama": 0.01485148514851485,
    "Utah_Olympic_Oval": 0.014814814814814815,
    "List_of_parishes_in_Louisiana": 0.014778325123152709,
    "Stadium_of_Fire": 0.014534883720930232,
    "List_of_counties_in_Oklahoma": 0.014492753623188406,