{
    "Out_and_back_roller_coaster": 1.0,
    "Dual-tracked_roller_coaster": 1.0,
    "Inverted_roller_coaster": 1.0,
    "Figure_8_roller_coaster": 1.0,
    "Boomerang_(roller_coaster)": 0.6458333333333334,
    "Floorless_Coaster": 0.62,
    "Flying_roller_coaster": 0.4626865671641791,
    "Suspended_roller_coaster": 0.31313131313131315,
    "Bobsled_roller_coaster": 0.31313131313131315,
    "Motorbike_roller_coaster": 0.26956521739130435,
    "Hypercoaster": 0.2627118644067797,
    "Stand-up_roller_coaster": 0.2627118644067797,
    "List_of_Intamin_rides": 0.0707070707070707,
    "Accelerator_Coaster": 0.0707070707070707,
    "Bolliger_&_Mabillard": 0.05434782608695652,
    "Suspended_Looping_Coaster": 0.041666666666666664,
    "Suspended_Family_Coaster": 0.041666666666666664,
    "Flying_Scooters": 0.033210332103321034,
    "Drop_tower": 0.033210332103321034,
    "Tow_boat_ride": 0.033210332103321034,
    "Intamin": 0.03103448275862069,
    "S&S_Worldwide": 0.02092050209205021,
    "Vekoma": 0.016129032258064516,
    "Great_Coasters_International": 0.013513513513513514,
    "The_Gravity_Group": 0.013513513513513514,
    "Roller_Coaster_Corporation_of_America": 0.013513513513513514,
    "E&F_Miler_Industries": 0.013513513513513514,
    "Premier_Rides": 0.013513513513513514,
    "Custom_Coasters_International": 0.013513513513513514,
    "Maurer_S\u00f6hne": 0.013333333333333334,
    "List_of_roller_coaster_rankings": 0.013157894736842105,
    "List_of_Canada's_Wonderland_attractions": 0.012195121951219513,
    "Knott's_Berry_Farm": 0.010810810810810811
}