{
    "Suffragan_Bishops_Act_1534": 1.0,
    "Bishop_of_Kilmore,_Elphin_and_Ardagh": 0.3756345177664975,
    "List_of_bishops_in_the_Church_of_England": 0.3756345177664975,
    "Bishop_of_Peterborough": 0.3756345177664975,
    "Bishop_of_Llandaff": 0.34418604651162793,
    "Bishop_of_Oxford": 0.3045267489711934,
    "Bishop_of_Sodor_and_Man": 0.2803030303030303,
    "Bishop_of_St_Asaph": 0.25084745762711863,
    "Bishop_of_Winchester": 0.24503311258278146,
    "List_of_Archbishops_of_Canterbury": 0.22255192878338279,
    "Diocese_of_London": 0.048034934497816595,
    "Diocese_of_Carlisle": 0.038461538461538464,
    "List_of_archdeacons_of_Manchester": 0.03597122302158273,
    "Diocese_of_Southwell_and_Nottingham": 0.03349282296650718,
    "Diocese_of_Chelmsford": 0.03167420814479638,
    "Anglican_Diocese_of_Birmingham": 0.024509803921568627,
    "Diocese_of_Coventry": 0.024154589371980676,
    "Diocese_of_Truro": 0.020761245674740483,
    "List_of_deans_in_the_Church_of_England": 0.012269938650306749
}