{
    "List_of_WWE_Champions": 1.0,
    "List_of_World_Heavyweight_Champions_(WWE)": 0.7039473684210527,
    "WWWF_United_States_Championship": 0.625,
    "List_of_WWE_Intercontinental_Champions": 0.6130653266331658,
    "List_of_WWE_European_Champions": 0.6012269938650306,
    "WWWF_United_States_Tag_Team_Championship": 0.5882352941176471,
    "List_of_WWE_Cruiserweight_Champions": 0.5555555555555556,
    "List_of_WWF_Light_Heavyweight_Champions": 0.5384615384615384,
    "List_of_WWE_Hardcore_Champions": 0.5294117647058824,
    "List_of_WWE_Divas_Champions": 0.4787234042553192,
    "List_of_WWE_Tag_Team_Champions": 0.4730290456431535,
    "List_of_ECW_World_Heavyweight_Champions": 0.45714285714285713,
    "List_of_WWE_Women's_Champions": 0.4411764705882353,
    "List_of_WCW_World_Heavyweight_Champions": 0.4186046511627907,
    "List_of_WWE_United_States_Champions": 0.4,
    "List_of_WCW_World_Tag_Team_Champions": 0.38961038961038963,
    "List_of_World_Tag_Team_Champions_(WWE)": 0.3493975903614458,
    "WWF_Junior_Heavyweight_Championship": 0.34615384615384615,
    "WWF_International_Tag_Team_Championship": 0.34615384615384615,
    "List_of_former_championships_in_WWE": 0.28213166144200624,
    "Alberto_Del_Rio": 0.1742627345844504,
    "Money_in_the_Bank_ladder_match": 0.13550135501355012,
    "Bobby_Lashley": 0.11900532859680284,
    "The_Nexus_(professional_wrestling)": 0.1111111111111111,
    "Brock_Lesnar": 0.10685805422647528,
    "Chyna": 0.10643015521064302,
    "Royal_Rumble": 0.10023866348448687,
    "WWE_Diva_Search": 0.09763313609467456,
    "Matthew_Riddle": 0.09028960817717206,
    "Bill_Goldberg": 0.08523409363745499,
    "List_of_WWE_personnel": 0.08211678832116788,
    "WWE_Hall_of_Fame": 0.08075601374570447,
    "David_Arquette": 0.08074534161490683,
    "The_Miz": 0.07971014492753623,
    "Dwayne_Johnson": 0.07807118254879448,
    "Ken_Shamrock": 0.07705479452054795,
    "Maria_Menounos": 0.07614213197969544,
    "The_Undertaker": 0.07399347116430903,
    "Hulk_Hogan": 0.07272727272727272,
    "WrestleMania": 0.06981519507186858,
    "Rey_Mysterio": 0.06899641577060932,
    "2007_WWE_Draft": 0.06269592476489028,
    "2004_WWE_Draft_Lottery": 0.06269592476489028,
    "2008_WWE_Draft": 0.06269592476489028,
    "2009_WWE_Draft": 0.06269592476489028,
    "List_of_WWE_alumni_(S\u2013Z)": 0.06269592476489028,
    "List_of_WWE_alumni_(N\u2013R)": 0.06269592476489028,
    "List_of_WWE_alumni_(I\u2013M)": 0.06269592476489028,
    "List_of_WWE_alumni_(D\u2013H)": 0.06269592476489028,
    "List_of_WWE_alumni_(A\u2013C)": 0.06269592476489028,
    "WWE_programs": 0.06269592476489028,
    "Slammy_Award": 0.06269592476489028,
    "2011_WWE_Draft": 0.06269592476489028,
    "WWE_Brand_Extension": 0.06269592476489028,
    "WWE_Books": 0.06153846153846154,
    "WWE_The_Music:_The_Beginning": 0.057692307692307696,
    "WWE_Music_Group": 0.057692307692307696,
    "List_of_WCW_pay-per-view_events": 0.057494866529774126,
    "Sam_Muchnick_Memorial_Tournament": 0.05730659025787966,
    "List_of_WWE_pay-per-view_events": 0.05630026809651475,
    "WWE_Superstars": 0.056022408963585436,
    "WWE_Battleground": 0.05555555555555555,
    "WWE_Payback": 0.055408970976253295,
    "WWE_No_Mercy": 0.054404145077720206,
    "Shayna_Baszler": 0.05177993527508091,
    "List_of_video_games_in_the_WWE_Games_series": 0.05154639175257732,
    "WWE_2K": 0.05154639175257732,
    "SummerSlam": 0.051470588235294115,
    "Survivor_Series": 0.05134474327628362,
    "List_of_WCW_World_Television_Champions": 0.04887218045112782,
    "Boston_Brawl": 0.04788732394366197,
    "L.A._Melee": 0.04788732394366197,
    "Konnan": 0.047879616963064295,
    "World_Championship_Wrestling": 0.04781997187060478,
    "Tables,_Ladders,_and_Chairs_match": 0.04525862068965517,
    "The_Brawl_to_End_It_All": 0.04426559356136821,
    "ECW_Midwest_Massacre_Tour": 0.043478260869565216,
    "WWE_Classics_on_Demand": 0.042735042735042736,
    "List_of_World_Championship_Wrestling_alumni": 0.04186046511627907,
    "WarGames_match": 0.04186046511627907,
    "Florida_Championship_Wrestling": 0.04149377593360996,
    "Smoky_Mountain_Wrestling": 0.040983606557377046,
    "List_of_TNA_World_Heavyweight_Champions": 0.03937007874015748,
    "WCW_United_States_Tag_Team_Championship": 0.039285714285714285,
    "Dragon_Gate_USA": 0.03913894324853229,
    "List_of_WCW_Hardcore_Champions": 0.03879310344827586,
    "WCW_Hall_of_Fame": 0.038461538461538464,
    "WWE_Tough_Enough": 0.035106382978723406,
    "IWGP_Heavyweight_Championship": 0.03436426116838488,
    "Ohio_Valley_Wrestling": 0.033003300330033,
    "ECW_(WWE)": 0.032116788321167884,
    "FCW_Florida_Tag_Team_Championship": 0.03125,
    "Vampiro": 0.030534351145038167,
    "OVW_Southern_Tag_Team_Championship": 0.030303030303030304,
    "List_of_ECW_World_Television_Champions": 0.0297029702970297,
    "British_Commonwealth_Junior_Heavyweight_Championship": 0.0273224043715847,
    "List_of_TNA_Television_Champions": 0.024844720496894408,
    "King_of_the_Ring_(2008)": 0.02459016393442623,
    "WWF_The_Wrestling_Classic": 0.024489795918367346,
    "OVW_Heavyweight_Championship": 0.024271844660194174,
    "King_of_the_Ring_(1994)": 0.024193548387096774,
    "King_of_the_Ring_(1993)": 0.024193548387096774,
    "FCW_Florida_Heavyweight_Championship": 0.023809523809523808,
    "King_of_the_Ring_(1998)": 0.023529411764705882,
    "King_of_the_Ring_(1996)": 0.023529411764705882,
    "King_of_the_Ring_(2000)": 0.023346303501945526,
    "King_of_the_Ring_(2002)": 0.023346303501945526,
    "King_of_the_Ring_(1999)": 0.023346303501945526,
    "NWA_World_Tag_Team_Championship_(San_Francisco_version)": 0.023255813953488372,
    "British_Open_Tag_Team_Championship": 0.023121387283236993,
    "All-England_Championship": 0.023121387283236993,
    "G1_Tag_League": 0.023076923076923078,
    "NWF_Heavyweight_Championship": 0.022900763358778626,
    "NWF_North_American_Heavyweight_Championship": 0.022900763358778626,
    "Hell_in_a_Cell": 0.022727272727272728,
    "List_of_ROH_World_Champions": 0.02242152466367713,
    "WWE_NXT_(TV_series)": 0.021953896816684963,
    "WWE_NXT": 0.021953896816684963,
    "List_of_TNA_X_Division_Champions": 0.02181818181818182,
    "UWA_World_Junior_Light_Heavyweight_Championship": 0.021660649819494584,
    "IWGP_Junior_Heavyweight_Tag_Team_Championship": 0.02147239263803681,
    "List_of_ROH_World_Tag_Team_Champions": 0.02142857142857143,
    "G1_Climax": 0.021333333333333333,
    "List_of_ECW_World_Tag_Team_Champions": 0.020833333333333332,
    "Immortal_(professional_wrestling)": 0.02040816326530612,
    "New_Japan_Pro_Wrestling_roster": 0.02005730659025788,
    "Kazuyuki_Fujita": 0.02,
    "IWGP_Junior_Heavyweight_Championship": 0.019933554817275746,
    "Best_of_the_Super_Juniors": 0.019498607242339833,
    "List_of_TNA_World_Tag_Team_Champions": 0.019417475728155338,
    "Perro_Aguayo": 0.01928374655647383,
    "NWA_World_Junior_Heavyweight_Championship": 0.01927710843373494,
    "Psicosis": 0.01907356948228883,
    "NWA_International_Junior_Heavyweight_Championship": 0.01892744479495268,
    "Royal_Rumble_(1992)": 0.018867924528301886,
    "This_Tuesday_in_Texas": 0.018518518518518517,
    "Ultimate_X_match": 0.01818181818181818,
    "Young_Lion_Cup": 0.018072289156626505,
    "WWE_Unforgiven": 0.017937219730941704,
    "WWE_Judgment_Day": 0.017937219730941704,
    "WWE_No_Way_Out": 0.017857142857142856,
    "WWF_Capital_Carnage": 0.017857142857142856,
    "WWE_Capitol_Punishment": 0.017857142857142856,
    "WWF_Invasion": 0.017777777777777778,
    "Over_the_Limit_(2010)": 0.017699115044247787,
    "Over_the_Limit_(2011)": 0.017699115044247787,
    "Over_the_Limit_(2012)": 0.017699115044247787,
    "List_of_NWA_World_Tag_Team_Champions": 0.01764705882352941,
    "Villa\u00f1o_III": 0.017595307917888565,
    "Fully_Loaded_(1999)": 0.017543859649122806,
    "Fully_Loaded_(2000)": 0.017543859649122806,