{
    "T\u014dmei_Expressway": 1.0,
    "T\u014dkai-Hokuriku_Expressway": 0.9919354838709677,
    "Higashi-Meihan_Expressway": 0.9919354838709677,
    "Hokuriku_Expressway": 0.9044117647058824,
    "Nagano_Expressway": 0.9044117647058824,
    "Ch\u016bbu-\u014cdan_Expressway": 0.9044117647058824,
    "J\u014dban_Expressway": 0.8823529411764706,
    "J\u014dshin-etsu_Expressway": 0.875,
    "Hokkaid\u014d_Expressway": 0.875,
    "Kita-Kant\u014d_Expressway": 0.875,
    "Hachinohe_Expressway": 0.875,
    "Yamagata_Expressway": 0.875,
    "D\u014dt\u014d_Expressway": 0.875,
    "T\u014dhoku-Ch\u016b\u014d_Expressway": 0.875,
    "Akita_Expressway": 0.875,
    "T\u014dhoku_Expressway": 0.875,
    "Kan-Etsu_Expressway": 0.875,
    "Higashi-Kant\u014d_Expressway": 0.875,
    "Tokyo_Gaikan_Expressway": 0.875,
    "Ban-etsu_Expressway": 0.875,
    "Meishin_Expressway": 0.8671328671328671,
    "Shin-Meishin_Expressway": 0.8601398601398601,
    "San'y\u014d_Expressway": 0.8321678321678322,
    "Kyushu_Expressway": 0.8321678321678322,
    "Minamikyushu_Expressway": 0.8321678321678322,
    "Second_Keihan_Highway": 0.2138364779874214,
    "T\u014dkai-Kanj\u014d_Expressway": 0.2117039586919105,
    "Ken-\u014c_Expressway": 0.20741989881956155,
    "Japan_Ground_Self-Defense_Force": 0.014705882352941176,
    "Zoe_Laskari": 0.014598540145985401,
    "Kazuo_Misaki": 0.013986013986013986,
    "Takanori_Gomi": 0.013605442176870748,
    "S\u014dta_Hirayama": 0.013605442176870748,
    "Mark_Kerr_(fighter)": 0.013245033112582781,
    "Guy_Mezger": 0.013157894736842105,
    "Oleg_Taktarov": 0.013071895424836602,
    "Richard_Henry_Brunton": 0.012269938650306749,
    "Vitor_Belfort": 0.012121212121212121,
    "Ministry_of_Land,_Infrastructure,_Transport_and_Tourism": 0.012121212121212121,
    "Shinchiku_Prefecture": 0.012048192771084338,
    "Takao_Prefecture": 0.012048192771084338,
    "Japan_National_Route_1": 0.012048192771084338,
    "Tainan_Prefecture": 0.012048192771084338,
    "Taich\u016b_Prefecture": 0.012048192771084338,
    "Tait\u014d_Prefecture": 0.012048192771084338,
    "Karenk\u014d_Prefecture": 0.012048192771084338,
    "Japan_National_Route_246": 0.012048192771084338,
    "Taihoku_Prefecture": 0.012048192771084338,
    "Urijah_Faber": 0.011627906976744186,
    "Minister_of_Defense_(Japan)": 0.011560693641618497,
    "Mirko_Filipovi\u0107": 0.011560693641618497,
    "Matt_Hughes_(fighter)": 0.011299435028248588,
    "Chuck_Liddell": 0.0111731843575419,
    "Rich_Franklin": 0.0111731843575419,
    "Yang_Ik-june": 0.010810810810810811,
    "Don_Frye": 0.010752688172043012,
    "Bas_Rutten": 0.0106951871657754,
    "Dan_Henderson": 0.010638297872340425,
    "Xu_Fan": 0.010582010582010581,
    "Tito_Ortiz": 0.010526315789473684,
    "Ryo_Ishikawa": 0.010416666666666666,
    "B.J._Penn": 0.010362694300518135,
    "Pat_Miletich": 0.010309278350515464,
    "Parliamentary_Assembly_of_the_Council_of_Europe": 0.010309278350515464,
    "Congress_of_the_Council_of_Europe": 0.010309278350515464,
    "Tony_Fernandes": 0.010256410256410256
}