{
    "List_of_tallest_structures_in_the_Netherlands": 1.0,
    "List_of_tallest_buildings_in_Mexico": 0.8471074380165289,
    "List_of_tallest_buildings_in_Sweden": 0.8471074380165289,
    "List_of_tallest_buildings_in_Germany": 0.8471074380165289,
    "List_of_tallest_structures_in_the_United_States_by_height": 0.8471074380165289,
    "List_of_tallest_buildings_in_the_United_Arab_Emirates": 0.8471074380165289,
    "List_of_tallest_buildings_in_Taiwan": 0.8471074380165289,
    "List_of_tallest_structures_in_the_world_\u2013_300_to_400_metres": 0.8471074380165289,
    "List_of_tallest_buildings_in_Malaysia": 0.8471074380165289,
    "List_of_tallest_structures_in_Italy": 0.8471074380165289,
    "List_of_tallest_buildings_in_Croatia": 0.8471074380165289,
    "List_of_tallest_buildings_in_Brazil": 0.8471074380165289,
    "List_of_tallest_freestanding_structures_in_the_world": 0.8471074380165289,
    "List_of_tallest_structures_in_Canada": 0.8471074380165289,
    "List_of_tallest_structures_in_South_America": 0.8471074380165289,
    "List_of_tallest_buildings_in_the_Arab_League": 0.8471074380165289,
    "List_of_tallest_structures_built_before_the_20th_century": 0.8471074380165289,
    "List_of_tallest_structures_in_the_world_by_country": 0.8471074380165289,
    "List_of_tallest_structures_in_Germany": 0.8471074380165289,
    "List_of_tallest_buildings_in_France": 0.8471074380165289,
    "List_of_tallest_structures_in_India": 0.8471074380165289,
    "List_of_tallest_buildings_and_structures_in_Greece": 0.8471074380165289,
    "List_of_tallest_residential_buildings_in_the_world": 0.8471074380165289,
    "List_of_tallest_educational_buildings": 0.8471074380165289,
    "List_of_tallest_structures_in_the_world_\u2013_400_to_500_metres": 0.8471074380165289,
    "List_of_tallest_residential_buildings_in_Dubai": 0.8471074380165289,
    "List_of_tallest_buildings_in_Denmark": 0.8471074380165289,
    "List_of_tallest_buildings_in_Scandinavia": 0.8471074380165289,
    "List_of_tallest_lighthouses_in_the_world": 0.8471074380165289,
    "List_of_tallest_buildings_in_the_British_Empire_and_the_British_Commonwealth": 0.8471074380165289,
    "List_of_tallest_buildings_in_Bangladesh": 0.8471074380165289,
    "List_of_tallest_structures_in_Estonia": 0.8471074380165289,
    "List_of_tallest_structures_in_Africa": 0.8471074380165289,
    "List_of_tallest_buildings_in_Europe": 0.8471074380165289,
    "List_of_tallest_buildings_in_Peru": 0.8471074380165289,
    "List_of_tallest_buildings_in_Indonesia": 0.8471074380165289,
    "List_of_tallest_structures_in_New_Zealand": 0.8471074380165289,
    "List_of_tallest_structures_in_the_former_Soviet_Union": 0.8471074380165289,
    "List_of_tallest_buildings_and_structures_in_South_Asia": 0.8471074380165289,
    "List_of_most_expensive_buildings_in_the_world": 0.8471074380165289,
    "List_of_tallest_buildings_in_Bulgaria": 0.8471074380165289,
    "List_of_tallest_buildings_in_Dhaka": 0.8471074380165289,
    "List_of_tallest_buildings_in_Italy": 0.8471074380165289,
    "List_of_tallest_structures_in_Ireland": 0.8471074380165289,
    "List_of_tallest_buildings_in_the_Netherlands": 0.8471074380165289,
    "List_of_tallest_structures_in_Poland": 0.8471074380165289,
    "Partially_guyed_tower": 0.8471074380165289,
    "Additionally_guyed_tower": 0.8471074380165289,
    "List_of_tallest_structures_in_the_Czech_Republic": 0.8471074380165289,
    "List_of_tallest_structures_in_China": 0.8471074380165289,
    "List_of_tallest_structures_in_Hungary": 0.8471074380165289,
    "List_of_tallest_structures_in_Austria": 0.8471074380165289,
    "List_of_tallest_structures_in_Switzerland": 0.8471074380165289,
    "List_of_tallest_structures_in_Denmark": 0.8471074380165289,
    "List_of_tallest_structures_in_Norway": 0.8471074380165289,
    "List_of_tallest_structures_in_Sweden": 0.8471074380165289,
    "List_of_tallest_structures_in_Finland": 0.8471074380165289,
    "List_of_tallest_structures_in_Yugoslavia": 0.8471074380165289,
    "List_of_tallest_structures_in_Slovakia": 0.8471074380165289,
    "List_of_tallest_structures_in_Europe": 0.8471074380165289,
    "List_of_tallest_structures_in_the_United_States": 0.8471074380165289,
    "List_of_tallest_towers_in_Southwest_Asia": 0.8471074380165289,
    "List_of_buildings_with_100_floors_or_more": 0.8471074380165289,
    "List_of_tallest_buildings_in_Argentina": 0.8471074380165289,
    "List_of_tallest_buildings_in_the_Czech_Republic": 0.8471074380165289,
    "List_of_tallest_buildings_in_Barcelona": 0.8471074380165289,
    "List_of_tallest_buildings_in_Israel": 0.8471074380165289,
    "List_of_tallest_structures_in_Japan": 0.8299595141700404,
    "List_of_tallest_buildings_in_Pakistan": 0.8167330677290837,
    "List_of_tallest_buildings_in_Africa": 0.8134920634920635,
    "List_of_tallest_buildings_in_South_Africa": 0.8134920634920635,
    "List_of_tallest_buildings_and_structures_in_South_Africa": 0.8134920634920635,
    "List_of_tallest_buildings_in_South_Korea": 0.7945736434108527,
    "List_of_tallest_buildings_in_Guangzhou": 0.7884615384615384,
    "List_of_tallest_buildings_in_China": 0.7884615384615384,
    "List_of_tallest_buildings_in_India": 0.7854406130268199,
    "List_of_tallest_Orthodox_church_buildings": 0.7824427480916031,
    "List_of_tallest_buildings_in_the_Philippines": 0.7735849056603774,
    "List_of_tallest_buildings_in_the_United_Kingdom": 0.7677902621722846,
    "List_of_tallest_buildings_and_structures_in_the_United_Kingdom_by_usage": 0.7677902621722846,
    "List_of_tallest_destroyed_buildings_and_structures_in_the_United_Kingdom": 0.7677902621722846,
    "List_of_tallest_structures_in_the_United_Kingdom": 0.7677902621722846,
    "List_of_tallest_structures_in_Belgium": 0.7649253731343284,
    "List_of_tallest_structures_in_Serbia": 0.7592592592592593,
    "List_of_tallest_structures_in_the_world": 0.7509157509157509,
    "List_of_tallest_twin_buildings_and_structures_in_the_world": 0.7509157509157509,
    "List_of_tallest_buildings_and_structures_in_the_world": 0.7509157509157509,
    "List_of_tallest_buildings_in_the_world_by_country": 0.7509157509157509,
    "List_of_tallest_buildings_in_Poland": 0.7481751824817519,
    "List_of_tallest_buildings_in_Canada": 0.7427536231884058,
    "List_of_tallest_structures_in_Portugal": 0.7427536231884058,
    "List_of_tallest_buildings_in_the_Baltic_states": 0.7295373665480427,
    "List_of_tallest_buildings_in_Russia": 0.702054794520548,
    "List_of_tallest_buildings_in_Kentucky": 0.6949152542372882,
    "List_of_tallest_buildings_in_Romania": 0.6902356902356902,
    "List_of_tallest_buildings_and_structures_in_the_Paris_region": 0.6879194630872483,
    "List_of_tallest_buildings_in_Singapore": 0.6677524429967426,
    "List_of_tallest_towers_in_the_world": 0.653968253968254,
    "List_of_tallest_buildings_in_Spain": 0.6487341772151899,
    "List_of_tallest_buildings_in_Seoul": 0.640625,
    "List_of_tallest_chimneys_in_the_world": 0.6288343558282209,
    "List_of_tallest_buildings_in_Shanghai": 0.6269113149847095,
    "List_of_tallest_dams_in_the_world": 0.5971014492753624,
    "List_of_tallest_buildings_in_Kuala_Lumpur": 0.5873925501432665,
    "List_of_cities_with_the_most_skyscrapers": 0.584045584045584,
    "List_of_tallest_bridges_in_the_world": 0.555256064690027,
    "List_of_tallest_buildings_in_San_Diego": 0.5540540540540541,
    "List_of_tallest_buildings_in_Washington,_D.C.": 0.5540540540540541,
    "List_of_tallest_buildings_in_the_United_States": 0.5540540540540541,
    "List_of_tallest_buildings_and_structures_in_London": 0.5423280423280423,
    "List_of_tallest_buildings_by_United_Kingdom_settlement": 0.5423280423280423,
    "List_of_statues_by_height": 0.5423280423280423,
    "List_of_tallest_buildings_in_Ottawa\u2013Gatineau": 0.5380577427821522,
    "List_of_tallest_buildings_in_Louisville": 0.5352480417754569,
    "List_of_tallest_buildings_in_Calgary": 0.5338541666666666,