{
    "List_of_islands_of_New_Hampshire": 1.0,
    "List_of_islands_of_West_Virginia": 1.0,
    "List_of_islands_of_Maryland": 1.0,
    "List_of_islands_of_Washington_State_by_population_and_area": 1.0,
    "List_of_islands_of_Connecticut": 0.5210084033613446,
    "List_of_islands_of_Wyoming": 0.484375,
    "List_of_islands_of_Arizona": 0.4105960264900662,
    "List_of_islands_of_Maine": 0.38271604938271603,
    "List_of_islands_of_Alaska": 0.37349397590361444,
    "List_of_islands_of_Massachusetts": 0.27555555555555555,
    "List_of_islands_of_Michigan": 0.17765042979942694,
    "List_of_islands_of_California": 0.15538847117794485,
    "List_of_islands_of_Kiribati": 0.045454545454545456,
    "List_of_counties_in_Florida": 0.024793388429752067,
    "List_of_Guano_Island_claims": 0.019867549668874173,
    "List_of_islands_of_New_Zealand": 0.01834862385321101,
    "County_statistics_of_the_United_States": 0.01775147928994083,
    "List_of_breweries_in_Missouri": 0.017241379310344827,
    "List_of_breweries_in_Kansas": 0.017241379310344827,
    "List_of_breweries_in_Idaho": 0.017241379310344827,
    "List_of_breweries_in_Texas": 0.017241379310344827,
    "List_of_breweries_in_South_Carolina": 0.017241379310344827,
    "List_of_business_schools_in_Texas": 0.01694915254237288,
    "List_of_fishes_of_Florida": 0.01694915254237288,
    "List_of_mammals_of_Alaska": 0.01680672268907563,
    "List_of_school_districts_in_New_Hampshire": 0.01680672268907563,
    "List_of_mammals_of_Florida": 0.01680672268907563,
    "List_of_professional_sports_teams_in_the_United_States_and_Canada": 0.01680672268907563,
    "List_of_professional_sports_teams_in_Alabama": 0.01680672268907563,
    "List_of_shopping_malls_in_Oregon": 0.01680672268907563,
    "List_of_professional_sports_teams_in_Delaware": 0.01680672268907563,
    "Government_of_Mississippi": 0.01680672268907563,
    "List_of_professional_sports_teams_in_North_Carolina": 0.01680672268907563,
    "List_of_power_stations_in_Washington": 0.01680672268907563,
    "List_of_power_stations_in_Virginia": 0.01680672268907563,
    "List_of_power_stations_in_Florida": 0.01680672268907563,
    "List_of_professional_sports_teams_in_Michigan": 0.01680672268907563,
    "List_of_shopping_malls_in_Texas": 0.01680672268907563,
    "List_of_mountain_passes_in_Oregon": 0.01680672268907563,
    "List_of_power_stations_in_Ohio": 0.01680672268907563,
    "List_of_waterfalls_in_Oregon": 0.01680672268907563,
    "List_of_mountain_passes_in_California": 0.01680672268907563,
    "List_of_lakes_in_New_Hampshire": 0.01680672268907563,
    "List_of_notches_in_New_Hampshire": 0.01680672268907563,
    "List_of_Florida_food_festivals": 0.01680672268907563,
    "Political_party_strength_in_U.S._states": 0.016666666666666666,
    "List_of_airports_in_Maine": 0.01652892561983471,
    "List_of_airports_in_Maryland": 0.01652892561983471,
    "List_of_airports_in_West_Virginia": 0.01652892561983471,
    "List_of_airports_in_New_Hampshire": 0.01652892561983471,
    "List_of_airports_in_Vermont": 0.01652892561983471,
    "List_of_airports_in_Mississippi": 0.01652892561983471,
    "List_of_airports_in_Pennsylvania": 0.01652892561983471,
    "List_of_airports_in_Virginia": 0.01652892561983471,
    "List_of_islands_of_Belize": 0.01639344262295082,
    "The_Church_of_Jesus_Christ_of_Latter-day_Saints_in_Utah": 0.01639344262295082,
    "List_of_reptiles_of_Washington_(state)": 0.01639344262295082,
    "List_of_National_Historic_Landmarks_in_New_York_City": 0.016260162601626018,
    "List_of_counties_in_Wyoming": 0.016216216216216217,
    "South_Carolina_Highway_Patrol": 0.016129032258064516,
    "Time_in_Indiana": 0.016,
    "List_of_fish_of_Hawaii": 0.015706806282722512,
    "List_of_high_schools_in_Hawaii": 0.015625,
    "List_of_rivers_of_Hawaii": 0.015625,
    "List_of_counties_in_North_Dakota": 0.015625,
    "List_of_reptiles_of_Minnesota": 0.015037593984962405,
    "List_of_United_States_counties_and_county_equivalents": 0.015,
    "List_of_airports_in_Rhode_Island": 0.014925373134328358,
    "List_of_amphibians_of_Minnesota": 0.014814814814814815,
    "List_of_counties_in_Vermont": 0.014778325123152709,
    "List_of_colleges_and_universities_in_Michigan": 0.014705882352941176,
    "Pacific_Islands": 0.014652014652014652,
    "West_Virginia_State_Police": 0.014388489208633094,
    "List_of_newspapers_in_Wisconsin": 0.014388489208633094,
    "List_of_French-language_newspapers_published_in_the_United_States": 0.014388489208633094,
    "List_of_Spanish-language_newspapers_published_in_the_United_States": 0.014388489208633094,
    "List_of_Superfund_sites_in_Maine": 0.014354066985645933,
    "List_of_counties_in_New_Jersey": 0.014354066985645933,
    "United_States_Minor_Outlying_Islands": 0.014150943396226415,
    "List_of_counties_in_Wisconsin": 0.01384083044982699,
    "Oklahoma_Highway_Patrol": 0.0136986301369863,
    "Illinois_State_Police": 0.013605442176870748,
    "List_of_National_Historic_Landmarks_in_Connecticut": 0.013513513513513514,
    "List_of_counties_in_Michigan": 0.013513513513513514,
    "List_of_counties_in_Texas": 0.013452914798206279,
    "List_of_colleges_and_universities_in_Rhode_Island": 0.013333333333333334,
    "List_of_airports_in_Connecticut": 0.013333333333333334,
    "List_of_counties_in_Nevada": 0.013333333333333334,
    "List_of_Benedictine_colleges_and_universities": 0.013245033112582781,
    "List_of_airports_in_Hawaii": 0.013043478260869565,
    "List_of_counties_in_Montana": 0.013043478260869565,
    "Defunct_local_councils_of_the_Boy_Scouts_of_America": 0.012987012987012988,
    "Local_councils_of_the_Boy_Scouts_of_America": 0.012987012987012988,
    "List_of_costly_or_deadly_hailstorms": 0.01282051282051282,
    "List_of_derecho_events": 0.01282051282051282,
    "List_of_Superfund_sites_in_Puerto_Rico": 0.01276595744680851,
    "List_of_shopping_malls_in_Alabama": 0.012738853503184714,
    "List_of_law_schools_in_the_United_States": 0.012578616352201259,
    "Public_holidays_in_the_United_States_Virgin_Islands": 0.012578616352201259,
    "List_of_business_schools_in_the_United_States": 0.012578616352201259,
    "List_of_lakes_in_Puerto_Rico": 0.012578616352201259,
    "List_of_colleges_and_universities_in_New_Hampshire": 0.0125,
    "List_of_counties_in_New_Mexico": 0.0125,
    "List_of_counties_in_West_Virginia": 0.012448132780082987,
    "Indiana_State_Police": 0.012422360248447204,
    "List_of_airports_in_the_United_States": 0.012345679012345678,
    "List_of_counties_in_Massachusetts": 0.012295081967213115,
    "List_of_amphibians_and_reptiles_of_Puerto_Rico": 0.012121212121212121,
    "List_of_breweries,_wineries,_and_distilleries_in_Utah": 0.012048192771084338,
    "List_of_colleges_and_universities_in_Vermont": 0.012048192771084338,
    "List_of_counties_in_Oregon": 0.012,
    "Virginia_State_Police": 0.011834319526627219,
    "List_of_bridges_documented_by_the_Historic_American_Engineering_Record_in_Pennsylvania": 0.011764705882352941,
    "List_of_tunnels_documented_by_the_Historic_American_Engineering_Record_in_Pennsylvania": 0.011764705882352941,
    "List_of_bridges_documented_by_the_Historic_American_Engineering_Record_in_Illinois": 0.011764705882352941,
    "List_of_bridges_documented_by_the_Historic_American_Engineering_Record_in_Washington,_D.C.": 0.011764705882352941,
    "List_of_bridges_documented_by_the_Historic_American_Engineering_Record_in_Delaware": 0.011764705882352941,
    "List_of_bridges_documented_by_the_Historic_American_Engineering_Record_in_New_Jersey": 0.011764705882352941,
    "List_of_airports_in_North_Dakota": 0.011627906976744186,
    "List_of_counties_in_Alabama": 0.011627906976744186,
    "List_of_counties_in_Idaho": 0.011538461538461539,
    "List_of_parishes_in_Louisiana": 0.011538461538461539,
    "List_of_National_Historic_Landmarks_in_Oregon": 0.011428571428571429,
    "List_of_colleges_and_universities_in_Maine": 0.011299435028248588,