{
    "List_of_video_games_developed_by_Rare": 1.0,
    "Wheel_of_Fortune_(video_game)": 0.7228915662650602,
    "Hexic": 0.05925925925925926,
    "Ensemble_Studios": 0.058823529411764705,
    "Zoo_Tycoon_(series)": 0.055944055944055944,
    "Bethesda_Game_Studios": 0.0547945205479452,
    "Age_of_Empires": 0.05228758169934641,
    "Double_Fine_Productions": 0.04519774011299435,
    "List_of_songs_in_the_Donkey_Konga_game_series": 0.043478260869565216,
    "List_of_Donkey_Kong_video_games": 0.04032258064516129,
    "Tim_Schafer": 0.026402640264026403,
    "Graeme_Norgate": 0.024390243902439025,
    "Lionhead_Studios": 0.023255813953488372,
    "List_of_Star_Fox_video_games": 0.023255813953488372,
    "Mario_Kart": 0.017241379310344827,
    "Grant_Kirkhope": 0.014084507042253521
}