{
    "Wolf_Prize_in_Mathematics": 1.0,
    "Abel_Prize": 0.14018691588785046,
    "Fields_Medal": 0.10884353741496598,
    "Shaw_Prize": 0.05732484076433121,
    "Wolf_Prize_in_Arts": 0.05555555555555555,
    "Wolf_Prize_in_Agriculture": 0.05555555555555555,
    "Wolf_Prize_in_Chemistry": 0.05384615384615385,
    "Wolf_Prize_in_Medicine": 0.05185185185185185,
    "Wolf_Prize_in_Physics": 0.05,
    "Guyford_Stever": 0.02058319039451115,
    "Harry_Harlow": 0.014545454545454545
}