{
    "Sol_L\u00edneas_A\u00e9reas": 1.0,
    "Bailando_por_un_Sue\u00f1o:_Segundo_Campeonato_Mundial_de_Baile": 0.025,
    "Carlos_Berlocq": 0.025,
    "List_of_Provisional_Presidents_of_the_Argentine_Senate": 0.0234375,
    "List_of_Presidents_of_the_Argentine_Chamber_of_Deputies": 0.0234375,
    "Ver\u00f3nica_Cepede_Royg": 0.022222222222222223,
    "Daniela_Seguel": 0.022222222222222223,
    "Paula_Ormaechea": 0.02040816326530612,
    "Ministers_of_Foreign_Affairs,_International_Trade_and_Worship": 0.02030456852791878,
    "Louis_Taylor": 0.0196078431372549,
    "Laura_Pigossi": 0.0196078431372549,
    "List_of_Vice_Presidents_of_Argentina": 0.018779342723004695,
    "Jorge_Masvidal": 0.01818181818181818,
    "Avianca_destinations": 0.01818181818181818,
    "Neil_Magny": 0.01818181818181818,
    "Minister_of_Economy_of_Argentina": 0.017964071856287425,
    "List_of_mountain_passes": 0.017857142857142856,
    "5th_Summit_of_the_Americas": 0.017241379310344827,
    "6th_Summit_of_the_Americas": 0.017241379310344827,
    "UNASUR_Constitutive_Treaty": 0.016666666666666666,
    "Member_states_of_the_Union_of_South_American_Nations": 0.016666666666666666,
    "Oriol_Servi\u00e0": 0.016666666666666666,
    "President_pro_tempore_of_the_Union_of_South_American_Nations": 0.016666666666666666,
    "List_of_sovereign_states_and_dependent_territories_in_South_America": 0.016129032258064516,
    "Los_R\u00edos_Region": 0.015873015873015872,
    "List_of_heads_of_state_of_Argentina": 0.015748031496062992,
    "Argentine_peso_ley": 0.014925373134328358,
    "Zenyatta": 0.014084507042253521,
    "Blame_(horse)": 0.014084507042253521,
    "Invasor_(horse)": 0.014084507042253521,
    "Fabio_Leimer": 0.0136986301369863,
    "Karate_at_the_1995_Pan_American_Games": 0.013513513513513514,
    "Neuqu\u00e9n_Province": 0.013513513513513514,
    "Isabel_Sarli": 0.013333333333333334,
    "Taekwondo_at_the_1995_Pan_American_Games": 0.013157894736842105,
    "Argentine_Army": 0.013157894736842105,
    "Canoeing_at_the_1995_Pan_American_Games": 0.013157894736842105,
    "Scandinavian_Airlines_destinations": 0.012987012987012988,
    "List_of_aircraft_operated_by_Scandinavian_Airlines": 0.012987012987012988,
    "World_Junior_Squash_Circuit": 0.012987012987012988,
    "List_of_Scandinavian_Airlines_accidents_and_incidents": 0.012987012987012988,
    "European_Junior_Squash_Championships": 0.012987012987012988,
    "Hong_Kong_Junior_Open_Squash": 0.012987012987012988,
    "SAS_Group": 0.01282051282051282,
    "Member_states_of_the_Organization_of_American_States": 0.012658227848101266,
    "General_Assembly_of_the_Organization_of_American_States": 0.012658227848101266,
    "Sire_Ma": 0.012195121951219513,
    "2010_South_American_Footballer_of_the_Year": 0.012048192771084338,
    "2009_South_American_Footballer_of_the_Year": 0.012048192771084338,
    "2011_South_American_Footballer_of_the_Year": 0.012048192771084338,
    "Chaco_Province": 0.011904761904761904,
    "Cycling_at_the_1995_Pan_American_Games": 0.011764705882352941,
    "List_of_aircraft_operated_by_Wider\u00f8e": 0.011764705882352941,
    "C\u00f3rdoba_Province,_Argentina": 0.011764705882352941,
    "List_of_Wider\u00f8e_destinations": 0.011764705882352941,
    "Boxing_at_the_1995_Pan_American_Games": 0.011764705882352941,
    "Athletics_at_the_1995_Pan_American_Games": 0.011627906976744186,
    "B\u00edo_B\u00edo_Region": 0.011627906976744186,
    "Swimming_at_the_1995_Pan_American_Games": 0.011494252873563218,
    "Hugo_Ibarra": 0.011363636363636364,
    "Horacio_Zeballos": 0.010752688172043012,
    "List_of_airlines_of_Puerto_Rico": 0.010526315789473684,
    "British_Junior_Open_Squash": 0.010309278350515464,
    "US_Junior_Open_squash_championship": 0.010309278350515464,
    "French_Junior_Open_Squash": 0.010309278350515464,
    "Ryo_Ishikawa": 0.01020408163265306
}