{
    "Full_Ginsburg": 1.0,
    "Fareed_Zakaria_GPS": 0.297029702970297,
    "John_Batchelor": 0.06722689075630252,
    "List_of_late-night_American_network_TV_programs": 0.05970149253731343,
    "Boilermaker_Road_Race": 0.05813953488372093,
    "Up_to_the_Minute": 0.057692307692307696,
    "Squawk_Box": 0.05185185185185185,
    "International_news_channels": 0.05084745762711865,
    "List_of_television_stations_in_Manitoba": 0.05063291139240506,
    "List_of_mayors_of_Charleston,_South_Carolina": 0.049019607843137254,
    "List_of_The_Late_Late_Show_with_Craig_Ferguson_episodes": 0.04819277108433735,
    "The_Late_Late_Show_with_Craig_Ferguson_(season_1)": 0.04819277108433735,
    "The_Late_Late_Show_with_Craig_Ferguson_(season_10)": 0.04819277108433735,
    "Media_in_Hutchinson,_Kansas": 0.048,
    "Media_in_Topeka,_Kansas": 0.04504504504504504,
    "List_of_people_from_Missoula,_Montana": 0.04132231404958678,
    "Media_in_Missoula,_Montana": 0.04132231404958678,
    "Charleston_International_Airport": 0.04065040650406504,
    "World_News_Now": 0.039735099337748346,
    "National_Distance_Running_Hall_of_Fame": 0.03968253968253968,
    "The_Next_List": 0.039603960396039604,
    "List_of_UniM\u00e1s_affiliates": 0.03870967741935484,
    "List_of_former_Fox_television_affiliates": 0.03870967741935484,
    "List_of_former_NTA_Film_Network_affiliates_in_the_United_States": 0.03870967741935484,
    "List_of_Me-TV_affiliates": 0.03870967741935484,
    "List_of_Bounce_TV_affiliates": 0.03870967741935484,
    "List_of_Trinity_Broadcasting_Network_affiliates": 0.03870967741935484,
    "List_of_former_CBS_television_affiliates": 0.03870967741935484,
    "List_of_former_ABC_television_affiliates": 0.03870967741935484,
    "List_of_former_NBC_television_affiliates": 0.03870967741935484,
    "List_of_Telemundo_affiliates": 0.03870967741935484,
    "List_of_Azteca_Am\u00e9rica_affiliates": 0.03870967741935484,
    "List_of_Univision_affiliates": 0.03870967741935484,
    "List_of_America_One_affiliates": 0.03870967741935484,
    "KLVX": 0.0379746835443038,
    "Imus_in_the_Morning": 0.0379746835443038,
    "Media_in_Columbus,_Georgia": 0.037037037037037035,
    "GMT_(programme)": 0.037037037037037035,
    "Media_in_Dodge_City,_Kansas": 0.03680981595092025,
    "Media_in_Garden_City,_Kansas": 0.03680981595092025,
    "Media_in_Hays,_Kansas": 0.03636363636363636,
    "Media_in_Great_Bend,_Kansas": 0.03636363636363636,
    "Media_in_Manhattan,_Kansas": 0.036231884057971016,
    "KLMV-LD": 0.03529411764705882,
    "NHK_World": 0.03389830508474576,
    "The_Disney_Afternoon": 0.0330188679245283,
    "Media_in_Salina,_Kansas": 0.03208556149732621,
    "WANN-CD": 0.031914893617021274,
    "Larry_King_Now": 0.031446540880503145,
    "List_of_Marie_episodes": 0.030864197530864196,
    "National_Register_of_Historic_Places_listings_in_Charleston,_South_Carolina": 0.03067484662576687,
    "The_Fugitive_(1993_film)": 0.030303030303030304,
    "List_of_mayors_of_Missoula,_Montana": 0.029940119760479042,
    "The_Real_(TV_series)": 0.028409090909090908,
    "The_View_(U.S._TV_series)": 0.02702702702702703,
    "KHET": 0.02702702702702703,
    "List_of_MyNetworkTV_affiliates": 0.026785714285714284,
    "List_of_NBC_television_affiliates_(table)": 0.026785714285714284,
    "List_of_ABC_television_affiliates_(table)": 0.026785714285714284,
    "List_of_Fox_television_affiliates_(table)": 0.026785714285714284,
    "List_of_CBS_television_affiliates_(table)": 0.026785714285714284,
    "List_of_The_Ellen_DeGeneres_Show_episodes": 0.02564102564102564,
    "Media_in_Denver": 0.024390243902439025,
    "Barrington_Broadcasting": 0.024096385542168676,
    "Media_in_Indianapolis": 0.02403846153846154,
    "Media_in_Wichita,_Kansas": 0.023809523809523808,
    "E._W._Scripps_Company": 0.023529411764705882,
    "Name_That_Tune": 0.023529411764705882,
    "Media_in_Binghamton,_New_York": 0.023148148148148147,
    "Media_in_Oklahoma_City": 0.022813688212927757,
    "Let's_Make_a_Deal": 0.022727272727272728,
    "The_'90s_Are_All_That": 0.022151898734177215,
    "Anthony_Bourdain:_Parts_Unknown": 0.022099447513812154,
    "KAXT-CD": 0.02181818181818182,
    "Laredo\u2013Nuevo_Laredo": 0.021367521367521368,
    "Media_in_Nashville,_Tennessee": 0.021352313167259787,
    "Media_in_Seattle": 0.020761245674740483,
    "Smoky_Hills_Public_Television": 0.020689655172413793,
    "List_of_Atlantic_Coast_Conference_national_championships": 0.0196078431372549,
    "List_of_Atlantic_Coast_Conference_champions": 0.0196078431372549,
    "WeatherNation_TV": 0.01937046004842615,
    "Media_in_Jacksonville,_Florida": 0.019305019305019305,
    "List_of_Independent_Lens_films": 0.019230769230769232,
    "Digital_Spy_Soap_Awards": 0.019230769230769232,
    "Card_Sharks": 0.019230769230769232,
    "Match_Game": 0.019230769230769232,
    "The_Dating_Game": 0.019230769230769232,
    "Al_Roker": 0.018518518518518517,
    "Cold_War_(TV_series)": 0.018518518518518517,
    "KSTP-TV": 0.018461538461538463,
    "List_of_former_UPN_affiliates": 0.018292682926829267,
    "Media_in_Chicago": 0.0182370820668693,
    "WLOS": 0.017811704834605598,
    "Lake_Charles,_Louisiana": 0.017543859649122806,
    "Local_News_Service": 0.017543859649122806,
    "Stossel_(TV_series)": 0.017391304347826087,
    "36_(TV_series)": 0.017391304347826087,
    "LATV": 0.017341040462427744,
    "List_of_Canadian_television_stations_available_in_the_United_States": 0.017341040462427744,
    "AMGTV": 0.017341040462427744,
    "Mexicanal": 0.017341040462427744,
    "LeSEA": 0.017341040462427744,
    "Cornerstone_Television": 0.017341040462427744,
    "List_of_former_TheCoolTV_affiliates": 0.017341040462427744,
    "List_of_United_States_over-the-air_television_networks": 0.017341040462427744,
    "Jewelry_Television": 0.01729106628242075,
    "Stump_the_Schwab": 0.017094017094017096,
    "List_of_colleges_and_universities_in_New_York's_Capital_District": 0.017064846416382253,
    "2008_Summer_Olympics_on_NBC": 0.01694915254237288,
    "Redding,_California": 0.016713091922005572,
    "List_of_television_stations_in_Oregon": 0.016666666666666666,
    "Christian_Television_Network": 0.01634877384196185,
    "KYMA-DT": 0.016216216216216217,
    "Jetix": 0.016203703703703703,
    "1991_Budweiser_at_The_Glen": 0.016,
    "WBAB": 0.01593625498007968,
    "Disney\u2013ABC_Television_Group": 0.015789473684210527,
    "Celebrity_Family_Feud": 0.015748031496062992,
    "Global_Innovation_Quotient": 0.015748031496062992,
    "Heartland_(TV_network)": 0.015706806282722512,
    "Toponymies_of_places_in_New_York's_Capital_District": 0.01567398119122257,
    "List_of_Southeastern_Conference_national_championships": 0.015625,
    "Washington\u2013Grizzly_Stadium": 0.015432098765432098,
    "Entravision_Communications": 0.015384615384615385,
    "Cox_Radio": 0.015384615384615385,
    "Media_in_New_York's_Capital_District": 0.015337423312883436,
    "Media_in_Boston": 0.015306122448979591,
    "List_of_television_stations_in_Massachusetts_(by_channel_number)": 0.015267175572519083,
    "List_of_television_stations_in_Massachusetts": 0.015267175572519083,
    "KLAS-TV": 0.01488833746898263,
    "Fox_Television_Stations": 0.014814814814814815,
    "South_Carolina_Educational_Television": 0.014749262536873156,
    "Shaw_University": 0.014705882352941176,
    "U.S._Army_All-American_Bowl": 0.014598540145985401,
    "Pete_Dawkins_Trophy": 0.014598540145985401,
    "1994_Brickyard_400": 0.014492753623188406,
    "Nine_for_IX": 0.014492753623188406,
    "1995_Brickyard_400": 0.014492753623188406,
    "1996_Brickyard_400": 0.014492753623188406,
    "Madden_Nation": 0.014492753623188406,
    "Oregon_Public_Broadcasting": 0.014423076923076924,
    "Nuevo_Laredo": 0.014354066985645933,
    "Playmakers": 0.014285714285714285,
    "Media_in_Pittsburgh": 0.014245014245014245,
    "America's_Talk": 0.014184397163120567,
    "Diane_Farr": 0.014084507042253521,