{
    "Friends_Life_t20": 1.0,
    "Twenty20_Cup": 1.0,
    "Minor_Counties_Cricket_Championship": 0.5142857142857142,
    "List_of_official_County_Championship_winners": 0.4684014869888476,
    "List_of_cricket_grounds_in_England_and_Wales": 0.402555910543131,
    "Women's_County_Championship": 0.3806646525679758,
    "England_Lions_cricket_team": 0.3333333333333333,
    "Champions_League_Twenty20": 0.30798479087452474,
    "List_of_domestic_Twenty20_cricket_competitions": 0.2625,
    "2007_Twenty20_Cup": 0.23333333333333334,
    "2003_Twenty20_Cup": 0.224,
    "Sri_Lanka_Premier_League": 0.22131147540983606,
    "2008_Twenty20_Cup": 0.20973782771535582,
    "2012_Friends_Life_t20": 0.2066420664206642,
    "2013_Friends_Life_t20": 0.2066420664206642,
    "2010_Friends_Provident_t20": 0.20512820512820512,
    "Caribbean_Premier_League": 0.19504643962848298,
    "2012\u201313_Faysal_Bank_T20_Cup": 0.19325153374233128,
    "Inter-Provincial_Twenty20": 0.17073170731707318,
    "Faysal_Bank_T20_Cup": 0.16844919786096257,
    "England_cricket_team": 0.16710875331564987,
    "2009_Champions_League_Twenty20": 0.12083333333333333,
    "2010_Champions_League_Twenty20": 0.12083333333333333,
    "2011_Champions_League_Twenty20": 0.12083333333333333,
    "2012_Champions_League_Twenty20": 0.12083333333333333,
    "2013_Champions_League_Twenty20": 0.12083333333333333,
    "Twenty20": 0.10623946037099494,
    "Indian_Premier_League": 0.0841995841995842,
    "Cricket": 0.08068181818181819,
    "Surrey_County_Cricket_Club": 0.07534246575342465,
    "Lancashire_County_Cricket_Club": 0.07342657342657342,
    "Middlesex_County_Cricket_Club": 0.07317073170731707,
    "Worcestershire_County_Cricket_Club": 0.07216494845360824,
    "Yorkshire_County_Cricket_Club": 0.0706713780918728,
    "Somerset_County_Cricket_Club": 0.06875,
    "2007_English_cricket_season": 0.06666666666666667,
    "Northamptonshire_County_Cricket_Club": 0.0584958217270195,
    "Glamorgan_County_Cricket_Club": 0.05817174515235457,
    "Warwickshire_County_Cricket_Club": 0.050239234449760764,
    "Derbyshire_County_Cricket_Club": 0.04525862068965517,
    "Old_Trafford_Cricket_Ground": 0.0339943342776204,
    "2019_Cricket_World_Cup": 0.025830258302583026,
    "The_Oval": 0.02040816326530612,
    "List_of_Kent_cricketers": 0.019693654266958426,
    "List_of_Northamptonshire_CCC_players": 0.01909307875894988,
    "Philadelphian_cricket_team": 0.01824817518248175,
    "List_of_Scotland_ODI_cricketers": 0.017241379310344827,
    "Sunfoil_Series": 0.01715686274509804,
    "List_of_Australian_Test_bowlers_who_have_taken_over_200_Test_wickets": 0.016166281755196306,
    "List_of_Australia_Test_cricket_records": 0.016166281755196306,
    "List_of_Australian_Test_batsmen_who_have_scored_over_5000_Test_runs": 0.016166281755196306,
    "President\u2019s_Trophy_Grade-I": 0.016129032258064516,
    "List_of_early_English_cricketers_to_1786": 0.015915119363395226,
    "England_national_women's_squash_team": 0.01557632398753894,
    "List_of_Australia_Twenty20_International_records": 0.015486725663716814,
    "List_of_Australia_One_Day_International_cricket_records": 0.015486725663716814,
    "List_of_Australian_ODI_batsmen_who_have_scored_over_2500_ODI_runs": 0.015486725663716814,
    "List_of_Australian_ODI_bowlers_who_have_taken_over_100_ODI_wickets": 0.015486725663716814,
    "Duleep_Trophy": 0.01545253863134658,
    "Sialkot_Stallions": 0.015337423312883436,
    "Rawalpindi_Rams": 0.015337423312883436,
    "Faisalabad_Wolves": 0.015337423312883436,
    "Lahore_Lions": 0.015337423312883436,
    "England_national_men's_squash_team": 0.015337423312883436,
    "Somerset_County_Cricket_Club_in_2009": 0.01529051987767584,
    "Kent_County_Cricket_Club_in_2009": 0.01524390243902439,
    "List_of_India_Test_cricket_records": 0.014957264957264958,
    "List_of_India_One_Day_International_cricket_records": 0.014957264957264958,
    "List_of_Australia_ODI_cricketers": 0.01440329218106996,
    "Wales_national_men's_squash_team": 0.014388489208633094,
    "England_national_korfball_team": 0.014124293785310734,
    "List_of_Australia_Test_wicket-keepers": 0.014005602240896359,
    "England_national_netball_team": 0.01358695652173913,
    "List_of_England_women_Twenty20_International_cricketers": 0.013513513513513514,
    "Quaid-i-Azam_Trophy": 0.013368983957219251,
    "Somerset_Women_cricket_team": 0.013020833333333334,
    "Ranji_Trophy": 0.012987012987012988,
    "2008\u201309_Supersport_Series": 0.01272264631043257,
    "2009\u201310_Standard_Bank_Pro20": 0.01272264631043257,
    "2009\u201310_MTN_Domestic_Championship": 0.01272264631043257,
    "2011\u201312_MiWay_T20_Challenge": 0.01272264631043257,
    "2012\u201313_Ram_Slam_T20_Challenge": 0.01272264631043257,
    "Bangladesh_National_Cricket_Team_Statistics_and_Records": 0.01272264631043257,
    "2008\u201309_MTN_Domestic_Championship": 0.01256281407035176,
    "2008\u201309_Standard_Bank_Pro20": 0.01256281407035176,
    "List_of_India_national_cricket_captains": 0.012526096033402923,
    "Somerset_County_Cricket_Club_in_2011": 0.012345679012345678,
    "Somerset_County_Cricket_Club_in_2012": 0.012345679012345678,
    "Somerset_County_Cricket_Club_in_2010": 0.012269938650306749,
    "England_national_under-20_rugby_union_team": 0.012254901960784314,
    "Logan_Cup": 0.0121580547112462,
    "List_of_International_Cricket_Council_members": 0.011884550084889643,
    "Chennai_Super_Kings": 0.01182033096926714,
    "List_of_Essex_first-class_cricket_records": 0.011627906976744186,
    "List_of_Essex_List_A_cricket_records": 0.011627906976744186,
    "List_of_Sri_Lanka_One_Day_International_cricket_records": 0.01160092807424594,
    "List_of_Australian_intercolonial_cricket_matches": 0.011527377521613832,
    "England_at_the_Commonwealth_Games": 0.011516314779270634,
    "List_of_batsmen_who_have_scored_over_10000_Test_cricket_runs": 0.011494252873563218,
    "List_of_Surrey_first-class_cricket_records": 0.011450381679389313,
    "List_of_Surrey_List_A_cricket_records": 0.011450381679389313,
    "List_of_Surrey_Twenty20_cricket_records": 0.011450381679389313,
    "List_of_Presidents_of_Surrey_CCC": 0.011450381679389313,
    "List_of_Surrey_cricket_captains": 0.011450381679389313,
    "Western_Australian_Grade_Cricket": 0.0113314447592068,
    "List_of_Gloucestershire_cricket_captains": 0.011278195488721804,
    "Sheffield_Shield": 0.011093502377179081,
    "Dutch_Twenty20_Cup": 0.01107011070110701,
    "List_of_bowlers_who_have_taken_over_300_wickets_in_Test_cricket": 0.010752688172043012,
    "Victorian_Premier_Cricket": 0.010723860589812333,
    "Paul_Nixon": 0.01048951048951049,
    "Indian_Cricket_League": 0.010471204188481676,
    "List_of_India_national_cricket_coaches": 0.010471204188481676,
    "Stuart_Broad": 0.010309278350515464,
    "Wales_national_under-20_rugby_union_team": 0.010256410256410256,
    "Somerset_County_Cricket_Club_in_1891": 0.01020408163265306,
    "List_of_Somerset_first-class_cricket_records": 0.01020408163265306,
    "List_of_Somerset_List_A_cricket_records": 0.01020408163265306,
    "List_of_Somerset_Twenty20_cricket_records": 0.01020408163265306,
    "Somerset_County_Cricket_Club_in_1885": 0.01020408163265306,
    "List_of_final_appearances_by_Somerset_County_Cricket_Club": 0.01020408163265306,
    "Somerset_County_Cricket_Club_in_1884": 0.01020408163265306,
    "Somerset_County_Cricket_Club_in_1948": 0.01020408163265306,
    "Somerset_County_Cricket_Club_in_1882": 0.01020408163265306,
    "Somerset_County_Cricket_Club_in_1883": 0.01020408163265306,
    "List_of_Somerset_cricket_captains": 0.01020408163265306,
    "List_of_Kent_first-class_cricket_records": 0.010169491525423728,
    "List_of_Kent_List_A_cricket_records": 0.010169491525423728,
    "List_of_Kent_Twenty20_cricket_records": 0.010169491525423728,
    "List_of_Kent_County_Cricket_Club_List_A_captains": 0.010169491525423728,