{
    "Hong_Kong_FA_Cup": 1.0,
    "Hong_Kong_Challenge_Shield": 0.3795620437956204,
    "Hong_Kong_Senior_Challenge_Shield": 0.3795620437956204,
    "Viceroy_Cup": 0.36774193548387096,
    "List_of_Hong_Kong_Top_Footballers": 0.36774193548387096,
    "HKFA_Chairman's_Cup": 0.36075949367088606,
    "Hong_Kong_League_XI": 0.33727810650887574,
    "2002\u201303_Hong_Kong_FA_Cup": 0.3192771084337349,
    "South_China_AA\u2013Sun_Pegasus_FC_rivalry": 0.30978260869565216,
    "2007\u201308_in_Hong_Kong_football": 0.3036649214659686,
    "2008_Singapore_League_Cup": 0.29878048780487804,
    "2008\u201309_in_Hong_Kong_football": 0.29292929292929293,
    "2005\u201306_Hong_Kong_FA_Cup": 0.28804347826086957,
    "2012\u201313_in_Hong_Kong_football": 0.28431372549019607,
    "Uzbekistan_Cup": 0.2752808988764045,
    "2008_Kuwait_Federation_Cup": 0.2737430167597765,
    "Kuwait_Emir_Cup": 0.2737430167597765,
    "2013\u201314_in_Hong_Kong_football": 0.2681818181818182,
    "Hong_Kong_Junior_Challenge_Shield": 0.23651452282157676,
    "List_of_football_clubs_in_Hong_Kong": 0.23265306122448978,
    "Guangdong\u2013Hong_Kong_Cup": 0.22745098039215686,
    "Hong_Kong\u2013Shanghai_Inter_Club_Championship": 0.22568093385214008,
    "Chinese_FA_Cup": 0.21518987341772153,
    "Lebanese_FA_Cup": 0.20675105485232068,
    "2003\u201304_Hong_Kong_FA_Cup": 0.1992619926199262,
    "Kyrgyzstan_Cup": 0.1991869918699187,
    "Korean_FA_Cup": 0.19444444444444445,
    "2009_Bahraini_King's_Cup": 0.19444444444444445,
    "Korean_FA_Cup_MVP_Award": 0.19444444444444445,
    "Korean_FA_Cup_Top_Scorer_Award": 0.19444444444444445,
    "Hong_Kong_Second_Division_League": 0.19407894736842105,
    "Hazfi_Cup": 0.19215686274509805,
    "Hong_Kong_First_Division_League": 0.18098159509202455,
    "Singapore_Cup": 0.17883211678832117,
    "2009\u201310_Hong_Kong_FA_Cup": 0.16408668730650156,
    "2004\u201305_Hong_Kong_FA_Cup": 0.13810741687979539,
    "Hong_Kong_national_football_team": 0.1359447004608295,
    "2010_Bahraini_King's_Cup": 0.12626262626262627,
    "Emperor's_Cup": 0.11448598130841121,
    "Hong_Kong_national_football_team_results": 0.10157618213660245,
    "Asian_Football_Confederation": 0.06493506493506493,
    "Hong_Kong_Stadium": 0.03559870550161812,
    "Hong_Kong_national_men's_squash_team": 0.03535353535353535,
    "Hong_Kong_national_women's_squash_team": 0.03535353535353535,
    "Hong_Kong_at_the_Asian_Games": 0.028688524590163935,
    "List_of_Hong_Kong_football_transfers_summer_2013": 0.027131782945736434,
    "Chinese_FA_Super_Cup": 0.024193548387096774,
    "China_national_under-23_football_team": 0.02203856749311295,
    "China_League_One": 0.02027027027027027,
    "Uzbekistan_Second_League": 0.019230769230769232,
    "Hong_Kong_national_cricket_team": 0.019021739130434784,
    "2012\u201313_Sun_Pegasus_FC_season": 0.018957345971563982,
    "Chinese_Super_League": 0.018691588785046728,
    "China_national_under-20_football_team": 0.018691588785046728,
    "China_national_under-17_football_team": 0.018633540372670808,
    "Singapore_League_Cup": 0.01809954751131222,
    "Uzbekistan_First_League": 0.017857142857142856,
    "Hong_Kong_at_the_Paralympics": 0.017811704834605598,
    "2013\u201314_Sun_Pegasus_FC_season": 0.01762114537444934,
    "West_Bank_Premier_League": 0.017467248908296942,
    "Syria_national_under-23_football_team": 0.016666666666666666,
    "Myanmar_national_under-20_football_team": 0.016666666666666666,
    "East_Asian_Football_Federation": 0.016574585635359115,
    "Oman_national_under-23_football_team": 0.01652892561983471,
    "North_Korea_national_under-20_football_team": 0.0163265306122449,
    "2007\u201308_HKFA_Chairman's_Cup": 0.016304347826086956,
    "United_Arab_Emirates_national_under-17_football_team": 0.016194331983805668,
    "\u00ddokary_Liga": 0.016194331983805668,
    "Saudi_Arabia_national_under-20_football_team": 0.016,
    "Uzbekistan_national_under-20_football_team": 0.015873015873015872,
    "Uzbekistan_national_under-17_football_team": 0.015810276679841896,
    "Qatar_national_under-20_football_team": 0.01568627450980392,
    "Qatar_national_under-17_football_team": 0.015625,
    "2012\u201313_Hong_Kong_Reserve_Division_League": 0.015625,
    "Maldives_national_under-23_football_team": 0.015503875968992248,
    "Cambodian_League": 0.015503875968992248,
    "2012\u201313_South_China_AA_season": 0.015384615384615385,
    "2012\u201313_Citizen_AA_season": 0.015384615384615385,
    "2012\u201313_Tai_Po_FC_season": 0.015384615384615385,
    "2012\u201313_Tuen_Mun_SA_season": 0.015384615384615385,
    "2012\u201313_Sun_Hei_SC_season": 0.015384615384615385,
    "2012\u201313_Yokohama_FC_Hong_Kong_season": 0.015384615384615385,
    "2012\u201313_Southern_District_RSA_season": 0.015384615384615385,
    "2012\u201313_Hong_Kong_Rangers_FC_season": 0.015384615384615385,
    "Busan_IPark_in_Asian_football": 0.015228426395939087,
    "Myanmar_National_League": 0.0149812734082397,
    "Palestine_national_under-20_football_team": 0.014925373134328358,
    "2006\u201307_Hong_Kong_First_Division_League": 0.01488095238095238,
    "Palestine_national_under-17_football_team": 0.01486988847583643,
    "Uzbek_League": 0.014652014652014652,
    "China_national_football_team": 0.01461038961038961,
    "Kyrgyzstan_League_Second_Level": 0.01444043321299639,
    "Pohang_Steelers_in_Asian_football": 0.014423076923076924,
    "LG_Cup_(association_football)": 0.014423076923076924,
    "Saudi_First_Division": 0.014388489208633094,
    "2013\u201314_South_China_AA_season": 0.014218009478672985,
    "2013\u201314_Yuen_Long_District_SA_season": 0.014218009478672985,
    "2013\u201314_Yokohama_FC_Hong_Kong_season": 0.014218009478672985,
    "2013\u201314_Hong_Kong_Rangers_FC_season": 0.014218009478672985,
    "2013\u201314_Citizen_AA_season": 0.014218009478672985,
    "2013\u201314_Southern_District_RSA_season": 0.014218009478672985,
    "2013\u201314_Happy_Valley_AA_season": 0.014218009478672985,
    "2013\u201314_Sun_Hei_SC_season": 0.014218009478672985,
    "2013\u201314_Tuen_Mun_SA_season": 0.014218009478672985,
    "2013\u201314_Tai_Po_FC_season": 0.014218009478672985,
    "Kyrgyzstan_League": 0.014184397163120567,
    "Football_at_the_National_Games_of_China": 0.014084507042253521,
    "West_Asian_Football_Federation": 0.013888888888888888,
    "2005\u201306_Hong_Kong_First_Division_League": 0.013605442176870748,
    "2013\u201314_Eastern_AA_season": 0.013574660633484163,
    "Iran_national_under-20_football_team": 0.013513513513513514,
    "National_Premier_Leagues": 0.013422818791946308,
    "Lao_Premier_League": 0.013377926421404682,
    "China_women's_national_football_team": 0.013207547169811321,
    "S.League": 0.01282051282051282,
    "Azadegan_League": 0.01282051282051282,
    "Qatar_Stars_League": 0.012738853503184714,
    "Lebanese_Premier_League": 0.012698412698412698,
    "Japan_Soccer_League_Cup": 0.012658227848101266,
    "Korean_League_Cup": 0.012618296529968454,
    "Iraqi_Premier_League": 0.012578616352201259,
    "South_Korea_national_football_team": 0.012468827930174564,
    "List_of_South_Korea_national_football_team_managers": 0.012468827930174564,
    "South_Korea_national_football_team_all-time_record": 0.012468827930174564,
    "Football_Federation_Islamic_Republic_of_Iran": 0.012232415902140673,
    "Oman_national_football_team": 0.012121212121212121,
    "Finnish_League_Cup": 0.012048192771084338,
    "2003\u201304_Lebanese_Premier_League": 0.011764705882352941,
    "Palestine_national_football_team": 0.011730205278592375,
    "South_Korea_national_under-20_football_team": 0.011730205278592375,
    "South_Korea_national_under-17_football_team": 0.011695906432748537,
    "2004_A3_Champions_Cup": 0.011627906976744186,
    "Liga_Indonesia_Premier_Division": 0.011594202898550725,
    "Indonesian_Premier_Division": 0.011594202898550725,
    "Hong_Kong_national_rugby_union_team": 0.011589403973509934,