{
    "2001_British_and_Irish_Lions_tour_to_Australia": 1.0,
    "1966_British_Lions_tour_to_Australia_and_New_Zealand": 1.0,
    "1899_British_Lions_tour_to_Australia": 1.0,
    "History_of_rugby_union_matches_between_the_British_and_Irish_Lions_and_other_countries": 1.0,
    "List_of_uncapped_British_Isles_rugby_union_players": 1.0,
    "2005_British_and_Irish_Lions_tour_to_New_Zealand": 1.0,
    "2013_British_and_Irish_Lions_tour_to_Australia": 0.6666666666666666,
    "History_of_rugby_union_matches_between_South_Africa_and_the_British_and_Irish_Lions": 0.4094488188976378,
    "1927_British_Lions_tour_to_Argentina": 0.39097744360902253,
    "1968_British_Lions_tour_to_South_Africa": 0.3851851851851852,
    "1962_British_Lions_tour_to_South_Africa": 0.3851851851851852,
    "1955_British_Lions_tour_to_South_Africa": 0.3851851851851852,
    "1910_British_Lions_tour_to_South_Africa": 0.3851851851851852,
    "1938_British_Lions_tour_to_South_Africa": 0.3851851851851852,
    "1896_British_Lions_tour_to_South_Africa": 0.3851851851851852,
    "1997_British_Lions_tour_to_South_Africa": 0.3851851851851852,
    "1959_British_Lions_tour_to_Australia_and_New_Zealand": 0.3270440251572327,
    "History_of_rugby_union_matches_between_Australia_and_the_British_and_Irish_Lions": 0.3270440251572327,
    "2009_British_and_Irish_Lions_tour_to_South_Africa": 0.325,
    "History_of_rugby_union_matches_between_New_Zealand_and_the_British_and_Irish_Lions": 0.2905027932960894,
    "1950_British_Lions_tour_to_New_Zealand_and_Australia": 0.27225130890052357,
    "British_and_Irish_Lions": 0.1566265060240964,
    "1965_Argentina_rugby_union_tour_of_Rhodesia_and_South_Africa": 0.08465608465608465,
    "1971_Argentina_rugby_union_tour_of_South_Africa": 0.08465608465608465,
    "1992_New_Zealand_rugby_union_tour_of_Australia_and_South_Africa": 0.08284023668639054,
    "1960_New_Zealand_rugby_union_tour_of_Australia_and_South_Africa": 0.08284023668639054,
    "1894_Waratahs_tour_of_New_Zealand": 0.08074534161490683,
    "South_American_XV": 0.07936507936507936,
    "New_Zealand_Cavaliers": 0.07575757575757576,
    "1933_Australia_rugby_union_tour_of_South_Africa_and_Rhodesia": 0.07234042553191489,
    "1953_Australia_rugby_union_tour_of_South_Africa_and_Rhodesia": 0.07234042553191489,
    "1963_Australia_rugby_union_tour_of_South_Africa": 0.07234042553191489,
    "1981_South_Africa_rugby_union_tour_of_New_Zealand": 0.06550218340611354,
    "1928_New_Zealand_rugby_union_tour_of_South_Africa": 0.06324110671936758,
    "1949_New_Zealand_rugby_union_tour_of_South_Africa": 0.06324110671936758,
    "1976_New_Zealand_rugby_union_tour_of_South_Africa": 0.06324110671936758,
    "1970_New_Zealand_rugby_union_tour_of_South_Africa": 0.06324110671936758,
    "1936_Australia_rugby_union_tour_of_New_Zealand": 0.06147540983606557,
    "1946_Australia_rugby_union_tour_of_New_Zealand": 0.06147540983606557,
    "1949_Australia_rugby_union_tour_of_New_Zealand": 0.06147540983606557,
    "1952_Australia_rugby_union_tour_of_New_Zealand": 0.06147540983606557,
    "1958_Australia_rugby_union_tour_of_New_Zealand": 0.06147540983606557,
    "1962_Australia_rugby_union_tour_of_New_Zealand": 0.06147540983606557,
    "1961_France_rugby_union_tour_of_New_Zealand_and_Australia": 0.06140350877192982,
    "1956_South_Africa_rugby_union_tour_of_Australia_and_New_Zealand": 0.06134969325153374,
    "1921_South_Africa_rugby_union_tour_of_Australia_and_New_Zealand": 0.06134969325153374,
    "1965_South_Africa_rugby_union_tour_of_Australasia": 0.06134969325153374,
    "1925_Waratahs_tour_of_New_Zealand": 0.061224489795918366,
    "1993_South_Africa_rugby_union_tour_of_Australia": 0.05952380952380952,
    "1937_South_Africa_rugby_union_tour_to_Australasia": 0.057803468208092484,
    "1923_Waratahs_tour_of_New_Zealand": 0.05660377358490566,
    "1921_Waratahs_tour_of_New_Zealand": 0.05660377358490566,
    "1928_Waratahs_tour_of_New_Zealand": 0.05660377358490566,
    "1884_New_Zealand_rugby_union_tour_of_New_South_Wales": 0.050724637681159424,
    "1893_New_Zealand_rugby_union_tour_of_Australia": 0.050724637681159424,
    "1903_New_Zealand_rugby_union_tour_of_Australia": 0.050724637681159424,
    "1951_New_Zealand_rugby_union_tour_of_Australia": 0.050724637681159424,
    "1957_New_Zealand_rugby_union_tour_of_Australia": 0.050724637681159424,
    "1962_New_Zealand_rugby_union_tour_of_Australia": 0.050724637681159424,
    "1968_New_Zealand_rugby_union_tour_of_Australia_and_Fiji": 0.050724637681159424,
    "1974_New_Zealand_rugby_union_tour_of_Australia_and_Fiji": 0.050724637681159424,
    "1949_New_Zealand_M\u0101ori_rugby_union_tour_of_Australia": 0.050724637681159424,
    "1888\u201389_New_Zealand_Native_football_team": 0.03664921465968586,
    "1926\u201327_New_Zealand_M\u0101ori_rugby_union_tour": 0.03553299492385787,
    "South_Africa_national_rugby_union_team": 0.031598513011152414,
    "2012_France_rugby_union_tour_of_Argentina": 0.025,
    "Rory_Underwood": 0.022099447513812154,
    "Enterprise_Cup": 0.019801980198019802,
    "Scorpions_RFC": 0.019801980198019802,
    "Barry_John": 0.017543859649122806,
    "Rob_Howley": 0.017142857142857144,
    "1996_South_Africa_rugby_union_tour": 0.016129032258064516,
    "Mandela_Challenge_Plate": 0.015873015873015872,
    "South_African_rugby_union_captains": 0.015748031496062992,
    "1994_South_Africa_rugby_union_tour_of_New_Zealand": 0.015748031496062992,
    "List_of_international_rugby_union_tries_by_Bryan_Habana": 0.015748031496062992,
    "History_of_rugby_union_matches_between_Australia_and_South_Africa": 0.014925373134328358,
    "Freedom_Cup": 0.014652014652014652,
    "Sam_Warburton": 0.014563106796116505,
    "Jamie_Roberts": 0.014285714285714285,
    "Namibia_national_rugby_union_team": 0.014245014245014245,
    "History_of_rugby_union_matches_between_Argentina_and_South_Africa": 0.013452914798206279,
    "1912_Australia_rugby_union_tour_of_Canada_and_the_U.S.": 0.012578616352201259,
    "1978_Australia_rugby_union_tour_of_New_Zealand": 0.012578616352201259,
    "1982_Australia_rugby_union_tour_of_New_Zealand": 0.012578616352201259,
    "1986_Australia_rugby_union_tour_of_New_Zealand": 0.012578616352201259,
    "1989_Wallabies_Spring_tour": 0.012578616352201259,
    "1990_Australia_rugby_union_tour_of_New_Zealand": 0.012578616352201259,
    "1972_Australia_rugby_union_tour_of_New_Zealand_and_Fiji": 0.012578616352201259,
    "History_of_rugby_union_matches_between_France_and_South_Africa": 0.012195121951219513,
    "The_Rugby_Championship": 0.011881188118811881,
    "History_of_rugby_union_matches_between_Argentina_and_Australia": 0.011764705882352941,
    "Troph\u00e9e_des_Bicentenaires": 0.011627906976744186,
    "Emerging_Springboks": 0.011428571428571429,
    "Snelling_Sevens": 0.011363636363636364,
    "WRU_Challenge_Cup": 0.011363636363636364,
    "Dan_Biggar": 0.011029411764705883,
    "History_of_rugby_union_matches_between_Australia_and_France": 0.010830324909747292,
    "Australia_at_the_Rugby_World_Cup": 0.010752688172043012,
    "List_of_Sri_Lanka_national_rugby_union_team_results": 0.010526315789473684,
    "History_of_rugby_union_matches_between_New_Zealand_and_South_Africa": 0.010526315789473684
}