{
    "Libyan_Air_Force_(1951\u20132011)": 1.0,
    "Air_Force_of_the_Democratic_Republic_of_the_Congo": 0.961038961038961,
    "Iraqi_Air_Force": 0.961038961038961,
    "Chadian_Air_Force": 0.961038961038961,
    "Royal_Air_Force_of_Oman": 0.961038961038961,
    "Eritrean_Air_Force": 0.961038961038961,
    "Nicaraguan_Air_Force": 0.9548387096774194,
    "Senegalese_Air_Force": 0.9548387096774194,
    "Dominican_Air_Force": 0.9548387096774194,
    "Honduran_Air_Force": 0.9548387096774194,
    "Air_Force_of_El_Salvador": 0.9487179487179487,
    "Guatemalan_Air_Force": 0.9487179487179487,
    "Ecuadorian_Air_Force": 0.9308176100628931,
    "Uruguayan_Air_Force": 0.9135802469135802,
    "Venezuelan_Air_Force": 0.9135802469135802,
    "Tunisian_Air_Force": 0.896969696969697,
    "Austrian_Air_Force": 0.8809523809523809,
    "Ghana_Air_Force": 0.8809523809523809,
    "Air_Force_of_Zimbabwe": 0.8757396449704142,
    "Swedish_Air_Force": 0.8654970760233918,
    "Korean_People's_Air_Force": 0.8554913294797688,
    "Afghan_Air_Force": 0.8457142857142858,
    "Lebanese_Air_Force": 0.7789473684210526,
    "Swiss_Air_Force": 0.774869109947644,
    "Brazilian_Air_Force": 0.7668393782383419,
    "Air_Corps_(Ireland)": 0.7589743589743589,
    "List_of_active_Bulgarian_military_aircraft": 0.7254901960784313,
    "Belgian_Air_Component": 0.7184466019417476,
    "Colombian_Air_Force": 0.7115384615384616,
    "Polish_Air_Force": 0.7081339712918661,
    "Myanmar_Air_Force": 0.6948356807511737,
    "Qatar_Air_Force": 0.6727272727272727,
    "Yemeni_Air_Force": 0.6324786324786325,
    "Vietnam_People's_Air_Force": 0.6065573770491803,
    "Vietnam_Air_Force": 0.6065573770491803,
    "Islamic_Republic_of_Iran_Air_Force": 0.5849802371541502,
    "Sudanese_Air_Force": 0.550185873605948,
    "Royal_Norwegian_Air_Force": 0.3978494623655914,
    "Azerbaijani_Air_Forces": 0.3654320987654321,
    "South_African_Air_Force": 0.354916067146283,
    "Albanian_Air_Force": 0.3333333333333333,
    "Ukrainian_Air_Force": 0.3135593220338983,
    "Bangladesh_Air_Force": 0.2730627306273063,
    "Royal_Australian_Air_Force": 0.19146183699870634,
    "List_of_flight_demonstration_teams": 0.11019283746556474,
    "List_of_military_aircraft_of_the_Soviet_Union_and_the_CIS": 0.08333333333333333,
    "Soviet_Air_Defence_Forces": 0.08280254777070063,
    "List_of_Secretaries_General_of_the_Western_European_Union": 0.05592841163310962,
    "EU_Battlegroup": 0.05580357142857143,
    "Defence_Forces_(Ireland)": 0.05,
    "Royal_Cambodian_Army": 0.046948356807511735,
    "Royal_Gendarmerie_of_Cambodia": 0.046948356807511735,
    "Myanmar_Army": 0.046948356807511735,
    "Austrian_Armed_Forces": 0.04642857142857143,
    "Military_of_the_Czech_Republic": 0.04452054794520548,
    "European_Union_Special_Representative": 0.043936731107205626,
    "Ambassadors_of_the_European_Union": 0.043936731107205626,
    "Military_of_Bulgaria": 0.04391891891891892,
    "Eurocontrol": 0.043706293706293704,
    "Finnish_Defence_Forces": 0.042833607907743,
    "European_Parliament_Committee_on_Foreign_Affairs": 0.04208754208754209,
    "European_Commissioner_for_Trade": 0.040783034257748776,
    "Military_of_the_European_Union": 0.040625,
    "Foreign_relations_of_the_European_Union": 0.03949447077409163,
    "Accession_of_Bosnia_and_Herzegovina_to_the_European_Union": 0.0382262996941896,
    "Philippine_Army": 0.03802281368821293,
    "Switzerland\u2013European_Union_relations": 0.03720238095238095,
    "European_Neighbourhood_Policy": 0.0350140056022409,
    "Stabilisation_and_Association_Process": 0.0350140056022409,
    "Accession_of_Serbia_to_the_European_Union": 0.034482758620689655,
    "Royal_Brunei_Navy": 0.03389830508474576,
    "Foreign_relations_of_the_Czech_Republic": 0.03351206434316354,
    "Vietnam_People's_Navy": 0.032467532467532464,
    "Indonesian_Army": 0.03115264797507788,
    "List_of_the_largest_trading_partners_of_the_European_Union": 0.02857142857142857,
    "European_Union_free_trade_agreements": 0.02759381898454746,
    "Accession_of_Albania_to_the_European_Union": 0.027563395810363836,
    "Tatmadaw": 0.0273224043715847,
    "European_integration": 0.02702702702702703,
    "Armed_Forces_of_Malta": 0.026422764227642278,
    "Visa_policy_in_the_European_Union": 0.021496130696474634,
    "Royal_Thai_Armed_Forces": 0.020366598778004074,
    "Indonesian_National_Armed_Forces": 0.01824817518248175,
    "Association_of_Southeast_Asian_Nations": 0.013227513227513227,
    "List_of_World_War_I_Entente_aircraft": 0.01092896174863388,
    "Paul_Aue": 0.01092896174863388,
    "Robert_Dodds": 0.01092896174863388,
    "William_H._Farrow": 0.01092896174863388,
    "Thomas_Gerrard_(aviator)": 0.01092896174863388,
    "George_Stacey_Hodson": 0.01092896174863388,
    "Alfred_Michael_Koch": 0.01092896174863388,
    "John_Joseph_Malone": 0.01092896174863388,
    "John_Paynter_(RAF_officer)": 0.01092896174863388,
    "Arthur_Randall": 0.01092896174863388,
    "Harold_Redler": 0.01092896174863388,
    "Harry_Robinson_(aviator)": 0.01092896174863388,
    "Stanley_Wallage": 0.01092896174863388,
    "Grigoriy_Suk": 0.01092896174863388,
    "Saint_Cyprian_Tayler": 0.01092896174863388,
    "Adolf_Schulte": 0.01092896174863388,
    "Gilbert_de_Guingand": 0.01092896174863388,
    "Jacques_G\u00e9rard": 0.01092896174863388,
    "Hans_Hoyer": 0.01092896174863388,
    "Garfield_Finlay": 0.01092896174863388,
    "Flaminio_Avet": 0.01092896174863388,
    "Ivan_Loiko": 0.010869565217391304,
    "Ernst_Strohschneider": 0.010869565217391304,
    "Stefan_Fejes": 0.010869565217391304,
    "Godwin_von_Brumowski": 0.010810810810810811,
    "Royal_Flying_Corps": 0.010810810810810811
}