{
    "List_of_counties_in_Colorado": 1.0,
    "Colorado_mountain_passes": 0.7701149425287356,
    "Table_of_Colorado_municipalities_by_county": 0.7701149425287356,
    "Table_of_Colorado_charter_schools": 0.7701149425287356,
    "Denver-Aurora,_CO_Combined_Statistical_Area": 0.7701149425287356,
    "North_Central_Colorado_Urban_Area": 0.7701149425287356,
    "South_Central_Colorado_Urban_Area": 0.7701149425287356,
    "Crestone,_Colorado": 0.7362637362637363,
    "Greenwood_Village,_Colorado": 0.7052631578947368,
    "Colorado's_5th_congressional_district": 0.6979166666666666,
    "Broomfield,_Colorado": 0.6813559322033899,
    "List_of_ghost_towns_in_Colorado": 0.6442307692307693,
    "Grand_Junction,_Colorado": 0.6421725239616614,
    "List_of_Colorado_railroads": 0.6421725239616614,
    "List_of_hospitals_in_Colorado": 0.6383647798742138,
    "List_of_Superfund_sites_in_Colorado": 0.6363636363636364,
    "Colorado_census_designated_places": 0.6360759493670886,
    "Colorado_statistical_areas": 0.6352201257861635,
    "Colorado_metropolitan_areas": 0.6352201257861635,
    "List_of_airports_in_Colorado": 0.634375,
    "List_of_museums_in_Colorado": 0.6340694006309149,
    "List_of_reptiles_of_Colorado": 0.632398753894081,
    "Front_Range_Urban_Corridor": 0.6215384615384615,
    "Colorado_locations_by_per_capita_income": 0.6184615384615385,
    "List_of_colleges_and_universities_in_Colorado": 0.6077844311377245,
    "Waterfalls_of_Colorado": 0.6036036036036037,
    "Denver\u2013Aurora_Metropolitan_Area": 0.556786703601108,
    "Denver-Aurora-Lakewood,_CO_Metropolitan_Statistical_Area": 0.556786703601108,
    "List_of_Colorado_fourteeners": 0.5471698113207547,
    "List_of_television_stations_in_Colorado": 0.5261780104712042,
    "Colorado_drainage_basins": 0.5218508997429306,
    "National_Register_of_Historic_Places_listings_in_Colorado": 0.5025,
    "Table_of_the_highest_major_summits_of_Colorado": 0.4915254237288136,
    "Table_of_the_most_prominent_summits_of_Colorado": 0.4915254237288136,
    "Lieutenant_Governor_of_Colorado": 0.4844124700239808,
    "68th_Colorado_General_Assembly": 0.4631336405529954,
    "United_States_congressional_delegations_from_Colorado": 0.459954233409611,
    "Southern_Rocky_Mountain_Front": 0.4592760180995475,
    "Colorado_Springs_metropolitan_area": 0.4557823129251701,
    "Colorado_Territory's_at-large_congressional_district": 0.44567627494456763,
    "Sports_in_Colorado": 0.432258064516129,
    "Vehicle_registration_plates_of_Colorado": 0.42028985507246375,
    "List_of_United_States_Representatives_from_Colorado": 0.4152892561983471,
    "List_of_United_States_Senators_from_Colorado": 0.40606060606060607,
    "Colorado_House_of_Representatives": 0.40119760479041916,
    "List_of_school_districts_in_Colorado": 0.3911368015414258,
    "Governor_of_Colorado": 0.3582887700534759,
    "List_of_cities_and_towns_in_Colorado": 0.3541666666666667,
    "Colorado_Senate": 0.3513986013986014,
    "Elk_Mountains_(Colorado)": 0.34476843910806176,
    "San_Juan_Mountains": 0.3441780821917808,
    "Front_Range": 0.3441780821917808,
    "Sangre_de_Cristo_Range": 0.3441780821917808,
    "Sawatch_Range": 0.3441780821917808,
    "Southern_Rocky_Mountains": 0.31931464174454827,
    "List_of_radio_stations_in_Colorado": 0.30828220858895705,
    "List_of_Colorado_state_parks": 0.30547112462006076,
    "List_of_National_Natural_Landmarks_in_Colorado": 0.3031674208144796,
    "Mountain_peaks_of_Colorado": 0.29896907216494845,
    "List_of_National_Historic_Landmarks_in_Colorado": 0.27358490566037735,
    "Colorado": 0.2553191489361702,
    "Sangre_de_Cristo_Mountains": 0.2518703241895262,
    "List_of_counties_in_Florida": 0.23754789272030652,
    "List_of_prehistoric_sites_in_Colorado": 0.2126984126984127,
    "County_statistics_of_the_United_States": 0.20064724919093851,
    "Timeline_of_Colorado_history": 0.20039880358923232,
    "List_of_counties_in_Wyoming": 0.19076923076923077,
    "List_of_United_States_counties_and_county_equivalents": 0.18235294117647058,
    "List_of_counties_in_Vermont": 0.18075801749271136,
    "United_States_Minor_Outlying_Islands": 0.1794871794871795,
    "List_of_counties_in_New_Jersey": 0.17765042979942694,
    "List_of_counties_in_Texas": 0.17079889807162535,
    "List_of_counties_in_Nevada": 0.16986301369863013,
    "List_of_counties_in_New_Mexico": 0.1693121693121693,
    "List_of_counties_in_Montana": 0.16756756756756758,
    "List_of_counties_in_West_Virginia": 0.16272965879265092,
    "List_of_counties_in_Massachusetts": 0.16145833333333334,
    "List_of_counties_in_Oregon": 0.15897435897435896,
    "List_of_counties_in_North_Dakota": 0.1561712846347607,
    "List_of_counties_in_Alabama": 0.15577889447236182,
    "List_of_counties_in_Utah": 0.15517241379310345,
    "List_of_counties_in_Idaho": 0.155,
    "List_of_parishes_in_Louisiana": 0.155,
    "List_of_counties_in_Oklahoma": 0.15196078431372548,
    "List_of_boroughs_and_census_areas_in_Alaska": 0.15196078431372548,
    "List_of_counties_in_Nebraska": 0.15158924205378974,
    "List_of_counties_in_Maryland": 0.15121951219512195,
    "List_of_counties_in_Tennessee": 0.15085158150851583,
    "List_of_counties_in_New_York": 0.15048543689320387,
    "List_of_counties_in_Washington": 0.1493975903614458,
    "List_of_counties_in_Ohio": 0.14797136038186157,
    "List_of_counties_in_Arkansas": 0.14657210401891252,
    "List_of_counties_in_Wisconsin": 0.14418604651162792,
    "List_of_counties_in_Iowa": 0.14351851851851852,
    "List_of_counties_in_Indiana": 0.14285714285714285,
    "List_of_counties_in_Michigan": 0.14187643020594964,
    "List_of_counties_in_Mississippi": 0.14187643020594964,
    "List_of_counties_in_South_Dakota": 0.14123006833712984,
    "List_of_counties_in_California": 0.14058956916099774,
    "List_of_counties_in_South_Carolina": 0.1399548532731377,
    "List_of_counties_in_Missouri": 0.13777777777777778,
    "List_of_counties_in_Kansas": 0.13725490196078433,
    "List_of_counties_in_Minnesota": 0.13537117903930132,
    "List_of_counties_in_Pennsylvania": 0.1341991341991342,
    "List_of_cities_in_Virginia": 0.13025210084033614,
    "List_of_counties_in_Virginia": 0.13025210084033614,
    "List_of_counties_in_North_Carolina": 0.12704918032786885,
    "List_of_counties_in_Georgia": 0.12653061224489795,
    "List_of_counties_in_Illinois": 0.1183206106870229,
    "List_of_counties_in_New_Hampshire": 0.11151079136690648,
    "Municipalities_of_Puerto_Rico": 0.10641891891891891,
    "List_of_populated_places_in_Guam": 0.10210696920583469,
    "County_(United_States)": 0.09198813056379822,
    "National_Register_of_Historic_Places_listings_in_Adams_County,_Colorado": 0.025210084033613446,
    "National_Register_of_Historic_Places_listings_in_Arapahoe_County,_Colorado": 0.025139664804469275,
    "National_Register_of_Historic_Places_listings_in_Weld_County,_Colorado": 0.023076923076923078,
    "National_Register_of_Historic_Places_listings_in_Jefferson_County,_Colorado": 0.021505376344086023,
    "Alaska_Native_Regional_Corporations": 0.019543973941368076,
    "Census_county_division": 0.019543973941368076,
    "List_of_United_States_urban_areas": 0.019543973941368076,
    "New_England_city_and_town_area": 0.019543973941368076,
    "List_of_cities_and_towns_in_Arizona": 0.019438444924406047,
    "Media_in_Denver": 0.0189873417721519,
    "United_States_Census": 0.018072289156626505,
    "List_of_Core_Based_Statistical_Areas": 0.017369727047146403,
    "List_of_metropolitan_areas_of_the_United_States": 0.017369727047146403,
    "List_of_Metropolitan_Statistical_Areas": 0.017369727047146403,
    "List_of_Micropolitan_Statistical_Areas": 0.017369727047146403,
    "List_of_settlements_in_New_Mexico": 0.016293279022403257,
    "List_of_largest_Indian_reservations": 0.0162748643761302,
    "List_of_municipalities_in_Wyoming": 0.015625,
    "Mormon_History_Association": 0.015267175572519083,