{
    "Tony_Conigliaro_Award": 1.0,
    "DHL_Hometown_Heroes": 0.48484848484848486,
    "Silver_Slugger_Award": 0.42105263157894735,
    "Warren_Spahn_Award": 0.4125,
    "Commissioner's_Historic_Achievement_Award": 0.3902439024390244,
    "Marvin_Miller_Man_of_the_Year_Award": 0.38823529411764707,
    "Rawlings_Gold_Glove_Award": 0.37209302325581395,
    "Branch_Rickey_Award": 0.3707865168539326,
    "Edgar_Mart\u00ednez_Award": 0.3368421052631579,
    "Hank_Aaron_Award": 0.32653061224489793,
    "Hutch_Award": 0.3050847457627119,
    "Roberto_Clemente_Award": 0.28205128205128205,
    "Major_League_Baseball_Manager_of_the_Year_Award": 0.2796610169491525,
    "Rolaids_Relief_Man_Award": 0.2782608695652174,
    "Cy_Young_Award": 0.2348993288590604,
    "Lou_Gehrig_Memorial_Award": 0.19879518072289157,
    "Major_League_Baseball_Most_Valuable_Player_Award": 0.1553398058252427,
    "Neil_MacCarl_Award": 0.14953271028037382,
    "Major_League_Baseball_Rookie_of_the_Year_Award": 0.14814814814814814,
    "Major_League_Baseball_All-Star_Game_Most_Valuable_Player_Award": 0.14285714285714285,
    "League_Championship_Series_Most_Valuable_Player_Award": 0.12692307692307692,
    "List_of_American_League_pennant_winners": 0.12648221343873517,
    "List_of_National_League_pennant_winners": 0.12598425196850394,
    "Babe_Ruth_Award": 0.11371237458193979,
    "Los_Angeles_Angels_of_Anaheim_award_winners_and_league_leaders": 0.10596026490066225,
    "World_Series_Most_Valuable_Player_Award": 0.09043927648578812,
    "List_of_World_Series_champions": 0.07256235827664399,
    "Eddie_Rodr\u00edguez": 0.02912621359223301,
    "Sam_Perlozzo": 0.028169014084507043,
    "Brad_Mills_(manager)": 0.022099447513812154,
    "List_of_Major_League_Baseball_players_named_in_the_Mitchell_Report": 0.021052631578947368,
    "List_of_highest_paid_Major_League_Baseball_players": 0.021052631578947368,
    "List_of_Major_League_Baseball_players_suspended_for_performance-enhancing_drugs": 0.021052631578947368,
    "History_of_baseball_in_the_United_States": 0.021052631578947368,
    "Biogenesis_baseball_scandal": 0.021052631578947368,
    "American_League_Championship_Series": 0.019762845849802372,
    "List_of_Major_League_Baseball_retired_numbers": 0.01951219512195122,
    "List_of_National_League_presidents": 0.018691588785046728,
    "List_of_Silver_Slugger_Award_winners_at_catcher": 0.018518518518518517,
    "World_Series": 0.018518518518518517,
    "List_of_Major_League_Baseball_franchise_postseason_streaks": 0.018518518518518517,
    "List_of_Major_League_Baseball_franchise_postseason_droughts": 0.018518518518518517,
    "Miami_Marlins": 0.01818181818181818,
    "Tracy_Woodson": 0.01809954751131222,
    "List_of_Silver_Slugger_Award_winners_at_shortstop": 0.017699115044247787,
    "American_League_Division_Series": 0.017467248908296942,
    "National_League_Division_Series": 0.017467248908296942,
    "Mariano_Rivera": 0.017391304347826087,
    "List_of_Silver_Slugger_Award_winners_at_third_base": 0.016666666666666666,
    "Interleague_play": 0.016666666666666666,
    "The_Sporting_News_Pitcher_of_the_Year_Award": 0.016483516483516484,
    "Billy_Gardner": 0.016286644951140065,
    "Ed_Sprague,_Jr.": 0.016260162601626018,
    "National_League_Championship_Series": 0.015748031496062992,
    "John_Stuper": 0.015625,
    "Kansas_City_Royals": 0.014492753623188406,
    "1965_Major_League_Baseball_Draft": 0.014336917562724014,
    "List_of_World_Series_starting_pitchers": 0.014285714285714285,
    "List_of_pre\u2013World_Series_baseball_champions": 0.014285714285714285,
    "1986_Major_League_Baseball_Draft": 0.014035087719298246,
    "1997_Major_League_Baseball_Draft": 0.013937282229965157,
    "1996_Major_League_Baseball_Draft": 0.013937282229965157,
    "1999_Major_League_Baseball_Draft": 0.01384083044982699,
    "1998_Major_League_Baseball_Draft": 0.01384083044982699,
    "List_of_Major_League_Baseball_players_from_Puerto_Rico": 0.01384083044982699,
    "List_of_Major_League_Baseball_stadiums": 0.013745704467353952,
    "List_of_Gold_Glove_Award_winners_at_second_base": 0.0136986301369863,
    "List_of_Gold_Glove_Award_winners_at_third_base": 0.0136986301369863,
    "List_of_Gold_Glove_Award_winners_at_shortstop": 0.0136986301369863,
    "List_of_Gold_Glove_Award_winners_at_outfield": 0.0136986301369863,
    "List_of_Gold_Glove_Award_winners_at_catcher": 0.0136986301369863,
    "List_of_Gold_Glove_Award_winners_at_pitcher": 0.0136986301369863,
    "Albert_Pujols": 0.012642225031605562,
    "Minnesota_Twins": 0.012048192771084338,
    "Derek_Jeter": 0.01194267515923567,
    "List_of_Major_League_Baseball_record_holders": 0.011627906976744186,
    "List_of_Major_League_Baseball_career_records": 0.011627906976744186,
    "Atlanta_Braves": 0.010935601458080195,
    "List_of_Silver_Slugger_Award_winners_at_outfield": 0.010582010582010581,
    "2007_Boston_Red_Sox_season": 0.01054481546572935,
    "2013_Boston_Red_Sox_season": 0.010380622837370242,
    "1968_Detroit_Tigers_season": 0.010224948875255624,
    "1995_Atlanta_Braves_season": 0.010101010101010102,
    "Ryan_Howard": 0.010062893081761006,
    "Frank_Howard_(baseball)": 0.010025062656641603
}