{
    "1999_NCAA_Women's_Division_I_Basketball_Tournament": 1.0,
    "NCAA_Women's_Division_I_Tournament_bids_by_school": 0.6511627906976745,
    "1983_NCAA_Women's_Division_I_Basketball_Tournament": 0.6511627906976745,
    "1985_NCAA_Women's_Division_I_Basketball_Tournament": 0.6511627906976745,
    "1984_NCAA_Women's_Division_I_Basketball_Tournament": 0.6511627906976745,
    "1986_NCAA_Women's_Division_I_Basketball_Tournament": 0.6511627906976745,
    "2001_NCAA_Women's_Division_I_Basketball_Tournament": 0.6511627906976745,
    "1993_NCAA_Women's_Division_I_Basketball_Tournament": 0.6511627906976745,
    "2005_NCAA_Women's_Division_I_Basketball_Tournament": 0.6511627906976745,
    "2010_NCAA_Women's_Division_I_Basketball_Tournament": 0.6511627906976745,
    "1992_NCAA_Women's_Division_I_Basketball_Tournament": 0.5894736842105263,
    "1988_NCAA_Women's_Division_I_Basketball_Tournament": 0.5833333333333334,
    "1990_NCAA_Women's_Division_I_Basketball_Tournament": 0.5833333333333334,
    "1991_NCAA_Women's_Division_I_Basketball_Tournament": 0.5833333333333334,
    "1996_NCAA_Women's_Division_I_Basketball_Tournament": 0.5833333333333334,
    "2004_NCAA_Women's_Division_I_Basketball_Tournament": 0.5833333333333334,
    "2008_NCAA_Women's_Division_I_Basketball_Tournament": 0.5656565656565656,
    "2009_NCAA_Women's_Division_I_Basketball_Tournament": 0.5544554455445545,
    "2002_NCAA_Women's_Division_I_Basketball_Tournament": 0.5544554455445545,
    "2013_NCAA_Women's_Division_I_Basketball_Tournament": 0.5333333333333333,
    "1982_NCAA_Women's_Division_I_Basketball_Tournament": 0.45161290322580644,
    "1987_NCAA_Women's_Division_I_Basketball_Tournament": 0.45161290322580644,
    "1997_NCAA_Women's_Division_I_Basketball_Tournament": 0.4444444444444444,
    "1989_NCAA_Women's_Division_I_Basketball_Tournament": 0.4444444444444444,
    "1995_NCAA_Women's_Division_I_Basketball_Tournament": 0.4409448818897638,
    "1998_NCAA_Women's_Division_I_Basketball_Tournament": 0.4409448818897638,
    "2000_NCAA_Women's_Division_I_Basketball_Tournament": 0.42748091603053434,
    "2003_NCAA_Women's_Division_I_Basketball_Tournament": 0.42748091603053434,
    "2011_NCAA_Women's_Division_I_Basketball_Tournament": 0.3684210526315789,
    "2012_NCAA_Women's_Division_I_Basketball_Tournament": 0.3660130718954248,
    "NCAA_basketball_tournament_selection_process": 0.29381443298969073,
    "List_of_NCAA_Women's_Final_Four_broadcasters": 0.2828282828282828,
    "AIAW_Women's_Basketball_Tournament": 0.2248995983935743,
    "1997\u201398_Tennessee_Lady_Volunteers_basketball_team": 0.22162162162162163,
    "NCAA_Women's_Division_I_Basketball_Championship": 0.15342465753424658,
    "2012_NCAA_Division_I_Women's_Volleyball_Tournament": 0.013513513513513514,
    "1982_NCAA_Women's_Gymnastics_Championship": 0.013071895424836602,
    "1986_NCAA_Women's_Gymnastics_Championship": 0.012987012987012988,
    "1987_NCAA_Women's_Gymnastics_Championship": 0.012987012987012988,
    "1989_NCAA_Women's_Gymnastics_Championship": 0.012987012987012988,
    "2010_NCAA_Division_I_Women's_Volleyball_Tournament": 0.012422360248447204,
    "2011_NCAA_Division_I_Women's_Volleyball_Tournament": 0.012422360248447204,
    "Sun_Belt_Women's_Basketball_Tournament": 0.011235955056179775,
    "2013_NCAA_Division_I_Men's_Golf_Championship": 0.010582010582010581,
    "Athletics_at_the_1999_All-Africa_Games": 0.010101010101010102
}