{
    "Portugal_at_the_Olympics": 1.0,
    "Tropical_nations_at_the_Winter_Olympics": 0.7993421052631579,
    "Germany_at_the_Winter_Olympics": 0.7993421052631579,
    "Australasia_at_the_Olympics": 0.7915309446254072,
    "Chad_at_the_Olympics": 0.7870967741935484,
    "Mauritania_at_the_Olympics": 0.782051282051282,
    "Central_African_Republic_at_the_Olympics": 0.7770700636942676,
    "Liechtenstein_at_the_Olympics": 0.7746031746031746,
    "Belize_at_the_Olympics": 0.7746031746031746,
    "Cayman_Islands_at_the_Olympics": 0.7721518987341772,
    "Ethiopia_at_the_Olympics": 0.7697160883280757,
    "Antigua_and_Barbuda_at_the_Olympics": 0.7697160883280757,
    "Gabon_at_the_Olympics": 0.7648902821316614,
    "Haiti_at_the_Olympics": 0.7648902821316614,
    "Cambodia_at_the_Olympics": 0.7625,
    "DR_Congo_at_the_Olympics": 0.7625,
    "El_Salvador_at_the_Olympics": 0.7577639751552795,
    "Bermuda_at_the_Olympics": 0.7577639751552795,
    "Burkina_Faso_at_the_Olympics": 0.7577639751552795,
    "Barbados_at_the_Olympics": 0.7507692307692307,
    "Ecuador_at_the_Olympics": 0.7507692307692307,
    "Bolivia_at_the_Olympics": 0.7507692307692307,
    "Ivory_Coast_at_the_Olympics": 0.7507692307692307,
    "Bahamas_at_the_Olympics": 0.746177370030581,
    "Costa_Rica_at_the_Olympics": 0.7439024390243902,
    "Botswana_at_the_Olympics": 0.7439024390243902,
    "Morocco_at_the_Olympics": 0.7416413373860182,
    "Afghanistan_at_the_Olympics": 0.7416413373860182,
    "Cameroon_at_the_Olympics": 0.7416413373860182,
    "North_Korea_at_the_Olympics": 0.7393939393939394,
    "Mongolia_at_the_Olympics": 0.7393939393939394,
    "Macedonia_at_the_Olympics": 0.7371601208459214,
    "Zambia_at_the_Olympics": 0.7349397590361446,
    "Jamaica_at_the_Olympics": 0.7327327327327328,
    "Moldova_at_the_Olympics": 0.7327327327327328,
    "Dominican_Republic_at_the_Olympics": 0.7327327327327328,
    "Trinidad_and_Tobago_at_the_Olympics": 0.7327327327327328,
    "Kenya_at_the_Olympics": 0.7305389221556886,
    "Uganda_at_the_Olympics": 0.7305389221556886,
    "Georgia_at_the_Olympics": 0.7283582089552239,
    "Puerto_Rico_at_the_Olympics": 0.7261904761904762,
    "Vietnam_at_the_Olympics": 0.7261904761904762,
    "Fiji_at_the_Olympics": 0.7261904761904762,
    "Cuba_at_the_Olympics": 0.7197640117994101,
    "Uruguay_at_the_Olympics": 0.7176470588235294,
    "Belarus_at_the_Olympics": 0.7155425219941349,
    "Indonesia_at_the_Olympics": 0.7072463768115942,
    "Chile_at_the_Olympics": 0.7031700288184438,
    "Colombia_at_the_Olympics": 0.7011494252873564,
    "Kazakhstan_at_the_Olympics": 0.6991404011461319,
    "Lithuania_at_the_Olympics": 0.6991404011461319,
    "Armenia_at_the_Olympics": 0.6971428571428572,
    "Chinese_Taipei_at_the_Olympics": 0.6962750716332379,
    "Bulgaria_at_the_Olympics": 0.6912181303116147,
    "Tunisia_at_the_Olympics": 0.6815642458100558,
    "Benin_at_the_Olympics": 0.6815642458100558,
    "Cyprus_at_the_Olympics": 0.6796657381615598,
    "Romania_at_the_Olympics": 0.6777777777777778,
    "Slovakia_at_the_Olympics": 0.6759002770083102,
    "Algeria_at_the_Olympics": 0.6740331491712708,
    "Austria_at_the_Olympics": 0.6740331491712708,
    "Angola_at_the_Olympics": 0.6721763085399449,
    "Croatia_at_the_Olympics": 0.6721763085399449,
    "Azerbaijan_at_the_Olympics": 0.6703296703296703,
    "Switzerland_at_the_Olympics": 0.6703296703296703,
    "Poland_at_the_Olympics": 0.6703296703296703,
    "Pakistan_at_the_Olympics": 0.6684931506849315,
    "Ireland_at_the_Olympics": 0.6684931506849315,
    "South_Korea_at_the_Olympics": 0.6684931506849315,
    "Germany_at_the_Summer_Olympics": 0.6657534246575343,
    "South_Africa_at_the_Olympics": 0.6648501362397821,
    "Finland_at_the_Olympics": 0.6648501362397821,
    "Mexico_at_the_Olympics": 0.6594594594594595,
    "Yugoslavia_at_the_Olympics": 0.6576819407008087,
    "Denmark_at_the_Olympics": 0.6576819407008087,
    "Czech_Republic_at_the_Olympics": 0.6559139784946236,
    "Philippines_at_the_Olympics": 0.6506666666666666,
    "Argentina_at_the_Olympics": 0.6506666666666666,
    "Ukraine_at_the_Olympics": 0.648936170212766,
    "Czechoslovakia_at_the_Olympics": 0.6455026455026455,
    "Egypt_at_the_Olympics": 0.6421052631578947,
    "Andorra_at_the_Olympics": 0.6404199475065617,
    "Thailand_at_the_Olympics": 0.6321243523316062,
    "East_Germany_at_the_Olympics": 0.6240409207161125,
    "Venezuela_at_the_Olympics": 0.6192893401015228,
    "Iran_at_the_Olympics": 0.6177215189873417,
    "New_Zealand_at_the_Olympics": 0.6039603960396039,
    "List_of_participating_nations_at_the_Winter_Olympic_Games": 0.6,
    "List_of_participating_nations_at_the_Summer_Olympic_Games": 0.6,
    "Turkey_at_the_Olympics": 0.5893719806763285,
    "Greece_at_the_Olympics": 0.5879518072289157,
    "Norway_at_the_Olympics": 0.5851318944844125,
    "Brazil_at_the_Olympics": 0.5754716981132075,
    "Unified_Team_at_the_Olympics": 0.5625,
    "China_at_the_Olympics": 0.5596330275229358,
    "Netherlands_at_the_Olympics": 0.5570776255707762,
    "Spain_at_the_Olympics": 0.5545454545454546,
    "Japan_at_the_Olympics": 0.5507900677200903,
    "Estonia_at_the_Olympics": 0.5398230088495575,
    "France_at_the_Olympics": 0.5362637362637362,
    "Italy_at_the_Olympics": 0.5269978401727862,
    "Soviet_Union_at_the_Olympics": 0.5213675213675214,
    "Russia_at_the_Olympics": 0.5191489361702127,
    "Australia_at_the_Winter_Olympics": 0.5030927835051546,
    "Australia_at_the_Olympics": 0.5030927835051546,
    "Sweden_at_the_Olympics": 0.5010266940451745,
    "Hungary_at_the_Olympics": 0.4939271255060729,
    "Great_Britain_at_the_Olympics": 0.4939271255060729,
    "Germany_at_the_Olympics": 0.47470817120622566,
    "Belgium_at_the_Olympics": 0.47195357833655704,
    "India_at_the_Olympics": 0.4326241134751773,
    "Albania_at_the_Olympics": 0.43109540636042404,
    "Canada_at_the_Summer_Olympics": 0.41008403361344536,
    "West_Indies_Federation": 0.38087774294670845,
    "Canada_at_the_Olympics": 0.37770897832817335,
    "Canada_at_the_Winter_Olympics": 0.37770897832817335,
    "United_States_at_the_Olympics": 0.3446808510638298,
    "Portugal_at_the_Lusophony_Games": 0.1962025316455696,
    "Portugal_at_the_2006_Lusophony_Games": 0.1962025316455696,
    "Portugal_national_under-16_football_team": 0.14351851851851852,
    "Winter_Olympic_Games": 0.14277320799059928,
    "Portugal_national_under-17_football_team": 0.14220183486238533,
    "Portugal_national_basketball_team": 0.14187643020594964,
    "Summer_Olympic_Games": 0.14127906976744187,
    "Portugal_national_rugby_league_team": 0.13963963963963963,
    "Portugal_national_under-19_football_team": 0.11131059245960502,
    "Portugal_national_rugby_union_team": 0.10671256454388985,
    "Portugal_national_football_team": 0.07506053268765134,
    "Ta\u00e7a_Ribeiro_dos_Reis": 0.041666666666666664,
    "Bragan\u00e7a_Football_Association": 0.041666666666666664,
    "Algarve_Football_Association": 0.04155124653739612,
    "Beja_Football_Association": 0.04155124653739612,
    "Leiria_Football_Association": 0.04155124653739612,
    "Aveiro_Football_Association": 0.04155124653739612,
    "Angra_do_Hero\u00edsmo_Football_Association": 0.04155124653739612,
    "List_of_Portugal_national_football_team_hat-tricks": 0.036855036855036855,
    "List_of_football_clubs_in_Portugal": 0.035046728971962614,
    "List_of_Primeira_Liga_hat-tricks": 0.03456221198156682,
    "List_of_football_stadiums_in_Portugal": 0.032679738562091505,
    "Ta\u00e7a_da_Liga": 0.03205128205128205,
    "Est\u00e1dio_Nacional": 0.029411764705882353,
    "Portuguese_Second_Division": 0.027932960893854747,
    "Segunda_Liga": 0.02727272727272727,
    "Portuguese_Third_Division": 0.026785714285714284,
    "Football_in_Portugal": 0.02403846153846154,
    "Ta\u00e7a_de_Portugal": 0.021961932650073207,
    "Portugal_national_football_team_all-time_record": 0.01967799642218247,
    "Primeira_Liga": 0.019280205655526992,