{
    "South_Africa_at_the_Olympics": 1.0,
    "Tropical_nations_at_the_Winter_Olympics": 0.7915309446254072,
    "Germany_at_the_Winter_Olympics": 0.7915309446254072,
    "Australasia_at_the_Olympics": 0.7838709677419354,
    "Chad_at_the_Olympics": 0.7795527156549521,
    "Mauritania_at_the_Olympics": 0.7746031746031746,
    "Central_African_Republic_at_the_Olympics": 0.7697160883280757,
    "Liechtenstein_at_the_Olympics": 0.7672955974842768,
    "Belize_at_the_Olympics": 0.7672955974842768,
    "Cayman_Islands_at_the_Olympics": 0.7648902821316614,
    "Ethiopia_at_the_Olympics": 0.7625,
    "Antigua_and_Barbuda_at_the_Olympics": 0.7625,
    "Gabon_at_the_Olympics": 0.7577639751552795,
    "Haiti_at_the_Olympics": 0.7577639751552795,
    "Cambodia_at_the_Olympics": 0.7554179566563467,
    "DR_Congo_at_the_Olympics": 0.7554179566563467,
    "El_Salvador_at_the_Olympics": 0.7507692307692307,
    "Bermuda_at_the_Olympics": 0.7507692307692307,
    "Burkina_Faso_at_the_Olympics": 0.7507692307692307,
    "Barbados_at_the_Olympics": 0.7439024390243902,
    "Ecuador_at_the_Olympics": 0.7439024390243902,
    "Bolivia_at_the_Olympics": 0.7439024390243902,
    "Ivory_Coast_at_the_Olympics": 0.7439024390243902,
    "Bahamas_at_the_Olympics": 0.7393939393939394,
    "Costa_Rica_at_the_Olympics": 0.7371601208459214,
    "Botswana_at_the_Olympics": 0.7371601208459214,
    "Morocco_at_the_Olympics": 0.7349397590361446,
    "Afghanistan_at_the_Olympics": 0.7349397590361446,
    "Cameroon_at_the_Olympics": 0.7349397590361446,
    "North_Korea_at_the_Olympics": 0.7327327327327328,
    "Mongolia_at_the_Olympics": 0.7327327327327328,
    "Macedonia_at_the_Olympics": 0.7305389221556886,
    "Zambia_at_the_Olympics": 0.7283582089552239,
    "Jamaica_at_the_Olympics": 0.7261904761904762,
    "Moldova_at_the_Olympics": 0.7261904761904762,
    "Dominican_Republic_at_the_Olympics": 0.7261904761904762,
    "Trinidad_and_Tobago_at_the_Olympics": 0.7261904761904762,
    "Kenya_at_the_Olympics": 0.7240356083086054,
    "Uganda_at_the_Olympics": 0.7240356083086054,
    "Georgia_at_the_Olympics": 0.7218934911242604,
    "Puerto_Rico_at_the_Olympics": 0.7197640117994101,
    "Vietnam_at_the_Olympics": 0.7197640117994101,
    "Fiji_at_the_Olympics": 0.7197640117994101,
    "Cuba_at_the_Olympics": 0.7134502923976608,
    "Uruguay_at_the_Olympics": 0.7113702623906706,
    "Belarus_at_the_Olympics": 0.7093023255813954,
    "Indonesia_at_the_Olympics": 0.7011494252873564,
    "Chile_at_the_Olympics": 0.6971428571428572,
    "Colombia_at_the_Olympics": 0.6951566951566952,
    "Kazakhstan_at_the_Olympics": 0.6931818181818182,
    "Lithuania_at_the_Olympics": 0.6931818181818182,
    "Armenia_at_the_Olympics": 0.6912181303116147,
    "Chinese_Taipei_at_the_Olympics": 0.6903409090909091,
    "Bulgaria_at_the_Olympics": 0.6853932584269663,
    "Tunisia_at_the_Olympics": 0.6759002770083102,
    "Benin_at_the_Olympics": 0.6759002770083102,
    "Cyprus_at_the_Olympics": 0.6740331491712708,
    "Romania_at_the_Olympics": 0.6721763085399449,
    "Slovakia_at_the_Olympics": 0.6703296703296703,
    "Algeria_at_the_Olympics": 0.6684931506849315,
    "Austria_at_the_Olympics": 0.6684931506849315,
    "Angola_at_the_Olympics": 0.6666666666666666,
    "Croatia_at_the_Olympics": 0.6666666666666666,
    "Azerbaijan_at_the_Olympics": 0.6648501362397821,
    "Switzerland_at_the_Olympics": 0.6648501362397821,
    "Portugal_at_the_Olympics": 0.6648501362397821,
    "Poland_at_the_Olympics": 0.6648501362397821,
    "Pakistan_at_the_Olympics": 0.6630434782608695,
    "Ireland_at_the_Olympics": 0.6630434782608695,
    "South_Korea_at_the_Olympics": 0.6630434782608695,
    "Germany_at_the_Summer_Olympics": 0.6603260869565217,
    "Finland_at_the_Olympics": 0.6594594594594595,
    "Mexico_at_the_Olympics": 0.6541554959785523,
    "Yugoslavia_at_the_Olympics": 0.6524064171122995,
    "Denmark_at_the_Olympics": 0.6524064171122995,
    "Czech_Republic_at_the_Olympics": 0.6506666666666666,
    "Philippines_at_the_Olympics": 0.6455026455026455,
    "Argentina_at_the_Olympics": 0.6455026455026455,
    "Ukraine_at_the_Olympics": 0.6437994722955145,
    "Czechoslovakia_at_the_Olympics": 0.6404199475065617,
    "Egypt_at_the_Olympics": 0.6370757180156658,
    "Andorra_at_the_Olympics": 0.6354166666666666,
    "Thailand_at_the_Olympics": 0.6272493573264781,
    "East_Germany_at_the_Olympics": 0.6192893401015228,
    "Venezuela_at_the_Olympics": 0.6146095717884131,
    "Iran_at_the_Olympics": 0.6130653266331658,
    "New_Zealand_at_the_Olympics": 0.5995085995085995,
    "List_of_participating_nations_at_the_Winter_Olympic_Games": 0.5955882352941176,
    "List_of_participating_nations_at_the_Summer_Olympic_Games": 0.5955882352941176,
    "Turkey_at_the_Olympics": 0.5851318944844125,
    "Greece_at_the_Olympics": 0.583732057416268,
    "Norway_at_the_Olympics": 0.580952380952381,
    "Brazil_at_the_Olympics": 0.5714285714285714,
    "Unified_Team_at_the_Olympics": 0.5586206896551724,
    "China_at_the_Olympics": 0.5558086560364465,
    "Netherlands_at_the_Olympics": 0.5532879818594104,
    "Spain_at_the_Olympics": 0.5507900677200903,
    "Japan_at_the_Olympics": 0.547085201793722,
    "Estonia_at_the_Olympics": 0.5362637362637362,
    "France_at_the_Olympics": 0.5327510917030568,
    "Italy_at_the_Olympics": 0.5236051502145923,
    "Soviet_Union_at_the_Olympics": 0.5180467091295117,
    "Russia_at_the_Olympics": 0.5158562367864693,
    "Australia_at_the_Winter_Olympics": 0.5,
    "Australia_at_the_Olympics": 0.5,
    "Sweden_at_the_Olympics": 0.49795918367346936,
    "Hungary_at_the_Olympics": 0.4909456740442656,
    "Great_Britain_at_the_Olympics": 0.4909456740442656,
    "Germany_at_the_Olympics": 0.47195357833655704,
    "Belgium_at_the_Olympics": 0.46923076923076923,
    "India_at_the_Olympics": 0.43033509700176364,
    "Albania_at_the_Olympics": 0.4288224956063269,
    "Canada_at_the_Summer_Olympics": 0.4080267558528428,
    "West_Indies_Federation": 0.3790951638065523,
    "Canada_at_the_Olympics": 0.37596302003081666,
    "Canada_at_the_Winter_Olympics": 0.37596302003081666,
    "United_States_at_the_Olympics": 0.3432203389830508,
    "South_Africa_national_men's_squash_team": 0.21172638436482086,
    "South_Africa_national_women's_squash_team": 0.21172638436482086,
    "South_Africa_national_basketball_team": 0.1790633608815427,
    "South_Africa_at_the_Hopman_Cup": 0.16752577319587628,
    "South_Africa_at_the_Commonwealth_Games": 0.16539440203562342,
    "South_Africa_men's_national_under-18_ice_hockey_team": 0.16209476309226933,
    "South_Africa_men's_national_ice_hockey_team": 0.16009852216748768,
    "South_Africa_national_rugby_league_team": 0.1463963963963964,
    "Winter_Olympic_Games": 0.14252199413489736,
    "Summer_Olympic_Games": 0.14103308183401045,
    "South_Africa_national_under-20_football_team": 0.13026052104208416,
    "South_Africa_national_football_team": 0.1264591439688716,
    "South_Africa_national_rugby_union_team": 0.087248322147651,
    "South_Africa_national_football_team_2010": 0.019801980198019802,
    "South_Africa_national_football_team_2013": 0.019801980198019802,
    "Vodacom_Cup": 0.01634877384196185,
    "National_Football_League_(South_Africa)": 0.01417004048582996,
    "Emerging_Springboks": 0.014084507042253521,
    "2011_Varsity_Cup": 0.012684989429175475,
    "2005_Currie_Cup": 0.012578616352201259,
    "List_of_South_Africa_national_rugby_union_players": 0.010889292196007259,
    "2008\u201309_Supersport_Series": 0.010869565217391304,
    "2009\u201310_Standard_Bank_Pro20": 0.010869565217391304,
    "2009\u201310_MTN_Domestic_Championship": 0.010869565217391304,
    "2011\u201312_MiWay_T20_Challenge": 0.010869565217391304,
    "2012\u201313_Ram_Slam_T20_Challenge": 0.010869565217391304,
    "2008\u201309_MTN_Domestic_Championship": 0.010752688172043012,
    "2008\u201309_Standard_Bank_Pro20": 0.010752688172043012,
    "Bulls_(rugby_union)": 0.010619469026548672,