{
    "Heliamphora": 1.0,
    "List_of_Drosera_species": 0.7833333333333333,
    "Dodecatheon": 0.203125,
    "Guarana": 0.203125,
    "Amelanchier_alnifolia": 0.2,
    "Castilleja": 0.19696969696969696,
    "Lithops": 0.19672131147540983,
    "Lentil": 0.19117647058823528,
    "Amaranthus_brownii": 0.19047619047619047,
    "Spinach": 0.18840579710144928,
    "Chickpea": 0.18840579710144928,
    "Platanus": 0.18571428571428572,
    "Pinus_sabiniana": 0.18571428571428572,
    "Lettuce": 0.18055555555555555,
    "Date_palm": 0.18055555555555555,
    "Apricot": 0.18032786885245902,
    "Phaseolus_vulgaris": 0.17142857142857143,
    "Common_fig": 0.16455696202531644,
    "Ficus_maxima": 0.16129032258064516,
    "Lilium": 0.14285714285714285,
    "Cabbage": 0.1368421052631579,
    "Boletaceae": 0.1323529411764706,
    "Nectophrynoides": 0.12903225806451613,
    "Anaxyrus": 0.12698412698412698,
    "Brucella": 0.12698412698412698,
    "Cophixalus": 0.125,
    "Prunus_cerasus": 0.12380952380952381,
    "Pomatiopsidae": 0.12307692307692308,
    "Stone-curlew": 0.12121212121212122,
    "Aspidodiadematidae": 0.12121212121212122,
    "Cyrtodactylus": 0.12121212121212122,
    "Oystercatcher": 0.11940298507462686,
    "Argonaut_(animal)": 0.11940298507462686,
    "Beech_marten": 0.11428571428571428,
    "Bartonella": 0.11290322580645161,
    "Mononegavirales": 0.11290322580645161,
    "Staphylococcus_haemolyticus": 0.1111111111111111,
    "Eois": 0.1111111111111111,
    "Pear": 0.1111111111111111,
    "Takifugu": 0.1111111111111111,
    "Strawberry": 0.11009174311926606,
    "White_Wagtail": 0.10810810810810811,
    "List_of_Tuber_(fungus)_species": 0.1076923076923077,
    "Vipera": 0.1076923076923077,
    "Schinia": 0.1076923076923077,
    "Orconectes": 0.10606060606060606,
    "Penaeus": 0.10294117647058823,
    "Coleophora": 0.10294117647058823,
    "Rufous_Fantail": 0.10144927536231885,
    "Bivalvia": 0.1,
    "Eurasian_Treecreeper": 0.09859154929577464,
    "Southern_Giant_Petrel": 0.09722222222222222,
    "Periodical_cicadas": 0.09523809523809523,
    "Fistulinella": 0.09375,
    "Xerocomellus": 0.09375,
    "Coenobita": 0.09230769230769231,
    "Calostoma": 0.09230769230769231,
    "Red_Kite": 0.09210526315789473,
    "Northern_Fulmar": 0.09090909090909091,
    "Pistachio": 0.09090909090909091,
    "Sweet_potato": 0.09027777777777778,
    "Salamander": 0.08888888888888889,
    "Peanut": 0.08783783783783784,
    "Goldfish": 0.0851063829787234,
    "Phytoplasma": 0.08196721311475409,
    "Huffmanela": 0.08196721311475409,
    "Tomato": 0.07602339181286549,
    "Theobroma_cacao": 0.07344632768361582,
    "Asclepias": 0.06878306878306878,
    "Leptostraca": 0.06862745098039216,
    "Rye": 0.06701030927835051,
    "Chelicerata": 0.0660377358490566,
    "Red_palm_mite": 0.06382978723404255,
    "Cassava": 0.06372549019607843,
    "Hydrophiinae": 0.06349206349206349,
    "Yucca": 0.06349206349206349,
    "Peach": 0.06103286384976526,
    "Cashew": 0.055793991416309016,
    "Almond": 0.05531914893617021,
    "Rakali": 0.0546875,
    "Olive": 0.050980392156862744,
    "Wheat": 0.05078125,
    "River_kingfishers": 0.04838709677419355,
    "Sesame": 0.04814814814814815,
    "Potato": 0.04797047970479705,
    "Mandarin_orange": 0.04659498207885305,
    "Rapeseed": 0.04436860068259386,
    "Andrographis_paniculata": 0.04377104377104377,
    "Latimeria": 0.04375,
    "Oat": 0.04304635761589404,
    "Barley": 0.04153354632587859,
    "Aetosaur": 0.04040404040404041,
    "Nautilus": 0.04020100502512563,
    "Lemon": 0.04,
    "Chondrichthyes": 0.03910614525139665,
    "Bedelliidae": 0.03524229074889868,
    "Caridea": 0.03260869565217391,
    "List_of_countries_by_onion_production": 0.032418952618453865,
    "Onion": 0.032418952618453865,
    "Cetacea": 0.032388663967611336,
    "Metriorhynchidae": 0.03225806451612903,
    "Corvida": 0.03225806451612903,
    "Mollusca": 0.032,
    "Agaricus_subrufescens": 0.031496062992125984,
    "Maize": 0.03117505995203837,
    "Ptychopteridae": 0.02952029520295203,
    "Black-browed_Albatross": 0.029304029304029304,
    "List_of_carnivorous_plant_periodicals": 0.0273972602739726,
    "Dyrosauridae": 0.025380710659898477,
    "Mosasaur": 0.025,
    "Asparagaceae": 0.023008849557522124,
    "Platanaceae": 0.023008849557522124,
    "Amaranthaceae": 0.022887323943661973,
    "Rauisuchidae": 0.022727272727272728,
    "Red_algae": 0.02203856749311295,
    "Retortamonas": 0.020833333333333332,
    "Llama": 0.020512820512820513,
    "Magnoliids": 0.020134228187919462,
    "Placodermi": 0.02,
    "Okapi": 0.019753086419753086,
    "Camelid": 0.019417475728155338,
    "Soybean": 0.01862464183381089,
    "Lycoptera": 0.018518518518518517,
    "Ebola_virus": 0.01824817518248175,
    "List_of_Wikimedia_chapters": 0.01818181818181818,
    "Picornavirus": 0.017902813299232736,
    "Honey_badger": 0.01694915254237288,
    "Spotted_hyena": 0.01694915254237288,
    "Wildcat": 0.016877637130801686,
    "Striped_hyena": 0.016877637130801686,
    "Tiger": 0.016842105263157894,
    "Homo": 0.01680672268907563,
    "Golden_jackal": 0.016771488469601678,
    "Wolverine": 0.016736401673640166,
    "Siberian_weasel": 0.016597510373443983,
    "Least_weasel": 0.01652892561983471,
    "Stoat": 0.01646090534979424,
    "Squamata": 0.0163265306122449,
    "Caninia_(genus)": 0.016129032258064516,
    "Alphavirus": 0.015384615384615385,
    "American_black_bear": 0.015122873345935728,
    "List_of_Canis_species_and_subspecies": 0.014675052410901468,
    "American_mink": 0.014522821576763486,
    "Brown_bear": 0.014336917562724014,
    "Gobiconodon": 0.014234875444839857,
    "Dicynodon": 0.014150943396226415,
    "Red_fox": 0.013961605584642234,
    "Zooniverse_(citizen_science_project)": 0.013888888888888888,
    "List_of_citizen_science_projects": 0.013888888888888888,
    "Plesiosauria": 0.0136986301369863,
    "Sugar_beet": 0.013201320132013201,
    "List_of_Nepenthes_literature": 0.01282051282051282,
    "Middle_East_respiratory_syndrome_coronavirus": 0.010526315789473684
}