{
    "List_of_WWE_Hardcore_Champions": 1.0,
    "List_of_WWE_European_Champions": 0.6928104575163399,
    "WWWF_United_States_Championship": 0.6338028169014085,
    "List_of_World_Heavyweight_Champions_(WWE)": 0.6163522012578616,
    "WWWF_United_States_Tag_Team_Championship": 0.5960264900662252,
    "List_of_WWF_Light_Heavyweight_Champions": 0.5636363636363636,
    "List_of_WWE_Cruiserweight_Champions": 0.5625,
    "List_of_WWE_Champions": 0.5294117647058824,
    "List_of_WWE_Intercontinental_Champions": 0.49765258215962443,
    "List_of_ECW_World_Heavyweight_Champions": 0.4975369458128079,
    "List_of_WWE_Divas_Champions": 0.4838709677419355,
    "List_of_WWE_Women's_Champions": 0.46,
    "List_of_WCW_World_Heavyweight_Champions": 0.4225352112676056,
    "List_of_WWE_Tag_Team_Champions": 0.4007936507936508,
    "List_of_WCW_World_Tag_Team_Champions": 0.3930131004366812,
    "List_of_World_Tag_Team_Champions_(WWE)": 0.3556231003039514,
    "WWF_Junior_Heavyweight_Championship": 0.3488372093023256,
    "WWF_International_Tag_Team_Championship": 0.3488372093023256,
    "List_of_WWE_United_States_Champions": 0.3333333333333333,
    "List_of_former_championships_in_WWE": 0.28391167192429023,
    "Money_in_the_Bank_ladder_match": 0.10026385224274406,
    "WWE_Diva_Search": 0.09821428571428571,
    "The_Undertaker": 0.07181719260065289,
    "Bobby_Lashley": 0.07167235494880546,
    "Alberto_Del_Rio": 0.06862745098039216,
    "2007_WWE_Draft": 0.06309148264984227,
    "2004_WWE_Draft_Lottery": 0.06309148264984227,
    "2008_WWE_Draft": 0.06309148264984227,
    "2009_WWE_Draft": 0.06309148264984227,
    "List_of_WWE_alumni_(S\u2013Z)": 0.06309148264984227,
    "List_of_WWE_alumni_(N\u2013R)": 0.06309148264984227,
    "List_of_WWE_alumni_(I\u2013M)": 0.06309148264984227,
    "List_of_WWE_alumni_(D\u2013H)": 0.06309148264984227,
    "List_of_WWE_alumni_(A\u2013C)": 0.06309148264984227,
    "WWE_programs": 0.06309148264984227,
    "Slammy_Award": 0.06309148264984227,
    "2011_WWE_Draft": 0.06309148264984227,
    "WWE_Brand_Extension": 0.06309148264984227,
    "WWE_Books": 0.06191950464396285,
    "List_of_ECW_World_Tag_Team_Champions": 0.0611353711790393,
    "WWE_Hall_of_Fame": 0.06091370558375635,
    "Ken_Shamrock": 0.06091370558375635,
    "The_Miz": 0.059003051881993895,
    "List_of_WCW_pay-per-view_events": 0.0577319587628866,
    "Sam_Muchnick_Memorial_Tournament": 0.05763688760806916,
    "Chyna": 0.0574468085106383,
    "List_of_WWE_pay-per-view_events": 0.05660377358490566,
    "WWE_Superstars": 0.056338028169014086,
    "Bill_Goldberg": 0.05620608899297424,
    "WWE_Battleground": 0.05585106382978723,
    "WWE_Payback": 0.05570291777188329,
    "WWE_The_Music:_The_Beginning": 0.05509641873278237,
    "WWE_Music_Group": 0.05509641873278237,
    "WWE_No_Mercy": 0.0546875,
    "Dwayne_Johnson": 0.05399325084364454,
    "The_Nexus_(professional_wrestling)": 0.05303030303030303,
    "List_of_video_games_in_the_WWE_Games_series": 0.05181347150259067,
    "WWE_2K": 0.05181347150259067,
    "SummerSlam": 0.05172413793103448,
    "Survivor_Series": 0.051597051597051594,
    "Matthew_Riddle": 0.051070840197693576,
    "Royal_Rumble": 0.05034324942791762,
    "Rey_Mysterio": 0.05026455026455026,
    "List_of_WCW_World_Television_Champions": 0.04924242424242424,
    "WrestleMania": 0.048484848484848485,
    "List_of_WCW_Hardcore_Champions": 0.04824561403508772,
    "Hulk_Hogan": 0.0462085308056872,
    "List_of_WWE_personnel": 0.04601769911504425,
    "Tables,_Ladders,_and_Chairs_match": 0.045454545454545456,
    "The_Brawl_to_End_It_All": 0.044444444444444446,
    "Brock_Lesnar": 0.043740573152337855,
    "ECW_Midwest_Massacre_Tour": 0.04365079365079365,
    "WWE_Classics_on_Demand": 0.04291845493562232,
    "David_Arquette": 0.04242424242424243,
    "List_of_World_Championship_Wrestling_alumni": 0.04225352112676056,
    "WarGames_match": 0.04225352112676056,
    "Boston_Brawl": 0.042134831460674156,
    "L.A._Melee": 0.042134831460674156,
    "World_Championship_Wrestling": 0.04207573632538569,
    "Florida_Championship_Wrestling": 0.041666666666666664,
    "Smoky_Mountain_Wrestling": 0.0411522633744856,
    "Dragon_Gate_USA": 0.03929273084479371,
    "WCW_Hall_of_Fame": 0.03879310344827586,
    "Vampiro": 0.036608863198458574,
    "WWE_Tough_Enough": 0.03628601921024546,
    "WCW_United_States_Tag_Team_Championship": 0.035842293906810034,
    "List_of_TNA_World_Heavyweight_Champions": 0.03557312252964427,
    "List_of_ECW_World_Television_Champions": 0.035175879396984924,
    "Ohio_Valley_Wrestling": 0.033112582781456956,
    "ECW_(WWE)": 0.032210834553440704,
    "List_of_NWA_World_Tag_Team_Champions": 0.029940119760479042,
    "Konnan": 0.029649595687331536,
    "List_of_TNA_World_Tag_Team_Champions": 0.029605263157894735,
    "British_Commonwealth_Junior_Heavyweight_Championship": 0.027624309392265192,
    "Maria_Menounos": 0.0267639902676399,
    "Immortal_(professional_wrestling)": 0.025906735751295335,
    "King_of_the_Ring_(2008)": 0.024793388429752067,
    "WWF_The_Wrestling_Classic": 0.024691358024691357,
    "King_of_the_Ring_(1994)": 0.024390243902439025,
    "King_of_the_Ring_(1993)": 0.024390243902439025,
    "IWGP_Heavyweight_Championship": 0.023972602739726026,
    "King_of_the_Ring_(1998)": 0.023715415019762844,
    "King_of_the_Ring_(1996)": 0.023715415019762844,
    "Shayna_Baszler": 0.023696682464454975,
    "King_of_the_Ring_(2000)": 0.023529411764705882,
    "King_of_the_Ring_(2002)": 0.023529411764705882,
    "King_of_the_Ring_(1999)": 0.023529411764705882,
    "British_Open_Tag_Team_Championship": 0.023391812865497075,
    "All-England_Championship": 0.023391812865497075,
    "NWF_Heavyweight_Championship": 0.023076923076923078,
    "NWF_North_American_Heavyweight_Championship": 0.023076923076923078,
    "Ultimate_X_match": 0.022058823529411766,
    "WWE_NXT_(TV_series)": 0.022002200220022004,
    "WWE_NXT": 0.022002200220022004,
    "Psicosis": 0.02197802197802198,
    "NWA_World_Junior_Heavyweight_Championship": 0.021844660194174758,
    "UWA_World_Junior_Light_Heavyweight_Championship": 0.02181818181818182,
    "IWGP_Junior_Heavyweight_Championship": 0.020066889632107024,
    "Sangre_Chicana": 0.0196078431372549,
    "Perro_Aguayo": 0.019390581717451522,
    "IWGP_Tag_Team_Championship": 0.019390581717451522,
    "NWA_International_Junior_Heavyweight_Championship": 0.01904761904761905,
    "NWA_World_Tag_Team_Championship_(San_Francisco_version)": 0.018691588785046728,
    "This_Tuesday_in_Texas": 0.018691588785046728,
    "IWGP_Junior_Heavyweight_Tag_Team_Championship": 0.018461538461538463,
    "Young_Lion_Cup": 0.01818181818181818,
    "WWE_Unforgiven": 0.01809954751131222,
    "WWE_Judgment_Day": 0.01809954751131222,
    "WWE_No_Way_Out": 0.018018018018018018,
    "WWF_Capital_Carnage": 0.018018018018018018,
    "WWE_Capitol_Punishment": 0.018018018018018018,
    "WWF_Invasion": 0.017937219730941704,
    "Over_the_Limit_(2010)": 0.017857142857142856,
    "Over_the_Limit_(2011)": 0.017857142857142856,
    "Over_the_Limit_(2012)": 0.017857142857142856,
    "CWA_World_Tag_Team_Championship_(Germany)": 0.01775147928994083,
    "Villa\u00f1o_III": 0.017699115044247787,
    "Fully_Loaded_(1999)": 0.017699115044247787,
    "Fully_Loaded_(2000)": 0.017699115044247787,
    "New_Year's_Revolution_(2006)": 0.01762114537444934,
    "USWA_World_Tag_Team_Championship": 0.01762114537444934,
    "WWE_Backlash": 0.01762114537444934,
    "One_Night_Stand_(2007)": 0.017543859649122806,
    "Taboo_Tuesday_(2004)": 0.017543859649122806,
    "WWE_The_Bash": 0.017543859649122806,
    "Taboo_Tuesday_(2005)": 0.017467248908296942,
    "The_Great_American_Bash_(2008)": 0.017467248908296942,
    "The_Great_American_Bash_(2004)": 0.017467248908296942,
    "The_Great_American_Bash_(2007)": 0.017391304347826087,
    "The_Great_American_Bash_(2005)": 0.017391304347826087,
    "Night_of_Champions_(2013)": 0.017391304347826087,