{
    "Arcade_game": 1.0,
    "Golden_age_of_arcade_video_games": 1.0,
    "Casino": 0.024691358024691357,
    "Video_game_console_emulator": 0.016666666666666666,
    "2008_in_video_gaming": 0.01509433962264151,
    "2001_in_video_gaming": 0.01509433962264151,
    "2000_in_video_gaming": 0.01509433962264151,
    "1999_in_video_gaming": 0.01509433962264151,
    "1998_in_video_gaming": 0.01509433962264151,
    "1997_in_video_gaming": 0.01509433962264151,
    "1996_in_video_gaming": 0.01509433962264151,
    "1995_in_video_gaming": 0.01509433962264151,
    "2009_in_video_gaming": 0.01509433962264151,
    "List_of_video_games_in_development": 0.01509433962264151,
    "Video_gaming_in_the_Netherlands": 0.01509433962264151,
    "1990s_in_video_gaming": 0.01509433962264151,
    "2010_in_video_gaming": 0.01509433962264151,
    "2011_in_video_gaming": 0.01509433962264151,
    "2006_in_video_gaming": 0.01509433962264151,
    "1980s_in_video_gaming": 0.01509433962264151,
    "Video_gaming_in_Belgium": 0.01509433962264151,
    "2012_in_video_gaming": 0.01509433962264151,
    "2013_in_video_gaming": 0.01509433962264151,
    "2014_in_video_gaming": 0.01509433962264151,
    "2002_in_video_gaming": 0.01509433962264151,
    "2007_in_video_gaming": 0.01509433962264151,
    "2004_in_video_gaming": 0.01509433962264151,
    "2003_in_video_gaming": 0.01509433962264151,
    "2005_in_video_gaming": 0.01509433962264151,
    "2000s_in_video_gaming": 0.01509433962264151,
    "History_of_video_game_consoles_(third_generation)": 0.013559322033898305,
    "History_of_video_game_consoles_(first_generation)": 0.013513513513513514,
    "History_of_video_game_consoles_(fifth_generation)": 0.013289036544850499,
    "History_of_video_game_consoles_(fourth_generation)": 0.013245033112582781,
    "History_of_video_game_consoles_(sixth_generation)": 0.013245033112582781,
    "History_of_video_game_consoles_(second_generation)": 0.012903225806451613
}