{
    "2004_NCAA_Division_I_Men's_Swimming_and_Diving_Championships": 1.0,
    "NCAA_Men's_Division_I_Swimming_and_Diving_Championships": 0.3543859649122807,
    "Ryan_Lochte": 0.05508474576271186,
    "2012_NCAA_Division_I_Women's_Volleyball_Tournament": 0.01020408163265306
}