{
    "1991_Canada_Cup": 1.0,
    "1981_Canada_Cup": 1.0,
    "1984_Canada_Cup": 1.0,
    "2004_World_Cup_of_Hockey_rosters": 1.0,
    "1996_World_Cup_of_Hockey_rosters": 1.0,
    "Summit_Series": 0.2894736842105263,
    "Rexall_Place": 0.041666666666666664,
    "1974\u201375_Houston_Aeros_season": 0.02631578947368421,
    "1974\u201375_Cleveland_Crusaders_season": 0.02631578947368421,
    "1974\u201375_Minnesota_Fighting_Saints_season": 0.02631578947368421,
    "1974\u201375_Indianapolis_Racers_season": 0.02631578947368421,
    "1974\u201375_Phoenix_Roadrunners_season": 0.02631578947368421,
    "1974\u201375_Chicago_Cougars_season": 0.02631578947368421,
    "1974\u201375_San_Diego_Mariners_season": 0.02631578947368421,
    "1974\u201375_Vancouver_Blazers_season": 0.022222222222222223,
    "1974\u201375_Toronto_Toros_season": 0.02127659574468085,
    "1972\u201373_Atlanta_Flames_season": 0.019230769230769232,
    "1974\u201375_Quebec_Nordiques_season": 0.016129032258064516,
    "1972\u201373_California_Golden_Seals_season": 0.014492753623188406,
    "2010\u201311_United_States_women's_national_ice_hockey_team": 0.013513513513513514,
    "1974\u201375_Winnipeg_Jets_season": 0.0125,
    "List_of_NHL_players_with_50-goal_seasons": 0.011904761904761904,
    "List_of_player_salaries_in_the_NHL": 0.011904761904761904,
    "List_of_players_with_five_or_more_goals_in_an_NHL_game": 0.011904761904761904,
    "List_of_players_with_eight_or_more_points_in_an_NHL_game": 0.011904761904761904,
    "List_of_goaltenders_who_have_scored_a_goal_in_an_NHL_game": 0.011904761904761904,
    "List_of_past_NHL_scoring_leaders": 0.011904761904761904,
    "List_of_pre-NHL_seasons": 0.011904761904761904,
    "List_of_NHL_on-ice_officials": 0.011904761904761904,
    "List_of_NHL_players_with_2000_career_penalty_minutes": 0.011904761904761904,
    "List_of_countries_with_their_first_National_Hockey_League_player": 0.011904761904761904,
    "List_of_family_relations_in_the_NHL": 0.011904761904761904,
    "List_of_NHL_goaltenders_with_300_wins": 0.011904761904761904,
    "List_of_NHL_players_with_500_consecutive_games_played": 0.011904761904761904,
    "NHL_All-Rookie_Team": 0.011904761904761904,
    "List_of_NHL_players_with_1000_points": 0.011904761904761904,
    "List_of_NHL_players_with_500_goals": 0.011904761904761904,
    "List_of_NHL_players_with_1000_assists": 0.011904761904761904,
    "List_of_NHL_statistical_leaders": 0.011904761904761904,
    "List_of_NHL_players_with_100-point_seasons": 0.011904761904761904,
    "List_of_NHL_players_with_1000_games_played": 0.011904761904761904,
    "List_of_international_ice_hockey_competitions_featuring_NHL_players": 0.011904761904761904,
    "1974\u201375_WHA_season": 0.011764705882352941,
    "Hockey_Manitoba": 0.011627906976744186,
    "List_of_Canadian_national_ice_hockey_team_rosters": 0.011627906976744186,
    "1974\u201375_New_England_Whalers_season": 0.011494252873563218,
    "1972\u201373_Minnesota_North_Stars_season": 0.011235955056179775,
    "National_Hockey_Association": 0.010752688172043012,
    "Russian_Hockey_League": 0.010526315789473684,
    "2009\u201310_United_States_women's_national_ice_hockey_team": 0.010309278350515464
}