{
    "List_of_Fiesta_Bowl_broadcasters": 1.0,
    "List_of_Orange_Bowl_broadcasters": 0.8994708994708994,
    "List_of_Sugar_Bowl_broadcasters": 0.6427350427350428,
    "List_of_Chick-fil-A_Bowl_broadcasters": 0.6079447322970639,
    "List_of_Cotton_Bowl_Classic_broadcasters": 0.6070796460176991,
    "List_of_Outback_Bowl_broadcasters": 0.5907473309608541,
    "List_of_Las_Vegas_Bowl_broadcasters": 0.3906810035842294,
    "List_of_Sun_Bowl_broadcasters": 0.33274647887323944,
    "2010_Gator_Bowl": 0.31432973805855163,
    "College_Football_Playoff": 0.31101511879049676,
    "Bowl_Championship_Series": 0.29404145077720206,
    "List_of_Fight_Hunger_Bowl_broadcasters": 0.17153284671532848,
    "College_Football_on_NBCSN": 0.16729559748427672,
    "List_of_Liberty_Bowl_broadcasters": 0.11623931623931624,
    "List_of_Russell_Athletic_Bowl_broadcasters": 0.1037567084078712,
    "List_of_Little_Caesars_Pizza_Bowl_broadcasters": 0.09689213893967093,
    "List_of_Aloha_Bowl_broadcasters": 0.0965391621129326,
    "List_of_Armed_Forces_Bowl_broadcasters": 0.09618874773139746,
    "Sun_Bowl": 0.0959349593495935,
    "List_of_New_Orleans_Bowl_broadcasters": 0.09584086799276673,
    "List_of_Hawaii_Bowl_broadcasters": 0.09515260323159784,
    "List_of_GoDaddy.com_Bowl_broadcasters": 0.09481216457960644,
    "List_of_Famous_Idaho_Potato_Bowl_broadcasters": 0.0944741532976827,
    "Orange_Bowl": 0.09387755102040816,
    "Belk_Bowl": 0.09197324414715718,
    "List_of_Independence_Bowl_broadcasters": 0.09153713298791019,
    "Fiesta_Bowl": 0.08936170212765958,
    "Rose_Bowl_Game": 0.08785529715762273,
    "Cotton_Bowl_Classic": 0.07894736842105263,
    "Sugar_Bowl": 0.06887417218543046,
    "List_of_Gator_Bowl_broadcasters": 0.05667506297229219,
    "Gator_Bowl": 0.05667506297229219,
    "Capital_One_Bowl": 0.05500705218617771,
    "List_of_Ohio_State_Buckeyes_bowl_games": 0.05013927576601671,
    "List_of_Oklahoma_Sooners_bowl_games": 0.049575070821529746,
    "List_of_USC_Trojans_bowl_games": 0.04936530324400564,
    "List_of_Penn_State_Nittany_Lions_bowl_games": 0.04456824512534819,
    "Mercedes-Benz_Superdome": 0.04350828729281768,
    "List_of_Alabama_Crimson_Tide_bowl_games": 0.0427807486631016,
    "List_of_Tennessee_Volunteers_bowl_games": 0.032303370786516857,
    "Liberty_Bowl": 0.030063291139240507,
    "BCS_National_Championship_Game": 0.03,
    "List_of_Miami_Hurricanes_bowl_games": 0.02962962962962963,
    "List_of_UCLA_Bruins_bowl_games": 0.026865671641791045,
    "AFCA_National_Championship_Trophy": 0.025688073394495414,
    "List_of_Washington_Huskies_bowl_games": 0.025495750708215296,
    "List_of_Clemson_Tigers_bowl_games": 0.02390998593530239,
    "List_of_Arizona_State_Sun_Devils_bowl_games": 0.022288261515601784,
    "Chick-fil-A_Bowl": 0.020752269779507133,
    "Las_Vegas_Bowl": 0.019261637239165328,
    "List_of_Stanford_Cardinal_bowl_games": 0.018922852983988356,
    "List_of_West_Virginia_Mountaineers_bowl_games": 0.018465909090909092,
    "Fox_College_Football": 0.01818181818181818,
    "List_of_Michigan_State_Spartans_bowl_games": 0.017316017316017316,
    "2009_Senior_Bowl": 0.01730103806228374,
    "Outback_Bowl": 0.017218543046357615,
    "List_of_Syracuse_Orange_bowl_games": 0.017118402282453638,
    "List_of_Virginia_Tech_Hokies_bowl_games": 0.017094017094017096,
    "List_of_Oregon_Ducks_bowl_games": 0.017069701280227598,
    "List_of_North_Carolina_Tar_Heels_bowl_games": 0.017045454545454544,
    "Saturday_Night_Football": 0.016331658291457288,
    "2010_East\u2013West_Shrine_Game": 0.01559792027729636,
    "2010_Senior_Bowl": 0.015544041450777202,
    "Russell_Athletic_Bowl": 0.01485148514851485,
    "List_of_Texas_Tech_Red_Raiders_bowl_games": 0.014598540145985401,
    "List_of_Wisconsin_Badgers_bowl_games": 0.01422475106685633,
    "2005\u201306_NCAA_football_bowl_games": 0.013719512195121951,
    "2009\u201310_NCAA_football_bowl_games": 0.013636363636363636,
    "Fight_Hunger_Bowl": 0.013422818791946308,
    "List_of_Maryland_Terrapins_bowl_games": 0.01293103448275862,
    "List_of_Utah_Utes_bowl_games": 0.011577424023154847,
    "Holiday_Bowl": 0.011254019292604502,
    "Tampa_Stadium": 0.011131725417439703,
    "2012_Senior_Bowl": 0.010273972602739725
}