{
    "Take_That_Presents:_The_Circus_Live": 1.0,
    "Progress_Live": 1.0,
    "Take_That_discography": 1.0,
    "Beautiful_World_Tour_2007": 1.0,
    "Love_Love_(Take_That_song)": 0.9875,
    "Greatest_Hits_(Take_That_album)": 0.9875,
    "Nobody_Else": 0.9875,
    "Everything_Changes_(Take_That_album)": 0.9875,
    "Babe_(Take_That_song)": 0.9875,
    "Everything_Changes_(Take_That_song)": 0.9875,
    "Sure_(Take_That_song)": 0.9875,
    "The_Flood_(Take_That_song)": 0.9753086419753086,
    "Kidz_(song)": 0.9753086419753086,
    "Love_Ain't_Here_Anymore": 0.9753086419753086,
    "List_of_songs_recorded_by_Take_That": 0.7821782178217822,
    "For_the_Fans_Tour": 0.6422764227642277,
    "Gary_Barlow": 0.6422764227642277,
    "The_Circus_(Take_That_album)": 0.5602836879432624,
    "Beautiful_World_(Take_That_album)": 0.5602836879432624,
    "Progress_(Take_That_album)": 0.5231788079470199,
    "Pray_(Take_That_song)": 0.5064102564102564,
    "Shine_(Take_That_song)": 0.5064102564102564,
    "Patience_(Take_That_song)": 0.4759036144578313,
    "Relight_My_Fire": 0.3185483870967742,
    "Everything_Changes_Tour": 0.26421404682274247,
    "Party_Tour_(Take_That_concert_tour)": 0.26421404682274247,
    "Pops_Tour": 0.26421404682274247,
    "Take_That": 0.26421404682274247,
    "Never_Ever_(All_Saints_song)": 0.031914893617021274,
    "Waiting_All_Night": 0.03125,
    "Don't_Stop_Movin'_(S_Club_7_song)": 0.03076923076923077,
    "Relax_(song)": 0.028169014084507043,
    "Tinie_Tempah": 0.02553191489361702,
    "She's_the_One_(World_Party_song)": 0.02510460251046025,
    "List_of_songs_written_by_Gary_Barlow": 0.025,
    "Gary_Barlow:_In_Concert": 0.025,
    "What_Makes_You_Beautiful": 0.024896265560165973,
    "Wannabe_(song)": 0.024896265560165973,
    "Open_Road_(Gary_Barlow_album)": 0.024793388429752067,
    "Forever_Love_(Gary_Barlow_song)": 0.02459016393442623,
    "Everybody_Wants_to_Rule_the_World": 0.021352313167259787,
    "Shame_(Robbie_Williams_song)": 0.020833333333333332,
    "Angels_(Robbie_Williams_song)": 0.02054794520547945,
    "West_End_Girls": 0.019672131147540985,
    "Rock_DJ": 0.01929260450160772,
    "Life_for_Rent": 0.019138755980861243,
    "Calvin_Harris": 0.0189873417721519,
    "JLS": 0.01891891891891892,
    "Karma_Chameleon": 0.018691588785046728,
    "Come_On_Eileen": 0.018575851393188854,
    "Speed_of_Sound_(song)": 0.018404907975460124,
    "List_of_Depeche_Mode_tours": 0.0182370820668693,
    "See_You_Tour": 0.0182370820668693,
    "Ladies_&_Gentlemen:_The_Best_of_George_Michael": 0.01775147928994083,
    "Take_the_Crown_Stadium_Tour": 0.01652892561983471,
    "Sing_When_You're_Winning": 0.01639344262295082,
    "Reality_Killed_the_Video_Star": 0.01639344262295082,
    "Take_the_Crown_(album)": 0.01639344262295082,
    "Enjoy_the_Silence": 0.015915119363395226,
    "Curtain_Call:_The_Hits": 0.015873015873015872,
    "Spirit_(Leona_Lewis_album)": 0.015789473684210527,
    "Our_Version_of_Events": 0.015625,
    "Never_Gonna_Give_You_Up": 0.015306122448979591,
    "Will_Young": 0.014705882352941176,
    "I_Dreamed_a_Dream_(album)": 0.013605442176870748,
    "Dido_(singer)": 0.013513513513513514,
    "Another_Day_in_Paradise": 0.01276595744680851,
    "Christmas_(Michael_Bubl\u00e9_album)": 0.012605042016806723,
    "Love_Won't_Wait": 0.012048192771084338,
    "The_Immaculate_Collection": 0.01195219123505976,
    "List_of_UK_Albums_Chart_Christmas_number_ones": 0.011278195488721804,
    "Robbie_Williams_discography": 0.011235955056179775,
    "In_and_Out_of_Consciousness:_Greatest_Hits_1990\u20132010": 0.0111731843575419,
    "List_of_songs_in_SingStar_games_(PlayStation_2)": 0.01098901098901099,
    "List_of_songs_in_SingStar_games_(PlayStation_3)": 0.01098901098901099,
    "List_of_downloadable_songpacks_for_the_SingStar_series": 0.01098901098901099,
    "List_of_downloadable_Swedish_songs_for_the_SingStar_series": 0.01098901098901099,
    "List_of_downloadable_French_songs_for_the_SingStar_series": 0.01098901098901099,
    "List_of_downloadable_German_songs_for_the_SingStar_series": 0.01098901098901099,
    "SingStar_Guitar": 0.01098901098901099,
    "SingStar_Dance": 0.01098901098901099,
    "Skyfall_(song)": 0.01079136690647482,
    "What's_Left_of_Me_(song)": 0.010752688172043012,
    "Tainted_Love": 0.010471204188481676,
    "Brit_Awards": 0.01020408163265306
}