{
    "Pittsburgh_Panthers_men's_basketball": 1.0,
    "Pittsburgh_Panthers_baseball": 0.5430711610486891,
    "Pittsburgh_Panthers_football": 0.42836041358936483,
    "Drue_Heinz_Literature_Prize": 0.34393638170974156,
    "List_of_University_of_Pittsburgh_buildings": 0.33081285444234404,
    "2008\u201309_Pittsburgh_Panthers_men's_basketball_team": 0.26095617529880477,
    "2009\u201310_Pittsburgh_Panthers_men's_basketball_team": 0.26095617529880477,
    "2010\u201311_Pittsburgh_Panthers_men's_basketball_team": 0.26095617529880477,
    "Pittsburgh_Panthers": 0.2548476454293629,
    "Pittsburgh_Marathon": 0.25298804780876494,
    "Dapper_Dan_Charities": 0.25298804780876494,
    "Sports_in_Pittsburgh": 0.2314647377938517,
    "Pittsburgh_Shamrocks": 0.1873156342182891,
    "Atlantic_Coast_Conference_men's_basketball": 0.18326693227091634,
    "2007\u201308_Atlantic_Coast_Conference_men's_basketball_season": 0.18326693227091634,
    "Atlantic_Coast_Conference_Men's_Basketball_Rookie_of_the_Year": 0.18326693227091634,
    "2006\u201307_Atlantic_Coast_Conference_men's_basketball_season": 0.18326693227091634,
    "Duquesne_Dukes_men's_basketball": 0.1792717086834734,
    "2008\u201309_Atlantic_Coast_Conference_men's_basketball_season": 0.17293233082706766,
    "Miami_Hurricanes_men's_basketball": 0.1507293354943274,
    "Pittsburgh_Riverhounds": 0.14430665163472378,
    "Atlantic_Coast_Conference_Men's_Basketball_Coach_of_the_Year": 0.1435257410296412,
    "Louisville_Cardinals_men's_basketball": 0.141321044546851,
    "Boston_College_Eagles_men's_basketball": 0.1404833836858006,
    "Wake_Forest_Demon_Deacons_men's_basketball": 0.14006024096385541,
    "NC_State_Wolfpack_men's_basketball": 0.13901345291479822,
    "Atlantic_Coast_Conference_Men's_Basketball_Player_of_the_Year": 0.13813813813813813,
    "Florida_State_Seminoles_men's_basketball": 0.13656387665198239,
    "Pittsburgh_Steelers": 0.1331945889698231,
    "North_Carolina_Tar_Heels_men's_basketball": 0.12952646239554316,
    "Virginia_Tech_Hokies_men's_basketball": 0.1279229711141678,
    "ACC_Men's_Basketball_Tournament": 0.12551159618008187,
    "Syracuse_Orange_men's_basketball": 0.12550607287449392,
    "Notre_Dame_Fighting_Irish_men's_basketball": 0.12185430463576159,
    "Steagles": 0.061452513966480445,
    "Oakland_Athletics": 0.0297029702970297,
    "Leonard_Hamilton": 0.026984126984126985,
    "2008_Pittsburgh_Panthers_football_team": 0.02635658914728682,
    "1981_Pittsburgh_Panthers_football_team": 0.02635658914728682,
    "1982_Pittsburgh_Panthers_football_team": 0.02635658914728682,
    "1987_Pittsburgh_Panthers_football_team": 0.02635658914728682,
    "2003_Pittsburgh_Panthers_football_team": 0.02635658914728682,
    "1980_Pittsburgh_Panthers_football_team": 0.02635658914728682,
    "1975_Pittsburgh_Panthers_football_team": 0.02635658914728682,
    "1979_Pittsburgh_Panthers_football_team": 0.02635658914728682,
    "1973_Pittsburgh_Panthers_football_team": 0.02635658914728682,
    "2009_Pittsburgh_Panthers_football_team": 0.02635658914728682,
    "1984_Pittsburgh_Panthers_football_team": 0.02635658914728682,
    "2000_Pittsburgh_Panthers_football_team": 0.02635658914728682,
    "1988_Pittsburgh_Panthers_football_team": 0.02635658914728682,
    "1989_Pittsburgh_Panthers_football_team": 0.02635658914728682,
    "1990_Pittsburgh_Panthers_football_team": 0.02635658914728682,
    "1991_Pittsburgh_Panthers_football_team": 0.02635658914728682,
    "1986_Pittsburgh_Panthers_football_team": 0.02635658914728682,
    "1985_Pittsburgh_Panthers_football_team": 0.02635658914728682,
    "1983_Pittsburgh_Panthers_football_team": 0.02635658914728682,
    "1992_Pittsburgh_Panthers_football_team": 0.02635658914728682,
    "1993_Pittsburgh_Panthers_football_team": 0.02635658914728682,
    "1994_Pittsburgh_Panthers_football_team": 0.02635658914728682,
    "1995_Pittsburgh_Panthers_football_team": 0.02635658914728682,
    "1996_Pittsburgh_Panthers_football_team": 0.02635658914728682,
    "1997_Pittsburgh_Panthers_football_team": 0.02635658914728682,
    "1998_Pittsburgh_Panthers_football_team": 0.02635658914728682,
    "1999_Pittsburgh_Panthers_football_team": 0.02635658914728682,
    "2001_Pittsburgh_Panthers_football_team": 0.02635658914728682,
    "2002_Pittsburgh_Panthers_football_team": 0.02635658914728682,
    "2005_Pittsburgh_Panthers_football_team": 0.02635658914728682,
    "2006_Pittsburgh_Panthers_football_team": 0.02635658914728682,
    "2007_Pittsburgh_Panthers_football_team": 0.02635658914728682,
    "2011_Pittsburgh_Panthers_football_team": 0.02635658914728682,
    "2012_Pittsburgh_Panthers_football_team": 0.02635658914728682,
    "1978_Pittsburgh_Panthers_football_team": 0.02635658914728682,
    "2013_Pittsburgh_Panthers_football_team": 0.02635658914728682,
    "1974_Pittsburgh_Panthers_football_team": 0.02635658914728682,
    "1977_Pittsburgh_Panthers_football_team": 0.02635658914728682,
    "List_of_Pittsburgh_Panthers_football_All-Americans": 0.02635658914728682,
    "List_of_Pittsburgh_Panthers_head_football_coaches": 0.02535211267605634,
    "2004_Pittsburgh_Panthers_football_team": 0.025036818851251842,
    "2010_Pittsburgh_Panthers_football_team": 0.025036818851251842,
    "Jim_Larra\u00f1aga": 0.023319615912208505,
    "1931_Pittsburgh_Panthers_football_team": 0.023192360163710776,
    "1929_Pittsburgh_Panthers_football_team": 0.02312925170068027,
    "1936_Pittsburgh_Panthers_football_team": 0.023066485753052916,
    "1937_Pittsburgh_Panthers_football_team": 0.022941970310391364,
    "1976_Pittsburgh_Panthers_football_team": 0.022696929238985315,
    "Black_and_Yellow": 0.020682523267838676,
    "Pittsburgh_Steelers_All-Time_Team": 0.015552099533437015,
    "Philadelphia_Spinners": 0.015151515151515152,
    "Right_Here,_Right_Now_(Fatboy_Slim_song)": 0.014684287812041116,
    "Philadelphia_Phoenix_(AUDL)": 0.014388489208633094,
    "1969_Pittsburgh_Steelers_season": 0.013888888888888888,
    "1968_Pittsburgh_Steelers_season": 0.013869625520110958,
    "1971_Pittsburgh_Steelers_season": 0.013679890560875513,
    "1972_Pittsburgh_Steelers_season": 0.013679890560875513,
    "1970_Pittsburgh_Steelers_season": 0.01366120218579235,
    "1980_Pittsburgh_Steelers_season": 0.01366120218579235,
    "1981_Pittsburgh_Steelers_season": 0.01366120218579235,
    "1985_Pittsburgh_Steelers_season": 0.01366120218579235,
    "1986_Pittsburgh_Steelers_season": 0.01366120218579235,
    "1990_Pittsburgh_Steelers_season": 0.01366120218579235,
    "1991_Pittsburgh_Steelers_season": 0.01366120218579235,
    "1993_Pittsburgh_Steelers_season": 0.01366120218579235,
    "1994_Pittsburgh_Steelers_season": 0.01366120218579235,
    "1976_Pittsburgh_Steelers_season": 0.013642564802182811,
    "1982_Pittsburgh_Steelers_season": 0.013642564802182811,
    "1984_Pittsburgh_Steelers_season": 0.013642564802182811,
    "1987_Pittsburgh_Steelers_season": 0.013642564802182811,
    "1997_Pittsburgh_Steelers_season": 0.013623978201634877,
    "1996_Pittsburgh_Steelers_season": 0.013623978201634877,
    "1998_Pittsburgh_Steelers_season": 0.013623978201634877,
    "List_of_Pittsburgh_Steelers_seasons": 0.013623978201634877,
    "2001_Pittsburgh_Steelers_season": 0.013605442176870748,
    "1999_Pittsburgh_Steelers_season": 0.01358695652173913,
    "Ravens\u2013Steelers_rivalry": 0.013568521031207599,
    "2010_Pittsburgh_Steelers_season": 0.013568521031207599,
    "2004_Pittsburgh_Steelers_season": 0.013550135501355014,
    "2003_Pittsburgh_Steelers_season": 0.013550135501355014,
    "2009_Pittsburgh_Steelers_season": 0.013550135501355014,
    "2006_Pittsburgh_Steelers_season": 0.013550135501355014,
    "1933_Pittsburgh_Pirates_(NFL)_season": 0.013531799729364006,
    "List_of_Pittsburgh_Steelers_first-round_draft_picks": 0.013513513513513514,
    "2013_Pittsburgh_Steelers_season": 0.013513513513513514,
    "Bengals\u2013Steelers_rivalry": 0.013422818791946308,
    "1946_Pittsburgh_Pirates_season": 0.01335113484646195,