{
    "United_States_House_of_Representatives_elections,_1896": 1.0,
    "List_of_special_elections_in_California_to_the_United_States_House_of_Representatives": 0.5153846153846153,
    "United_States_House_of_Representatives_elections,_1890": 0.5153846153846153,
    "United_States_House_of_Representatives_elections,_1888": 0.5153846153846153,
    "United_States_House_of_Representatives_elections,_1870": 0.5153846153846153,
    "United_States_House_of_Representatives_elections,_1868": 0.5153846153846153,
    "United_States_House_of_Representatives_elections,_1866": 0.5153846153846153,
    "United_States_House_of_Representatives_elections,_1864": 0.5153846153846153,
    "United_States_House_of_Representatives_elections,_1862": 0.5153846153846153,
    "United_States_House_of_Representatives_elections,_1860": 0.5153846153846153,
    "List_of_special_elections_to_the_United_States_House_of_Representatives_in_New_York": 0.5153846153846153,
    "List_of_special_elections_to_the_United_States_House_of_Representatives_in_South_Carolina": 0.5153846153846153,
    "United_States_House_of_Representatives_elections,_1858": 0.5153846153846153,
    "United_States_House_of_Representatives_elections,_1836": 0.5153846153846153,
    "United_States_House_of_Representatives_elections,_1834": 0.5153846153846153,
    "United_States_House_of_Representatives_elections,_1830": 0.5153846153846153,
    "United_States_House_of_Representatives_elections,_1824": 0.5153846153846153,
    "United_States_House_of_Representatives_elections,_1822": 0.5153846153846153,
    "United_States_House_of_Representatives_elections,_1820": 0.5153846153846153,
    "United_States_House_of_Representatives_elections,_1818": 0.5153846153846153,
    "United_States_House_of_Representatives_elections,_1816": 0.5153846153846153,
    "United_States_House_of_Representatives_elections,_1814": 0.5153846153846153,
    "United_States_House_of_Representatives_elections,_1798": 0.5153846153846153,
    "United_States_House_of_Representatives_elections,_1796": 0.5153846153846153,
    "United_States_House_of_Representatives_elections,_1794": 0.5153846153846153,
    "United_States_House_of_Representatives_elections,_1792": 0.5153846153846153,
    "United_States_House_of_Representatives_elections,_1790": 0.5153846153846153,
    "United_States_House_of_Representatives_elections_in_Pennsylvania,_1802": 0.45475113122171945,
    "Special_elections_to_the_110th_United_States_Congress": 0.44666666666666666,
    "United_States_House_of_Representatives_elections_in_Pennsylvania,_1812": 0.44666666666666666,
    "United_States_House_of_Representatives_elections,_1826": 0.4407894736842105,
    "United_States_House_of_Representatives_elections_in_Pennsylvania,_1808": 0.43982494529540483,
    "Special_elections_to_the_111th_United_States_Congress": 0.43790849673202614,
    "United_States_House_of_Representatives_elections_in_Pennsylvania,_1810": 0.43790849673202614,
    "United_States_House_of_Representatives_elections,_1854": 0.432258064516129,
    "United_States_House_of_Representatives_elections,_1956": 0.4276595744680851,
    "United_States_House_of_Representatives_elections,_1802": 0.40853658536585363,
    "United_States_House_of_Representatives_elections,_1806": 0.4068825910931174,
    "United_States_House_of_Representatives_elections,_1810": 0.4044265593561368,
    "United_States_House_of_Representatives_elections,_1988": 0.40119760479041916,
    "United_States_House_of_Representatives_elections,_1804": 0.40119760479041916,
    "United_States_House_of_Representatives_elections,_1800": 0.40039840637450197,
    "United_States_House_of_Representatives_elections,_1808": 0.3996023856858847,
    "United_States_House_of_Representatives_elections,_1984": 0.39723320158102765,
    "United_States_House_of_Representatives_elections,_1812": 0.3956692913385827,
    "United_States_House_of_Representatives_elections,_1974": 0.3933463796477495,
    "United_States_House_of_Representatives_elections,_1926": 0.38953488372093026,
    "United_States_House_of_Representatives_elections,_2000": 0.38878143133462284,
    "United_States_House_of_Representatives_elections,_1934": 0.38803088803088803,
    "United_States_House_of_Representatives_elections,_1918": 0.38803088803088803,
    "United_States_House_of_Representatives_elections,_1930": 0.3857965451055662,
    "United_States_House_of_Representatives_elections,_1936": 0.384321223709369,
    "United_States_House_of_Representatives_elections,_1920": 0.384321223709369,
    "United_States_House_of_Representatives_elections,_1914": 0.384321223709369,
    "United_States_House_of_Representatives_elections,_1932": 0.38285714285714284,
    "United_States_House_of_Representatives_elections,_1924": 0.38285714285714284,
    "United_States_House_of_Representatives_elections,_1838": 0.3806818181818182,
    "United_States_House_of_Representatives_elections,_1986": 0.37924528301886795,
    "United_States_House_of_Representatives_elections,_1978": 0.3771106941838649,
    "United_States_House_of_Representatives_elections,_1912": 0.37153419593345655,
    "United_States_House_of_Representatives_elections,_1832": 0.366120218579235,
    "United_States_House_of_Representatives_elections,_1894": 0.36528028933092227,
    "United_States_House_of_Representatives_elections,_1872": 0.36347197106690776,
    "United_States_House_of_Representatives_elections,_1828": 0.3595706618962433,
    "United_States_House_of_Representatives_elections,_1992": 0.35701598579040855,
    "United_States_House_of_Representatives_elections,_1976": 0.3544973544973545,
    "United_States_House_of_Representatives_elections,_1922": 0.3544973544973545,
    "United_States_House_of_Representatives_elections,_1996": 0.3538732394366197,
    "United_States_House_of_Representatives_elections,_1980": 0.3532513181019332,
    "United_States_House_of_Representatives_elections,_1994": 0.3489583333333333,
    "United_States_House_of_Representatives_elections,_1892": 0.3489583333333333,
    "United_States_House_of_Representatives_elections,_1990": 0.34536082474226804,
    "United_States_House_of_Representatives_elections,_1998": 0.34476843910806176,
    "United_States_House_of_Representatives_elections,_1972": 0.34125636672325976,
    "United_States_House_of_Representatives_elections,_1966": 0.33952702702702703,
    "United_States_House_of_Representatives_elections,_2002": 0.33895446880269814,
    "United_States_House_of_Representatives_elections,_1954": 0.335559265442404,
    "United_States_House_of_Representatives_elections,_1952": 0.335559265442404,
    "United_States_House_of_Representatives_elections,_1964": 0.335,
    "United_States_House_of_Representatives_elections,_1970": 0.3338870431893688,
    "United_States_House_of_Representatives_elections,_1962": 0.3316831683168317,
    "United_States_House_of_Representatives_elections,_1960": 0.3316831683168317,
    "United_States_House_of_Representatives_elections,_2004": 0.3278955954323002,
    "United_States_House_of_Representatives_elections,_1916": 0.3241935483870968,
    "United_States_House_of_Representatives_elections,_1928": 0.3210862619808307,
    "United_States_House_of_Representatives_elections,_1942": 0.3180379746835443,
    "United_States_House_of_Representatives_elections,_1938": 0.3165354330708661,
    "United_States_House_of_Representatives_elections,_1982": 0.315541601255887,
    "United_States_House_of_Representatives_elections,_1944": 0.30781010719754975,
    "United_States_House_of_Representatives_elections,_1958": 0.3040847201210287,
    "United_States_House_of_Representatives_elections,_2012": 0.2968980797636632,
    "United_States_House_of_Representatives_elections,_2006": 0.2925764192139738,
    "United_States_House_of_Representatives_elections,_2010": 0.2921511627906977,
    "United_States_House_of_Representatives_elections,_2008": 0.28879310344827586,
    "United_States_House_of_Representatives_elections,_1968": 0.28270042194092826,