{
    "Plesiosauria": 1.0,
    "Salamander": 0.03007518796992481,
    "Aetosaur": 0.02952029520295203,
    "Chelicerata": 0.024822695035460994,
    "Pomatiopsidae": 0.024691358024691357,
    "Stone-curlew": 0.02459016393442623,
    "Aspidodiadematidae": 0.02459016393442623,
    "Oystercatcher": 0.024489795918367346,
    "Argonaut_(animal)": 0.024489795918367346,
    "Metriorhynchidae": 0.024390243902439025,
    "White_Wagtail": 0.023809523809523808,
    "Bivalvia": 0.023255813953488372,
    "Dyrosauridae": 0.021621621621621623,
    "Leptostraca": 0.021505376344086023,
    "Squamata": 0.021212121212121213,
    "Mononegavirales": 0.020833333333333332,
    "Latimeria": 0.020833333333333332,
    "Brucella": 0.02066115702479339,
    "Orconectes": 0.020491803278688523,
    "Cyrtodactylus": 0.02040816326530612,
    "Rauisuchidae": 0.020356234096692113,
    "Penaeus": 0.02032520325203252,
    "Boletaceae": 0.020161290322580645,
    "Beech_marten": 0.020080321285140562,
    "Southern_Giant_Petrel": 0.02,
    "Chondrichthyes": 0.01971830985915493,
    "Platanus": 0.01968503937007874,
    "Red_Kite": 0.01968503937007874,
    "Rakali": 0.019672131147540985,
    "Northern_Fulmar": 0.0196078431372549,
    "Lettuce": 0.01953125,
    "Cetacea": 0.018912529550827423,
    "Mollusca": 0.018779342723004695,
    "Placodermi": 0.01876675603217158,
    "Mosasaur": 0.01871657754010695,
    "Goldfish": 0.018315018315018316,
    "Cabbage": 0.017921146953405017,
    "Phytosaur": 0.01697792869269949,
    "Huffmanela": 0.01680672268907563,
    "Hydrophiinae": 0.016736401673640166,
    "Caridea": 0.016666666666666666,
    "Bartonella": 0.016597510373443983,
    "Staphylococcus_haemolyticus": 0.01652892561983471,
    "Eois": 0.01652892561983471,
    "Nectophrynoides": 0.01652892561983471,
    "Takifugu": 0.01652892561983471,
    "Coenobita": 0.01646090534979424,
    "Anaxyrus": 0.01646090534979424,
    "List_of_Tuber_(fungus)_species": 0.01639344262295082,
    "Cophixalus": 0.01639344262295082,
    "Vipera": 0.01639344262295082,
    "Apricot": 0.01639344262295082,
    "Lithops": 0.0163265306122449,
    "Coleophora": 0.016194331983805668,
    "Amaranthus_brownii": 0.016194331983805668,
    "Rufous_Fantail": 0.016129032258064516,
    "Dodecatheon": 0.01606425702811245,
    "Guarana": 0.01606425702811245,
    "Amelanchier_alnifolia": 0.016,
    "Castilleja": 0.01593625498007968,
    "Nautilus": 0.015915119363395226,
    "Lentil": 0.015810276679841896,
    "Spinach": 0.015748031496062992,
    "Chickpea": 0.015748031496062992,
    "Pinus_sabiniana": 0.01568627450980392,
    "Date_palm": 0.01556420233463035,
    "Common_fig": 0.015151515151515152,
    "Periodical_cicadas": 0.015151515151515152,
    "Lycoptera": 0.01488095238095238,
    "Lilium": 0.014492753623188406,
    "Primates_of_Colombia": 0.014319809069212411,
    "Notosuchia": 0.013916500994035786,
    "Prunus_cerasus": 0.013793103448275862,
    "Heliamphora": 0.0136986301369863,
    "Strawberry": 0.013651877133105802,
    "Asclepias": 0.013404825737265416,
    "Ptychopteridae": 0.013363028953229399,
    "Pear": 0.013245033112582781,
    "Gobiconodon": 0.013186813186813187,
    "Red_algae": 0.012962962962962963,
    "Dicynodon": 0.012953367875647668,
    "Sphenosuchia": 0.012755102040816327,
    "Caninia_(genus)": 0.012711864406779662,
    "Corvida": 0.012658227848101266,
    "River_kingfishers": 0.012605042016806723,
    "Fistulinella": 0.012345679012345678,
    "Xerocomellus": 0.012345679012345678,
    "Bedelliidae": 0.012315270935960592,
    "Calostoma": 0.012295081967213115,
    "Homo": 0.012269938650306749,
    "Schinia": 0.012244897959183673,
    "Wolverine": 0.012232415902140673,
    "Pistachio": 0.012195121951219513,
    "Sweet_potato": 0.0121580547112462,
    "Okapi": 0.012027491408934709,
    "Peanut": 0.012012012012012012,
    "Eurasian_Treecreeper": 0.01195219123505976,
    "Camelid": 0.011884550084889643,
    "Phaseolus_vulgaris": 0.011764705882352941,
    "Wheat": 0.011363636363636364,
    "Tomato": 0.011235955056179775,
    "Black-browed_Albatross": 0.011061946902654867,
    "Theobroma_cacao": 0.011049723756906077,
    "Red_palm_mite": 0.01098901098901099,
    "Pteranodon": 0.010948905109489052,
    "Honey_badger": 0.01078582434514638,
    "Spotted_hyena": 0.01078582434514638,
    "Wildcat": 0.010752688172043012,
    "Striped_hyena": 0.010752688172043012,
    "Tiger": 0.010736196319018405,
    "Yucca": 0.010723860589812333,
    "List_of_Canis_species_and_subspecies": 0.010719754977029096,
    "Golden_jackal": 0.010703363914373088,
    "Red_fox": 0.010680907877169559,
    "Siberian_weasel": 0.010622154779969651,
    "Least_weasel": 0.01059001512859304,
    "Stoat": 0.010558069381598794,
    "Rye": 0.010554089709762533,
    "Rapeseed": 0.010482180293501049,
    "Cassava": 0.010282776349614395,
    "Peach": 0.010050251256281407
}