{
    "Roads_in_Ukraine": 1.0,
    "State_Highways_(Ukraine)": 1.0,
    "European_route_E97": 0.3572984749455338,
    "List_of_roads_in_Iceland": 0.27876106194690264,
    "Roads_in_Ireland": 0.27876106194690264,
    "List_of_National_Roads_in_Latvia": 0.27876106194690264,
    "Motorways_in_the_Republic_of_Ireland": 0.22340425531914893,
    "Roads_in_Serbia": 0.2079207920792079,
    "Highways_in_Greece": 0.1662269129287599,
    "Highways_in_Spain": 0.09936908517350158,
    "European_route_E751": 0.0392156862745098,
    "European_route_E27": 0.0392156862745098,
    "European_route_E62": 0.0392156862745098,
    "European_route_E314": 0.0392156862745098,
    "European_route_E34": 0.0392156862745098,
    "European_route_E42": 0.0392156862745098,
    "European_route_E71": 0.0392156862745098,
    "European_route_E45": 0.0392156862745098,
    "European_route_E59": 0.0392156862745098,
    "European_route_E73": 0.0392156862745098,
    "Bundesautobahn_27": 0.02748091603053435,
    "Autopista_AP-68": 0.022249690976514216,
    "List_of_streets_and_roads_in_Hong_Kong": 0.020676691729323307,
    "Highways_in_the_Philippines": 0.014157014157014158
}