{
    "Panasonic_Wild_Knights": 1.0,
    "2007\u201308_Top_League": 0.40512820512820513,
    "2009\u201310_Top_League": 0.40512820512820513,
    "2008\u201309_Top_League": 0.40512820512820513,
    "2010\u201311_Top_League": 0.40512820512820513,
    "Suntory_Sungoliath": 0.3237704918032787,
    "Kobe_Steel_Kobelco_Steelers": 0.31983805668016196,
    "Top_League": 0.2872727272727273,
    "Fukuoka_Sanix_Blues": 0.2872727272727273,
    "2011\u201312_Top_League": 0.2564102564102564,
    "2012\u201313_Top_League": 0.2564102564102564,
    "Toshiba_Brave_Lupus": 0.24382716049382716,
    "All-Japan_University_Rugby_Championship": 0.15897435897435896,
    "Micro_Four_Thirds_system": 0.15671641791044777,
    "Toyota_Verblitz": 0.1225114854517611,
    "Gamba_Osaka": 0.08213820078226858,
    "Japan_national_rugby_union_team": 0.05201342281879195,
    "North_vs_South_rugby_union_match": 0.019672131147540985,
    "Heartland_Championship": 0.018018018018018018,
    "High-definition_video": 0.017964071856287425,
    "Japan_national_men's_squash_team": 0.017921146953405017,
    "Welsh_Premier_Division": 0.01764705882352941,
    "Rugby_Pro_D2": 0.01744186046511628,
    "ITM_Cup": 0.01652892561983471,
    "Australian_club_championship_rugby_union": 0.0158311345646438,
    "Super_Rugby": 0.015748031496062992,
    "Campeonato_Argentino": 0.015584415584415584,
    "Japan_at_the_Asian_Games": 0.015384615384615385,
    "Divisi\u00f3n_de_Honor_de_Rugby": 0.015037593984962405,
    "List_of_Australian_club_rugby_union_competitions": 0.014527845036319613,
    "Japan_national_basketball_team": 0.014044943820224719,
    "1973_Japan_rugby_union_tour_of_Wales,_England_and_France": 0.013927576601671309,
    "Rugby-Bundesliga": 0.013824884792626729,
    "1976_Japan_rugby_union_tour_of_Europe": 0.013812154696132596,
    "Japan_national_rugby_league_team": 0.013333333333333334,
    "European_Challenge_Cup": 0.01276595744680851,
    "Japan_national_under-20_football_team": 0.01272264631043257,
    "List_of_Sega_software_development_studios": 0.012594458438287154,
    "Currie_Cup": 0.012396694214876033,
    "2009_IRB_Pacific_Nations_Cup": 0.012345679012345678,
    "Japan_men's_national_volleyball_team": 0.012048192771084338,
    "Top_14": 0.011787819253438114,
    "Heineken_Cup": 0.011764705882352941,
    "Japan_women's_national_volleyball_team": 0.01126126126126126,
    "Pro_12": 0.011235955056179775,
    "Japan_Fed_Cup_team": 0.011013215859030838,
    "RFU_Championship": 0.01056338028169014,
    "Japan_at_the_Paralympics": 0.010548523206751054,
    "English_Premiership_(rugby_union)": 0.010238907849829351
}