{
    "List_of_The_Simpsons_Treehouse_of_Horror_episodes": 1.0,
    "Gump_Roast": 0.43434343434343436,
    "Another_Simpsons_Clip_Show": 0.4215686274509804,
    "The_Simpsons_(season_19)": 0.2233502538071066,
    "The_Simpsons_(season_20)": 0.2222222222222222,
    "The_Simpsons_(season_16)": 0.2222222222222222,
    "The_Simpsons_(season_12)": 0.2222222222222222,
    "The_Simpsons_(season_22)": 0.22110552763819097,
    "The_Simpsons_(season_23)": 0.22110552763819097,
    "The_Simpsons_(season_24)": 0.22110552763819097,
    "The_Simpsons_(season_25)": 0.22110552763819097,
    "The_Simpsons_(season_17)": 0.22110552763819097,
    "The_Simpsons_(season_18)": 0.22110552763819097,
    "The_Simpsons_(season_15)": 0.22110552763819097,
    "The_Simpsons_(season_14)": 0.22110552763819097,
    "The_Simpsons_(season_13)": 0.22110552763819097,
    "The_Simpsons_(season_11)": 0.22110552763819097,
    "The_Simpsons_(season_5)": 0.22110552763819097,
    "The_Simpsons_(season_4)": 0.22110552763819097,
    "The_Simpsons_(season_2)": 0.22110552763819097,
    "The_Simpsons_(season_21)": 0.22,
    "The_Simpsons_(season_10)": 0.22,
    "The_Simpsons_(season_3)": 0.21890547263681592,
    "The_Simpsons_(season_9)": 0.21782178217821782,
    "The_Simpsons_(season_8)": 0.21782178217821782,
    "The_Simpsons_(season_7)": 0.21782178217821782,
    "The_Simpsons_(season_6)": 0.21782178217821782,
    "List_of_The_Simpsons_cast_members": 0.21348314606741572,
    "List_of_awards_and_nominations_received_by_The_Simpsons": 0.21348314606741572,
    "List_of_The_Simpsons_guest_stars": 0.21348314606741572,
    "List_of_The_Simpsons_writers": 0.21348314606741572,
    "List_of_The_Simpsons_characters": 0.21348314606741572,
    "The_Simpsons_(season_1)": 0.17916666666666667,
    "Sam_Simon": 0.1412639405204461,
    "Klasky_Csupo": 0.08837209302325581,
    "Louie_(season_2)": 0.014598540145985401,
    "Arrested_Development_(season_2)": 0.014388489208633094,
    "Frank's_Place": 0.014285714285714285,
    "List_of_The_Daily_Show_guests_(2003)": 0.011299435028248588,
    "List_of_The_Daily_Show_guests_(2002)": 0.011299435028248588,
    "TCA_Award_for_Outstanding_Achievement_in_Comedy": 0.011235955056179775,
    "The_Big_Bang_Theory_(season_2)": 0.010416666666666666,
    "The_Big_Bang_Theory_(season_6)": 0.010050251256281407
}