{
    "List_of_cities_and_towns_in_Gauteng": 1.0,
    "List_of_cities_and_towns_in_Mpumalanga": 0.6612903225806451,
    "List_of_cities_and_towns_in_Limpopo": 0.6612903225806451,
    "List_of_municipalities_in_Gauteng": 0.5616438356164384,
    "List_of_municipalities_in_Limpopo": 0.5308641975308642,
    "List_of_municipalities_in_the_Eastern_Cape": 0.524390243902439,
    "List_of_municipalities_in_the_Northern_Cape": 0.4942528735632184,
    "List_of_municipalities_in_Mpumalanga": 0.4939759036144578,
    "List_of_municipalities_in_the_North_West": 0.4880952380952381,
    "List_of_municipalities_in_the_Free_State": 0.47674418604651164,
    "List_of_municipalities_in_the_Western_Cape": 0.44565217391304346,
    "Districts_of_South_Africa": 0.3467741935483871,
    "List_of_municipalities_in_KwaZulu-Natal": 0.3445378151260504,
    "List_of_municipalities_in_South_Africa": 0.2986111111111111,
    "Ekurhuleni_Metropolitan_Municipality": 0.2358490566037736,
    "Provinces_of_South_Africa": 0.16796875,
    "List_of_populated_places_in_South_Africa": 0.13442622950819672,
    "City_of_Tshwane_Metropolitan_Municipality": 0.08,
    "Merafong_City_Local_Municipality": 0.07368421052631578,
    "Germiston": 0.06956521739130435,
    "Emfuleni_Local_Municipality": 0.06593406593406594,
    "Port_Elizabeth": 0.061224489795918366,
    "Buffalo_City_Metropolitan_Municipality": 0.0594059405940594,
    "Amahlathi_Local_Municipality": 0.0594059405940594,
    "Nkonkobe_Local_Municipality": 0.0594059405940594,
    "Central_Karoo_District_Municipality": 0.058823529411764705,
    "Local_Municipality_of_Madibeng": 0.058823529411764705,
    "City_of_Matlosana": 0.058823529411764705,
    "Maluti-a-Phofung_Local_Municipality": 0.05813953488372093,
    "Kopanong_Local_Municipality": 0.05813953488372093,
    "Makhado_Local_Municipality": 0.05555555555555555,
    "List_of_shopping_centres_in_South_Africa": 0.05325443786982249,
    "Joe_Gqabi_District_Municipality": 0.05,
    "Cape_Winelands_District_Municipality": 0.048,
    "Overberg_District_Municipality": 0.04411764705882353,
    "West_Coast_District_Municipality": 0.04195804195804196,
    "Emalahleni_Local_Municipality,_Mpumalanga": 0.04065040650406504,
    "Eden_District_Municipality": 0.040268456375838924,
    "Hibiscus_Coast_Local_Municipality": 0.039473684210526314,
    "Govan_Mbeki_Local_Municipality": 0.03875968992248062,
    "Kou-Kamma_Local_Municipality": 0.0375,
    "Kouga_Local_Municipality": 0.0375,
    "Ndlambe_Local_Municipality": 0.0375,
    "Vehicle_registration_plates_of_South_Africa": 0.028368794326241134,
    "City_of_Johannesburg_Metropolitan_Municipality": 0.02511415525114155,
    "Funchal": 0.023474178403755867,
    "Djibouti_(city)": 0.02145922746781116,
    "Johannesburg": 0.020491803278688523,
    "Tunisia_at_the_1999_All-Africa_Games": 0.02,
    "South_African_municipal_election,_2011": 0.017543859649122806,
    "South_African_municipal_election,_1995\u20131996": 0.017543859649122806,
    "Accra": 0.016286644951140065,
    "South_African_Ambassador_to_the_United_States": 0.016216216216216217,
    "Nairobi": 0.015584415584415584,
    "FNB_Stadium": 0.015267175572519083,
    "Claudine_Auger": 0.014084507042253521,
    "Desir\u00e9_Wilson": 0.014084507042253521,
    "Soweto": 0.013986013986013986,
    "Cairo": 0.013761467889908258,
    "Africa's_Next_Top_Model_(cycle_1)": 0.013333333333333334,
    "Selima_Sfar": 0.012987012987012988,
    "Lamine_Ouahab": 0.01282051282051282,
    "Chanel_Simmonds": 0.01282051282051282,
    "Malek_Jaziri": 0.01282051282051282,
    "Ibhayi": 0.01282051282051282,
    "N3_road_(South_Africa)": 0.012658227848101266,
    "Minister_of_Defence_and_Military_Veterans": 0.012345679012345678,
    "List_of_rivers_of_South_Africa": 0.012,
    "List_of_postal_codes_in_South_Africa": 0.012,
    "Elite_Panel_of_ICC_Umpires": 0.011235955056179775,
    "Tunis": 0.011160714285714286,
    "South_Africans_in_the_United_Kingdom": 0.010869565217391304,
    "Minister_of_Finance_(South_Africa)": 0.010638297872340425,
    "Minister_of_Health_(South_Africa)": 0.010638297872340425,
    "List_of_National_Assembly_members_of_the_24th_Parliament_of_South_Africa": 0.010526315789473684,
    "Constitution_of_South_Africa": 0.010344827586206896,
    "World_Festival_of_Youth_and_Students": 0.010101010101010102
}