{
    "Mitchell_Bowl": 1.0,
    "Uteck_Bowl": 1.0,
    "Dunsmore_Cup": 1.0,
    "Atlantic_Bowl": 0.8333333333333334,
    "J._P._Metras_Trophy": 0.8333333333333334,
    "Peter_Gorman_Trophy": 0.8333333333333334,
    "Churchill_Bowl": 0.8333333333333334,
    "2008_CIS_football_season": 0.8333333333333334,
    "Russ_Jackson_Award": 0.8333333333333334,
    "2009_CIS_football_season": 0.8333333333333334,
    "2010_CIS_football_season": 0.8333333333333334,
    "2007_CIS_football_season": 0.8333333333333334,
    "2006_CIS_football_season": 0.8333333333333334,
    "2011_CIS_football_season": 0.8333333333333334,
    "2005_CIS_football_season": 0.8333333333333334,
    "2004_CIS_football_season": 0.8333333333333334,
    "Frank_Tindall_Trophy": 0.8333333333333334,
    "2003_CIS_football_season": 0.8333333333333334,
    "2002_CIAU_football_season": 0.8333333333333334,
    "2001_CIAU_football_season": 0.8333333333333334,
    "2000_CIAU_football_season": 0.8333333333333334,
    "2012_CIS_football_season": 0.8333333333333334,
    "2013_CIS_football_season": 0.8333333333333334,
    "Hec_Crighton_Trophy": 0.8333333333333334,
    "Vanier_Cup": 0.6818181818181818,
    "Canadian_Interuniversity_Sport_football": 0.6214689265536724,
    "Saskatchewan_Huskies_football": 0.6011904761904762,
    "Canadian_Interuniversity_Sport": 0.35714285714285715,
    "Atlantic_University_Sport": 0.3532934131736527,
    "Ontario_University_Athletics": 0.3532934131736527,
    "Canada_West_Universities_Athletic_Association": 0.3532934131736527,
    "Queen's_Cup_(ice_hockey)": 0.19767441860465115,
    "CIS_University_Cup": 0.19767441860465115,
    "W._P._McGee_Trophy": 0.15454545454545454,
    "Wilson_Cup_(basketball)": 0.1504424778761062,
    "Canadian_Interuniversity_Sport_men's_soccer_championship": 0.13385826771653545,
    "Canadian_Interuniversity_Sport_women's_soccer_championship": 0.13385826771653545,
    "Canadian_Interuniversity_Sport_men's_soccer": 0.08365019011406843,
    "Canadian_Interuniversity_Sport_women's_ice_hockey": 0.06422018348623854,
    "Canadian_Interuniversity_Sport_women's_soccer": 0.06285714285714286,
    "Joe_Johnson_Memorial_Trophy": 0.05434782608695652,
    "List_of_Saskatchewan_Huskies_football_seasons": 0.02962962962962963,
    "2012_Saskatchewan_Huskies_football_team": 0.02962962962962963,
    "The_Challenge_Trophy": 0.021052631578947368,
    "List_of_soccer_stadiums_in_Canada": 0.021052631578947368,
    "Pacific_Coast_Soccer_League": 0.020100502512562814,
    "Canadian_Soccer_League_(1987\u201392)": 0.019138755980861243,
    "2009_Canadian_Championship": 0.015267175572519083,
    "Canadian_Championship": 0.01509433962264151,
    "Canadian_Soccer_League": 0.01509433962264151,
    "Canadian_Soccer_League_championship_final": 0.01509433962264151,
    "Open_Canada_Cup": 0.014545454545454545,
    "List_of_Carleton_University_people": 0.013605442176870748,
    "List_of_American_and_Canadian_soccer_champions": 0.012903225806451613,
    "Women's_Premier_Soccer_League": 0.011210762331838564,
    "Lloydminster_Bobcats": 0.010830324909747292,
    "2007_United_Soccer_Leagues": 0.0106951871657754,
    "2002_Voyageurs_Cup": 0.010610079575596816,
    "2003_Voyageurs_Cup": 0.010610079575596816,
    "Canada_men's_national_soccer_team_records": 0.010178117048346057
}