{
    "Acapulco": 1.0,
    "Monterrey": 0.012861736334405145,
    "Oaxaca": 0.012195121951219513,
    "West_Bank": 0.011976047904191617,
    "Tamaulipas": 0.011494252873563218,
    "Shelburne,_Ontario": 0.011299435028248588,
    "Uster": 0.01098901098901099,
    "Saddleworth": 0.01092896174863388,
    "Central_Bohemian_Region": 0.01092896174863388,
    "Durango": 0.01079136690647482,
    "Tyrol_(state)": 0.010752688172043012,
    "Wellington_Region": 0.010752688172043012,
    "Northland_region": 0.0106951871657754,
    "Lachute": 0.010638297872340425,
    "Arkhangai_Province": 0.010526315789473684,
    "Dundgovi_Province": 0.010526315789473684,
    "Ciudad_Ju\u00e1rez": 0.010471204188481676,
    "Morin-Heights,_Quebec": 0.010471204188481676,
    "Bayankhongor_Province": 0.010416666666666666,
    "Bulgan_Province": 0.010416666666666666,
    "Dornogovi_Province": 0.010416666666666666,
    "Khentii_Province": 0.010416666666666666,
    "Zavkhan_Province": 0.010416666666666666,
    "Ancash_Region": 0.010362694300518135,
    "Selenge_Province": 0.010362694300518135,
    "Hedmark": 0.010309278350515464,
    "S\u00f8r-Tr\u00f8ndelag": 0.010309278350515464,
    "Nord-Tr\u00f8ndelag": 0.010309278350515464,
    "Dornod_Province": 0.010309278350515464,
    "Govi-Altai_Province": 0.010309278350515464,
    "North_Bay,_Ontario": 0.010256410256410256,
    "Zeeland": 0.01020408163265306
}