{
    "Notre_Dame_Fighting_Irish_men's_basketball": 1.0,
    "Laetare_Medal": 0.3826086956521739,
    "List_of_University_of_Notre_Dame_alumni": 0.3826086956521739,
    "2007\u201308_Notre_Dame_Fighting_Irish_men's_basketball_team": 0.3652173913043478,
    "2008\u201309_Notre_Dame_Fighting_Irish_men's_basketball_team": 0.3652173913043478,
    "2009\u201310_Notre_Dame_Fighting_Irish_men's_basketball_team": 0.3652173913043478,
    "2010\u201311_Notre_Dame_Fighting_Irish_men's_basketball_team": 0.3652173913043478,
    "1990\u201391_Notre_Dame_Fighting_Irish_men's_basketball_team": 0.3652173913043478,
    "Notre_Dame_Fighting_Irish": 0.2755741127348643,
    "Atlantic_Coast_Conference_men's_basketball": 0.26666666666666666,
    "2007\u201308_Atlantic_Coast_Conference_men's_basketball_season": 0.26666666666666666,
    "Atlantic_Coast_Conference_Men's_Basketball_Rookie_of_the_Year": 0.26666666666666666,
    "2006\u201307_Atlantic_Coast_Conference_men's_basketball_season": 0.26666666666666666,
    "2008\u201309_Atlantic_Coast_Conference_men's_basketball_season": 0.24533333333333332,
    "Notre_Dame_Fighting_Irish_football": 0.24220183486238533,
    "Notre_Dame_Fighting_Irish_football_(1980\u201389)": 0.24220183486238533,
    "Notre_Dame_Fighting_Irish_football_(1990\u201399)": 0.24220183486238533,
    "Notre_Dame_Fighting_Irish_football_(1950\u201359)": 0.24220183486238533,
    "Miami_Hurricanes_men's_basketball": 0.19956616052060738,
    "Atlantic_Coast_Conference_Men's_Basketball_Coach_of_the_Year": 0.19008264462809918,
    "Louisville_Cardinals_men's_basketball": 0.1862348178137652,
    "Boston_College_Eagles_men's_basketball": 0.18181818181818182,
    "Wake_Forest_Demon_Deacons_men's_basketball": 0.18110236220472442,
    "Atlantic_Coast_Conference_Men's_Basketball_Player_of_the_Year": 0.1807465618860511,
    "NC_State_Wolfpack_men's_basketball": 0.1793372319688109,
    "Florida_State_Seminoles_men's_basketball": 0.17523809523809525,
    "North_Carolina_Tar_Heels_men's_basketball": 0.16370106761565836,
    "Virginia_Tech_Hokies_men's_basketball": 0.16112084063047286,
    "ACC_Men's_Basketball_Tournament": 0.1597222222222222,
    "Syracuse_Orange_men's_basketball": 0.15726495726495726,
    "Pittsburgh_Panthers_men's_basketball": 0.12185430463576159,
    "Leonard_Hamilton": 0.03375527426160337,
    "Jim_Larra\u00f1aga": 0.02972027972027972,
    "Jesse_Harper": 0.018404907975460124,
    "2004_Notre_Dame_Fighting_Irish_football_team": 0.017408123791102514,
    "Notre_Dame_Fighting_Irish_football_under_Tyrone_Willingham": 0.017408123791102514,
    "2003_Notre_Dame_Fighting_Irish_football_team": 0.017408123791102514,
    "2002_Notre_Dame_Fighting_Irish_football_team": 0.017408123791102514,
    "2008_Notre_Dame_Fighting_Irish_football_team": 0.017408123791102514,
    "Notre_Dame_Fighting_Irish_football_under_Bob_Davie": 0.017408123791102514,
    "List_of_Notre_Dame_Fighting_Irish_starting_quarterbacks": 0.017408123791102514,
    "2009_Notre_Dame_Fighting_Irish_football_team": 0.017408123791102514,
    "1982_Notre_Dame_Fighting_Irish_football_team": 0.017408123791102514,
    "1950_Notre_Dame_Fighting_Irish_football_team": 0.017408123791102514,
    "2010_Notre_Dame_Fighting_Irish_football_team": 0.017408123791102514,
    "1974_Notre_Dame_Fighting_Irish_football_team": 0.017408123791102514,
    "2011_Notre_Dame_Fighting_Irish_football_team": 0.017408123791102514,
    "2012_Notre_Dame_Fighting_Irish_football_team": 0.017408123791102514,
    "1978_Notre_Dame_Fighting_Irish_football_team": 0.017408123791102514,
    "1979_Notre_Dame_Fighting_Irish_football_team": 0.017408123791102514,
    "1976_Notre_Dame_Fighting_Irish_football_team": 0.017408123791102514,
    "1970_Notre_Dame_Fighting_Irish_football_team": 0.017408123791102514,
    "2013_Notre_Dame_Fighting_Irish_football_team": 0.017408123791102514,
    "2005_Notre_Dame_Fighting_Irish_football_team": 0.017408123791102514,
    "2006_Notre_Dame_Fighting_Irish_football_team": 0.017408123791102514,
    "2007_Notre_Dame_Fighting_Irish_football_team": 0.017408123791102514,
    "List_of_Notre_Dame_Fighting_Irish_football_seasons": 0.01717557251908397,
    "1973_Notre_Dame_Fighting_Irish_football_team": 0.01631321370309951,
    "1966_Notre_Dame_Fighting_Irish_football_team": 0.01631321370309951,
    "1949_Notre_Dame_Fighting_Irish_football_team": 0.016286644951140065,
    "1924_Notre_Dame_Fighting_Irish_football_team": 0.016129032258064516,
    "1977_Notre_Dame_Fighting_Irish_football_team": 0.01610305958132045,
    "1943_Notre_Dame_Fighting_Irish_football_team": 0.01607717041800643,
    "1947_Notre_Dame_Fighting_Irish_football_team": 0.016,
    "1988_Notre_Dame_Fighting_Irish_football_team": 0.01592356687898089,
    "Knute_Rockne": 0.015730337078651686,
    "1946_Notre_Dame_Fighting_Irish_football_team": 0.015723270440251572,
    "Gerry_Faust": 0.014962593516209476,
    "Elmer_Layden": 0.014705882352941176,
    "Bob_Davie_(American_football)": 0.01366742596810934,
    "Frank_Longman": 0.013043478260869565,
    "Joe_Kuharich": 0.012,
    "Thomas_A._Barry": 0.012,
    "Dan_Devine": 0.011583011583011582,
    "Heartley_Anderson": 0.011583011583011582,
    "Frank_Leahy": 0.011182108626198083,
    "Tyrone_Willingham": 0.011152416356877323
}