{
    "Diamond_Dogs_Tour": 1.0,
    "List_of_awards_and_nominations_received_by_David_Bowie": 0.9940119760479041,
    "A_Reality_Tour": 0.9940119760479041,
    "Black_Tie_White_Noise": 0.9880952380952381,
    "Best_of_Bowie": 0.9880952380952381,
    "The_Next_Day": 0.9880952380952381,
    "Earthling_(album)": 0.9880952380952381,
    "David_Bowie": 0.19691577698695137,
    "Brian_Eno_discography": 0.031578947368421054,
    "Songs_of_David_Byrne_and_Brian_Eno_Tour": 0.028125,
    "Everything_That_Happens_Will_Happen_Today": 0.028037383177570093,
    "Ashes_to_Ashes_(David_Bowie_song)": 0.02425876010781671,
    "Miss_Sarajevo": 0.019693654266958426,
    "Modern_Love_(song)": 0.01675977653631285,
    "Where_Are_We_Now?": 0.016713091922005572,
    "Appomattox_(opera)": 0.01276595744680851,
    "Hamburger_Hill": 0.011538461538461539
}