{
    "List_of_former_municipalities_of_Switzerland": 1.0,
    "Subdivisions_of_the_canton_of_Bern": 0.673469387755102,
    "List_of_glaciers_in_Switzerland": 0.0234375,
    "Rheintal_(Wahlkreis)": 0.023255813953488372,
    "Swiss_Alps": 0.023255813953488372,
    "List_of_municipalities_of_Switzerland": 0.023255813953488372,
    "Uster": 0.02,
    "Federal_Department_of_Home_Affairs": 0.01818181818181818,
    "Saas-Fee": 0.017543859649122806,
    "Immigration_to_Switzerland": 0.01744186046511628,
    "List_of_islands_of_Switzerland": 0.017241379310344827,
    "List_of_World_Heritage_Sites_in_Switzerland": 0.016666666666666666,
    "List_of_cities_in_Switzerland": 0.016304347826086956,
    "Courtelary_District": 0.016129032258064516,
    "Moutier_District": 0.016129032258064516,
    "Bern_District": 0.016129032258064516,
    "Burgdorf_District": 0.016129032258064516,
    "Crime_in_Switzerland": 0.015706806282722512,
    "Public_holidays_in_Switzerland": 0.015706806282722512,
    "List_of_prisons_in_Switzerland": 0.015706806282722512,
    "Demographics_of_Switzerland": 0.015306122448979591,
    "Municipalities_of_Switzerland": 0.015151515151515152,
    "List_of_lakes_in_Switzerland_by_canton": 0.014423076923076924,
    "List_of_lakes_in_Switzerland": 0.014423076923076924,
    "Education_in_Switzerland": 0.013953488372093023,
    "List_of_political_parties_in_Switzerland": 0.0136986301369863,
    "Swiss_franc": 0.013043478260869565,
    "List_of_Polish_counties": 0.012658227848101266,
    "List_of_mountains_of_Switzerland": 0.012396694214876033,
    "Foreign_relations_of_Switzerland": 0.012396694214876033,
    "Cantons_of_Switzerland": 0.011673151750972763,
    "Geography_of_Switzerland": 0.011673151750972763,
    "List_of_cantonal_executives_of_Switzerland": 0.011363636363636364,
    "List_of_cantonal_legislatures_of_Switzerland": 0.010416666666666666
}