{
    "List_of_museums_in_Louisiana": 1.0,
    "List_of_Louisiana_railroads": 0.5473251028806584,
    "List_of_tallest_buildings_in_Louisiana": 0.5450819672131147,
    "List_of_Louisiana_state_symbols": 0.5362903225806451,
    "Louisiana_statistical_areas": 0.5341365461847389,
    "List_of_Superfund_sites_in_Louisiana": 0.532,
    "List_of_airports_in_Louisiana": 0.5298804780876494,
    "Louisiana_locations_by_per_capita_income": 0.5236220472440944,
    "List_of_cities,_towns,_and_villages_in_Louisiana": 0.5236220472440944,
    "List_of_parishes_in_Louisiana": 0.5155038759689923,
    "List_of_Louisiana_state_historic_sites": 0.46503496503496505,
    "List_of_television_stations_in_Louisiana": 0.4290322580645161,
    "Lake_Charles,_Louisiana": 0.4195583596214511,
    "List_of_National_Historic_Landmarks_in_Louisiana": 0.40797546012269936,
    "National_Register_of_Historic_Places_listings_in_Louisiana": 0.40181268882175225,
    "Capital_punishment_in_Louisiana": 0.40181268882175225,
    "List_of_Louisiana_state_parks": 0.3958333333333333,
    "Lieutenant_Governor_of_Louisiana": 0.3584905660377358,
    "Vehicle_registration_plates_of_Louisiana": 0.321256038647343,
    "List_of_museums_in_Georgia_(U.S._state)": 0.3,
    "List_of_museums_in_Tennessee": 0.3,
    "List_of_open-air_and_living_history_museums_in_the_United_States": 0.3,
    "List_of_museums_in_Washington,_D.C.": 0.23651452282157676,
    "List_of_museums_in_Atlanta": 0.2345679012345679,
    "List_of_museums_in_Wyoming": 0.22745098039215686,
    "List_of_United_States_Representatives_from_Louisiana": 0.22203672787979967,
    "List_of_museums_in_Rhode_Island": 0.21641791044776118,
    "List_of_museums_in_Vermont": 0.21245421245421245,
    "List_of_museums_in_Arizona": 0.20938628158844766,
    "List_of_museums_in_Maine": 0.2078853046594982,
    "List_of_museums_in_New_Jersey": 0.2078853046594982,
    "List_of_museums_in_Delaware": 0.20279720279720279,
    "List_of_Governors_of_Louisiana": 0.20182094081942337,
    "List_of_museums_in_Alaska": 0.19795221843003413,
    "List_of_museums_in_Nevada": 0.19661016949152543,
    "List_of_museums_in_Hawaii": 0.1952054794520548,
    "List_of_museums_in_Montana": 0.19333333333333333,
    "List_of_museums_in_Idaho": 0.1919191919191919,
    "List_of_radio_stations_in_Louisiana": 0.19164265129682997,
    "List_of_museums_in_New_Mexico": 0.1870967741935484,
    "List_of_museums_in_West_Virginia": 0.1864951768488746,
    "List_of_museums_in_Baltimore": 0.18566775244299674,
    "List_of_museums_in_Massachusetts": 0.18152866242038215,
    "List_of_museums_in_Oregon": 0.18125,
    "List_of_museums_in_Oklahoma": 0.17857142857142858,
    "List_of_museums_in_North_Dakota": 0.17737003058103976,
    "List_of_museums_in_Alabama": 0.17682926829268292,
    "List_of_museums_in_Utah": 0.17559523809523808,
    "List_of_museums_in_New_York": 0.17261904761904762,
    "List_of_museums_in_Nebraska": 0.1710914454277286,
    "List_of_museums_in_Washington": 0.1710914454277286,
    "List_of_museums_in_Arkansas": 0.16761363636363635,
    "List_of_museums_in_Ohio": 0.166189111747851,
    "List_of_museums_in_Wisconsin": 0.16111111111111112,
    "List_of_museums_in_South_Dakota": 0.16032608695652173,
    "List_of_museums_in_Iowa": 0.16022099447513813,
    "List_of_museums_in_Indiana": 0.15934065934065933,
    "List_of_museums_in_Mississippi": 0.15803814713896458,
    "List_of_museums_in_South_Carolina": 0.1554959785522788,
    "List_of_museums_in_Maryland": 0.15281501340482573,
    "List_of_museums_in_Missouri": 0.15263157894736842,
    "List_of_museums_in_Minnesota": 0.14948453608247422,
    "List_of_museums_in_Colorado": 0.14910025706940874,
    "List_of_museums_in_Kansas": 0.14871794871794872,
    "List_of_museums_in_Florida": 0.14146341463414633,
    "List_of_museums_in_Connecticut": 0.1407766990291262,
    "List_of_museums_in_Michigan": 0.14074074074074075,
    "List_of_museums_in_Virginia": 0.14039408866995073,
    "Gulf_Coast_of_the_United_States": 0.1346153846153846,
    "List_of_museums_in_Illinois": 0.1277533039647577,
    "List_of_museums_in_Kentucky": 0.12445414847161572,
    "List_of_museums_in_Pennsylvania": 0.12205567451820129,
    "List_of_museums_in_New_Hampshire": 0.11934156378600823,
    "List_of_museums_in_Los_Angeles_County,_California": 0.11850311850311851,
    "List_of_museums_in_California": 0.10412926391382406,
    "List_of_museums_in_the_North_Coast_(California)": 0.10412926391382406,
    "List_of_museums_in_the_California_Central_Coast": 0.09747899159663866,
    "List_of_museums_in_Orange_County,_California": 0.09640522875816994,
    "List_of_museums_in_the_San_Joaquin_Valley": 0.09461663947797716,
    "List_of_museums_in_the_Shasta_Cascade": 0.0928,
    "List_of_museums_in_the_San_Francisco_Bay_Area": 0.08442503639010189,
    "List_of_museums_in_San_Diego_County,_California": 0.08333333333333333,
    "List_of_museums_in_the_Inland_Empire_(California)": 0.0597165991902834,
    "National_Register_of_Historic_Places_listings_in_Jefferson_Parish,_Louisiana": 0.02464788732394366,
    "National_Register_of_Historic_Places_listings_in_Calcasieu_Parish,_Louisiana": 0.017857142857142856,
    "National_Register_of_Historic_Places_listings_in_Terrebonne_Parish,_Louisiana": 0.014134275618374558,
    "Media_in_Shreveport,_Louisiana": 0.013392857142857142,
    "National_Register_of_Historic_Places_listings_in_Tangipahoa_Parish,_Louisiana": 0.013201320132013201,
    "List_of_mayors_of_Shreveport,_Louisiana": 0.012145748987854251,
    "Media_of_New_Orleans": 0.011904761904761904,
    "WJFM": 0.011538461538461539,
    "Louis_Armstrong_New_Orleans_International_Airport": 0.010869565217391304,
    "National_Register_of_Historic_Places_listings_in_Iberia_Parish,_Louisiana": 0.010830324909747292,
    "National_Register_of_Historic_Places_listings_in_St._John_the_Baptist_Parish,_Louisiana": 0.010714285714285714,
    "National_Register_of_Historic_Places_listings_in_Lafourche_Parish,_Louisiana": 0.01048951048951049,
    "National_Register_of_Historic_Places_listings_in_St._Landry_Parish,_Louisiana": 0.010380622837370242,
    "National_Register_of_Historic_Places_listings_in_East_Baton_Rouge_Parish,_Louisiana": 0.010344827586206896,
    "National_Register_of_Historic_Places_listings_in_Caddo_Parish,_Louisiana": 0.010309278350515464,
    "List_of_Oklahoma_state_symbols": 0.010178117048346057,
    "National_Register_of_Historic_Places_listings_in_St._Tammany_Parish,_Louisiana": 0.010135135135135136,
    "List_of_counties_in_Oklahoma": 0.010126582278481013,
    "National_Register_of_Historic_Places_listings_in_Rapides_Parish,_Louisiana": 0.010033444816053512
}