{
    "List_of_museums_in_Nebraska": 1.0,
    "List_of_Nebraska_railroads": 0.5769230769230769,
    "List_of_Nebraska_state_symbols": 0.5660377358490566,
    "Nebraska_statistical_areas": 0.5639097744360902,
    "List_of_lakes_in_Nebraska": 0.5639097744360902,
    "List_of_Carnegie_libraries_in_Nebraska": 0.5617977528089888,
    "List_of_Superfund_sites_in_Nebraska": 0.5617977528089888,
    "List_of_counties_in_Nebraska": 0.5617977528089888,
    "List_of_airports_in_the_Nebraska_Panhandle": 0.5597014925373134,
    "List_of_airports_in_Nebraska": 0.5597014925373134,
    "Nebraska_locations_by_per_capita_income": 0.5535055350553506,
    "List_of_cities_in_Nebraska": 0.5067567567567568,
    "List_of_television_stations_in_Nebraska": 0.4573170731707317,
    "List_of_Governors_of_Nebraska": 0.42613636363636365,
    "National_Register_of_Historic_Places_listings_in_Nebraska": 0.39577836411609496,
    "United_States_congressional_delegations_from_Nebraska": 0.39577836411609496,
    "List_of_United_States_Representatives_from_Nebraska": 0.3740648379052369,
    "List_of_United_States_Senators_from_Nebraska": 0.3614457831325301,
    "Vehicle_registration_plates_of_Nebraska": 0.3480278422273782,
    "Nebraska_Legislature": 0.3456221198156682,
    "List_of_radio_stations_in_Nebraska": 0.336322869955157,
    "List_of_museums_in_Georgia_(U.S._state)": 0.2753623188405797,
    "List_of_museums_in_Tennessee": 0.2753623188405797,
    "List_of_open-air_and_living_history_museums_in_the_United_States": 0.2753623188405797,
    "List_of_museums_in_Washington,_D.C.": 0.22093023255813954,
    "List_of_museums_in_Atlanta": 0.21923076923076923,
    "List_of_museums_in_Wyoming": 0.21323529411764705,
    "List_of_museums_in_Rhode_Island": 0.20350877192982456,
    "List_of_museums_in_Vermont": 0.2,
    "List_of_museums_in_Arizona": 0.19727891156462585,
    "List_of_museums_in_Maine": 0.19594594594594594,
    "List_of_museums_in_New_Jersey": 0.19594594594594594,
    "List_of_museums_in_Delaware": 0.19141914191419143,
    "List_of_museums_in_Alaska": 0.1870967741935484,
    "List_of_museums_in_Nevada": 0.1858974358974359,
    "List_of_museums_in_Hawaii": 0.18446601941747573,
    "List_of_museums_in_Montana": 0.1829652996845426,
    "List_of_museums_in_Idaho": 0.18152866242038215,
    "List_of_museums_in_New_Mexico": 0.17737003058103976,
    "List_of_museums_in_West_Virginia": 0.17682926829268292,
    "List_of_museums_in_Baltimore": 0.17592592592592593,
    "List_of_museums_in_Massachusetts": 0.17220543806646527,
    "List_of_museums_in_Oregon": 0.17210682492581603,
    "List_of_museums_in_Louisiana": 0.1710914454277286,
    "List_of_museums_in_North_Dakota": 0.1686046511627907,
    "List_of_museums_in_Alabama": 0.1681159420289855,
    "List_of_museums_in_New_York": 0.1643059490084986,
    "List_of_museums_in_Utah": 0.1638418079096045,
    "List_of_museums_in_Oklahoma": 0.16338028169014085,
    "List_of_museums_in_Washington": 0.16292134831460675,
    "List_of_museums_in_Iowa": 0.1622340425531915,
    "List_of_museums_in_South_Dakota": 0.15926892950391644,
    "List_of_museums_in_Ohio": 0.15846994535519127,
    "List_of_museums_in_Arkansas": 0.15675675675675677,
    "List_of_museums_in_Wisconsin": 0.15384615384615385,
    "List_of_museums_in_Indiana": 0.15223097112860892,
    "List_of_museums_in_Mississippi": 0.15104166666666666,
    "List_of_museums_in_Missouri": 0.14898989898989898,
    "List_of_museums_in_Minnesota": 0.1488833746898263,
    "List_of_museums_in_South_Carolina": 0.14871794871794872,
    "List_of_museums_in_Maryland": 0.14615384615384616,
    "List_of_museums_in_Kansas": 0.14532019704433496,
    "List_of_museums_in_Colorado": 0.14285714285714285,
    "List_of_museums_in_Florida": 0.1358313817330211,
    "List_of_museums_in_Connecticut": 0.1351981351981352,
    "List_of_museums_in_Michigan": 0.13507109004739337,
    "List_of_museums_in_Virginia": 0.1347517730496454,
    "List_of_museums_in_Illinois": 0.12314225053078556,
    "List_of_museums_in_Kentucky": 0.12,
    "List_of_museums_in_Pennsylvania": 0.11776859504132231,
    "List_of_museums_in_New_Hampshire": 0.11530815109343936,
    "List_of_museums_in_Los_Angeles_County,_California": 0.1144578313253012,
    "List_of_museums_in_California": 0.10104529616724739,
    "List_of_museums_in_the_North_Coast_(California)": 0.10104529616724739,
    "List_of_museums_in_the_California_Central_Coast": 0.09477124183006536,
    "List_of_museums_in_the_San_Joaquin_Valley": 0.09206349206349207,
    "List_of_museums_in_Orange_County,_California": 0.09206349206349207,
    "List_of_museums_in_the_Shasta_Cascade": 0.09034267912772585,
    "List_of_museums_in_the_San_Francisco_Bay_Area": 0.08238636363636363,
    "List_of_museums_in_San_Diego_County,_California": 0.08134642356241234,
    "List_of_museums_in_the_Inland_Empire_(California)": 0.05870646766169154,
    "National_Register_of_Historic_Places_listings_in_Sarpy_County,_Nebraska": 0.015197568389057751,
    "National_Register_of_Historic_Places_listings_in_Scotts_Bluff_County,_Nebraska": 0.012269938650306749,
    "List_of_counties_in_Iowa": 0.011494252873563218,
    "List_of_largest_Iowa_cities_by_population": 0.01141552511415525,
    "Government_of_South_Dakota": 0.011363636363636364,
    "List_of_counties_in_South_Dakota": 0.011312217194570135,
    "List_of_cities_in_South_Dakota": 0.011235955056179775,
    "List_of_cities_in_Iowa": 0.01079913606911447,
    "List_of_Speakers_of_the_South_Dakota_House_of_Representatives": 0.010443864229765013,
    "List_of_places_in_South_Dakota:_A-L": 0.01038961038961039,
    "List_of_places_in_South_Dakota:_M-Z": 0.01038961038961039,
    "McCook_County,_South_Dakota": 0.01015228426395939
}