{
    "Manchu_people": 1.0,
    "Treaty_ports": 0.5636856368563685,
    "Timeline_of_late_anti\u2013Qing_Dynasty_rebellions": 0.5636856368563685,
    "List_of_emperors_of_the_Qing_Dynasty": 0.5636856368563685,
    "Boxer_Protocol": 0.5226130653266332,
    "Sui_people": 0.4092140921409214,
    "Imperial_Tombs_of_the_Ming_and_Qing_Dynasties": 0.3895131086142322,
    "She_people": 0.36561743341404357,
    "Bouyei_people": 0.34872979214780603,
    "Miao_people": 0.34872979214780603,
    "Russians_in_China": 0.334070796460177,
    "Nanai_people": 0.32335329341317365,
    "Tujia_people": 0.3172268907563025,
    "Zhuang_people": 0.3172268907563025,
    "Ethnic_groups_in_Chinese_history": 0.3172268907563025,
    "Evenks": 0.2773972602739726,
    "Demographics_of_China": 0.16881720430107527,
    "List_of_ethnic_groups_in_China": 0.1592741935483871,
    "List_of_Mongolian_states": 0.07929515418502203,
    "Demographics_of_Mongolia": 0.05714285714285714,
    "Ili_Kazakh_Autonomous_Prefecture": 0.03329752953813104,
    "Honghe_Hani_and_Yi_Autonomous_Prefecture": 0.032665964172813484,
    "Dali_Bai_Autonomous_Prefecture": 0.031746031746031744,
    "Ngawa_Tibetan_and_Qiang_Autonomous_Prefecture": 0.030362389813907934,
    "Tibetan_festivals": 0.028735632183908046,
    "Timeline_of_Tibetan_history": 0.028735632183908046,
    "List_of_rulers_of_Tibet": 0.028735632183908046,
    "List_of_emperors_of_Tibet": 0.027726432532347505,
    "East_Asian_Football_Federation": 0.026455026455026454,
    "Tibet_Autonomous_Region": 0.025525525525525526,
    "List_of_Tibetan_writers": 0.024390243902439025,
    "Naga_people": 0.023968042609853527,
    "List_of_ethnic_groups_in_Russia": 0.023952095808383235,
    "List_of_minor_indigenous_peoples_of_Russia": 0.023952095808383235,
    "Azerbaijanis_in_Georgia": 0.023722627737226276,
    "China\u2013Japan\u2013South_Korea_trilateral_summit": 0.022900763358778626,
    "Kurds_in_Russia": 0.02247191011235955,
    "Miyamoto_Musashi": 0.021834061135371178,
    "Armenians_in_Russia": 0.021775544388609715,
    "Turks_in_the_Republic_of_Macedonia": 0.0214168039538715,
    "East_Asian_Games": 0.020833333333333332,
    "History_of_the_Jews_in_Russia": 0.02050473186119874,
    "Chinese_calendar": 0.02021563342318059,
    "Turkic_peoples": 0.020123839009287926,
    "Turkish_people": 0.019471488178025034,
    "Japanese_missions_to_Ming_China": 0.019438444924406047,
    "List_of_World_Heritage_Sites_in_China": 0.018970189701897018,
    "Xinjiang": 0.018641810918774968,
    "Uyghur_language": 0.018158236057068743,
    "Demographics_of_Thailand": 0.01812688821752266,
    "South_Korea": 0.018050541516245487,
    "North_Korea": 0.01762632197414806,
    "Turkic_languages": 0.017453798767967144,
    "Evenki_language": 0.017173051519154558,
    "Timeline_of_the_Turkic_peoples_(500\u20131300)": 0.017152658662092625,
    "Turkology": 0.017152658662092625,
    "Gelao_language": 0.016867469879518072,
    "Xiang_Chinese": 0.01650485436893204,
    "Bahri_dynasty": 0.016260162601626018,
    "Hong_Kong_Cantonese": 0.016069221260815822,
    "Panchen_Lama": 0.015957446808510637,
    "Ethnic_Malays": 0.015189873417721518,
    "International_Organization_of_Turkic_Culture": 0.015060240963855422,
    "History_of_agriculture_in_the_People's_Republic_of_China": 0.01461038961038961,
    "Western_China": 0.01461038961038961,
    "Succession_of_power_in_the_People's_Republic_of_China": 0.01437699680511182,
    "List_of_varieties_of_Chinese": 0.014184397163120567,
    "Mandarin_Chinese": 0.013901760889712697,
    "Dalai_Lama": 0.013876040703052728,
    "Sino-Russian_relations_since_1991": 0.013301088270858524,
    "Arts_of_China": 0.013215859030837005,
    "Public_holidays_in_China": 0.013100436681222707,
    "Borders_of_China": 0.012949640287769784,
    "Nisoish_languages": 0.012759170653907496,
    "Dzungaria": 0.012544802867383513,
    "List_of_dams_and_reservoirs_in_China": 0.012482662968099861,
    "Politics_of_China": 0.012244897959183673,
    "Tarim_Basin": 0.012152777777777778,
    "List_of_mountains_in_China": 0.012145748987854251,
    "Terrorism_in_China": 0.011795543905635648,
    "List_of_Chinese_administrative_divisions_by_population_density": 0.011702127659574468,
    "Provinces_of_China": 0.011702127659574468,
    "Guobiao_standards": 0.011378002528445006,
    "Special_Economic_Zones_of_the_People's_Republic_of_China": 0.011083743842364532,
    "Digital_divide_in_China": 0.010895883777239709,
    "Historical_GDP_of_the_People's_Republic_of_China": 0.01072961373390558,
    "Wenshan_Zhuang_and_Miao_Autonomous_Prefecture": 0.010706638115631691,
    "International_rankings_of_China": 0.01053864168618267,
    "Xinjiang_Production_and_Construction_Corps": 0.010526315789473684,
    "Golf_in_China": 0.010262257696693273,
    "List_of_regions_of_China": 0.010169491525423728,
    "Cross-Strait_relations": 0.010126582278481013,
    "Science_and_technology_in_China": 0.01002227171492205
}