{
    "2008_Campeonato_Ga\u00facho": 1.0,
    "2009_Campeonato_Ga\u00facho": 0.5989010989010989,
    "2010_Campeonato_Ga\u00facho": 0.569060773480663,
    "2011_Campeonato_Ga\u00facho": 0.5,
    "2012_Campeonato_Ga\u00facho": 0.4975609756097561,
    "2013_Campeonato_Ga\u00facho": 0.45535714285714285,
    "2008_Campeonato_Brasileiro_S\u00e9rie_C": 0.2131979695431472,
    "2008_Santos_FC_season": 0.16535433070866143,
    "2008_Campeonato_Brasileiro_S\u00e9rie_A": 0.16216216216216217,
    "2008_in_Brazilian_football": 0.16091954022988506,
    "2008_S\u00e3o_Paulo_F.C._season": 0.15384615384615385,
    "2009_Sociedade_Esportiva_Palmeiras_season": 0.034334763948497854,
    "2009_Campeonato_Brasileiro_S\u00e9rie_C": 0.03404255319148936,
    "2009_Campeonato_Brasileiro_S\u00e9rie_B": 0.0326530612244898,
    "2009_Campeonato_Brasileiro_S\u00e9rie_A": 0.030821917808219176,
    "2009_in_Brazilian_football": 0.030100334448160536,
    "2009_Campeonato_Paulista": 0.029801324503311258,
    "2009_Copa_do_Brasil": 0.02962962962962963,
    "2009_S\u00e3o_Paulo_F.C._season": 0.028846153846153848,
    "2009_Santos_FC_season": 0.027303754266211604,
    "2009_Clube_de_Regatas_do_Flamengo_season": 0.024464831804281346,
    "2009_Campeonato_Brasileiro_S\u00e9rie_D": 0.01939655172413793,
    "2010_in_Brazilian_football": 0.013468013468013467,
    "2010_Campeonato_Brasileiro_S\u00e9rie_A": 0.013333333333333334,
    "2011_in_Brazilian_football": 0.012539184952978056,
    "2012_in_Brazilian_football": 0.0125,
    "2008_Copa_Venezuela": 0.012121212121212121,
    "2013_in_Brazilian_football": 0.011730205278592375,
    "2007_in_Brazilian_football": 0.011494252873563218,
    "2006_in_Brazilian_football": 0.011494252873563218,
    "2005_in_Brazilian_football": 0.011494252873563218,
    "2004_in_Brazilian_football": 0.011494252873563218,
    "2002_in_Brazilian_football": 0.011494252873563218,
    "2003_in_Brazilian_football": 0.011494252873563218,
    "2001_in_Brazilian_football": 0.011494252873563218,
    "2000_in_Brazilian_football": 0.011494252873563218,
    "1999_in_Brazilian_football": 0.011494252873563218,
    "1998_in_Brazilian_football": 0.011494252873563218,
    "1997_in_Brazilian_football": 0.011494252873563218,
    "1996_in_Brazilian_football": 0.011494252873563218,
    "1995_in_Brazilian_football": 0.011494252873563218,
    "1994_in_Brazilian_football": 0.011494252873563218,
    "1993_in_Brazilian_football": 0.011494252873563218,
    "1992_in_Brazilian_football": 0.011494252873563218,
    "1991_in_Brazilian_football": 0.011494252873563218,
    "1990_in_Brazilian_football": 0.011494252873563218,
    "1989_in_Brazilian_football": 0.011494252873563218,
    "1988_in_Brazilian_football": 0.011494252873563218,
    "1987_in_Brazilian_football": 0.011494252873563218,
    "1986_in_Brazilian_football": 0.011494252873563218,
    "1985_in_Brazilian_football": 0.011494252873563218,
    "1984_in_Brazilian_football": 0.011494252873563218,
    "1983_in_Brazilian_football": 0.011494252873563218,
    "1982_in_Brazilian_football": 0.011494252873563218,
    "1981_in_Brazilian_football": 0.011494252873563218,
    "1980_in_Brazilian_football": 0.011494252873563218,
    "1979_in_Brazilian_football": 0.011494252873563218,
    "1978_in_Brazilian_football": 0.011494252873563218,
    "1977_in_Brazilian_football": 0.011494252873563218,
    "1976_in_Brazilian_football": 0.011494252873563218,
    "1975_in_Brazilian_football": 0.011494252873563218,
    "1974_in_Brazilian_football": 0.011494252873563218,
    "1973_in_Brazilian_football": 0.011494252873563218,
    "1972_in_Brazilian_football": 0.011494252873563218,
    "1971_in_Brazilian_football": 0.011494252873563218,
    "1970_in_Brazilian_football": 0.011494252873563218,
    "1969_in_Brazilian_football": 0.011494252873563218,
    "1968_in_Brazilian_football": 0.011494252873563218,
    "1967_in_Brazilian_football": 0.011494252873563218,
    "1966_in_Brazilian_football": 0.011494252873563218,
    "1965_in_Brazilian_football": 0.011494252873563218,
    "1964_in_Brazilian_football": 0.011494252873563218,
    "1963_in_Brazilian_football": 0.011494252873563218,
    "1962_in_Brazilian_football": 0.011494252873563218,
    "1961_in_Brazilian_football": 0.011494252873563218,
    "1960_in_Brazilian_football": 0.011494252873563218,
    "1959_in_Brazilian_football": 0.011494252873563218,
    "1958_in_Brazilian_football": 0.011494252873563218,
    "1957_in_Brazilian_football": 0.011494252873563218,
    "1955_in_Brazilian_football": 0.011494252873563218,
    "1956_in_Brazilian_football": 0.011494252873563218,
    "1954_in_Brazilian_football": 0.011494252873563218,
    "1953_in_Brazilian_football": 0.011494252873563218,
    "1951_in_Brazilian_football": 0.011494252873563218,
    "1952_in_Brazilian_football": 0.011494252873563218,
    "1950_in_Brazilian_football": 0.011494252873563218,
    "1949_in_Brazilian_football": 0.011494252873563218,
    "1948_in_Brazilian_football": 0.011494252873563218,
    "1947_in_Brazilian_football": 0.011494252873563218,
    "1946_in_Brazilian_football": 0.011494252873563218,
    "1945_in_Brazilian_football": 0.011494252873563218,
    "1944_in_Brazilian_football": 0.011494252873563218,
    "1943_in_Brazilian_football": 0.011494252873563218,
    "1942_in_Brazilian_football": 0.011494252873563218,
    "1941_in_Brazilian_football": 0.011494252873563218,
    "1940_in_Brazilian_football": 0.011494252873563218,
    "1939_in_Brazilian_football": 0.011494252873563218,
    "1938_in_Brazilian_football": 0.011494252873563218,
    "1937_in_Brazilian_football": 0.011494252873563218,
    "1936_in_Brazilian_football": 0.011494252873563218,
    "1935_in_Brazilian_football": 0.011494252873563218,
    "1934_in_Brazilian_football": 0.011494252873563218,
    "1933_in_Brazilian_football": 0.011494252873563218,
    "1932_in_Brazilian_football": 0.011494252873563218,
    "1931_in_Brazilian_football": 0.011494252873563218,
    "1930_in_Brazilian_football": 0.011494252873563218,
    "1929_in_Brazilian_football": 0.011494252873563218,
    "1928_in_Brazilian_football": 0.011494252873563218,
    "1927_in_Brazilian_football": 0.011494252873563218,
    "1918_in_Brazilian_football": 0.011494252873563218,
    "2010_Cruzeiro_Esporte_Clube_season": 0.011049723756906077,
    "2007\u201308_Copa_Venezuela": 0.01098901098901099,
    "2010_Campeonato_Pernambucano": 0.010067114093959731
}