{
    "SunExpress": 1.0,
    "Atlasjet": 0.7885117493472585,
    "Turkish_Airlines": 0.7222222222222222,
    "Eurowings": 0.7046979865771812,
    "Surinam_Airways": 0.6945169712793734,
    "Air_Vanuatu": 0.6945169712793734,
    "Insel_Air": 0.6945169712793734,
    "Wataniya_Airways": 0.689119170984456,
    "Sky_Airline": 0.6683417085427136,
    "Mahan_Air": 0.6519607843137255,
    "Air_Burkina": 0.6456310679611651,
    "RwandAir": 0.6440677966101694,
    "Air_Alg\u00e9rie": 0.642512077294686,
    "Air_Seychelles_destinations": 0.6303317535545023,
    "TAROM": 0.6282352941176471,
    "Air_Tanzania_Corporation": 0.6258823529411764,
    "China_Airlines": 0.6114942528735632,
    "Lufthansa": 0.5992438563327032,
    "Cargolux_Italia": 0.5951327433628318,
    "Malaysia_Airlines": 0.5911111111111111,
    "Pakistan_International_Airlines": 0.5911111111111111,
    "Binter_Canarias": 0.5671641791044776,
    "Azul_Brazilian_Airlines": 0.5298804780876494,
    "Aircalin": 0.5225933202357563,
    "Air_Austral": 0.5205479452054794,
    "British_Airways": 0.51434034416826,
    "Cathay_Pacific": 0.5076045627376425,
    "Air_New_Zealand": 0.4864864864864865,
    "Hawaiian_Airlines": 0.48188405797101447,
    "Iberia_(airline)": 0.47771836007130125,
    "FedEx_Express": 0.46503496503496505,
    "KLM": 0.45969125214408235,
    "Precision_Air": 0.4415156507413509,
    "Aeroflot": 0.3929098966026588,
    "Cyprus_Turkish_Airlines": 0.203125,
    "SkyTeam_Cargo": 0.1597051597051597,
    "Qualiflyer": 0.1597051597051597,
    "Lufthansa_destinations": 0.1514360313315927,
    "Lufthansa_CityLine_destinations": 0.1514360313315927,
    "Brussels_Airlines_destinations": 0.1514360313315927,
    "Star_Alliance": 0.12581699346405228,
    "Oneworld": 0.1256198347107438,
    "SkyTeam": 0.12,
    "Turkish_Airlines_destinations": 0.10704960835509138,
    "AnadoluJet_destinations": 0.10704960835509138,
    "Turkish_Airlines_Maintenance_Center": 0.10704960835509138,
    "Sudan_Airways": 0.0988235294117647,
    "List_of_airlines_of_Turkey": 0.06304985337243402,
    "Eritrean_Airlines": 0.06295399515738499,
    "Air_Zimbabwe": 0.061611374407582936,
    "Uganda_Airlines": 0.061465721040189124,
    "West_Air_(China)": 0.05841121495327103,
    "African_Airlines_Association": 0.048903878583473864,
    "East_Star_Airlines": 0.04725897920604915,
    "List_of_airlines_of_China": 0.04391891891891892,
    "List_of_airlines_of_People's_Republic_of_China": 0.04391891891891892,
    "Deutsche_Luft_Hansa": 0.03125,
    "List_of_airlines_of_Germany": 0.029585798816568046,
    "Martinair_Cargo_destinations": 0.0234192037470726,
    "Transavia.com_destinations": 0.022540983606557378,
    "Hainan_Airlines_destinations": 0.02040816326530612,
    "Avianca_destinations": 0.01990049751243781,
    "Lanzhou\u2013Xinjiang_Railway": 0.019880715705765408,
    "Linjeflyg": 0.019762845849802372,
    "China_Railway_Corporation": 0.01953125,
    "List_of_stations_on_Qinghai\u2013Tibet_Railway": 0.019120458891013385,
    "Scandinavian_Airlines_destinations": 0.018867924528301886,
    "List_of_aircraft_operated_by_Scandinavian_Airlines": 0.018867924528301886,
    "List_of_Scandinavian_Airlines_accidents_and_incidents": 0.018867924528301886,
    "SAS_Group": 0.018823529411764704,
    "List_of_aircraft_operated_by_Wider\u00f8e": 0.018518518518518517,
    "List_of_Wider\u00f8e_destinations": 0.018518518518518517,
    "Macau_International_Airport": 0.018083182640144666,
    "Charles_de_Gaulle_Airport": 0.016923076923076923,
    "Kiwi_International_Air_Lines": 0.016917293233082706,
    "Ministry_of_Railways_(China)": 0.01680672268907563,
    "List_of_Chinese_aircraft": 0.01620745542949757,
    "Alrosa_Mirny_Air_Enterprise": 0.015748031496062992,
    "RusLine": 0.015748031496062992,
    "ATRAN": 0.015748031496062992,
    "Taimyr_Air_Company": 0.015748031496062992,
    "Dalavia": 0.015748031496062992,
    "Domodedovo_Airlines": 0.015717092337917484,
    "KrasAir": 0.015717092337917484,
    "British_Airways_ethnic_liveries": 0.015250544662309368,
    "British_Airways_destinations": 0.015250544662309368,
    "Imperial_Airways": 0.015250544662309368,
    "Iberia_destinations": 0.015250544662309368,
    "Braathens": 0.015209125475285171,
    "Beijing\u2013Harbin_Railway": 0.015105740181268883,
    "Norwegian_Air_Lines": 0.0148975791433892,
    "Trans_World_Airlines": 0.013996889580093312,
    "List_of_locomotives_in_China": 0.013458950201884253,
    "Lufthansa_Italia": 0.013333333333333334,
    "Urban_rail_transit_in_China": 0.012903225806451613,
    "List_of_airlines_of_Portugal": 0.012838801711840228,
    "Navegacion_y_Servicios_A\u00e9reos_Canarios": 0.01279317697228145,
    "\u00dcr\u00fcmqi_Diwopu_International_Airport": 0.012345679012345678,
    "High-speed_rail_in_China": 0.012224938875305624,
    "List_of_airlines_of_the_United_States": 0.011947431302270013,
    "Baltimore\u2013Washington_International_Airport": 0.011583011583011582,
    "Guangzhou\u2013Shenzhen_Railway": 0.011454753722794959,
    "List_of_airlines_of_France": 0.01125,
    "List_of_airports_in_China": 0.011235955056179775,
    "List_of_airlines_of_Russia": 0.011166253101736972,
    "List_of_VIP_airlines_of_Russia": 0.011166253101736972,
    "Guangzhou_Baiyun_International_Airport": 0.010721247563352826,
    "List_of_the_busiest_airports_in_China": 0.0106951871657754,
    "Shenzhen_Bao'an_International_Airport": 0.01049317943336831,
    "List_of_small_airlines_and_helicopter_airlines_of_Russia": 0.010465116279069767,
    "Beijing_Capital_International_Airport": 0.010351966873706004,
    "List_of_Dragonair_destinations": 0.010025062656641603,
    "Cathay_Pacific_destinations": 0.010025062656641603
}