{
    "T\u014dkai-Kanj\u014d_Expressway": 1.0,
    "Ken-\u014c_Expressway": 0.9797297297297297,
    "Japan_National_Route_1": 0.8,
    "Japan_National_Route_246": 0.8,
    "T\u014dkai-Hokuriku_Expressway": 0.2120689655172414,
    "Higashi-Meihan_Expressway": 0.2120689655172414,
    "T\u014dmei_Expressway": 0.2117039586919105,
    "Hokuriku_Expressway": 0.20777027027027026,
    "Nagano_Expressway": 0.20777027027027026,
    "Ch\u016bbu-\u014cdan_Expressway": 0.20777027027027026,
    "Shin-Meishin_Expressway": 0.20534223706176963,
    "Meishin_Expressway": 0.205,
    "J\u014dshin-etsu_Expressway": 0.20101351351351351,
    "Hokkaid\u014d_Expressway": 0.20101351351351351,
    "Kita-Kant\u014d_Expressway": 0.20101351351351351,
    "Hachinohe_Expressway": 0.20101351351351351,
    "Yamagata_Expressway": 0.20101351351351351,
    "D\u014dt\u014d_Expressway": 0.20101351351351351,
    "T\u014dhoku-Ch\u016b\u014d_Expressway": 0.20101351351351351,
    "Akita_Expressway": 0.20101351351351351,
    "T\u014dhoku_Expressway": 0.20101351351351351,
    "Kan-Etsu_Expressway": 0.20101351351351351,
    "Higashi-Kant\u014d_Expressway": 0.20101351351351351,
    "Tokyo_Gaikan_Expressway": 0.20101351351351351,
    "Ban-etsu_Expressway": 0.20101351351351351,
    "J\u014dban_Expressway": 0.20067453625632378,
    "San'y\u014d_Expressway": 0.1986644407345576,
    "Kyushu_Expressway": 0.1986644407345576,
    "Minamikyushu_Expressway": 0.1986644407345576,
    "Second_Keihan_Highway": 0.055284552845528454
}