{
    "List_of_original_Westlife_songs": 1.0,
    "List_of_Westlife_covers": 1.0,
    "Westlife_discography": 1.0,
    "Back_Home_(Westlife_album)": 0.9922480620155039,
    "Where_We_Are": 0.9922480620155039,
    "Gravity_(Westlife_album)": 0.9922480620155039,
    "Greatest_Hits_(Westlife_album)": 0.9922480620155039,
    "Face_to_Face_(Westlife_album)": 0.9922480620155039,
    "The_Love_Album_(Westlife_album)": 0.9922480620155039,
    "World_of_Our_Own": 0.9922480620155039,
    "Unbreakable:_The_Greatest_Hits_Volume_1": 0.9922480620155039,
    "Turnaround_(Westlife_album)": 0.9922480620155039,
    "Bop_Bop_Baby": 0.828125,
    "Obvious_(Westlife_song)": 0.828125,
    "Unbreakable_(Westlife_song)": 0.828125,
    "Queen_of_My_Heart": 0.828125,
    "Swear_It_Again": 0.828125,
    "When_You're_Looking_Like_That": 0.8217054263565892,
    "I_Lay_My_Love_on_You": 0.8217054263565892,
    "Safe_(Westlife_song)": 0.8217054263565892,
    "World_of_Our_Own_(song)": 0.8217054263565892,
    "Hey_Whatever": 0.8217054263565892,
    "If_I_Let_You_Go": 0.8217054263565892,
    "My_Love_(Westlife_song)": 0.8217054263565892,
    "To_Be_with_You": 0.6708860759493671,
    "World_of_Our_Own_Tour": 0.6336633663366337,
    "List_of_Westlife_concert_tours": 0.6336633663366337,
    "Uptown_Girl": 0.4326530612244898,
    "Allow_Us_to_Be_Frank": 0.4012539184952978,
    "I_Have_a_Dream_(song)": 0.375886524822695,
    "Back_Home_Tour": 0.3046875,
    "Turnaround_Tour": 0.3046875,
    "The_Love_Tour_(Westlife_concert_tour)": 0.3046875,
    "Unbreakable_Tour_(Westlife_concert_tour)": 0.3046875,
    "Number_Ones_Tour_(Westlife_concert_tour)": 0.3046875,
    "Face_to_Face_Tour": 0.3046875,
    "Where_We_Are_Tour_(Westlife)": 0.3046875,
    "Gravity_Tour": 0.3046875,
    "Greatest_Hits_Tour_(Westlife)": 0.3046875,
    "Where_Dreams_Come_True_Tour": 0.3023255813953488,
    "Coast_to_Coast_(Westlife_album)": 0.3023255813953488,
    "Westlife_(album)": 0.3023255813953488,
    "Flying_Without_Wings": 0.25728155339805825,
    "Against_All_Odds_(Take_a_Look_at_Me_Now)": 0.1572700296735905,
    "Eternal_Flame_(song)": 0.015625,
    "Somethin'_Stupid": 0.014962593516209476,
    "Too_Much_(Spice_Girls_song)": 0.01485148514851485,
    "Don't_Turn_Around": 0.014814814814814815,
    "Goodbye_(Spice_Girls_song)": 0.014778325123152709,
    "2_Become_1": 0.014705882352941176,
    "Earth_Song": 0.014184397163120567,
    "Take_My_Breath_Away": 0.01348314606741573,
    "The_Best_(song)": 0.013333333333333334,
    "The_Lettermen": 0.012738853503184714,
    "Keith_Carradine": 0.012224938875305624,
    "Hoagy_Carmichael": 0.011661807580174927,
    "George_Benson_discography": 0.011049723756906077,
    "George_Benson": 0.010899182561307902,
    "Up_Where_We_Belong": 0.010869565217391304,
    "Michael_Bubl\u00e9_discography": 0.010582010582010581,
    "Crazy_Love_Tour": 0.010582010582010581,
    "To_Be_Loved_Tour": 0.010582010582010581,
    "To_Be_Loved": 0.010526315789473684,
    "Everything_(Michael_Bubl\u00e9_song)": 0.010471204188481676,
    "It's_a_Beautiful_Day_(Michael_Bubl\u00e9_song)": 0.010471204188481676,
    "Life_Goes_On_(LeAnn_Rimes_song)": 0.010416666666666666,
    "I_Need_You_(LeAnn_Rimes_song)": 0.010416666666666666,
    "Can't_Fight_the_Moonlight": 0.010362694300518135,
    "Bobby_Womack": 0.01015228426395939
}