{
    "Azul_Brazilian_Airlines": 1.0,
    "Surinam_Airways": 0.6909090909090909,
    "Air_Vanuatu": 0.6909090909090909,
    "Insel_Air": 0.6909090909090909,
    "Wataniya_Airways": 0.6855670103092784,
    "Sky_Airline": 0.665,
    "Mahan_Air": 0.6487804878048781,
    "Air_Burkina": 0.642512077294686,
    "RwandAir": 0.6409638554216868,
    "Air_Alg\u00e9rie": 0.6394230769230769,
    "Atlasjet": 0.6318289786223278,
    "Air_Seychelles_destinations": 0.6273584905660378,
    "Air_Tanzania_Corporation": 0.6229508196721312,
    "TAROM": 0.6214953271028038,
    "China_Airlines": 0.6086956521739131,
    "Malaysia_Airlines": 0.588495575221239,
    "Pakistan_International_Airlines": 0.588495575221239,
    "Cargolux_Italia": 0.5820568927789934,
    "Binter_Canarias": 0.564755838641189,
    "Eurowings": 0.5372233400402414,
    "SunExpress": 0.5298804780876494,
    "Aircalin": 0.5205479452054794,
    "Air_Austral": 0.5185185185185185,
    "British_Airways": 0.5037878787878788,
    "Cathay_Pacific": 0.502835538752363,
    "Turkish_Airlines": 0.49353049907578556,
    "Hawaiian_Airlines": 0.48014440433212996,
    "Air_New_Zealand": 0.4767857142857143,
    "Iberia_(airline)": 0.47079646017699117,
    "FedEx_Express": 0.4634146341463415,
    "Lufthansa": 0.46206896551724136,
    "KLM": 0.45315161839863716,
    "Precision_Air": 0.4353518821603928,
    "Aeroflot": 0.3917525773195876,
    "Total_Linhas_A\u00e9reas": 0.2567287784679089,
    "ASTA_Linhas_A\u00e9reas": 0.2567287784679089,
    "Interbrasil_STAR": 0.2567287784679089,
    "Brava_Linhas_A\u00e9reas": 0.2567287784679089,
    "List_of_airlines_of_Brazil": 0.17893217893217894,
    "SkyTeam_Cargo": 0.15609756097560976,
    "Qualiflyer": 0.15609756097560976,
    "Oneworld": 0.12151067323481117,
    "Star_Alliance": 0.11812297734627832,
    "SkyTeam": 0.11589403973509933,
    "Sudan_Airways": 0.09836065573770492,
    "Eritrean_Airlines": 0.06265060240963856,
    "Air_Zimbabwe": 0.06132075471698113,
    "Uganda_Airlines": 0.0611764705882353,
    "West_Air_(China)": 0.05813953488372093,
    "East_Star_Airlines": 0.047080979284369114,
    "African_Airlines_Association": 0.04522613065326633,
    "List_of_airlines_of_China": 0.04201680672268908,
    "List_of_airlines_of_People's_Republic_of_China": 0.04201680672268908,
    "Martinair_Cargo_destinations": 0.023310023310023312,
    "Transavia.com_destinations": 0.022448979591836733,
    "Lufthansa_destinations": 0.020737327188940093,
    "Lufthansa_CityLine_destinations": 0.020737327188940093,
    "Brussels_Airlines_destinations": 0.020737327188940093,
    "Hainan_Airlines_destinations": 0.02032520325203252,
    "Avianca_destinations": 0.019801980198019802,
    "Lanzhou\u2013Xinjiang_Railway": 0.019801980198019802,
    "China_Railway_Corporation": 0.019455252918287938,
    "List_of_stations_on_Qinghai\u2013Tibet_Railway": 0.01904761904761905,
    "Macau_International_Airport": 0.018018018018018018,
    "Cyprus_Turkish_Airlines": 0.017543859649122806,
    "Deutsche_Luft_Hansa": 0.017543859649122806,
    "Charles_de_Gaulle_Airport": 0.01687116564417178,
    "Kiwi_International_Air_Lines": 0.016853932584269662,
    "Ministry_of_Railways_(China)": 0.01675041876046901,
    "List_of_Chinese_aircraft": 0.01615508885298869,
    "Alrosa_Mirny_Air_Enterprise": 0.01568627450980392,
    "RusLine": 0.01568627450980392,
    "ATRAN": 0.01568627450980392,
    "Taimyr_Air_Company": 0.01568627450980392,
    "Dalavia": 0.01568627450980392,
    "Domodedovo_Airlines": 0.015655577299412915,
    "KrasAir": 0.015655577299412915,
    "List_of_airlines_of_Germany": 0.015503875968992248,
    "Beijing\u2013Harbin_Railway": 0.015060240963855422,
    "Scandinavian_Airlines_destinations": 0.014018691588785047,
    "List_of_aircraft_operated_by_Scandinavian_Airlines": 0.014018691588785047,
    "List_of_Scandinavian_Airlines_accidents_and_incidents": 0.014018691588785047,
    "SAS_Group": 0.013986013986013986,
    "Trans_World_Airlines": 0.013953488372093023,
    "List_of_aircraft_operated_by_Wider\u00f8e": 0.013761467889908258,
    "List_of_Wider\u00f8e_destinations": 0.013761467889908258,
    "Linjeflyg": 0.0136986301369863,
    "List_of_locomotives_in_China": 0.013422818791946308,
    "British_Airways_ethnic_liveries": 0.012987012987012988,
    "British_Airways_destinations": 0.012987012987012988,
    "Imperial_Airways": 0.012987012987012988,
    "Iberia_destinations": 0.012987012987012988,
    "Urban_rail_transit_in_China": 0.01287001287001287,
    "List_of_airlines_of_Portugal": 0.012802275960170697,
    "Navegacion_y_Servicios_A\u00e9reos_Canarios": 0.012738853503184714,
    "\u00dcr\u00fcmqi_Diwopu_International_Airport": 0.012315270935960592,
    "High-speed_rail_in_China": 0.012195121951219513,
    "List_of_airlines_of_the_United_States": 0.011918951132300357,
    "Baltimore\u2013Washington_International_Airport": 0.011538461538461539,
    "Guangzhou\u2013Shenzhen_Railway": 0.011428571428571429,
    "Braathens": 0.011320754716981131,
    "List_of_airlines_of_France": 0.011221945137157107,
    "List_of_airports_in_China": 0.011210762331838564,
    "List_of_airlines_of_Russia": 0.011138613861386138,
    "List_of_VIP_airlines_of_Russia": 0.011138613861386138,
    "List_of_airlines_of_Turkey": 0.011126564673157162,
    "Norwegian_Air_Lines": 0.011090573012939002,
    "Guangzhou_Baiyun_International_Airport": 0.010700389105058366,
    "List_of_the_busiest_airports_in_China": 0.010672358591248666,
    "Shenzhen_Bao'an_International_Airport": 0.010471204188481676,
    "List_of_small_airlines_and_helicopter_airlines_of_Russia": 0.010440835266821345,
    "Beijing_Capital_International_Airport": 0.010330578512396695
}