{
    "List_of_world_records_in_swimming": 1.0,
    "Mare_Nostrum_(swimming)": 0.6781002638522428,
    "List_of_German_records_in_swimming": 0.6781002638522428,
    "List_of_Pan_American_Games_records_in_swimming": 0.6781002638522428,
    "List_of_South_American_records_in_swimming": 0.6781002638522428,
    "List_of_Australian_records_in_swimming": 0.6781002638522428,
    "List_of_French_records_in_swimming": 0.6781002638522428,
    "List_of_New_Zealand_records_in_swimming": 0.6781002638522428,
    "List_of_Canadian_records_in_swimming": 0.6781002638522428,
    "List_of_Pan_Pacific_Championships_records_in_swimming": 0.6781002638522428,
    "List_of_Central_American_and_Caribbean_Games_records_in_swimming": 0.6781002638522428,
    "List_of_Nordic_records_in_swimming": 0.6781002638522428,
    "List_of_Singaporean_records_in_swimming": 0.6781002638522428,
    "List_of_Tahitian_records_in_swimming": 0.6781002638522428,
    "List_of_Hong_Kong_records_in_swimming": 0.6781002638522428,
    "List_of_Zimbabwean_records_in_swimming": 0.6781002638522428,
    "List_of_African_Championships_records_in_swimming": 0.6781002638522428,
    "List_of_IPC_world_records_in_swimming_\u2013_Men's_long_course": 0.6781002638522428,
    "List_of_IPC_world_records_in_swimming_\u2013_Women's_long_course": 0.6781002638522428,
    "List_of_IPC_world_records_in_swimming_\u2013_Men's_short_course": 0.6781002638522428,
    "List_of_IPC_world_records_in_swimming_\u2013_Women's_short_course": 0.6781002638522428,
    "List_of_Finnish_records_in_swimming": 0.6781002638522428,
    "List_of_Chilean_records_in_swimming": 0.6781002638522428,
    "List_of_Maltese_records_in_swimming": 0.6781002638522428,
    "List_of_Central_American_and_Caribbean_Championships_records_in_swimming": 0.6781002638522428,
    "List_of_Slovenian_records_in_swimming": 0.6781002638522428,
    "List_of_Liechtensteinian_records_in_swimming": 0.6781002638522428,
    "List_of_Andorran_records_in_swimming": 0.6781002638522428,
    "List_of_Bulgarian_records_in_swimming": 0.6781002638522428,
    "List_of_Macedonian_records_in_swimming": 0.6781002638522428,
    "List_of_Bruneian_records_in_swimming": 0.6781002638522428,
    "List_of_United_States_records_in_swimming": 0.6473551637279596,
    "List_of_Games_of_the_Small_States_of_Europe_records_in_swimming": 0.6473551637279596,
    "List_of_Mediterranean_Games_records_in_swimming": 0.6457286432160804,
    "List_of_Italian_records_in_swimming": 0.6441102756892231,
    "List_of_Maccabiah_records_in_swimming": 0.6408977556109726,
    "List_of_Paralympic_records_in_swimming": 0.6393034825870647,
    "List_of_Commonwealth_Games_records_in_swimming": 0.6377171215880894,
    "List_of_Asian_Games_records_in_swimming": 0.6314496314496314,
    "List_of_European_records_in_swimming": 0.6047058823529412,
    "List_of_Dutch_records_in_swimming": 0.6047058823529412,
    "List_of_Argentine_records_in_swimming": 0.6047058823529412,
    "List_of_Oceanian_records_in_swimming": 0.6047058823529412,
    "List_of_Commonwealth_records_in_swimming": 0.6047058823529412,
    "List_of_Oceania_Championships_records_in_swimming": 0.6047058823529412,
    "List_of_Venezuelan_records_in_swimming": 0.6047058823529412,
    "Caribbean_Island_Swimming_Championships": 0.6047058823529412,
    "List_of_Americas_records_in_swimming": 0.6047058823529412,
    "List_of_African_records_in_swimming": 0.6047058823529412,
    "List_of_South_African_records_in_swimming": 0.6047058823529412,
    "List_of_Hungarian_records_in_swimming": 0.6047058823529412,
    "List_of_Japanese_records_in_swimming": 0.6047058823529412,
    "List_of_European_Championships_records_in_swimming": 0.6047058823529412,
    "List_of_Asian_records_in_swimming": 0.6047058823529412,
    "List_of_Mexican_records_in_swimming": 0.6047058823529412,
    "List_of_Brazilian_records_in_swimming": 0.6047058823529412,
    "List_of_Danish_records_in_swimming": 0.6047058823529412,
    "List_of_Jamaican_records_in_swimming": 0.6047058823529412,
    "List_of_Puerto_Rican_records_in_swimming": 0.6047058823529412,
    "List_of_Belgian_records_in_swimming": 0.6047058823529412,
    "List_of_Russian_records_in_swimming": 0.6047058823529412,
    "List_of_Chinese_records_in_swimming": 0.6047058823529412,
    "List_of_Colombian_records_in_swimming": 0.6047058823529412,
    "List_of_Costa_Rican_records_in_swimming": 0.6047058823529412,
    "List_of_Irish_records_in_swimming": 0.6047058823529412,
    "List_of_Bermudian_records_in_swimming": 0.6047058823529412,
    "List_of_Barbadian_records_in_swimming": 0.6047058823529412,
    "List_of_Moroccan_records_in_swimming": 0.6047058823529412,
    "List_of_Norwegian_records_in_swimming": 0.6047058823529412,
    "List_of_Israeli_records_in_swimming": 0.6047058823529412,
    "List_of_Nigerian_records_in_swimming": 0.6047058823529412,
    "List_of_Indian_records_in_swimming": 0.6047058823529412,
    "List_of_Turkish_records_in_swimming": 0.6047058823529412,
    "List_of_Croatian_records_in_swimming": 0.6047058823529412,
    "List_of_Malaysian_records_in_swimming": 0.6047058823529412,
    "List_of_Peruvian_records_in_swimming": 0.6047058823529412,
    "List_of_Lithuanian_records_in_swimming": 0.6047058823529412,
    "List_of_Portuguese_records_in_swimming": 0.6047058823529412,
    "List_of_Swiss_records_in_swimming": 0.6047058823529412,
    "List_of_Luxembourgish_records_in_swimming": 0.6047058823529412,
    "List_of_Baltic_records_in_swimming": 0.6047058823529412,
    "List_of_Estonian_records_in_swimming": 0.6047058823529412,
    "List_of_Belarusian_records_in_swimming": 0.6047058823529412,
    "List_of_Latvian_records_in_swimming": 0.6047058823529412,
    "List_of_Icelandic_records_in_swimming": 0.6047058823529412,
    "List_of_Masters_world_records_in_swimming": 0.6047058823529412,
    "List_of_Deaf_world_records_in_swimming": 0.6047058823529412,
    "List_of_Serbian_records_in_swimming": 0.6047058823529412,
    "List_of_Ukrainian_records_in_swimming": 0.6047058823529412,
    "List_of_Slovak_records_in_swimming": 0.6047058823529412,
    "List_of_Czech_records_in_swimming": 0.6047058823529412,
    "List_of_Indonesian_records_in_swimming": 0.6047058823529412,
    "List_of_Ecuadorian_records_in_swimming": 0.6047058823529412,
    "List_of_Tunisian_records_in_swimming": 0.6047058823529412,
    "List_of_Bolivian_records_in_swimming": 0.6047058823529412,
    "List_of_Paraguayan_records_in_swimming": 0.6047058823529412,
    "List_of_Romanian_records_in_swimming": 0.6047058823529412,
    "List_of_Greek_records_in_swimming": 0.6047058823529412,
    "List_of_Surinamese_records_in_swimming": 0.6047058823529412,
    "List_of_Kenyan_records_in_swimming": 0.6047058823529412,
    "List_of_Trinidad_and_Tobago_records_in_swimming": 0.6047058823529412,
    "List_of_Algerian_records_in_swimming": 0.6047058823529412,
    "List_of_Egyptian_records_in_swimming": 0.6047058823529412,
    "List_of_South_Korean_records_in_swimming": 0.6047058823529412,
    "List_of_Cayman_Islands_records_in_swimming": 0.6047058823529412,
    "List_of_Sammarinese_records_in_swimming": 0.6047058823529412,
    "List_of_Taiwanese_records_in_swimming": 0.6047058823529412,
    "List_of_Kazakhstani_records_in_swimming": 0.6047058823529412,
    "List_of_Cypriot_records_in_swimming": 0.6047058823529412,
    "List_of_Syrian_records_in_swimming": 0.6047058823529412,
    "List_of_Swedish_records_in_swimming": 0.5908045977011495,
    "List_of_Olympic_records_in_swimming": 0.5707964601769911,
    "List_of_British_records_in_swimming": 0.5673289183222958,
    "List_of_Universiade_records_in_swimming": 0.5673289183222958,
    "List_of_Australian_Championships_records_in_swimming": 0.566079295154185,
    "List_of_World_Cup_records_in_swimming": 0.562363238512035,
    "List_of_Southeast_Asian_Games_records_in_swimming": 0.562363238512035,
    "Swimming_at_the_All-Africa_Games": 0.5515021459227468,
    "South_American_Swimming_Championships": 0.5354166666666667,