{
    "World_Basketball_League": 1.0,
    "NHL_on_SportsChannel_America": 0.11197916666666667,
    "List_of_Grey_Cup_broadcasters": 0.11168831168831168,
    "Regional_sports_network": 0.10565110565110565,
    "SEC_TV": 0.06909090909090909,
    "1988\u201389_Hartford_Whalers_season": 0.06395348837209303,
    "1991\u201392_Hartford_Whalers_season": 0.06321839080459771,
    "Fox_Sports_Networks": 0.058503401360544216,
    "1990\u201391_Hartford_Whalers_season": 0.057291666666666664,
    "1989\u201390_Hartford_Whalers_season": 0.057291666666666664,
    "Sportsman_Channel": 0.05621301775147929,
    "1991\u201392_San_Jose_Sharks_season": 0.05314009661835749,
    "List_of_ArenaBowl_broadcasters": 0.051470588235294115,
    "1990\u201391_New_Jersey_Devils_season": 0.048458149779735685,
    "1989\u201390_New_Jersey_Devils_season": 0.048458149779735685,
    "36_(TV_series)": 0.04838709677419355,
    "1990_NHL_Entry_Draft": 0.04824561403508772,
    "1988\u201389_New_Jersey_Devils_season": 0.048034934497816595,
    "1989_NHL_Entry_Draft": 0.048034934497816595,
    "1991\u201392_New_Jersey_Devils_season": 0.047619047619047616,
    "1990\u201391_New_York_Islanders_season": 0.047619047619047616,
    "1989\u201390_New_York_Islanders_season": 0.047619047619047616,
    "1991_NHL_Entry_Draft": 0.047619047619047616,
    "2008_Summer_Olympics_on_NBC": 0.047244094488188976,
    "1988\u201389_New_York_Islanders_season": 0.04721030042918455,
    "1991\u201392_New_York_Islanders_season": 0.04680851063829787,
    "1992_NHL_Entry_Draft": 0.046218487394957986,
    "NHL_on_Fox": 0.04597701149425287,
    "1989\u201390_Philadelphia_Flyers_season": 0.041666666666666664,
    "1990\u201391_Philadelphia_Flyers_season": 0.041666666666666664,
    "U.S._Army_All-American_Bowl": 0.0410958904109589,
    "Pete_Dawkins_Trophy": 0.0410958904109589,
    "1991\u201392_Philadelphia_Flyers_season": 0.041044776119402986,
    "1989\u201390_Chicago_Blackhawks_season": 0.03754266211604096,
    "1990\u201391_Chicago_Blackhawks_season": 0.03754266211604096,
    "1988\u201389_Chicago_Blackhawks_season": 0.03728813559322034,
    "1991\u201392_Chicago_Blackhawks_season": 0.037037037037037035,
    "The_Big_Break": 0.036585365853658534,
    "K&N_Pro_Series_West": 0.03258145363408521,
    "CNBC": 0.028225806451612902,
    "ARCA_Racing_Series": 0.02411873840445269,
    "The_Baseball_Network": 0.022702702702702703,
    "List_of_NHL_Entry_Draft_broadcasters": 0.021505376344086023,
    "Fox_College_Football": 0.02109704641350211,
    "NHL_All-Star_Game_SuperSkills_Competition": 0.021015761821366025,
    "MTV2": 0.020100502512562814,
    "List_of_NHL_All-Star_Game_broadcasters": 0.0199468085106383,
    "List_of_Stanley_Cup_Finals_broadcasters": 0.019417475728155338,
    "Savoy_Pictures": 0.018115942028985508,
    "Universal_Television": 0.018115942028985508,
    "NBC_Studios_(Manhattan)": 0.018050541516245487,
    "Universal_Cable_Productions": 0.018050541516245487,
    "Nikkei_CNBC": 0.018050541516245487,
    "Syfy_Universal": 0.01718213058419244,
    "Major_League_Baseball_on_Fox": 0.017080745341614908,
    "List_of_Focus_Features_films": 0.016891891891891893,
    "Major_Indoor_Soccer_League_(1978\u201392)": 0.016129032258064516,
    "List_of_Boston_Celtics_broadcasters": 0.015209125475285171,
    "Universal_Studios_Home_Entertainment": 0.01483679525222552,
    "The_Burbank_Studios": 0.014492753623188406,
    "List_of_NCAA_Women's_Final_Four_broadcasters": 0.014423076923076924,
    "1959_NBA_All-Star_Game": 0.014184397163120567,
    "Full_Ginsburg": 0.013888888888888888,
    "Super_Tuesday_(TV_series)": 0.013636363636363636,
    "American_Indoor_Soccer_League": 0.013513513513513514,
    "Chaotic_Wrestling": 0.013333333333333334,
    "WrestleReunion": 0.013333333333333334,
    "Professional_Girl_Wrestling_Association": 0.013333333333333334,
    "2007_Pepsi_400": 0.013157894736842105,
    "2001_NBA_All-Star_Game": 0.013029315960912053,
    "2000_NBA_All-Star_Game": 0.013029315960912053,
    "2002_NBA_All-Star_Game": 0.013029315960912053,
    "1996_NBA_All-Star_Game": 0.012987012987012988,
    "Olympics_on_NBC": 0.012658227848101266,
    "2011_Major_League_Baseball_All-Star_Game": 0.012658227848101266,
    "Continental_Indoor_Soccer_League": 0.012658227848101266,
    "List_of_Pro_Wrestling_Guerrilla_employees": 0.012552301255230125,
    "1992_NBA_All-Star_Game": 0.01238390092879257,
    "1991_NBA_All-Star_Game": 0.012345679012345678,
    "WWE_NXT_(TV_series)": 0.012195121951219513,
    "WWE_NXT": 0.012195121951219513,
    "List_of_Big_12_Men's_Basketball_Tournament_Finals_broadcasters": 0.012121212121212121,
    "List_of_late-night_American_network_TV_programs": 0.012048192771084338,
    "2010_Major_League_Baseball_All-Star_Game": 0.011986301369863013,
    "2012_Major_League_Baseball_All-Star_Game": 0.011986301369863013,
    "2013_Major_League_Baseball_All-Star_Game": 0.011965811965811967,
    "2007_Major_League_Baseball_All-Star_Game": 0.011965811965811967,
    "2009_Major_League_Baseball_All-Star_Game": 0.011965811965811967,
    "List_of_Daytona_500_broadcasters": 0.011881188118811881,
    "List_of_Minnesota_Twins_broadcasters": 0.011647254575707155,
    "NBC_Weather_Plus": 0.011627906976744186,
    "Combat_Zone_Wrestling_roster": 0.011627906976744186,
    "List_of_independent_wrestling_promotions_in_the_United_States": 0.011450381679389313,
    "Barrington_Broadcasting": 0.011320754716981131,
    "Major_Indoor_Soccer_League_(2008\u2013)": 0.011235955056179775,
    "You're_the_One_(album)": 0.011111111111111112,
    "So_Beautiful_or_So_What": 0.011111111111111112,
    "Hearts_and_Bones": 0.011111111111111112,
    "The_Rhythm_of_the_Saints": 0.011111111111111112,
    "Surprise_(Paul_Simon_album)": 0.011111111111111112,
    "List_of_Big_East_Men's_Basketball_Tournament_Finals_broadcasters": 0.01098901098901099,
    "NHL_on_USA": 0.01098901098901099,
    "List_of_WNBA_Finals_broadcasters": 0.010940919037199124,
    "List_of_current_Major_League_Baseball_broadcasters": 0.010810810810810811,
    "List_of_National_Wrestling_Alliance_territories": 0.010714285714285714,
    "1982\u201383_Major_Indoor_Soccer_League_season": 0.010638297872340425,
    "1983\u201384_Major_Indoor_Soccer_League_season": 0.010638297872340425,
    "1984\u201385_Major_Indoor_Soccer_League_season": 0.010638297872340425,
    "1985\u201386_Major_Indoor_Soccer_League_season": 0.010638297872340425,
    "List_of_television_stations_in_Manitoba": 0.010526315789473684,
    "1995_NBA_Finals": 0.010443864229765013,
    "Fox_NFL_Sunday": 0.01038961038961039,
    "List_of_FIFA_Women's_World_Cup_goalscorers": 0.01020408163265306,
    "1998_NBA_Finals": 0.010178117048346057,
    "1996_NBA_Finals": 0.010178117048346057,
    "List_of_women's_wrestling_promotions_in_the_United_States": 0.010169491525423728,
    "1999_NBA_Finals": 0.01015228426395939,
    "List_of_The_Late_Late_Show_with_Craig_Ferguson_episodes": 0.010101010101010102,
    "Major_League_Baseball_on_NBC": 0.010101010101010102,
    "The_Late_Late_Show_with_Craig_Ferguson_(season_1)": 0.010101010101010102,
    "The_Late_Late_Show_with_Craig_Ferguson_(season_10)": 0.010101010101010102,
    "Name_That_Tune": 0.010101010101010102,
    "2002_Daytona_500": 0.010050251256281407,
    "2006_Daytona_500": 0.010050251256281407
}