{
    "Calgary-Elbow": 1.0,
    "Calgary-Glenmore": 1.0,
    "Edmonton-Strathcona_(provincial_electoral_district)": 1.0,
    "List_of_cities_in_Alberta": 0.03482587064676617,
    "List_of_hamlets_in_Alberta": 0.03349282296650718,
    "List_of_census_divisions_of_Alberta": 0.03167420814479638,
    "List_of_designated_places_in_Alberta": 0.02880658436213992,
    "Symbols_of_Alberta": 0.02857142857142857,
    "Alberta_Electoral_Boundary_Re-distribution,_2004": 0.027586206896551724,
    "Alberta_Electoral_Boundary_Re-distribution,_2010": 0.027586206896551724,
    "Calgary_Region": 0.026785714285714284,
    "List_of_population_centres_in_Alberta": 0.025362318840579712,
    "List_of_municipal_districts_in_Alberta": 0.02456140350877193,
    "List_of_villages_in_Alberta": 0.023255813953488372,
    "Speaker_of_the_Legislative_Assembly_of_Alberta": 0.02247191011235955,
    "Leader_of_the_Opposition_(Alberta)": 0.0223463687150838,
    "List_of_premiers_of_Alberta": 0.022222222222222223,
    "Edmonton_Capital_Region": 0.02181818181818182,
    "List_of_towns_in_Alberta": 0.021021021021021023,
    "Ponoka_(provincial_electoral_district)": 0.020958083832335328,
    "Didsbury_(provincial_electoral_district)": 0.020958083832335328,
    "Rocky_Mountain_House_(electoral_district)": 0.020958083832335328,
    "Calgary_(provincial_electoral_district)": 0.020958083832335328,
    "Red_Deer_(provincial_electoral_district)": 0.020895522388059702,
    "Communist_Party_\u2013_Alberta": 0.019801980198019802,
    "Alberta_general_election,_2012": 0.019762845849802372,
    "Alberta_general_election,_2001": 0.019736842105263157,
    "Alberta_general_election,_1997": 0.019736842105263157,
    "Alberta_general_election,_1909": 0.019736842105263157,
    "Alberta_general_election,_1913": 0.019736842105263157,
    "Alberta_general_election,_1917": 0.019736842105263157,
    "Alberta_general_election,_1921": 0.019736842105263157,
    "Alberta_general_election,_1930": 0.019736842105263157,
    "Alberta_general_election,_1935": 0.019736842105263157,
    "Alberta_general_election,_1926": 0.019736842105263157,
    "Alberta_general_election,_1944": 0.019736842105263157,
    "Alberta_general_election,_1952": 0.019736842105263157,
    "Alberta_general_election,_1955": 0.019736842105263157,
    "Alberta_general_election,_1959": 0.019736842105263157,
    "Alberta_general_election,_1963": 0.019736842105263157,
    "Alberta_general_election,_1967": 0.019736842105263157,
    "Alberta_general_election,_1971": 0.019736842105263157,
    "Alberta_general_election,_1975": 0.019736842105263157,
    "Alberta_general_election,_1979": 0.019736842105263157,
    "Alberta_general_election,_1982": 0.019736842105263157,
    "Alberta_general_election,_1986": 0.019736842105263157,
    "Alberta_general_election,_1989": 0.019736842105263157,
    "Alberta_general_election,_1993": 0.019736842105263157,
    "Alberta": 0.01971830985915493,
    "List_of_Alberta_by-elections": 0.019417475728155338,
    "27th_Alberta_Legislative_Assembly": 0.01932367149758454,
    "28th_Alberta_Legislative_Assembly": 0.01932367149758454,
    "Legislative_Assembly_of_Alberta": 0.019230769230769232,
    "List_of_airports_in_the_Calgary_area": 0.018656716417910446,
    "List_of_airports_in_Alberta": 0.018656716417910446,
    "List_of_television_stations_in_Alberta": 0.018404907975460124,
    "List_of_lakes_of_Alberta": 0.01824817518248175,
    "List_of_ghost_towns_in_Alberta": 0.017543859649122806,
    "List_of_Northwest_Territories_general_elections": 0.017094017094017096,
    "List_of_airports_in_the_Edmonton_area": 0.0169971671388102,
    "CKUA_Radio_Network": 0.016877637130801686,
    "Heather_Forsyth": 0.01680672268907563,
    "List_of_attractions_and_landmarks_in_Stirling,_Alberta": 0.01607717041800643,
    "List_of_Saskatchewan_by-elections": 0.015789473684210527,
    "List_of_Indian_reserves_in_Alberta": 0.015730337078651686,
    "List_of_Nunavut_territorial_electoral_districts": 0.015706806282722512,
    "List_of_Ontario_general_elections": 0.015544041450777202,
    "List_of_radio_stations_in_Alberta": 0.015444015444015444,
    "CFWE-FM": 0.015037593984962405,
    "List_of_protected_areas_of_Alberta": 0.01483679525222552,
    "Northwest_Territories_general_election,_2011": 0.014705882352941176,
    "41st_Ontario_general_election": 0.014423076923076924,
    "List_of_Ontario_by-elections": 0.014423076923076924,
    "List_of_Nunavut_general_elections": 0.014285714285714285,
    "Alberta_Social_Credit_Party": 0.013793103448275862,
    "List_of_British_Columbia_by-elections": 0.013513513513513514,
    "List_of_Quebec_by-elections": 0.013100436681222707,
    "Mountains_of_Alberta": 0.013054830287206266,
    "Alberta_Liberal_Party": 0.012698412698412698,
    "Demographics_of_Alberta": 0.012077294685990338,
    "List_of_Manitoba_by-elections": 0.011811023622047244,
    "CHFA_(AM)": 0.011049723756906077,
    "Yukon": 0.010752688172043012,
    "Yellowknife": 0.0106951871657754,
    "CBX_(AM)": 0.010471204188481676
}