{
    "List_of_Maserati_vehicles": 1.0,
    "Maserati_Grand_Prix_results": 0.34532374100719426,
    "Maserati_A6GCM": 0.08536585365853659,
    "Hersham_and_Walton_Motors": 0.015625,
    "Alex_von_Falkenhausen_Motorenbau": 0.013289036544850499,
    "List_of_Chrysler_factories": 0.012121212121212121,
    "List_of_Chrysler_platforms": 0.012121212121212121,
    "Scuderia_Milano": 0.010344827586206896,
    "Kurtis_Kraft": 0.010169491525423728,
    "O.S.C.A.": 0.01015228426395939
}