{
    "List_of_Prime_Ministers_of_Australia": 1.0,
    "List_of_Prime_Ministers_of_Australia_by_time_in_office": 1.0,
    "Historical_rankings_of_Prime_Ministers_of_Australia": 1.0,
    "Frank_Forde": 0.7441860465116279,
    "Alfred_Deakin": 0.4383561643835616,
    "Edmund_Barton": 0.2909090909090909,
    "Arthur_Fadden": 0.27350427350427353,
    "Earle_Page": 0.2711864406779661,
    "List_of_Australian_Prime_Ministers_by_state": 0.2682926829268293,
    "George_Reid_(Australian_politician)": 0.25196850393700787,
    "Jim_Cairns": 0.23529411764705882,
    "Joseph_Lyons": 0.21621621621621623,
    "Malcolm_Fraser": 0.21476510067114093,
    "John_Gorton": 0.21476510067114093,
    "Joseph_Cook": 0.21052631578947367,
    "Harold_Holt": 0.19047619047619047,
    "William_McMahon": 0.19047619047619047,
    "John_Howard": 0.16842105263157894,
    "Billy_Hughes": 0.16494845360824742,
    "Ralph_Willis": 0.1568627450980392,
    "Chris_Watson": 0.15311004784688995,
    "Andrew_Fisher": 0.15311004784688995,
    "Robert_Menzies": 0.14678899082568808,
    "Kevin_Rudd": 0.1461187214611872,
    "John_Forrest": 0.144,
    "Malcolm_Turnbull": 0.1350210970464135,
    "Treasurer_of_Australia": 0.1328125,
    "Tony_Abbott": 0.12903225806451613,
    "Julia_Gillard": 0.12213740458015267,
    "William_Lyne": 0.1111111111111111,
    "Prime_Minister_of_Australia": 0.10224438902743142,
    "Billy_Snedden": 0.10101010101010101,
    "William_Watt_(Australian_politician)": 0.0975609756097561,
    "Bill_Hayden": 0.09361702127659574,
    "Richard_Casey,_Baron_Casey": 0.08205128205128205,
    "Chris_Bowen": 0.07829181494661921,
    "Socialist_Left_(Australia)": 0.06417112299465241,
    "Eric_Harrison": 0.06164383561643835,
    "Andrew_Peacock": 0.060810810810810814,
    "Spouse_of_the_Prime_Minister_of_Australia": 0.059782608695652176,
    "Mark_Vaile": 0.0594059405940594,
    "Shadow_Cabinet_of_Simon_Crean": 0.058823529411764705,
    "Senate_results_for_the_Australian_federal_election,_2007": 0.05555555555555555,
    "Downer_shadow_ministry": 0.05521472392638037,
    "Shadow_Cabinet_of_Malcolm_Turnbull": 0.05521472392638037,
    "Shadow_Cabinet_of_Tony_Abbott": 0.05521472392638037,
    "Gareth_Evans_(politician)": 0.05508474576271186,
    "Warren_Truss": 0.05235602094240838,
    "First_Gillard_Ministry": 0.05084745762711865,
    "Senate_results_for_the_Australian_federal_election,_2010": 0.04838709677419355,
    "Second_Rudd_Ministry": 0.048,
    "First_Rudd_Ministry": 0.04780876494023904,
    "Simon_Crean": 0.046511627906976744,
    "Second_Gillard_Ministry": 0.046511627906976744,
    "Kim_Beazley": 0.04482758620689655,
    "Bill_Shorten": 0.043795620437956206,
    "Lawrence_Gonzi": 0.043478260869565216,
    "Julie_Bishop": 0.04265402843601896,
    "H._V._Evatt": 0.040123456790123455,
    "Brendan_Nelson": 0.04,
    "Abbott_Ministry": 0.038461538461538464,
    "Deputy_Prime_Minister_of_Australia": 0.036036036036036036,
    "Country_Liberal_Party": 0.03485254691689008,
    "Doug_Anthony": 0.03225806451612903,
    "Philip_Fysh": 0.03,
    "John_Latham_(judge)": 0.029411764705882353,
    "Australian_Labor_Party": 0.027450980392156862,
    "Ian_Sinclair": 0.02459016393442623,
    "List_of_leaders_of_the_Liberal_Party_of_Australia_(New_South_Wales_Division)": 0.023076923076923078,
    "Littleton_Groom": 0.02127659574468085,
    "Bob_Carr": 0.020512820512820513,
    "Edward_Millen": 0.018867924528301886,
    "Liberal_Party_of_Australia": 0.01680672268907563,
    "Brendan_O'Connor_(politician)": 0.01680672268907563,
    "George_Fuller_(Australian_politician)": 0.015037593984962405,
    "National_Party_of_Australia": 0.014619883040935672,
    "Australian_federal_election,_2007": 0.01293103448275862,
    "Minister_for_Finance_(Australia)": 0.01282051282051282,
    "Special_Minister_of_State": 0.01282051282051282,
    "Minister_for_Agriculture_(Australia)": 0.01282051282051282,
    "Minister_for_Employment_(Australia)": 0.01282051282051282,
    "Minister_for_Infrastructure_and_Regional_Development_(Australia)": 0.01282051282051282,
    "Minister_for_Trade_and_Investment_(Australia)": 0.01282051282051282,
    "Minister_for_Social_Services_(Australia)": 0.01282051282051282,
    "Minister_for_the_Environment_(Australia)": 0.01282051282051282,
    "Minister_for_Human_Services_(Australia)": 0.01282051282051282,
    "Minister_for_Home_Affairs_(Australia)": 0.01282051282051282,
    "Minister_for_Veterans'_Affairs_(Australia)": 0.01282051282051282,
    "Minister_for_Women_(Australia)": 0.01282051282051282,
    "Minister_for_Small_Business_(Australia)": 0.01282051282051282,
    "Minister_for_Sport_(Australia)": 0.01282051282051282,
    "Vice-President_of_the_Executive_Council": 0.01282051282051282,
    "Minister_for_Defence_Science_and_Personnel_(Australia)": 0.01282051282051282,
    "Minister_for_the_Arts_(Australia)": 0.01282051282051282,
    "Minister_for_Defence_Materiel_(Australia)": 0.01282051282051282,
    "Minister_for_Indigenous_Affairs_(Australia)": 0.01282051282051282,
    "Minister_for_Health_(Australia)": 0.01282051282051282,
    "Minister_for_Education_(Australia)": 0.01282051282051282,
    "Minister_for_Defence_(Australia)": 0.01282051282051282,
    "Barrie_Unsworth": 0.01282051282051282,
    "Minister_for_Immigration_and_Border_Protection_(Australia)": 0.01282051282051282,
    "Minister_for_Industry_(Australia)": 0.01282051282051282,
    "Minister_for_Communications_(Australia)": 0.01282051282051282,
    "Australian_federal_election,_2010": 0.0125,
    "Australian_federal_election,_2013": 0.012396694214876033,
    "Laurie_Brereton": 0.012345679012345678,
    "Bob_Collins_(politician)": 0.012345679012345678,
    "Brian_Howe_(politician)": 0.012048192771084338,
    "List_of_Chinese_Taipei_Representatives_to_APEC": 0.011627906976744186,
    "James_Martin_(Australian_politician)": 0.011235955056179775,
    "John_Robertson_(New_South_Wales_Premier)": 0.011235955056179775,
    "Charles_Wade": 0.011111111111111112,
    "Henry_Parkes": 0.01098901098901099,
    "W.E.": 0.010869565217391304,
    "James_McGowen": 0.010526315789473684,
    "Neville_Wran": 0.010416666666666666,
    "William_Holman": 0.010416666666666666,
    "James_McGirr": 0.010416666666666666,
    "Joseph_Cahill": 0.010416666666666666,
    "Bob_Heffron": 0.010362694300518135,
    "Jack_Lang_(Australian_politician)": 0.010362694300518135,
    "List_of_Chief_Justices_of_Australia_by_time_in_office": 0.010309278350515464,
    "Edward_McTiernan": 0.010101010101010102,
    "Leader_of_the_House_(Australia)": 0.010101010101010102,
    "Members_of_the_Australian_Parliament_who_have_served_for_at_least_30_years": 0.010101010101010102,
    "Father_of_the_Australian_Parliament": 0.010101010101010102,
    "Manager_of_Opposition_Business_in_the_House_(Australia)": 0.010101010101010102,
    "Manager_of_Government_Business_in_the_Senate_(Australia)": 0.010101010101010102,
    "Manager_of_Opposition_Business_in_the_Senate_(Australia)": 0.010101010101010102,
    "Father_of_the_Australian_House_of_Representatives": 0.010101010101010102,
    "Father_of_the_Australian_Senate": 0.010101010101010102,
    "Leader_of_the_Government_in_the_Senate_(Australia)": 0.010101010101010102,
    "Leader_of_the_Opposition_in_the_Senate_(Australia)": 0.010101010101010102,
    "List_of_whips_in_the_Australian_House_of_Representatives": 0.010101010101010102,
    "List_of_whips_in_the_Australian_Senate": 0.010101010101010102,
    "RAAF_Air_Command": 0.010101010101010102,
    "House_of_Representatives_results_for_the_Australian_federal_election,_2007": 0.010067114093959731
}