{
    "List_of_Kentucky_railroads": 1.0,
    "List_of_metropolitan_areas_of_Kentucky": 0.7937743190661478,
    "List_of_people_from_Kentucky": 0.6476190476190476,
    "Kentucky_statistical_areas": 0.6455696202531646,
    "List_of_Superfund_sites_in_Kentucky": 0.6435331230283912,
    "List_of_airports_in_Kentucky": 0.6415094339622641,
    "List_of_cities_in_Kentucky": 0.6375,
    "Kentucky_locations_by_per_capita_income": 0.6355140186915887,
    "Elliott_County,_Kentucky": 0.5746478873239437,
    "List_of_television_stations_in_Kentucky": 0.5411140583554377,
    "List_of_museums_in_Kentucky": 0.5396825396825397,
    "List_of_National_Historic_Landmarks_in_Kentucky": 0.5177664974619289,
    "List_of_Kentucky_state_parks": 0.5037037037037037,
    "Eastern_Kentucky_Coalfield": 0.48,
    "Sports_in_Kentucky": 0.4646924829157175,
    "National_Register_of_Historic_Places_listings_in_Kentucky": 0.45132743362831856,
    "Kentucky": 0.34991423670668953,
    "List_of_Governors_of_Kentucky": 0.3114503816793893,
    "Illinois-Indiana-Kentucky_tri-state_area": 0.2783083219645293,
    "List_of_radio_stations_in_Kentucky": 0.2727272727272727,
    "List_of_Mississippi_railroads": 0.20622568093385213,
    "List_of_Washington,_D.C._railroads": 0.20622568093385213,
    "List_of_Virginia_railroads": 0.20622568093385213,
    "List_of_New_Mexico_railroads": 0.20622568093385213,
    "List_of_Pennsylvania_railroads": 0.20622568093385213,
    "List_of_Arkansas_railroads": 0.20622568093385213,
    "List_of_Maryland_railroads": 0.20622568093385213,
    "List_of_Rhode_Island_railroads": 0.20622568093385213,
    "List_of_Utah_railroads": 0.20622568093385213,
    "Cincinnati_metropolitan_area": 0.2042042042042042,
    "List_of_Connecticut_railroads": 0.19133574007220217,
    "List_of_Michigan_railroads": 0.17320261437908496,
    "List_of_California_railroads": 0.16772151898734178,
    "List_of_Massachusetts_railroads": 0.16510903426791276,
    "List_of_Wyoming_railroads": 0.16408668730650156,
    "List_of_Vermont_railroads": 0.15542521994134897,
    "List_of_West_Virginia_railroads": 0.15508021390374332,
    "List_of_Arizona_railroads": 0.1531791907514451,
    "List_of_Maine_railroads": 0.15273775216138327,
    "List_of_Delaware_railroads": 0.1497175141242938,
    "List_of_Texas_railroads": 0.14681440443213298,
    "List_of_Tennessee_railroads": 0.14640198511166252,
    "List_of_Idaho_railroads": 0.14560439560439561,
    "List_of_Montana_railroads": 0.14402173913043478,
    "List_of_New_Jersey_railroads": 0.144,
    "List_of_Nevada_railroads": 0.14285714285714285,
    "List_of_Alabama_railroads": 0.14249363867684478,
    "List_of_Ohio_railroads": 0.13801452784503632,
    "List_of_Oregon_railroads": 0.13659793814432988,
    "List_of_New_York_railroads": 0.13647642679900746,
    "List_of_Louisiana_railroads": 0.1358974358974359,
    "List_of_North_Dakota_railroads": 0.1341772151898734,
    "List_of_Oklahoma_railroads": 0.13054187192118227,
    "List_of_Washington_railroads": 0.13022113022113022,
    "List_of_Nebraska_railroads": 0.13022113022113022,
    "List_of_Iowa_railroads": 0.12325581395348838,
    "List_of_Indiana_railroads": 0.12268518518518519,
    "List_of_South_Dakota_railroads": 0.12128146453089245,
    "List_of_South_Carolina_railroads": 0.12018140589569161,
    "List_of_Missouri_railroads": 0.11830357142857142,
    "List_of_Minnesota_railroads": 0.1162280701754386,
    "List_of_Wisconsin_railroads": 0.11597374179431072,
    "List_of_Colorado_railroads": 0.11597374179431072,
    "List_of_Kansas_railroads": 0.11572052401746726,
    "List_of_Georgia_railroads": 0.11570247933884298,
    "List_of_Florida_railroads": 0.1108786610878661,
    "List_of_North_Carolina_railroads": 0.10331384015594541,
    "List_of_New_Hampshire_railroads": 0.09566787003610108,
    "List_of_Illinois_railroads": 0.08852459016393442,
    "Kentucky_Educational_Television": 0.020531400966183576,
    "Nashville_metropolitan_area": 0.016917293233082706,
    "List_of_people_from_Louisville,_Kentucky": 0.015479876160990712,
    "List_of_mayors_of_Louisville,_Kentucky": 0.015479876160990712,
    "Sports_in_Louisville,_Kentucky": 0.015479876160990712,
    "Louisville_International_Airport": 0.015479876160990712,
    "Media_in_Louisville,_Kentucky": 0.015479876160990712,
    "Roads_in_Louisville,_Kentucky": 0.015479876160990712,
    "Tennessee_statistical_areas": 0.015184381778741865,
    "List_of_counties_in_Tennessee": 0.015151515151515152,
    "List_of_forts_in_Tennessee": 0.01488833746898263,
    "Blue_Grass_Airport": 0.014492753623188406,
    "List_of_people_from_Lexington,_Kentucky": 0.014492753623188406,
    "Media_in_Lexington,_Kentucky": 0.014492753623188406,
    "List_of_employers_in_Lexington,_Kentucky": 0.014492753623188406,
    "List_of_largest_cities_and_towns_in_Tennessee_by_population": 0.014344262295081968,
    "List_of_municipalities_in_Tennessee": 0.014344262295081968,
    "Lexington_Legends": 0.014285714285714285,
    "2010_FEI_World_Equestrian_Games": 0.014044943820224719,
    "West_Virginia_statistical_areas": 0.013921113689095127,
    "List_of_West_Virginia_state_symbols": 0.013921113689095127,
    "List_of_counties_in_West_Virginia": 0.013856812933025405,
    "List_of_cities_in_West_Virginia": 0.013761467889908258,
    "List_of_television_stations_in_Tennessee": 0.013409961685823755,
    "List_of_Superfund_sites_in_Tennessee": 0.012958963282937365,
    "List_of_settlements_in_Tennessee_by_per_capita_income": 0.01284796573875803,
    "National_Register_of_Historic_Places_listings_in_Tennessee": 0.012552301255230125,
    "Blount_County,_Tennessee": 0.012396694214876033,
    "Huntington,_West_Virginia": 0.012345679012345678,
    "List_of_television_stations_in_West_Virginia": 0.012170385395537525,
    "Nashville,_Tennessee": 0.011976047904191617,
    "List_of_museums_in_West_Virginia": 0.01160092807424594,
    "List_of_Superfund_sites_in_West_Virginia": 0.01152073732718894,
    "West_Virginia": 0.011428571428571429,
    "West_Virginia_locations_by_per_capita_income": 0.01141552511415525,
    "Tennessee": 0.011378002528445006,
    "List_of_National_Historic_Landmarks_in_Tennessee": 0.011131725417439703,
    "Washington_metropolitan_area": 0.011061946902654867,
    "Eastern_Panhandle_of_West_Virginia": 0.011013215859030838,
    "University_of_Louisville": 0.010964912280701754,
    "List_of_airports_in_Tennessee": 0.01090909090909091,
    "List_of_radio_stations_in_Tennessee": 0.010683760683760684,
    "Ohio_statistical_areas": 0.010638297872340425,
    "List_of_counties_in_Ohio": 0.01059322033898305,
    "List_of_cities_in_Ohio": 0.010526315789473684,
    "Morgan_County,_West_Virginia": 0.010309278350515464,
    "Pendleton_County,_West_Virginia": 0.01026694045174538,
    "Bartlett,_Tennessee": 0.010186757215619695,
    "West_Virginia_Division_of_Corrections": 0.01002004008016032
}