{
    "List_of_South_Carolina_railroads": 1.0,
    "List_of_botanical_gardens_and_arboretums_in_South_Carolina": 0.7763713080168776,
    "Chesterfield_County,_South_Carolina": 0.7272727272727273,
    "List_of_museums_in_South_Carolina": 0.6258503401360545,
    "South_Carolina_statistical_areas": 0.6237288135593221,
    "List_of_Superfund_sites_in_South_Carolina": 0.6195286195286195,
    "List_of_airports_in_South_Carolina": 0.6195286195286195,
    "List_of_counties_in_South_Carolina": 0.6195286195286195,
    "South_Carolina_locations_by_per_capita_income": 0.6112956810631229,
    "List_of_cities_and_towns_in_South_Carolina": 0.6112956810631229,
    "Demographics_of_South_Carolina": 0.5714285714285714,
    "List_of_television_stations_in_South_Carolina": 0.5154061624649859,
    "National_Register_of_Historic_Places_listings_in_South_Carolina": 0.5054945054945055,
    "List_of_National_Historic_Landmarks_in_South_Carolina": 0.4946236559139785,
    "Hilton_Head_Island,_South_Carolina": 0.49066666666666664,
    "List_of_colleges_and_universities_in_South_Carolina": 0.4880636604774536,
    "Upstate_South_Carolina": 0.48293963254593175,
    "Greenville-Spartanburg-Anderson,_SC_Combined_Statistical_Area": 0.48293963254593175,
    "List_of_radio_stations_in_South_Carolina": 0.2939297124600639,
    "List_of_Governors_of_South_Carolina": 0.277526395173454,
    "South_Carolina": 0.27586206896551724,
    "List_of_Mississippi_railroads": 0.22362869198312235,
    "List_of_Washington,_D.C._railroads": 0.22362869198312235,
    "List_of_Virginia_railroads": 0.22362869198312235,
    "List_of_New_Mexico_railroads": 0.22362869198312235,
    "List_of_Pennsylvania_railroads": 0.22362869198312235,
    "List_of_Arkansas_railroads": 0.22362869198312235,
    "List_of_Maryland_railroads": 0.22362869198312235,
    "List_of_Rhode_Island_railroads": 0.22362869198312235,
    "List_of_Utah_railroads": 0.22362869198312235,
    "List_of_Connecticut_railroads": 0.20622568093385213,
    "List_of_Michigan_railroads": 0.1853146853146853,
    "List_of_California_railroads": 0.17905405405405406,
    "List_of_Wyoming_railroads": 0.17880794701986755,
    "List_of_Massachusetts_railroads": 0.1760797342192691,
    "List_of_Vermont_railroads": 0.16875,
    "List_of_Arizona_railroads": 0.16615384615384615,
    "List_of_Maine_railroads": 0.1656441717791411,
    "List_of_Delaware_railroads": 0.16216216216216217,
    "List_of_Texas_railroads": 0.1588235294117647,
    "List_of_New_Jersey_railroads": 0.15864022662889518,
    "List_of_Montana_railroads": 0.15561959654178675,
    "List_of_Nevada_railroads": 0.15428571428571428,
    "List_of_Idaho_railroads": 0.15406976744186046,
    "List_of_West_Virginia_railroads": 0.15406162464985995,
    "List_of_Oregon_railroads": 0.14713896457765668,
    "List_of_Alabama_railroads": 0.14705882352941177,
    "List_of_Louisiana_railroads": 0.14634146341463414,
    "List_of_North_Dakota_railroads": 0.1443850267379679,
    "List_of_Tennessee_railroads": 0.1421188630490956,
    "List_of_New_York_railroads": 0.140625,
    "List_of_Oklahoma_railroads": 0.14025974025974025,
    "List_of_Washington_railroads": 0.13989637305699482,
    "List_of_Nebraska_railroads": 0.13989637305699482,
    "List_of_Ohio_railroads": 0.13636363636363635,
    "List_of_Iowa_railroads": 0.13202933985330073,
    "List_of_Indiana_railroads": 0.13138686131386862,
    "List_of_South_Dakota_railroads": 0.12980769230769232,
    "List_of_Missouri_railroads": 0.12646370023419204,
    "List_of_Georgia_railroads": 0.12554112554112554,
    "List_of_Minnesota_railroads": 0.12413793103448276,
    "List_of_Wisconsin_railroads": 0.12385321100917432,
    "List_of_Colorado_railroads": 0.12385321100917432,
    "List_of_Kansas_railroads": 0.12356979405034325,
    "List_of_Kentucky_railroads": 0.12018140589569161,
    "List_of_Florida_railroads": 0.11816192560175055,
    "List_of_North_Carolina_railroads": 0.1165644171779141,
    "List_of_New_Hampshire_railroads": 0.10131332082551595,
    "List_of_Illinois_railroads": 0.09152542372881356,
    "National_Register_of_Historic_Places_listings_in_Greenville_County,_South_Carolina": 0.04430379746835443,
    "Myrtle_Beach_International_Airport": 0.03896103896103896,
    "National_Register_of_Historic_Places_listings_in_Beaufort_County,_South_Carolina": 0.03428571428571429,
    "National_Register_of_Historic_Places_listings_in_Charleston_County,_South_Carolina": 0.03134796238244514,
    "National_Register_of_Historic_Places_listings_in_Lexington_County,_South_Carolina": 0.028391167192429023,
    "National_Register_of_Historic_Places_listings_in_Horry_County,_South_Carolina": 0.027190332326283987,
    "South_Carolina_Educational_Television": 0.0260707635009311,
    "National_Register_of_Historic_Places_listings_in_Richland_County,_South_Carolina": 0.02531645569620253,
    "National_Register_of_Historic_Places_listings_in_Berkeley_County,_South_Carolina": 0.02476780185758514,
    "Mecklenburg_County,_North_Carolina": 0.024439918533604887,
    "National_Register_of_Historic_Places_listings_in_Anderson_County,_South_Carolina": 0.0220125786163522,
    "National_Register_of_Historic_Places_listings_in_Pickens_County,_South_Carolina": 0.019169329073482427,
    "National_Register_of_Historic_Places_listings_in_Oconee_County,_South_Carolina": 0.015723270440251572,
    "National_Register_of_Historic_Places_listings_in_York_County,_South_Carolina": 0.015197568389057751,
    "National_Register_of_Historical_Places_listings_in_Rock_Hill,_South_Carolina": 0.015197568389057751,
    "National_Register_of_Historic_Places_listings_in_Dorchester_County,_South_Carolina": 0.012944983818770227,
    "WLFJ-FM": 0.012755102040816327,
    "National_Register_of_Historic_Places_listings_in_Laurens_County,_South_Carolina": 0.012738853503184714,
    "National_Register_of_Historic_Places_listings_in_Aiken_County,_South_Carolina": 0.012345679012345678,
    "Georgia_statistical_areas": 0.011538461538461539,
    "List_of_airports_in_Georgia_(U.S._state)": 0.011494252873563218,
    "List_of_counties_in_Georgia": 0.011494252873563218,
    "List_of_Maryland_state_symbols": 0.011337868480725623,
    "Maryland_statistical_areas": 0.011312217194570135,
    "List_of_counties_in_Maryland": 0.011286681715575621,
    "National_Register_of_Historic_Places_listings_in_Spartanburg_County,_South_Carolina": 0.011267605633802818,
    "List_of_colleges_and_universities_in_Georgia_(U.S._state)": 0.0111731843575419,
    "List_of_metropolitan_areas_of_Georgia": 0.010822510822510822,
    "Georgia_(U.S._state)": 0.01072961373390558,
    "Atlanta_metropolitan_area": 0.010574018126888218,
    "New_Jersey_statistical_areas": 0.010471204188481676,
    "List_of_counties_in_New_Jersey": 0.010443864229765013,
    "State_highways_in_New_Jersey": 0.010443864229765013,
    "List_of_airports_in_New_Jersey": 0.010416666666666666,
    "Sports_in_Charlotte,_North_Carolina": 0.010344827586206896,
    "List_of_television_stations_in_Georgia_(U.S._state)": 0.010327022375215147,
    "National_Register_of_Historic_Places_listings_in_Maryland": 0.01020408163265306,
    "Pennsylvania_statistical_areas": 0.010121457489878543,
    "List_of_counties_in_Pennsylvania": 0.010101010101010102,
    "List_of_National_Historic_Landmarks_in_Georgia_(U.S._state)": 0.010050251256281407
}