{
    "Leader_of_the_Labour_Party_(UK)": 1.0,
    "List_of_UK_Labour_Party_general_election_manifestos": 1.0,
    "Labour_Party_(UK)_Shadow_Cabinet_election,_1994": 1.0,
    "Labour_Party_(UK)_Shadow_Cabinet_election,_1996": 1.0,
    "Deputy_Leader_of_the_Labour_Party_(UK)": 1.0,
    "Labour_Chief_Whip": 0.9371069182389937,
    "Labour_Party_(UK)_Shadow_Cabinet_election,_1979": 0.9371069182389937,
    "Labour_Party_(UK)_Shadow_Cabinet_election,_1980": 0.9085365853658537,
    "Labour_Party_(UK)_Shadow_Cabinet_election,_1981": 0.9085365853658537,
    "Labour_Party_(UK)_Shadow_Cabinet_election,_1982": 0.9085365853658537,
    "Shadow_Cabinet_of_Margaret_Beckett": 0.8948948948948949,
    "Shadow_Cabinet_of_James_Callaghan": 0.8948948948948949,
    "Second_Shadow_Cabinet_of_Harold_Wilson": 0.8948948948948949,
    "Shadow_Cabinet_of_Neil_Kinnock": 0.863768115942029,
    "Labour_Party_(UK)_Shadow_Cabinet_election,_2010": 0.861271676300578,
    "Shadow_Cabinet_of_Michael_Foot": 0.8490028490028491,
    "Shadow_Cabinet_of_John_Smith": 0.8465909090909091,
    "George_Lansbury": 0.8209366391184573,
    "Labour_Party_(UK)_Shadow_Cabinet_election,_1995": 0.8186813186813187,
    "Welsh_Labour": 0.7883597883597884,
    "Scottish_Labour_Party": 0.7780678851174935,
    "Labour_Party_(UK)_Shadow_Cabinet_election,_1992": 0.7621483375959079,
    "Labour_Party_(UK)_Shadow_Cabinet_election,_1993": 0.7621483375959079,
    "Shadow_Cabinet_of_Ed_Miliband": 0.7563451776649747,
    "Shadow_Cabinet_of_Tony_Blair": 0.7487437185929648,
    "Neil_Kinnock": 0.7268292682926829,
    "George_Brown,_Baron_George-Brown": 0.6882217090069284,
    "Michael_Foot": 0.645021645021645,
    "Hugh_Gaitskell": 0.5786407766990291,
    "Arthur_Greenwood": 0.5752895752895753,
    "Labour_Party_(UK)": 0.5622641509433962,
    "Denis_Healey": 0.5457875457875457,
    "Ed_Miliband": 0.46781789638932497,
    "Harriet_Harman": 0.46273291925465837,
    "Harold_Wilson": 0.462015503875969,
    "Ramsay_MacDonald": 0.4281609195402299,
    "Margaret_Beckett": 0.41853932584269665,
    "Gordon_Brown": 0.40107671601615075,
    "Tony_Blair": 0.38451612903225807,
    "James_Callaghan": 0.3835263835263835,
    "Arthur_Henderson": 0.3776932826362484,
    "Clement_Attlee": 0.33221850613154963,
    "Roy_Jenkins": 0.2862632084534102,
    "John_Spencer,_5th_Earl_Spencer": 0.09392265193370165,
    "Arthur_Ponsonby,_1st_Baron_Ponsonby_of_Shulbrede": 0.09366391184573003,
    "Joseph_Chamberlain": 0.09366391184573003,
    "Ivor_Richard,_Baron_Richard": 0.09326424870466321,
    "Fred_Peart,_Baron_Peart": 0.09247311827956989,
    "Charles_Cripps,_1st_Baron_Parmoor": 0.08977556109725686,
    "Donald_Maclean_(British_politician)": 0.08591885441527446,
    "Robert_Crewe-Milnes,_1st_Marquess_of_Crewe": 0.08530805687203792,
    "John_Wodehouse,_1st_Earl_of_Kimberley": 0.0847457627118644,
    "Cledwyn_Hughes,_Baron_Cledwyn_of_Penrhos": 0.08413461538461539,
    "George_Tierney": 0.08133971291866028,
    "William_Lamb,_2nd_Viscount_Melbourne": 0.08131868131868132,
    "Douglas_Hogg,_1st_Viscount_Hailsham": 0.0794392523364486,
    "Herbert_Morrison": 0.0777988614800759,
    "Richard_Haldane,_1st_Viscount_Haldane": 0.07692307692307693,
    "A._V._Alexander,_1st_Earl_Alexander_of_Hillsborough": 0.07468879668049792,
    "Christopher_Addison,_1st_Viscount_Addison": 0.0718562874251497,
    "James_Gascoyne-Cecil,_4th_Marquess_of_Salisbury": 0.07157057654075547,
    "Robert_Gascoyne-Cecil,_7th_Marquess_of_Salisbury": 0.07128309572301425,
    "Charles_Grey,_2nd_Earl_Grey": 0.06998158379373849,
    "Granville_Leveson-Gower,_2nd_Earl_Granville": 0.0697211155378486,
    "Henry_Campbell-Bannerman": 0.06963249516441006,
    "William_Jowitt,_1st_Earl_Jowitt": 0.06822262118491922,
    "William_Vernon_Harcourt_(politician)": 0.06735751295336788,
    "Henry_John_Temple,_3rd_Viscount_Palmerston": 0.06724137931034482,
    "John_Charles_Herries": 0.06445993031358885,
    "Charles_Manners,_6th_Duke_of_Rutland": 0.06296296296296296,
    "Edward_Smith-Stanley,_14th_Earl_of_Derby": 0.061837455830388695,
    "William_Grenville,_1st_Baron_Grenville": 0.06129032258064516,
    "Edward_Shackleton,_Baron_Shackleton": 0.06126126126126126,
    "Edward_Carson,_Baron_Carson": 0.06126126126126126,
    "Archibald_Primrose,_5th_Earl_of_Rosebery": 0.06070826306913996,
    "Robert_Gascoyne-Cecil,_5th_Marquess_of_Salisbury": 0.059964726631393295,
    "Charles_Gordon-Lennox,_6th_Duke_of_Richmond": 0.0594855305466238,
    "Peter_Carington,_6th_Baron_Carrington": 0.05826771653543307,
    "James_Harris,_3rd_Earl_of_Malmesbury": 0.05823627287853577,
    "H._H._Asquith": 0.058208955223880594,
    "Michael_Howard": 0.05614973262032086,
    "Henry_Petty-Fitzmaurice,_3rd_Marquess_of_Lansdowne": 0.05459770114942529,
    "Hugh_Cairns,_1st_Earl_Cairns": 0.054140127388535034,
    "Henry_Petty-Fitzmaurice,_5th_Marquess_of_Lansdowne": 0.05343511450381679,
    "Alan_Johnson": 0.053237410071942444,
    "Iain_Duncan_Smith": 0.05278592375366569,
    "Alec_Douglas-Home": 0.05241935483870968,
    "Robert_Gascoyne-Cecil,_3rd_Marquess_of_Salisbury": 0.05240174672489083,
    "John_Morris,_Baron_Morris_of_Aberavon": 0.05240174672489083,
    "Stafford_Northcote,_1st_Earl_of_Iddesleigh": 0.05220883534136546,
    "John_Russell,_1st_Earl_Russell": 0.05138339920948617,
    "Bonar_Law": 0.050734312416555405,
    "Spencer_Cavendish,_8th_Duke_of_Devonshire": 0.049586776859504134,
    "William_Ewart_Gladstone": 0.04954367666232073,
    "Michael_Hicks_Beach,_1st_Earl_St_Aldwyn": 0.04903225806451613,
    "Barbara_Castle,_Baroness_Castle_of_Blackburn": 0.04895104895104895,
    "Benjamin_Disraeli": 0.0489060489060489,
    "Robert_Peel": 0.0471584038694075,
    "Edward_Heath": 0.04608294930875576,
    "George_Robinson,_1st_Marquess_of_Ripon": 0.04582210242587601,
    "John_Silkin": 0.0453257790368272,
    "Peter_Shore": 0.04516129032258064,
    "Nick_Brown": 0.043689320388349516,
    "Arthur_Balfour": 0.04223744292237443,
    "Peter_Hain": 0.04151624548736462,
    "John_Major": 0.04089581304771178,
    "Jack_Straw": 0.04081632653061224,
    "Shirley_Williams": 0.04047976011994003,
    "Douglas_Alexander": 0.04021937842778794,
    "David_Cameron": 0.03896103896103896,
    "John_Reid,_Baron_Reid_of_Cardowan": 0.03716814159292035,
    "George_Curzon,_1st_Marquess_Curzon_of_Kedleston": 0.0368809272918862,
    "Edward_Short,_Baron_Glenamara": 0.03636363636363636,
    "Stanley_Baldwin": 0.034904013961605584,
    "Iain_Macleod": 0.03467153284671533,
    "Brown_ministry": 0.03413654618473896,
    "Tony_Benn": 0.0338409475465313,
    "Richard_Crossman": 0.03355704697986577,
    "George_Canning": 0.03308823529411765,
    "Geoffrey_Howe": 0.032467532467532464,
    "Robin_Cook": 0.03206412825651302,
    "Francis_Pym,_Baron_Pym": 0.03194888178913738,
    "Arthur_Wellesley,_1st_Duke_of_Wellington": 0.03079416531604538,
    "Donald_Dewar": 0.029940119760479042,
    "Rab_Butler": 0.029411764705882353,
    "William_Pitt_the_Younger": 0.029354207436399216,
    "Christopher_Soames,_Baron_Soames": 0.029239766081871343,
    "George_Grenville": 0.02910958904109589,
    "Ann_Taylor,_Baroness_Taylor_of_Bolton": 0.029106029106029108,
    "Frederick_North,_Lord_North": 0.028862478777589132,
    "First_Wilson_ministry": 0.02843601895734597,
    "Thomas_Townshend,_1st_Viscount_Sydney": 0.027829313543599257,
    "Margaret_Thatcher": 0.027777777777777776,
    "Peter_Thorneycroft,_Baron_Thorneycroft": 0.027777777777777776,
    "Geoffrey_Lloyd,_Baron_Geoffrey-Lloyd": 0.027586206896551724,
    "Shadow_Chancellor_of_the_Exchequer": 0.027247956403269755,
    "Norman_Fowler": 0.026771653543307086,
    "Michael_Stewart,_Baron_Stewart_of_Fulham": 0.02631578947368421,
    "Charles_James_Fox": 0.026252983293556086,
    "Robert_Stewart,_Viscount_Castlereagh": 0.026252983293556086,
    "William_Pitt,_1st_Earl_of_Chatham": 0.026143790849673203,
    "Philip_Snowden,_1st_Viscount_Snowden": 0.02574257425742574,