{
    "Athletics_at_the_2005_Islamic_Solidarity_Games": 1.0,
    "Aquatics_at_the_2005_Islamic_Solidarity_Games": 0.8333333333333334,
    "Taekwondo_at_the_2005_Islamic_Solidarity_Games": 0.8333333333333334,
    "Karate_at_the_2005_Islamic_Solidarity_Games": 0.8333333333333334,
    "Fencing_at_the_2005_Islamic_Solidarity_Games": 0.8333333333333334,
    "2005_Islamic_Solidarity_Games": 0.7241379310344828,
    "Athletics_at_the_2013_Islamic_Solidarity_Games": 0.13513513513513514,
    "2013_Islamic_Solidarity_Games": 0.07317073170731707,
    "Aquatics_at_the_2013_Islamic_Solidarity_Games": 0.02702702702702703,
    "Taekwondo_at_the_2013_Islamic_Solidarity_Games": 0.02702702702702703,
    "Wushu_at_the_2013_Islamic_Solidarity_Games": 0.02702702702702703,
    "Weightlifting_at_the_2013_Islamic_Solidarity_Games": 0.02702702702702703,
    "Karate_at_the_2013_Islamic_Solidarity_Games": 0.02702702702702703,
    "List_of_expeditions_of_Muhammad": 0.01818181818181818,
    "2005_WTA_Tier_I_Series": 0.015151515151515152,
    "List_of_ALBA_Games_records_in_athletics": 0.012048192771084338,
    "Islamic_Solidarity_Games": 0.010830324909747292
}