{
    "Control_Panel_(Windows)": 1.0,
    "List_of_Microsoft_Windows_components": 1.0,
    "Xbox_SmartGlass": 1.0,
    "Hyper-V": 0.7493472584856397,
    "Comparison_of_OpenXPS_and_PDF": 0.6434977578475336,
    "Open_XML_Paper_Specification": 0.6434977578475336,
    "Windows_Script_Host": 0.6307692307692307,
    "Xbox_Music": 0.6145610278372591,
    "Windows_Installer": 0.5751503006012024,
    "JScript": 0.5445920303605313,
    "DirectX": 0.49653979238754326,
    "Windows_PowerShell": 0.40365682137834036,
    "Microsoft_Store": 0.3674775928297055,
    "Trident_(layout_engine)": 0.05496828752642706,
    "Uniscribe": 0.05384615384615385,
    "Microsoft_XNA": 0.04781704781704782,
    "Microsoft_Jet_Database_Engine": 0.045081967213114756,
    "Open_Packaging_Conventions": 0.03671328671328671,
    "ASP.NET": 0.032467532467532464,
    "List_of_default_file_systems": 0.030303030303030304,
    "List_of_file_systems": 0.030303030303030304,
    "Device_file": 0.02527075812274368,
    "Lumia_series": 0.018947368421052633,
    "Comparison_of_net-connected_media_players": 0.018561484918793503,
    "Microsoft_Outlook": 0.01824212271973466,
    "ZFS": 0.017699115044247787,
    "Windows_Live": 0.016885553470919325,
    "DragonFly_BSD": 0.016736401673640166,
    "List_of_Xbox_games_on_Windows_Phone": 0.016317016317016316,
    "Internet_Explorer_versions": 0.01593625498007968,
    "Comparison_of_file_managers": 0.015424164524421594,
    "List_of_Windows_Phone_7_devices": 0.015418502202643172,
    "Internet_television": 0.0149812734082397,
    "Zune": 0.013910355486862442,
    "Songbird_(software)": 0.01386748844375963,
    "MSN_TV": 0.013353115727002967,
    "Polynomial_representations_of_cyclic_redundancy_checks": 0.012578616352201259,
    "Xbox_360_launch": 0.012477718360071301,
    "Live_Anywhere": 0.012455516014234875,
    "Windows_Live_Gallery": 0.012422360248447204,
    "NetBSD": 0.012106537530266344,
    "Microsoft_Office_365": 0.011976047904191617,
    "Unix_filesystem": 0.011494252873563218,
    "Microsoft_Word": 0.01141552511415525,
    "List_of_Windows_Mobile_devices": 0.010958904109589041,
    "Comparison_of_BSD_operating_systems": 0.010554089709762533,
    "History_of_Microsoft_Office": 0.010498687664041995,
    "Microsoft_Access": 0.010498687664041995,
    "Microsoft_Office_2007": 0.010498687664041995,
    "Microsoft_Office_2000": 0.010498687664041995,
    "Lionhead_Studios": 0.010471204188481676,
    "Comparison_of_platform_virtualization_software": 0.010443864229765013
}