{
    "List_of_colleges_and_universities_in_Alabama": 1.0,
    "List_of_botanical_gardens_and_arboretums_in_Alabama": 0.48771929824561405,
    "List_of_metropolitan_areas_of_Alabama": 0.48771929824561405,
    "Northeast_Alabama": 0.48771929824561405,
    "List_of_mammals_of_Alabama": 0.41348973607038125,
    "List_of_school_districts_in_Alabama": 0.41228070175438597,
    "List_of_hospitals_in_Alabama": 0.41228070175438597,
    "List_of_lakes_in_Alabama": 0.41228070175438597,
    "List_of_Alabama_railroads": 0.41124260355029585,
    "List_of_Superfund_sites_in_Alabama": 0.4110787172011662,
    "List_of_counties_in_Alabama": 0.4110787172011662,
    "List_of_tallest_buildings_in_Alabama": 0.41002949852507375,
    "Alabama_statistical_areas": 0.40816326530612246,
    "List_of_amphibians_of_Alabama": 0.407514450867052,
    "List_of_museums_in_Alabama": 0.4064327485380117,
    "Elections_in_Alabama": 0.4064327485380117,
    "List_of_Alabama_state_symbols": 0.40524781341107874,
    "List_of_cities_and_towns_in_Alabama": 0.3994252873563218,
    "Alabama_locations_by_per_capita_income": 0.3982808022922636,
    "List_of_dams_and_reservoirs_in_Alabama": 0.39714285714285713,
    "List_of_reptiles_of_Alabama": 0.3569620253164557,
    "List_of_television_stations_in_Alabama": 0.3432098765432099,
    "National_Register_of_Historic_Places_listings_in_Alabama": 0.3225058004640371,
    "United_States_congressional_delegations_from_Alabama": 0.30217391304347824,
    "Vehicle_registration_plates_of_Alabama": 0.2781065088757396,
    "List_of_colleges_and_universities_in_Michigan": 0.26666666666666666,
    "List_of_colleges_and_universities_in_Rhode_Island": 0.25418060200668896,
    "List_of_Benedictine_colleges_and_universities": 0.25333333333333335,
    "List_of_colleges_and_universities_in_New_Hampshire": 0.2459546925566343,
    "List_of_colleges_and_universities_in_Vermont": 0.24126984126984127,
    "List_of_colleges_and_universities_in_Maine": 0.2331288343558282,
    "List_of_lieutenant_governors_of_Alabama": 0.22151898734177214,
    "List_of_colleges_and_universities_in_Wyoming": 0.22,
    "List_of_Governors_of_Alabama": 0.20471281296023564,
    "List_of_colleges_and_universities_in_Nevada": 0.1891891891891892,
    "List_of_defunct_colleges_and_universities_in_Massachusetts": 0.18581907090464547,
    "List_of_colleges_and_universities_in_Massachusetts": 0.18581907090464547,
    "List_of_colleges_and_universities_in_Oregon": 0.1855421686746988,
    "List_of_colleges_and_universities_in_North_Dakota": 0.1828978622327791,
    "List_of_colleges_and_universities_in_Pennsylvania": 0.18269230769230768,
    "List_of_radio_stations_in_Alabama": 0.16726835138387486,
    "Talladega_College": 0.16627634660421545,
    "List_of_colleges_and_universities_in_California": 0.16523605150214593,
    "Alabama_State_University": 0.16397228637413394,
    "Alabama_Agricultural_and_Mechanical_University": 0.16359447004608296,
    "List_of_colleges_and_universities_in_Georgia_(U.S._state)": 0.16110019646365423,
    "List_of_colleges_and_universities_in_Colorado": 0.1590909090909091,
    "List_of_colleges_and_universities_in_Iowa": 0.15714285714285714,
    "List_of_colleges_and_universities_in_South_Dakota": 0.15682281059063136,
    "List_of_colleges_and_universities_in_Maryland": 0.1539961013645224,
    "Oakwood_University": 0.1517094017094017,
    "List_of_colleges_and_universities_in_South_Carolina": 0.15122873345935728,
    "Alabama": 0.15058324496288442,
    "University_of_Alabama_in_Huntsville": 0.14853556485355648,
    "List_of_colleges_and_universities_in_Ohio": 0.14528301886792452,
    "List_of_colleges_and_universities_in_Wisconsin": 0.1452513966480447,
    "List_of_colleges_and_universities_in_Missouri": 0.14128440366972478,
    "List_of_colleges_and_universities_in_Minnesota": 0.13924050632911392,
    "List_of_colleges_and_universities_in_Virginia": 0.1371527777777778,
    "Gulf_Coast_of_the_United_States": 0.13011152416356878,
    "List_of_colleges_and_universities_in_North_Carolina": 0.129783693843594,
    "Tuskegee_University": 0.0938722294654498,
    "Norfolk_State_University": 0.03429602888086643,
    "South_Carolina_State_University": 0.033542976939203356,
    "Virginia_State_University": 0.03231292517006803,
    "Delaware_State_University": 0.03218390804597701,
    "North_Carolina_Agricultural_and_Technical_State_University": 0.03125,
    "Tennessee_State_University": 0.030501089324618737,
    "List_of_historically_black_colleges_and_universities": 0.03007518796992481,
    "Winston-Salem_State_University": 0.028953229398663696,
    "Albany_State_University": 0.028901734104046242,
    "Mississippi_Valley_State_University": 0.028634361233480177,
    "Dillard_University": 0.028070175438596492,
    "Morris_Brown_College": 0.02745995423340961,
    "University_of_the_District_of_Columbia": 0.027450980392156862,
    "Fisk_University": 0.02708803611738149,
    "Prairie_View_A&M_University": 0.026859504132231406,
    "Alcorn_State_University": 0.026804123711340205,
    "Meharry_Medical_College": 0.026515151515151516,
    "Wiley_College": 0.02626641651031895,
    "University_of_Maryland_Eastern_Shore": 0.026119402985074626,
    "Kentucky_State_University": 0.026052104208416832,
    "Jackson_State_University": 0.026052104208416832,
    "Fort_Valley_State_University": 0.025793650793650792,
    "Langston_University": 0.025793650793650792,
    "Central_State_University": 0.025490196078431372,
    "Hampton_University": 0.025280898876404494,
    "Xavier_University_of_Louisiana": 0.02448210922787194,
    "List_of_people_from_Montgomery,_Alabama": 0.024390243902439025,
    "Knoxville_College": 0.02414486921529175,
    "Coppin_State_University": 0.024013722126929673,
    "Wilberforce_University": 0.023853211009174313,
    "Johnson_C._Smith_University": 0.023032629558541268,
    "University_of_Arkansas_at_Pine_Bluff": 0.023008849557522124,
    "Clark_Atlanta_University": 0.02190923317683881,
    "North_Carolina_Central_University": 0.021487603305785124,
    "Livingstone_College": 0.021352313167259787,
    "Lincoln_University_(Missouri)": 0.02127659574468085,
    "Paine_College": 0.0206794682422452,
    "Shaw_University": 0.019817073170731708,
    "Virginia_Union_University": 0.01950585175552666,
    "Spelman_College": 0.019461077844311378,
    "Alpha_Kappa_Alpha": 0.018808777429467086,
    "List_of_shopping_malls_in_Alabama": 0.018666666666666668,
    "St._Augustine's_University": 0.01780821917808219,
    "Texas_Southern_University": 0.017687074829931974,
    "Florida_Institute_of_Technology": 0.016771488469601678,
    "List_of_counties_in_Tennessee": 0.016359918200409,
    "List_of_counties_in_Georgia": 0.015873015873015872,
    "List_of_counties_in_West_Virginia": 0.015217391304347827,
    "Gulf_South_Conference": 0.014534883720930232,
    "List_of_Superfund_sites_in_Tennessee": 0.014285714285714285,
    "List_of_National_Historic_Landmarks_in_Tennessee": 0.01415929203539823,
    "List_of_school_districts_in_Georgia": 0.014134275618374558,
    "List_of_power_stations_in_Georgia_(United_States)": 0.014134275618374558,
    "List_of_hospitals_in_Georgia_(U.S._state)": 0.014134275618374558,
    "List_of_Superfund_sites_in_Georgia_(U.S._state)": 0.014109347442680775,
    "List_of_airports_in_Georgia_(U.S._state)": 0.014084507042253521,
    "Transportation_in_New_Jersey": 0.01405152224824356,
    "Government_of_New_Jersey": 0.01405152224824356,
    "List_of_National_Historic_Landmarks_in_Georgia_(U.S._state)": 0.014018691588785047,
    "List_of_counties_in_New_Jersey": 0.013986013986013986,
    "List_of_frogs_and_toads_of_New_Jersey": 0.013856812933025405,
    "University_of_Alabama_System": 0.013192612137203167,
    "List_of_Superfund_sites_in_West_Virginia": 0.013015184381778741,
    "Media_in_Mobile,_Alabama": 0.012987012987012988,
    "National_Register_of_Historic_Places_listings_in_Limestone_County,_Alabama": 0.012987012987012988,