{
    "2009_Air_New_Zealand_Cup": 1.0,
    "2009_Air_New_Zealand_Cup_Finals": 0.782608695652174,
    "Manawatu_Rugby_Union": 0.6474820143884892,
    "2010_ITM_Cup": 0.5217391304347826,
    "2011_ITM_Cup": 0.5217391304347826,
    "2012_ITM_Cup": 0.5217391304347826,
    "2013_ITM_Cup": 0.5217391304347826,
    "ITM_Cup": 0.45226130653266333,
    "2008_Air_New_Zealand_Cup": 0.45185185185185184,
    "Canterbury_in_the_2008_Air_New_Zealand_Cup": 0.45185185185185184,
    "2007_Air_New_Zealand_Cup": 0.4316546762589928,
    "New_Zealand_National_Rugby_Sevens_Tournament": 0.28695652173913044,
    "Tom_French_Cup": 0.28695652173913044,
    "New_Zealand_Barbarians": 0.2391304347826087,
    "2012_Heartland_Championship": 0.23076923076923078,
    "2009_IRB_Pacific_Nations_Cup": 0.2028985507246377,
    "2009_Heartland_Championship": 0.20279720279720279,
    "Ranfurly_Shield": 0.17989417989417988,
    "North_vs_South_rugby_union_match": 0.16666666666666666,
    "List_of_rugby_union_competitions": 0.1485148514851485,
    "2009\u201310_English_Premiership_(rugby_union)": 0.14606741573033707,
    "Heartland_Championship": 0.14601769911504425,
    "Classic_All_Blacks": 0.14537444933920704,
    "New_Zealand_Cavaliers": 0.14049586776859505,
    "2008\u201309_English_Premiership_(rugby_union)": 0.13636363636363635,
    "Junior_All_Blacks": 0.136,
    "M\u0101ori_All_Blacks": 0.12962962962962962,
    "2008\u201309_Rugby_Pro_D2_season": 0.12857142857142856,
    "2009\u201310_European_Challenge_Cup": 0.12857142857142856,
    "2009\u201310_Rugby_Pro_D2_season": 0.12857142857142856,
    "2009\u201310_Celtic_League": 0.125,
    "Hurricanes_(rugby_union)": 0.12203389830508475,
    "2008\u201309_Celtic_League": 0.11894273127753303,
    "2009\u201310_Heineken_Cup": 0.1145374449339207,
    "2009_British_and_Irish_Lions_tour_to_South_Africa": 0.11336032388663968,
    "New_Zealand_national_under-20_rugby_union_team": 0.1064516129032258,
    "2009\u201310_Top_14_season": 0.08794788273615635,
    "2008\u201309_Top_14_season": 0.08766233766233766,
    "New_Zealand_national_rugby_union_team_(sevens)": 0.0825242718446602,
    "List_of_All_Blacks_tours_and_series": 0.07048458149779736,
    "List_of_1888\u201389_New_Zealand_Native_football_team_matches": 0.07048458149779736,
    "List_of_New_Zealand_rugby_union_Test_matches": 0.07048458149779736,
    "List_of_international_rugby_union_tries_by_Jonah_Lomu": 0.07048458149779736,
    "1913_New_Zealand_rugby_union_tour_of_North_America": 0.07048458149779736,
    "1980_New_Zealand_rugby_union_tour_of_Australia_and_Fiji": 0.07048458149779736,
    "1984_New_Zealand_rugby_union_tour_of_Australia": 0.07048458149779736,
    "1988_New_Zealand_rugby_union_tour_of_Australia": 0.07048458149779736,
    "List_of_New_Zealand_national_rugby_union_team_player_records": 0.07048458149779736,
    "List_of_international_rugby_union_tries_by_Christian_Cullen": 0.07048458149779736,
    "2012_M\u0101ori_All_Blacks_tour_of_United_Kingdom": 0.07048458149779736,
    "2013_M\u0101ori_All_Blacks_tour_of_North_America": 0.07048458149779736,
    "List_of_rugby_union_stadiums_by_capacity": 0.06896551724137931,
    "History_of_rugby_union_matches_between_New_Zealand_and_the_British_and_Irish_Lions": 0.061371841155234655,
    "1981_New_Zealand_rugby_union_tour_of_Romania_and_France": 0.057971014492753624,
    "List_of_Super_Rugby_stadiums": 0.05660377358490566,
    "New_Zealand_national_rugby_union_team": 0.05638474295190713,
    "Old_Scores": 0.0547945205479452,
    "1928_New_Zealand_rugby_union_tour_of_South_Africa": 0.05396825396825397,
    "1949_New_Zealand_rugby_union_tour_of_South_Africa": 0.05396825396825397,
    "1976_New_Zealand_rugby_union_tour_of_South_Africa": 0.05396825396825397,
    "1970_New_Zealand_rugby_union_tour_of_South_Africa": 0.05396825396825397,
    "1993_New_Zealand_rugby_union_tour_of_Britain": 0.05228758169934641,
    "History_of_rugby_union_matches_between_Italy_and_New_Zealand": 0.05177993527508091,
    "2011_Rugby_World_Cup": 0.05063291139240506,
    "1989_New_Zealand_rugby_union_tour": 0.050314465408805034,
    "Freedom_Cup": 0.04938271604938271,
    "History_of_rugby_union_matches_between_Argentina_and_New_Zealand": 0.04923076923076923,
    "1979_New_Zealand_rugby_union_tour_of_England,_Scotland_and_Italy": 0.0486322188449848,
    "2005_New_Zealand_rugby_union_tour_of_Britain_and_Ireland": 0.04843304843304843,
    "1978_New_Zealand_rugby_union_tour_of_Britain_and_Ireland": 0.04843304843304843,
    "1935\u201336_New_Zealand_rugby_union_tour_of_Britain,_Ireland_and_Canada": 0.04843304843304843,
    "History_of_rugby_union_matches_between_New_Zealand_and_Wales": 0.04833836858006042,
    "History_of_rugby_union_matches_between_New_Zealand_and_Scotland": 0.04790419161676647,
    "1967_New_Zealand_rugby_union_tour_of_Britain,_France_and_Canada": 0.04776119402985075,
    "History_of_rugby_union_matches_between_New_Zealand_and_South_Africa": 0.04776119402985075,
    "1884_New_Zealand_rugby_union_tour_of_New_South_Wales": 0.04747774480712166,
    "1893_New_Zealand_rugby_union_tour_of_Australia": 0.04747774480712166,
    "1903_New_Zealand_rugby_union_tour_of_Australia": 0.04747774480712166,
    "1951_New_Zealand_rugby_union_tour_of_Australia": 0.04747774480712166,
    "1957_New_Zealand_rugby_union_tour_of_Australia": 0.04747774480712166,
    "1962_New_Zealand_rugby_union_tour_of_Australia": 0.04747774480712166,
    "1968_New_Zealand_rugby_union_tour_of_Australia_and_Fiji": 0.04747774480712166,
    "1974_New_Zealand_rugby_union_tour_of_Australia_and_Fiji": 0.04747774480712166,
    "1949_New_Zealand_M\u0101ori_rugby_union_tour_of_Australia": 0.04747774480712166,
    "History_of_rugby_union_matches_between_Ireland_and_New_Zealand": 0.047058823529411764,
    "1972\u201373_New_Zealand_rugby_union_tour_of_Britain,_Ireland,_France_and_North_America": 0.04657534246575343,
    "1953\u201354_New_Zealand_rugby_union_tour_of_Britain,_Ireland,_France_and_North_America": 0.04657534246575343,
    "The_Original_All_Blacks": 0.04657534246575343,
    "History_of_rugby_union_matches_between_France_and_New_Zealand": 0.0463768115942029,
    "1924\u201325_New_Zealand_rugby_union_tour_of_Britain,_Ireland_and_France": 0.04507042253521127,
    "List_of_Australian_rugby_union_stadiums_by_capacity": 0.04498269896193772,
    "History_of_rugby_union_matches_between_England_and_New_Zealand": 0.0449438202247191,
    "History_of_rugby_union_matches_between_Australia_and_New_Zealand": 0.043243243243243246,
    "Super_Rugby": 0.0430622009569378,
    "New_Zealand_national_men's_squash_team": 0.0427807486631016,
    "New_Zealand_national_women's_squash_team": 0.0427807486631016,
    "Bledisloe_Cup": 0.04177545691906005,
    "1992_New_Zealand_rugby_union_tour_of_Australia_and_South_Africa": 0.0412621359223301,
    "1960_New_Zealand_rugby_union_tour_of_Australia_and_South_Africa": 0.0412621359223301,
    "List_of_New_Zealand_national_rugby_union_players": 0.04081632653061224,
    "New_Zealand_women's_national_field_hockey_team": 0.037037037037037035,
    "1888\u201389_New_Zealand_Native_football_team": 0.03611738148984198,
    "1926\u201327_New_Zealand_M\u0101ori_rugby_union_tour": 0.035164835164835165,
    "New_Zealand_at_the_Commonwealth_Games": 0.03289473684210526,
    "Gordon_Hunter_Memorial_Trophy": 0.03289473684210526,
    "2008_IRB_Pacific_Nations_Cup": 0.03184713375796178,
    "IRB_Pacific_Nations_Cup": 0.031073446327683617,
    "New_Zealand_national_basketball_team": 0.03076923076923077,
    "The_Rugby_Championship": 0.03052064631956912,
    "Estadio_Jos\u00e9_Amalfitani": 0.0297029702970297,
    "New_Zealand_national_netball_team": 0.02888086642599278,
    "List_of_A-League_stadiums": 0.02857142857142857,
    "2010\u201311_Celtic_League": 0.02643171806167401,
    "New_Zealand_at_the_Paralympics": 0.024875621890547265,
    "2007_IRB_Pacific_Nations_Cup": 0.024844720496894408,
    "Pacific_Islanders_rugby_union_team": 0.024615384615384615,