{
    "List_of_football_stadiums_in_Austria": 1.0,
    "List_of_football_stadiums_in_Luxembourg": 0.5546218487394958,
    "List_of_football_stadiums_in_Moldova": 0.55,
    "List_of_football_stadiums_in_Slovenia": 0.5409836065573771,
    "List_of_football_stadiums_in_Belarus": 0.5365853658536586,
    "List_of_football_stadiums_in_the_Faroe_Islands": 0.532258064516129,
    "List_of_football_stadiums_in_Lithuania": 0.515625,
    "List_of_football_stadiums_in_the_Czech_Republic": 0.5,
    "List_of_football_stadiums_in_Montenegro": 0.4925373134328358,
    "List_of_football_stadiums_in_Malta": 0.4888888888888889,
    "List_of_football_stadiums_in_Denmark": 0.46808510638297873,
    "List_of_football_stadiums_in_Romania": 0.4647887323943662,
    "List_of_football_stadiums_in_Finland": 0.4583333333333333,
    "List_of_association_football_stadiums_in_Northern_Ireland": 0.4520547945205479,
    "List_of_football_stadiums_in_Albania": 0.4520547945205479,
    "List_of_football_stadiums_in_Belgium": 0.4429530201342282,
    "List_of_football_stadiums_in_Slovakia": 0.42857142857142855,
    "List_of_football_stadiums_in_Croatia": 0.4230769230769231,
    "List_of_football_stadiums_in_Estonia": 0.4230769230769231,
    "List_of_football_stadiums_in_the_Republic_of_Macedonia": 0.4230769230769231,
    "List_of_football_stadiums_in_Germany": 0.40993788819875776,
    "List_of_football_stadiums_in_Bulgaria": 0.40993788819875776,
    "List_of_football_stadiums_in_Greece": 0.39520958083832336,
    "List_of_football_stadiums_in_Switzerland": 0.39285714285714285,
    "List_of_football_stadiums_in_Spain": 0.38596491228070173,
    "List_of_football_stadiums_in_Kazakhstan": 0.3815028901734104,
    "List_of_football_stadiums_in_Sweden": 0.375,
    "List_of_football_stadiums_in_Georgia_(country)": 0.375,
    "List_of_football_stadiums_in_Cyprus": 0.36065573770491804,
    "List_of_football_stadiums_in_Poland": 0.34183673469387754,
    "List_of_association_football_stadiums_in_the_Republic_of_Ireland": 0.3235294117647059,
    "List_of_football_stadiums_in_Portugal": 0.3235294117647059,
    "List_of_football_stadiums_in_Russia": 0.32038834951456313,
    "List_of_football_stadiums_in_Israel": 0.3188405797101449,
    "List_of_football_stadiums_in_France": 0.3173076923076923,
    "List_of_football_stadiums_in_Serbia": 0.3142857142857143,
    "List_of_football_stadiums_in_Norway": 0.3113207547169811,
    "List_of_football_stadiums_in_Turkey": 0.30985915492957744,
    "List_of_football_stadiums_in_Armenia": 0.2986425339366516,
    "List_of_football_stadiums_in_the_Netherlands": 0.2986425339366516,
    "List_of_football_stadiums_in_England": 0.2972972972972973,
    "List_of_stadiums_in_Wales_by_capacity": 0.29333333333333333,
    "List_of_football_stadiums_in_Ukraine": 0.2857142857142857,
    "List_of_football_stadiums_in_Azerbaijan": 0.2832618025751073,
    "List_of_football_stadiums_in_Bosnia_and_Herzegovina": 0.2773109243697479,
    "List_of_football_stadiums_in_Italy": 0.25,
    "Austrian_Supercup": 0.19337016574585636,
    "List_of_football_stadiums_in_Hungary": 0.1853932584269663,
    "List_of_football_stadiums_in_Scotland": 0.18282548476454294,
    "SV_Ried": 0.15418502202643172,
    "FK_Austria_Wien": 0.15021459227467812,
    "FC_Admira_Wacker_M\u00f6dling": 0.14893617021276595,
    "Austrian_Football_First_League": 0.14056224899598393,
    "Austrian_Cup": 0.14056224899598393,
    "Austrian_Football_Bundesliga": 0.10606060606060606,
    "List_of_football_stadiums_in_Qatar": 0.0718954248366013,
    "Austria_national_football_team": 0.06704980842911877,
    "List_of_football_stadiums_in_Syria": 0.0658682634730539,
    "List_of_football_stadiums_in_Kuwait": 0.062146892655367235,
    "List_of_football_stadiums_in_Saudi_Arabia": 0.05945945945945946,
    "List_of_football_stadiums_in_Iraq": 0.05699481865284974,
    "Stadiums_in_Bangladesh": 0.05641025641025641,
    "List_of_football_stadiums_in_North_Korea": 0.05555555555555555,
    "List_of_football_stadiums_in_Iran": 0.05527638190954774,
    "List_of_football_stadiums_in_South_Korea": 0.04602510460251046,
    "Austria_national_men's_squash_team": 0.03896103896103896,
    "List_of_football_stadiums_in_Malaysia": 0.03323262839879154,
    "Austria_national_handball_team": 0.02857142857142857,
    "Austria_at_the_Hopman_Cup": 0.02553191489361702,
    "Austria_men's_national_ice_hockey_team": 0.023715415019762844,
    "Austria_at_the_FIFA_World_Cup": 0.019021739130434784,
    "Austria_at_the_Paralympics": 0.017191977077363897,
    "2010\u201311_Austrian_Football_First_League": 0.016853932584269662,
    "2011\u201312_Austrian_Football_First_League": 0.016853932584269662,
    "Austria_at_the_Olympics": 0.015151515151515152,
    "Martin_Harnik": 0.0136986301369863,
    "List_of_Polish_football_champions": 0.013574660633484163,
    "LASK_Linz": 0.013215859030837005,
    "SK_Sturm_Graz": 0.012605042016806723,
    "2007\u201308_Austrian_Football_First_League": 0.012121212121212121,
    "2009\u201310_Austrian_Football_First_League": 0.012121212121212121,
    "2013\u201314_Austrian_Football_First_League": 0.012121212121212121,
    "Austria_Davis_Cup_team": 0.012121212121212121,
    "2005\u201306_Austrian_Football_First_League": 0.012048192771084338,
    "2006\u201307_Austrian_Football_First_League": 0.012048192771084338,
    "2004\u201305_Austrian_Football_First_League": 0.011976047904191617,
    "2012\u201313_Austrian_Football_First_League": 0.011428571428571429,
    "Georgian_Super_Cup": 0.010869565217391304,
    "Marc_Janko": 0.010752688172043012,
    "List_of_football_clubs_in_Hungary": 0.010638297872340425,
    "List_of_football_clubs_in_Slovenia": 0.010582010582010581,
    "List_of_football_clubs_in_Bosnia_and_Herzegovina": 0.010471204188481676,
    "LTV_Super_Cup": 0.010471204188481676,
    "1953\u201354_Austrian_football_championship": 0.010309278350515464,
    "Slovenian_Supercup": 0.010309278350515464,
    "List_of_Greek_football_champions": 0.01020408163265306,
    "Polish_Cup": 0.01020408163265306,
    "1954\u201355_Austrian_football_championship": 0.010169491525423728,
    "1958\u201359_Austrian_football_championship": 0.010135135135135136,
    "1956\u201357_Austrian_football_championship": 0.010101010101010102,
    "Toni_Polster": 0.010067114093959731
}