{
    "New_Zealand_general_election,_2011": 1.0,
    "New_Zealand_general_election,_2008": 1.0,
    "Maurice_Williamson": 0.5359116022099447,
    "Lockwood_Smith": 0.5359116022099447,
    "50th_New_Zealand_Parliament": 0.5359116022099447,
    "Murray_McCully": 0.532967032967033,
    "New_Zealand_local_elections,_2004": 0.5027624309392266,
    "New_Zealand_general_election,_1938": 0.5027624309392266,
    "New_Zealand_general_election,_1853": 0.5027624309392266,
    "New_Zealand_general_election,_1855": 0.5027624309392266,
    "New_Zealand_general_election,_1951": 0.5027624309392266,
    "New_Zealand_citizens-initiated_referendum,_2009": 0.5027624309392266,
    "New_Zealand_firefighter_referendum,_1995": 0.5027624309392266,
    "New_Zealand_general_election,_1860\u201361": 0.5027624309392266,
    "New_Zealand_general_election,_1866": 0.5027624309392266,
    "New_Zealand_general_election,_1871": 0.5027624309392266,
    "New_Zealand_general_election,_1875\u201376": 0.5027624309392266,
    "New_Zealand_general_election,_1879": 0.5027624309392266,
    "New_Zealand_general_election,_1881": 0.5027624309392266,
    "New_Zealand_general_election,_1884": 0.5027624309392266,
    "New_Zealand_general_election,_1887": 0.5027624309392266,
    "New_Zealand_general_election,_1890": 0.5027624309392266,
    "New_Zealand_general_election,_1902": 0.5027624309392266,
    "New_Zealand_general_election,_1905": 0.5027624309392266,
    "New_Zealand_general_election,_1914": 0.5027624309392266,
    "New_Zealand_general_election,_1919": 0.5027624309392266,
    "New_Zealand_local_elections,_2013": 0.5027624309392266,
    "26th_New_Zealand_Parliament": 0.5027624309392266,
    "New_Zealand_general_election,_2002": 0.5027624309392266,
    "Referendums_in_New_Zealand": 0.5027624309392266,
    "New_Zealand_general_election,_1996": 0.5027624309392266,
    "New_Zealand_general_election,_1990": 0.5027624309392266,
    "New_Zealand_general_election,_1993": 0.5027624309392266,
    "New_Zealand_general_election,_2005": 0.5027624309392266,
    "Peter_Dunne": 0.46634615384615385,
    "List_of_New_Zealand_by-elections": 0.43891402714932126,
    "Next_New_Zealand_general_election": 0.35826771653543305,
    "Opinion_polling_for_the_New_Zealand_general_election,_2008": 0.34600760456273766,
    "Bill_English": 0.2904191616766467,
    "Elections_in_New_Zealand": 0.26558265582655827,
    "Trevor_Mallard": 0.07269155206286837,
    "Winston_Peters": 0.06175771971496437,
    "Keith_Holyoake": 0.05994550408719346,
    "Chairman_of_Committees_(New_Zealand_House_of_Representatives)": 0.058823529411764705,
    "Electoral_system_of_New_Zealand": 0.058823529411764705,
    "Father_of_the_House_(New_Zealand)": 0.058823529411764705,
    "Speaker_of_the_New_Zealand_Legislative_Council": 0.058823529411764705,
    "Leader_of_the_Opposition_(New_Zealand)": 0.058823529411764705,
    "Jack_Marshall": 0.0572289156626506,
    "Robert_Muldoon": 0.05688622754491018,
    "Jim_Bolger": 0.04392764857881137,
    "District_Health_Board": 0.043859649122807015,
    "Gordon_Coates": 0.04291845493562232,
    "Joseph_Ward": 0.04230769230769231,
    "New_Zealand_National_Party": 0.040632054176072234,
    "House_of_Representatives_of_New_Zealand": 0.03316326530612245,
    "Helen_Clark": 0.03220035778175313,
    "Walter_Nash": 0.029473684210526315,
    "List_of_Governments_of_New_Zealand": 0.027777777777777776,
    "New_Zealand_electorates": 0.024163568773234202,
    "New_Zealand_Labour_Party": 0.023404255319148935,
    "Richard_Prebble": 0.02252252252252252,
    "Roger_Douglas": 0.02242152466367713,
    "Bob_Tizard": 0.022271714922048998,
    "Michael_Cullen_(politician)": 0.022172949002217297,
    "William_Massey": 0.021645021645021644,
    "Peter_Fraser_(New_Zealand_politician)": 0.02127659574468085,
    "List_of_companies_of_New_Zealand": 0.021021021021021023,
    "Jim_Anderton": 0.020964360587002098,
    "List_of_lakes_in_New_Zealand": 0.020958083832335328,
    "List_of_islands_of_New_Zealand": 0.020958083832335328,
    "George_Grey": 0.020588235294117647,
    "Religion_in_New_Zealand": 0.02040816326530612,
    "Public_holidays_in_New_Zealand": 0.020289855072463767,
    "George_Forbes_(New_Zealand_politician)": 0.020161290322580645,
    "Thomas_Mackenzie": 0.020080321285140562,
    "Richard_Seddon": 0.02,
    "List_of_cities_in_New_Zealand": 0.01990049751243781,
    "Languages_of_New_Zealand": 0.019886363636363636,
    "Third_Labour_Government_of_New_Zealand": 0.0189873417721519,
    "Mike_Moore_(New_Zealand_politician)": 0.018832391713747645,
    "Harry_Atkinson": 0.01809954751131222,
    "Monarchy_of_New_Zealand": 0.01800720288115246,
    "Tourism_in_New_Zealand": 0.017994858611825194,
    "Frontbench_team_of_David_Shearer": 0.01762114537444934,
    "Frontbench_team_of_Phil_Goff": 0.01762114537444934,
    "Frontbench_team_of_David_Cunliffe": 0.01762114537444934,
    "Auckland": 0.016826923076923076,
    "Sport_in_New_Zealand": 0.016587677725118485,
    "Robert_McKeen": 0.015945330296127564,
    "Clyde_Carr": 0.015945330296127564,
    "List_of_New_Zealand_Labour_Party_MPs": 0.015945330296127564,
    "Bob_Semple": 0.015909090909090907,
    "Phil_Goff": 0.015909090909090907,
    "Annette_King": 0.015909090909090907,
    "Rex_Mason": 0.015909090909090907,
    "James_McCombs": 0.015873015873015872,
    "Minister_of_Agriculture_(New_Zealand)": 0.014814814814814815,
    "Minister_of_Foreign_Affairs_(New_Zealand)": 0.014814814814814815,
    "Marine_reserves_of_New_Zealand": 0.014285714285714285,
    "Foreign_relations_of_New_Zealand": 0.014285714285714285,
    "National_parks_of_New_Zealand": 0.014285714285714285,
    "Jonathan_Hunt_(New_Zealand_politician)": 0.013916500994035786,
    "Arnold_Nordmeyer": 0.013916500994035786,
    "Sir_Charles_Fergusson,_7th_Baronet": 0.013824884792626729,
    "John_Dickson-Poynder,_1st_Baron_Islington": 0.013824884792626729,
    "Social_Credit_Party_(New_Zealand)": 0.013745704467353952,
    "Cinema_of_New_Zealand": 0.013182674199623353,
    "Green_Party_of_Aotearoa_New_Zealand": 0.01293103448275862,
    "New_Zealand_English": 0.012237762237762238,
    "Robert_Macfarlane_(New_Zealand_politician)": 0.012006861063464836,
    "Dan_Sullivan_(New_Zealand_politician)": 0.011986301369863013,
    "Sir_James_Fergusson,_6th_Baronet": 0.011811023622047244,
    "John_Hall_(New_Zealand_politician)": 0.010899182561307902
}