{
    "Southwest_Suburban_Conference": 1.0,
    "South_Inter-Conference_Association": 0.9401197604790419,
    "Lincoln_Trail_Conference": 0.9401197604790419,
    "Three_Rivers_Conference_(Illinois)": 0.9401197604790419,
    "Prairieland_Conference": 0.9401197604790419,
    "West_Central_Conference_(Illinois)": 0.9401197604790419,
    "Northwest_Upstate_Illini_Conference": 0.9401197604790419,
    "Little_Illini_Conference": 0.9401197604790419,
    "North_Egypt_Conference": 0.9401197604790419,
    "Okaw_Valley_Conference_(Illinois)": 0.9401197604790419,
    "National_Trail_Conference": 0.9401197604790419,
    "Big_Rivers_Conference_(Illinois)": 0.9401197604790419,
    "Black_Diamond_Conference": 0.9235294117647059,
    "East_Suburban_Catholic_Conference": 0.8870056497175142,
    "Northern_Illinois_Conference_(athletic_conference)": 0.8870056497175142,
    "Southern_Illinois_River-to-River_Conference": 0.8770949720670391,
    "Central_Suburban_League": 0.8770949720670391,
    "South_Suburban_Conference_(Illinois)": 0.8674033149171271,
    "Chicago_Catholic_League": 0.8626373626373627,
    "African_Sports_Confederation_of_Disabled": 0.033707865168539325,
    "Squash_Federation_of_Africa": 0.03345724907063197,
    "Europe_Cup_(badminton)": 0.03333333333333333,
    "EFAF_Cup": 0.03260869565217391,
    "West_Virginia_Intercollegiate_Athletic_Conference": 0.030973451327433628,
    "European_Football_League": 0.0297029702970297,
    "LEN_Women's_Champions'_Cup": 0.028662420382165606,
    "Women's_LEN_Trophy": 0.028662420382165606,
    "European_Cup_(baseball)": 0.02786377708978328,
    "Midwest_Athletic_Conference_(IHSAA)": 0.02717391304347826,
    "Indiana_High_School_Athletics_Conferences:_Allen_County_\u2013_Metropolitan": 0.02717391304347826,
    "Lake_Suburban_Conference": 0.02717391304347826,
    "Lake_Athletic_Conference": 0.02717391304347826,
    "IHSAA_Conference-Independent_Schools": 0.02717391304347826,
    "Central_Indiana_Athletic_Conference": 0.02717391304347826,
    "Mid-Southern_Conference_of_Indiana": 0.02717391304347826,
    "Northeast_Corner_Conference_of_Indiana": 0.02717391304347826,
    "Northwestern_Conference_(IHSAA)": 0.02717391304347826,
    "Indiana_High_School_Athletics_Conferences:_Mid-Eastern_\u2013_Northwestern": 0.02717391304347826,
    "Southwestern_Indiana_Conference": 0.02717391304347826,
    "Tri-River_Conference_(IHSAA)": 0.02717391304347826,
    "Western_Indiana_Conference": 0.02717391304347826,
    "White_River_Conference_(Indiana)": 0.02717391304347826,
    "Rangeline_Conference": 0.02717391304347826,
    "Northeastern_Indiana_Athletic_Conference": 0.02717391304347826,
    "South_Central_Conference_(IHSAA)": 0.02717391304347826,
    "Big_Blue_River_Conference": 0.02717391304347826,
    "Central_Suburban_Conference": 0.02717391304347826,
    "Mississinewa_Valley_Conference": 0.02717391304347826,
    "Southeastern_Indiana_Conference": 0.02717391304347826,
    "Tri-County_Conference_(Northern_Indiana)": 0.02717391304347826,
    "East_Central_Conference_(IHSAA)": 0.02717391304347826,
    "Whitewater_Valley_Conference": 0.02717391304347826,
    "Dixie-Monon_Conference": 0.02717391304347826,
    "Blue_River_Conference_(IHSAA)": 0.02717391304347826,
    "Tippecanoe_Valley_Athletic_Conference": 0.02717391304347826,
    "Northwest_Hoosier_Conference": 0.02717391304347826,
    "South_Lake_Michigan_Conference": 0.02717391304347826,
    "Olympic_Conference_(Indiana)": 0.026881720430107527,
    "Western_Intercollegiate_Rowing_Association": 0.0267639902676399,
    "Hoosier_Crossroads_Conference": 0.026595744680851064,
    "Mid-Hoosier_Conference": 0.026525198938992044,
    "Hoosier_Athletic_Conference": 0.026455026455026454,
    "EHF_Challenge_Cup": 0.025495750708215296,
    "Karate": 0.02524271844660194,
    "EHF_Women's_Champions_League": 0.025210084033613446,
    "CERS_Cup": 0.025139664804469275,
    "Association_of_National_Olympic_Committees_of_Africa": 0.025069637883008356,
    "Northern_Indiana_Athletic_Conference": 0.024691358024691357,
    "Women's_EHF_Cup": 0.023872679045092837,
    "List_of_professional_sportspeople_convicted_of_crimes": 0.023809523809523808,
    "Olympic_sports": 0.02335456475583864,
    "List_of_NCAA_Division_II_institutions": 0.023178807947019868,
    "Korfball": 0.023109243697478993,
    "UEFA_Super_Cup": 0.022670025188916875,
    "Handball": 0.022617124394184167,
    "CERH_European_League": 0.0225,
    "Tumbling_(gymnastics)": 0.02247191011235955,
    "EHF_Champions_League": 0.022222222222222223,
    "Patoka_Valley_Conference": 0.02207505518763797,
    "EHF_Cup": 0.021897810218978103,
    "Pocket_Athletic_Conference": 0.021551724137931036,
    "Euroleague_Basketball_Nike_International_Junior_Tournament": 0.02142857142857143,
    "Philadelphia_Spinners": 0.021341463414634148,
    "European_Champion_Clubs_Cup_(athletics)": 0.021176470588235293,
    "Champions_Hockey_League": 0.020642201834862386,
    "European_Challenge_Cup": 0.02050113895216401,
    "Dragon_boat": 0.020253164556962026,
    "Division_II_(NCAA)": 0.020202020202020204,
    "List_of_NCAA_conferences": 0.020202020202020204,
    "List_of_NCAA_Division_I_institutions": 0.020202020202020204,
    "List_of_NCAA_Division_III_institutions": 0.020202020202020204,
    "List_of_non-NCAA_Division_I_schools_competing_in_NCAA_Division_I_sports": 0.020202020202020204,
    "NCAA_Division_II_Women's_Golf_Championships": 0.020202020202020204,
    "NCAA_Division_III_Women's_Golf_Championships": 0.020202020202020204,
    "NCAA_Division_II_Men's_Golf_Championships": 0.020202020202020204,
    "NCAA_Division_III_Men's_Golf_Championships": 0.020202020202020204,
    "Division_I_(NCAA)": 0.020202020202020204,
    "World_Games_sports": 0.020066889632107024,
    "National_Collegiate_Athletic_Association": 0.020066889632107024,
    "2013_Federated_Auto_Parts_400": 0.02,
    "Sports_teams_in_the_Halifax_Regional_Municipality": 0.01990049751243781,
    "NCAA_Division_III_Women's_Lacrosse_Championship": 0.019801980198019802,
    "CEV_Cup": 0.019736842105263157,
    "IIHF_Continental_Cup": 0.01939655172413793,
    "UEFA_Europa_League": 0.01935483870967742,
    "NCAA_Division_III_National_Football_Championship": 0.01935483870967742,
    "Philadelphia_Phoenix_(AUDL)": 0.01928374655647383,
    "NCAA_Men's_Division_II_Swimming_and_Diving_Championships": 0.019230769230769232,
    "NCAA_Men's_Division_III_Swimming_and_Diving_Championships": 0.019230769230769232,
    "CEV_Champions_League": 0.019189765458422176,
    "African_Swimming_Confederation": 0.018796992481203006,
    "Heineken_Cup": 0.018789144050104383,
    "Confederation_Africaine_de_Cyclisme": 0.018556701030927835,
    "ESF_men's_EC_club_championships": 0.018518518518518517,
    "Lightning_football": 0.01839080459770115,
    "Rugby_sevens": 0.018337408312958436,
    "College_baseball": 0.018292682926829267,
    "NCAA_Division_II_Women's_Swimming_and_Diving_Championships": 0.018276762402088774,
    "NCAA_Division_III_Women's_Swimming_and_Diving_Championships": 0.018276762402088774,
    "LEN_Champions_League": 0.018072289156626505,
    "NCAA_Division_II_Men's_Lacrosse_Championship": 0.018018018018018018,
    "NCAA_Division_III_Men's_Lacrosse_Championship": 0.017857142857142856,
    "UEFA_Futsal_Cup": 0.01782178217821782,
    "Madshus": 0.017766497461928935,
    "NCAA_Rifle_Championship": 0.017699115044247787,
    "Skis_Rossignol": 0.017676767676767676,
    "Wilson_Staff": 0.017632241813602016,
    "NCAA_Division_II_Women's_Soccer_Championship": 0.017587939698492462,
    "NCAA_Division_III_Women's_Soccer_Championship": 0.017587939698492462,
    "Sports_teams_from_Iowa": 0.017467248908296942,
    "UNLV_Rebels": 0.017361111111111112,
    "NCAA_Division_I_Women's_Lacrosse_Championship": 0.017278617710583154,
    "NCAA_Bowling_Championship": 0.01715686274509804,
    "NCAA_Division_I_Women's_Golf_Championships": 0.01715686274509804,
    "NCAA_Division_I_Women's_Soccer_Championship": 0.017114914425427872,