{
    "List_of_Indian_states_and_territories_by_highest_point": 1.0,
    "Tourist_attractions_in_West_Bengal": 1.0,
    "List_of_tourist_attractions_in_Allahabad": 0.8765822784810127,
    "List_of_waterfalls_of_India": 0.712082262210797,
    "Sacred_groves_of_India": 0.6382488479262672,
    "Tourism_in_Karnataka": 0.5607287449392713,
    "List_of_World_Heritage_Sites_in_India": 0.3968481375358166,
    "List_of_national_parks_of_India": 0.27839195979899495,
    "List_of_State_Protected_Monuments_in_Haryana": 0.2630579297245964,
    "States_and_union_territories_of_India": 0.04716981132075472,
    "List_of_cities_and_towns_in_India": 0.045454545454545456,
    "Wildlife_sanctuaries_of_India": 0.045454545454545456,
    "List_of_populated_places_in_Adilabad_district": 0.045454545454545456,
    "List_of_most_populous_cities_in_India": 0.04507042253521127,
    "List_of_big_cities_in_North_East_India": 0.04507042253521127,
    "Biosphere_reserves_of_India": 0.03764320785597381,
    "List_of_districts_in_India_by_population": 0.03490136570561457,
    "List_of_districts_of_India": 0.03490136570561457,
    "List_of_ecoregions_in_India": 0.03463855421686747,
    "Administrative_divisions_of_India": 0.033381712626995644,
    "Indian_maritime_history": 0.027642276422764227,
    "Irreligion_in_India": 0.026420079260237782,
    "International_rankings_of_India": 0.02607361963190184,
    "Obesity_in_India": 0.024456521739130436,
    "Indian_general_elections_1977\u20131999": 0.022911051212938006,
    "Indian_general_elections_1951\u20131971": 0.022911051212938006,
    "Agriculture_in_India": 0.021686746987951807,
    "BSE_SENSEX": 0.021573604060913704,
    "Fishing_in_India": 0.02103960396039604,
    "Poverty_in_India": 0.020954598370197905,
    "List_of_Presidents_of_India": 0.020320855614973262,
    "Khajuraho_Group_of_Monuments": 0.019559902200488997,
    "Indian_Army": 0.019328585961342827,
    "List_of_Hindu_festivals": 0.01929824561403509,
    "Transport_in_India": 0.01904761904761905,
    "Himalayan_Queen": 0.018691588785046728,
    "List_of_festivals_of_Maharashtrian_Brahmins": 0.018617021276595744,
    "Ekadashi": 0.017857142857142856,
    "Dashanami_Sampradaya": 0.01744186046511628,
    "Research_and_Analysis_Wing": 0.016898608349900597,
    "Rajya_Sabha": 0.016815034619188922,
    "Hinduism_by_country": 0.01675977653631285,
    "Andaman_and_Nicobar_Islands": 0.016666666666666666,
    "Delhi": 0.016412661195779603,
    "Indian_classical_dance": 0.016051364365971106,
    "Himachal_Pradesh": 0.016,
    "Alcohol_laws_of_India": 0.015827338129496403,
    "Public_holidays_in_India": 0.015625,
    "Rigveda": 0.015306122448979591,
    "List_of_engineering_colleges_in_Delhi": 0.014675052410901468,
    "List_of_large_Hindu_temples": 0.014675052410901468,
    "List_of_tallest_Gopurams": 0.014659685863874346,
    "Crime_in_India": 0.014448669201520912,
    "Law_enforcement_in_India": 0.014448669201520912,
    "Arab_citizens_of_Israel": 0.014326647564469915,
    "Raipur": 0.014285714285714285,
    "Gutka": 0.014263074484944533,
    "List_of_State_Protected_Monuments_in_Tamil_Nadu": 0.013729977116704805,
    "Israeli_Jews": 0.013623978201634877,
    "Jammu": 0.013582342954159592,
    "Indira_Gandhi_National_Open_University": 0.013445378151260505,
    "Terai": 0.013333333333333334,
    "List_of_districts_of_Uttarakhand": 0.013333333333333334,
    "Guru": 0.012968299711815562,
    "List_of_districts_in_Kerala": 0.01279317697228145,
    "British_Raj": 0.012753188297074268,
    "List_of_tallest_towers_in_the_world": 0.012750455373406194,
    "Mahabharata": 0.012547051442910916,
    "Hindu_calendar": 0.012531328320802004,
    "Tamil_Nadu": 0.012345679012345678,
    "Sanskrit": 0.01232394366197183,
    "List_of_state_and_union_territory_capitals_in_India": 0.012232415902140673,
    "List_of_tallest_dams_in_the_world": 0.012089810017271158,
    "Marine_National_Park,_Gulf_of_Kutch": 0.012077294685990338,
    "Raj_Ghat_and_associated_memorials": 0.011940298507462687,
    "Puranas": 0.011920529801324504,
    "Western_Ghats": 0.011848341232227487,
    "Upanishads": 0.011583011583011582,
    "List_of_tallest_bridges_in_the_world": 0.011570247933884297,
    "List_of_districts_of_West_Bengal": 0.011494252873563218,
    "Demographics_of_India": 0.011472275334608031,
    "Odisha": 0.011450381679389313,
    "Sai_Baba_of_Shirdi": 0.011389521640091117,
    "CN_Tower": 0.010775862068965518,
    "Himalayan_Peaks_of_Uttarakhand": 0.010438413361169102,
    "Jabalpur": 0.010398613518197574,
    "Sport_in_India": 0.010380622837370242,
    "List_of_districts_of_Himachal_Pradesh": 0.010256410256410256,
    "List_of_cities_in_Andhra_Pradesh_by_population": 0.010075566750629723
}