{
    "Algerian_Cup": 1.0,
    "2003\u201304_Algerian_Cup": 0.4559386973180077,
    "2008\u201309_Algerian_Cup": 0.3927392739273927,
    "2009\u201310_Algerian_Cup": 0.3888888888888889,
    "2011\u201312_Algerian_Cup": 0.3606060606060606,
    "2012\u201313_Algerian_Cup": 0.3489736070381232,
    "2010\u201311_Algerian_Cup": 0.33994334277620397,
    "Niger_Cup": 0.22348484848484848,
    "Ghanaian_FA_Cup": 0.2209737827715356,
    "Cameroonian_Cup": 0.21933085501858737,
    "Coupe_du_Pr\u00e9sident_de_la_R\u00e9publique": 0.21933085501858737,
    "List_of_football_clubs_in_Algeria": 0.19528619528619529,
    "Algeria_A'_national_football_team": 0.18691588785046728,
    "Coupe_du_Tr\u00f4ne": 0.17352941176470588,
    "Tunisian_Cup": 0.16526610644257703,
    "List_of_top_goalscorers_in_Algerian_Ligue_Professionnelle_1_by_season": 0.15223097112860892,
    "Algerian_Ligue_Professionnelle_1": 0.136986301369863,
    "Egypt_Cup": 0.135632183908046,
    "Algeria_national_football_team": 0.07263922518159806,
    "Algeria_at_the_Mediterranean_Games": 0.041237113402061855,
    "Algeria_at_the_All-Africa_Games": 0.03669724770642202,
    "Algeria_national_basketball_team": 0.03592814371257485,
    "1988_African_Cup_of_Champions_Clubs": 0.034229828850855744,
    "2010\u201311_Algerian_Ligue_Professionnelle_1": 0.02610441767068273,
    "2005\u201306_Algerian_Championnat_National": 0.026004728132387706,
    "2006\u201307_Algerian_Championnat_National": 0.02576112412177986,
    "2007\u201308_Algerian_Championnat_National": 0.02534562211981567,
    "2011\u201312_Algerian_Ligue_Professionnelle_2": 0.025139664804469275,
    "2012\u201313_Algerian_Ligue_Professionnelle_2": 0.025139664804469275,
    "2010\u201311_Algerian_Ligue_Professionnelle_2": 0.02481389578163772,
    "2012\u201313_Algerian_Ligue_Professionnelle_1": 0.024574669187145556,
    "2008\u201309_Algerian_Championnat_National": 0.024498886414253896,
    "2009\u201310_Algerian_Championnat_National": 0.024390243902439025,
    "2011\u201312_Algerian_Ligue_Professionnelle_1": 0.023157894736842106,
    "Algeria_at_the_Olympics": 0.022944550669216062,
    "2010\u201311_Championnat_National_de_Football_Amateur": 0.01718213058419244,
    "2011\u201312_Ligue_Nationale_du_Football_Amateur": 0.016891891891891893,
    "2009\u201310_Algerian_Championnat_National_2": 0.01607717041800643,
    "2008\u201309_Algerian_Championnat_National_2": 0.01607717041800643,
    "2006\u201307_Algerian_Championnat_National_2": 0.01607717041800643,
    "2005\u201306_Algerian_Championnat_National_2": 0.01607717041800643,
    "2007\u201308_Algerian_Championnat_National_2": 0.01607717041800643,
    "2004\u201305_Algerian_Championnat_National_2": 0.01607717041800643,
    "2002\u201303_Algerian_Championnat_National_2": 0.01607717041800643,
    "2000\u201301_Algerian_Championnat_National_2": 0.01607717041800643,
    "2010\u201311_JS_Kabylie_season": 0.015384615384615385,
    "Ligue_2_(Ivory_Coast)": 0.01384083044982699,
    "2009\u201310_Libyan_Cup": 0.013440860215053764,
    "2008\u201309_Libyan_Cup": 0.013297872340425532,
    "2010\u201311_Olympique_de_M\u00e9d\u00e9a_season": 0.013201320132013201,
    "2011\u201312_Olympique_de_M\u00e9d\u00e9a_season": 0.013029315960912053,
    "2007\u201308_Malian_Premi\u00e8re_Division": 0.012944983818770227,
    "Botola_2": 0.012903225806451613,
    "THB_Champions_League": 0.012578616352201259,
    "Niger_Premier_League": 0.012578616352201259,
    "Sierra_Leone_National_Premier_League": 0.012539184952978056,
    "Lesotho_Premier_League": 0.012539184952978056,
    "Somalia_League": 0.012539184952978056,
    "Gabon_Championnat_National_D1": 0.0125,
    "Primus_National_Football_League": 0.0125,
    "Ligue_1_(Ivory_Coast)": 0.01238390092879257,
    "2008\u201309_Malian_Premi\u00e8re_Division": 0.012345679012345678,
    "2010\u201311_Nigeria_Premier_League": 0.012269938650306749,
    "2010\u201311_Ghanaian_Premier_League": 0.012269938650306749,
    "2009\u201310_Malian_Premi\u00e8re_Division": 0.012232415902140673,
    "Chad_national_football_team": 0.012195121951219513,
    "2010\u201311_Malian_Premi\u00e8re_Division": 0.011904761904761904,
    "Senegal_national_under-23_football_team": 0.011834319526627219,
    "2008_CAF_Confederation_Cup": 0.011764705882352941,
    "Mauritian_League": 0.011764705882352941,
    "2011\u201312_Ghanaian_Premier_League": 0.011730205278592375,
    "2003\u201304_Egyptian_Premier_League": 0.011627906976744186,
    "2010_CAF_Confederation_Cup": 0.011594202898550725,
    "2007\u201308_Tunisian_Ligue_Professionnelle_1": 0.011574074074074073,
    "Burkinab\u00e9_Premier_League": 0.011560693641618497,
    "Egyptian_Super_Cup": 0.011461318051575931,
    "2011\u201312_Gabon_Championnat_National_D1": 0.011461318051575931,
    "2007\u201308_Botola": 0.011428571428571429,
    "2009_CAF_Confederation_Cup": 0.011428571428571429,
    "2009_Kenyan_Premier_League": 0.011428571428571429,
    "2007\u201308_Egyptian_Premier_League": 0.011389521640091117,
    "2012\u201313_Ghanaian_Premier_League": 0.011363636363636364,
    "Ghana_Premier_League": 0.011363636363636364,
    "2012\u201313_Ligue_1_(C\u00f4te_d'Ivoire)": 0.0113314447592068,
    "2008_C\u00f4te_d'Ivoire_Premier_Division": 0.011194029850746268,
    "Mauritius_national_football_team": 0.0111731843575419,
    "2008\u201309_Tunisian_Ligue_Professionnelle_1": 0.011160714285714286,
    "2009\u201310_Tunisian_Ligue_Professionnelle_1": 0.011086474501108648,
    "2008\u201309_Elite_One": 0.0110803324099723,
    "2012\u201313_Malian_Premi\u00e8re_Division": 0.011019283746556474,
    "2009\u201310_Elite_One": 0.01098901098901099,
    "2013\u201314_Ghanaian_Premier_League": 0.01098901098901099,
    "2008\u201309_Botola": 0.01092896174863388,
    "Sudan_Premier_League": 0.01092896174863388,
    "2010\u201311_Tunisian_Ligue_Professionnelle_1": 0.010893246187363835,
    "2009\u201310_Botola": 0.01084010840108401,
    "Botswana_Premier_League": 0.01084010840108401,
    "2009_Togolese_Championnat_National": 0.010752688172043012,
    "2008\u201309_Egyptian_Premier_League": 0.01072961373390558,
    "2010\u201311_Elite_One": 0.010723860589812333,
    "Linafoot": 0.0106951871657754,
    "2007\u201308_Libyan_Premier_League": 0.010666666666666666,
    "2009\u201310_Egyptian_Premier_League": 0.010660980810234541,
    "2008\u201309_Ethiopian_Premier_League": 0.010638297872340425,
    "2001_CAF_Cup": 0.010638297872340425,
    "Tunisian_Ligue_Professionnelle_2": 0.010610079575596816,
    "2010\u201311_Botola": 0.010610079575596816,
    "2009\u201310_Ethiopian_Premier_League": 0.010582010582010581,
    "2011_Seychelles_First_Division": 0.010526315789473684,
    "2011\u201312_Tunisian_Ligue_Professionnelle_1": 0.010526315789473684,
    "2010\u201311_Egyptian_Premier_League": 0.010482180293501049,
    "2008_Sudan_Premier_League": 0.010452961672473868,
    "2010\u201311_Ethiopian_Premier_League": 0.010362694300518135,
    "2012_Zimbabwe_Premier_Soccer_League": 0.010344827586206896,
    "2009_C\u00f4te_d'Ivoire_Premier_Division": 0.010273972602739725,
    "2010_Sudan_Premier_League": 0.010238907849829351,
    "Botswana_national_football_team": 0.010230179028132993,
    "2011\u201312_Botola": 0.010178117048346057,
    "2009_Sudan_Premier_League": 0.010067114093959731,
    "2013_CAF_Champions_League_qualifying_rounds": 0.010067114093959731,
    "2013_CAF_Confederation_Cup_qualifying_rounds": 0.010067114093959731,
    "2013_Zimbabwe_Premier_Soccer_League": 0.010067114093959731
}