{
    "UFC_94": 1.0,
    "UFC_99": 1.0,
    "UFC_100": 1.0,
    "UFC_103": 1.0,
    "UFC_104": 1.0,
    "UFC_105": 1.0,
    "UFC_107": 1.0,
    "UFC_106": 1.0,
    "UFC_109": 1.0,
    "UFC_108": 1.0,
    "UFC_113": 1.0,
    "UFC_111": 1.0,
    "UFC_112": 1.0,
    "UFC_114": 1.0,
    "UFC_115": 1.0,
    "UFC_116": 1.0,
    "UFC_117": 1.0,
    "UFC_118": 1.0,
    "UFC_119": 1.0,
    "UFC_120": 1.0,
    "UFC_121": 1.0,
    "UFC_122": 1.0,
    "UFC_124": 1.0,
    "UFC_125": 1.0,
    "UFC_126": 1.0,
    "UFC_128": 1.0,
    "UFC_127": 1.0,
    "UFC_130": 1.0,
    "UFC_129": 1.0,
    "UFC_131": 1.0,
    "UFC_132": 1.0,
    "UFC_133": 1.0,
    "UFC_134": 1.0,
    "UFC_136": 1.0,
    "UFC_137": 1.0,
    "UFC_135": 1.0,
    "UFC_138": 1.0,
    "UFC_140": 1.0,
    "UFC_141": 1.0,
    "UFC_148": 1.0,
    "UFC_102": 0.9555895865237366,
    "UFC_139": 0.9397590361445783,
    "List_of_UFC_bonus_award_recipients": 0.9313432835820895,
    "List_of_UFC_events": 0.9313432835820895,
    "Ultimate_Fighting_Championship": 0.7509025270758123,
    "Matt_Serra": 0.05194805194805195,
    "Michael_Bisping": 0.0517464424320828,
    "Forrest_Griffin": 0.05167958656330749,
    "Rashad_Evans": 0.05167958656330749,
    "Nate_Diaz": 0.04951856946354883,
    "Efrain_Escudero": 0.04951856946354883,
    "Jesse_Taylor": 0.04951856946354883,
    "Amir_Sadollah": 0.04951856946354883,
    "Shane_Primm": 0.04951856946354883,
    "Ross_Pearson": 0.04951856946354883,
    "James_Wilks": 0.04951856946354883,
    "Amir_Khillah": 0.04951856946354883,
    "Court_McGee": 0.04951856946354883,
    "Jonathan_Brookins": 0.04951856946354883,
    "Diego_Sanchez": 0.04951856946354883,
    "Joe_Stevenson": 0.04951856946354883,
    "John_Dodson_(fighter)": 0.04951856946354883,
    "Zak_Jensen": 0.04951856946354883,
    "Diego_Brandao": 0.04951856946354883,
    "Leonardo_Santos_(fighter)": 0.04951856946354883,
    "Rony_Mariano_Bezerra": 0.04951856946354883,
    "Norman_Parke": 0.04951856946354883,
    "Mac_Danzig": 0.04951856946354883,
    "Kendall_Grove": 0.04951856946354883,
    "Travis_Lutter": 0.04951856946354883,
    "Roy_Nelson_(fighter)": 0.04938271604938271,
    "Michael_Chiesa": 0.0492676431424767,
    "Tim_Elliott": 0.0492676431424767,
    "Tony_Ferguson": 0.048748353096179184,
    "Carla_Esparza": 0.04868421052631579,
    "Robert_Whittaker_(fighter)": 0.047619047619047616,
    "Ryan_Bader": 0.047182175622542594,
    "The_Ultimate_Fighter": 0.04357798165137615
}