{
    "Colorado_gubernatorial_election,_2006": 1.0,
    "United_States_House_of_Representatives_elections_in_Michigan,_2006": 0.5400516795865633,
    "Alaska_state_elections,_2006": 0.5400516795865633,
    "California_Secretary_of_State_election,_2006": 0.5238095238095238,
    "California_State_Controller_election,_2006": 0.5238095238095238,
    "California_State_Treasurer_election,_2006": 0.5238095238095238,
    "California_Insurance_Commissioner_election,_2006": 0.5238095238095238,
    "California_Superintendent_of_Public_Instruction_election,_2006": 0.5238095238095238,
    "Florida_Democratic_Gubernatorial_Primary,_2006": 0.4815668202764977,
    "United_States_gubernatorial_elections,_2006": 0.34094616639477976,
    "United_States_Senate_election_in_Indiana,_2006": 0.33707865168539325,
    "United_States_presidential_election_in_Colorado,_2004": 0.33210332103321033,
    "Oregon_state_elections,_2006": 0.3183856502242152,
    "Texas_general_election,_2006": 0.3171471927162367,
    "Texas_Legislature_elections,_2006": 0.3171471927162367,
    "United_States_House_of_Representatives_elections,_2006": 0.3091715976331361,
    "Connecticut_Senate_election,_2006": 0.2589395807644883,
    "United_States_House_of_Representatives_elections_in_New_York,_2006": 0.24169530355097366,
    "United_States_presidential_election_in_Colorado,_2008": 0.22019464720194648,
    "Massachusetts_House_of_Representatives_elections,_2006": 0.2198952879581152,
    "California_lieutenant_gubernatorial_election,_2006": 0.20390243902439023,
    "California_Attorney_General_election,_2006": 0.20390243902439023,
    "United_States_Senate_election_in_California,_2006": 0.20390243902439023,
    "California_gubernatorial_election,_2006": 0.19980879541108987,
    "Massachusetts_Senate_elections,_2006": 0.1745635910224439,
    "Colorado's_2nd_congressional_district": 0.022222222222222223,
    "Colorado's_1st_congressional_district": 0.022222222222222223,
    "Colorado's_3rd_congressional_district": 0.022222222222222223,
    "Colorado's_4th_congressional_district": 0.022222222222222223,
    "Colorado's_6th_congressional_district": 0.022222222222222223,
    "Minnesota_gubernatorial_election,_1998": 0.02179379715004191,
    "Colorado's_5th_congressional_district": 0.018211920529801324,
    "United_States_Senate_election_in_Oregon,_2008": 0.01804123711340206,
    "United_States_Senate_election_in_Missouri,_2012": 0.017769002961500493,
    "Minnesota_House_of_Representatives_elections,_2010": 0.017341040462427744,
    "Minnesota_Senate_elections,_2010": 0.017341040462427744,
    "United_States_Senate_election_in_Maryland,_2012": 0.01653543307086614,
    "Minneapolis_mayoral_election,_2013": 0.01647058823529412,
    "New_York_gubernatorial_election,_2002": 0.01639344262295082,
    "United_States_Senate_election_in_Minnesota,_2012": 0.01594746716697936,
    "Minnesota_House_of_Representatives_elections,_2012": 0.01594746716697936,
    "Minnesota_Senate_elections,_2012": 0.01594746716697936,
    "United_States_presidential_election_in_Minnesota,_2004": 0.015940488841657812,
    "United_States_Senate_election_in_Maine,_2012": 0.01589825119236884,
    "New_Jersey_gubernatorial_election,_2009": 0.015895953757225433,
    "New_York_gubernatorial_election,_1998": 0.015625,
    "United_States_Senate_election_in_New_York,_1970": 0.015561015561015561,
    "United_States_Senate_election_in_Indiana,_2012": 0.015521064301552107,
    "United_States_Senate_election_in_Montana,_2012": 0.015521064301552107,
    "California_gubernatorial_election,_2002": 0.015416958654519973,
    "Minnesota_Amendment_1": 0.015401540154015401,
    "California_gubernatorial_election,_1978": 0.015250544662309368,
    "List_of_United_States_Representatives_from_Colorado": 0.015018773466833541,
    "Colorado_Territory's_at-large_congressional_district": 0.014341590612777053,
    "United_States_presidential_election,_1948": 0.014336917562724014,
    "United_States_presidential_election,_1856": 0.013513513513513514,
    "United_States_Senate_election_in_Arizona,_2004": 0.012836970474967908,
    "United_States_presidential_election,_1848": 0.01220865704772475,
    "United_States_presidential_election_in_Minnesota,_2012": 0.011667810569663692,
    "United_States_presidential_election,_1872": 0.01160541586073501,
    "United_States_presidential_election_in_Texas,_2008": 0.010869565217391304,
    "Oregon_gubernatorial_election,_2010": 0.010845986984815618,
    "United_States_presidential_election_in_Arizona,_2004": 0.010784313725490196,
    "United_States_House_of_Representatives_elections_in_Texas,_2004": 0.01070154577883472,
    "Maine_Question_1,_2012": 0.0106544901065449,
    "United_States_presidential_election_in_Maine,_2000": 0.010517090271691499,
    "United_States_House_of_Representatives_elections_in_Texas,_2002": 0.010514018691588784,
    "United_States_presidential_election_in_Arizona,_2008": 0.010446343779677113,
    "United_States_presidential_election_in_Arizona,_2000": 0.010384215991692628,
    "United_States_Senate_election_in_California,_1950": 0.010093167701863354,
    "California_gubernatorial_election,_1962": 0.010046367851622875
}