{
    "Football_West_State_League_Premier_Division": 1.0,
    "List_of_association_football_stadiums_in_Australia": 0.47368421052631576,
    "PFA_Footballer_of_the_Year_Awards": 0.47368421052631576,
    "National_Premier_Leagues": 0.4520547945205479,
    "FFSA_National_Premier_Leagues_Premier_League": 0.4149377593360996,
    "2006_A-League_Pre-Season_Challenge_Cup": 0.413265306122449,
    "2006\u201307_Newcastle_Jets_season": 0.37850467289719625,
    "National_Premier_Leagues_Queensland": 0.36900369003690037,
    "2006\u201307_Queensland_Roar_season": 0.36486486486486486,
    "2013\u201314_A-League_National_Youth_League": 0.36134453781512604,
    "2012\u201313_A-League_National_Youth_League": 0.35964912280701755,
    "List_of_soccer_clubs_in_Australia": 0.3568281938325991,
    "2011\u201312_A-League_National_Youth_League": 0.3565217391304348,
    "Central_Coast_Mariners_FC_W-League_players": 0.3432203389830508,
    "FFSA_State_League": 0.3432203389830508,
    "FFSA_Super_League": 0.3432203389830508,
    "2010_FFSA_Super_League": 0.3333333333333333,
    "2011_FFSA_Super_League": 0.3333333333333333,
    "2007_FFSA_Super_League": 0.3333333333333333,
    "2008_FFSA_Super_League": 0.3333333333333333,
    "2009_FFSA_Super_League": 0.3333333333333333,
    "2011_FFSA_Premier_League": 0.3333333333333333,
    "2010_FFSA_Premier_League": 0.3333333333333333,
    "2009_FFSA_Premier_League": 0.3333333333333333,
    "2012_FFSA_Super_League": 0.3333333333333333,
    "2006_FFSA_Super_League": 0.3333333333333333,
    "Association_football_in_Tasmania": 0.32806324110671936,
    "Tasmanian_football_championship": 0.32806324110671936,
    "Southern_Premier_League_(Tasmania)": 0.3253012048192771,
    "Northern_Premier_League_(Tasmania)": 0.32142857142857145,
    "2008\u201309_W-League": 0.31640625,
    "Victorian_Premier_League": 0.30864197530864196,
    "Football_South_West_Queensland": 0.30451127819548873,
    "Federation_Cup_(football)": 0.29927007299270075,
    "Queensland_Academy_of_Sport_Football_Program": 0.29818181818181816,
    "Queensland_State_League_(association_football)": 0.2974910394265233,
    "Tasmanian_association_football_cup_competitions": 0.2968197879858657,
    "National_Premier_Leagues_NSW": 0.2955223880597015,
    "2005\u201306_A-League": 0.28825622775800713,
    "1994\u201395_National_Soccer_League": 0.2852112676056338,
    "1998\u201399_National_Soccer_League": 0.2852112676056338,
    "1999\u20132000_National_Soccer_League": 0.2852112676056338,
    "2000\u201301_National_Soccer_League": 0.2852112676056338,
    "National_Soccer_Youth_League": 0.2852112676056338,
    "National_Soccer_League": 0.2852112676056338,
    "2008\u201309_A-League": 0.2793103448275862,
    "Parramatta_Power": 0.2793103448275862,
    "2003\u201304_National_Soccer_League": 0.262987012987013,
    "Victorian_State_League_Division_2": 0.25796178343949044,
    "Victorian_State_League_Division_1": 0.25796178343949044,
    "Australian_Institute_of_Sport_Football_Program": 0.254601226993865,
    "FFV_NTC": 0.25386996904024767,
    "Waikato_United": 0.24923076923076923,
    "Football_Kingz_FC": 0.24923076923076923,
    "Australian_clubs_in_the_AFC_Champions_League": 0.24770642201834864,
    "Capital_1_League": 0.24770642201834864,
    "A-League": 0.23209169054441262,
    "2008_NSW_Premier_League_season": 0.224,
    "2009_NSW_Premier_League_season": 0.224,
    "Northern_Fury_FC": 0.21891891891891893,
    "Gold_Coast_United_FC": 0.21715817694369974,
    "2011_Waratah_Cup": 0.21693121693121692,
    "2010_Waratah_Cup": 0.21243523316062177,
    "2010\u201311_in_Australian_association_football": 0.20610687022900764,
    "2010_NSW_Premier_League_season": 0.20240963855421687,
    "W-League_(Australia)": 0.19708029197080293,
    "2013_National_Premier_Leagues": 0.1784037558685446,
    "2010_Sydney_Festival_of_Football": 0.1782608695652174,
    "Perth_Glory_FC": 0.17701149425287357,
    "Australia_women's_national_association_football_team": 0.14647377938517178,
    "2013\u201314_A-League": 0.13016845329249618,
    "2011\u201312_A-League": 0.12796208530805686,
    "2012\u201313_A-League": 0.12217194570135746,
    "2013_National_Premier_League_Queensland": 0.06572769953051644,
    "A-League_transfers_for_2013\u201314_season": 0.06550218340611354,
    "2013\u201314_Perth_Glory_season": 0.06437768240343347,
    "2013\u201314_Western_Sydney_Wanderers_season": 0.06278026905829596,
    "2013\u201314_Melbourne_Heart_season": 0.06222222222222222,
    "2013\u201314_Perth_Glory_W-League_season": 0.06140350877192982,
    "2013\u201314_Central_Coast_Mariners_season": 0.0611353711790393,
    "2013\u201314_Wellington_Phoenix_season": 0.06086956521739131,
    "2013\u201314_Sydney_FC_season": 0.06086956521739131,
    "2013\u201314_Adelaide_United_season": 0.06060606060606061,
    "2013\u201314_Newcastle_Jets_season": 0.06060606060606061,
    "2013\u201314_Newcastle_Jets_W-League_season": 0.06060606060606061,
    "2013\u201314_Melbourne_Victory_season": 0.059322033898305086,
    "2013\u201314_Brisbane_Roar_season": 0.058577405857740586,
    "A1_Team_Australia": 0.04262295081967213,
    "Australia_national_men's_squash_team": 0.042483660130718956,
    "Australia_men's_national_wheelchair_basketball_team": 0.04180064308681672,
    "Australia_national_speedway_team": 0.04153354632587859,
    "Indigenous_All_Stars_(rugby_league)": 0.04024767801857585,
    "Australia_international_rules_football_team": 0.03903903903903904,
    "Australia_women's_national_basketball_team": 0.03880597014925373,
    "Australia_at_the_Hopman_Cup": 0.036414565826330535,
    "Australia_men's_national_under-18_ice_hockey_team": 0.03504043126684636,
    "Australia_men's_national_junior_ice_hockey_team": 0.034759358288770054,
    "Australia_women's_national_field_hockey_team": 0.034759358288770054,
    "Australia_at_the_Commonwealth_Games": 0.034666666666666665,
    "Australia_A_cricket_team": 0.03412073490813648,
    "Prime_Minister's_XI": 0.03412073490813648,
    "Australia_men's_national_volleyball_team": 0.034031413612565446,
    "Australia_women's_national_water_polo_team": 0.03178484107579462,
    "Australia_men's_national_ice_hockey_team": 0.03155339805825243,
    "Australia_national_netball_team": 0.03125,
    "Australia_Fed_Cup_team": 0.028824833702882482,
    "Australia_men's_national_water_polo_team": 0.02857142857142857,
    "Australia_at_the_Universiade": 0.028446389496717725,
    "2012_NSW_Premier_League_season": 0.027918781725888325,
    "Melbourne_Heart_FC": 0.02631578947368421,
    "Central_Coast_Mariners_FC": 0.02534562211981567,
    "Australia_at_the_Paralympics": 0.025134649910233394,
    "1997_Australia_national_football_team_season": 0.02456140350877193,
    "1996_Australia_national_football_team_season": 0.02456140350877193,
    "Australia_at_the_Winter_Olympics": 0.024054982817869417,
    "Australia_at_the_Olympics": 0.024054982817869417,
    "List_of_Australian_national_association_football_team_captains": 0.02252252252252252,
    "Australia_national_association_football_team_records": 0.02252252252252252,
    "Australia_Davis_Cup_team": 0.02106969205834684,
    "2005\u201306_New_Zealand_Knights_season": 0.02040816326530612,
    "List_of_Australia_national_association_football_team_managers": 0.02027027027027027,
    "2005_A-League_Pre-Season_Challenge_Cup": 0.020202020202020204,
    "Australia\u2013New_Zealand_association_football_rivalry": 0.020161290322580645,
    "Australia_national_rugby_union_team": 0.019316493313521546,
    "2005\u201306_Melbourne_Victory_season": 0.018957345971563982,
    "2003\u201304_Adelaide_United_season": 0.018691588785046728,
    "2005\u201306_Newcastle_Jets_season": 0.018604651162790697,
    "2005\u201306_Sydney_FC_season": 0.018518518518518517,
    "2003\u201304_Newcastle_United_(Australia)_season": 0.018433179723502304,
    "2003\u201304_Perth_Glory_season": 0.018018018018018018,
    "South_Coast_Wolves_FC": 0.01764705882352941,
    "2007\u201308_A-League": 0.016483516483516484,