{
    "2008_ITF_Women's_Circuit_(January\u2013March)": 1.0,
    "2008_ITF_Women's_Circuit_(April\u2013June)": 1.0,
    "2008_ITF_Women's_Circuit_(July\u2013September)": 1.0,
    "2001_ITF_Women's_Circuit": 0.6991869918699187,
    "2010_ITF_Women's_Circuit": 0.6615384615384615,
    "2010_ITF_Women's_Circuit_(January\u2013March)": 0.6615384615384615,
    "2010_ITF_Women's_Circuit_(April\u2013June)": 0.6615384615384615,
    "2010_ITF_Women's_Circuit_(July\u2013September)": 0.6615384615384615,
    "2010_ITF_Women's_Circuit_(October\u2013December)": 0.6615384615384615,
    "2009_ITF_Women's_Circuit": 0.6515151515151515,
    "2012_ITF_Women's_Circuit": 0.45989304812834225,
    "2012_ITF_Women's_Circuit_(January\u2013March)": 0.45989304812834225,
    "2012_ITF_Women's_Circuit_(April\u2013June)": 0.45989304812834225,
    "2012_ITF_Women's_Circuit_(July\u2013September)": 0.45989304812834225,
    "2012_ITF_Women's_Circuit_(October\u2013December)": 0.45989304812834225,
    "2013_ITF_Women's_Circuit": 0.44559585492227977,
    "2013_ITF_Women's_Circuit_(January\u2013March)": 0.44559585492227977,
    "2013_ITF_Women's_Circuit_(April\u2013June)": 0.44559585492227977,
    "2013_ITF_Women's_Circuit_(July\u2013September)": 0.44559585492227977,
    "2013_ITF_Women's_Circuit_(October\u2013December)": 0.44559585492227977,
    "2011_ITF_Women's_Circuit": 0.41545893719806765,
    "2011_ITF_Women's_Circuit_(January\u2013March)": 0.41545893719806765,
    "2011_ITF_Women's_Circuit_(April\u2013June)": 0.41545893719806765,
    "2011_ITF_Women's_Circuit_(July\u2013September)": 0.41545893719806765,
    "2011_ITF_Women's_Circuit_(October\u2013December)": 0.41545893719806765,
    "International_Tennis_Federation": 0.14262023217247097,
    "2008_WTA_Tier_I_Series": 0.07142857142857142,
    "2008_WTA_Tour": 0.06528189910979229,
    "2008_ATP_Masters_Series": 0.0641399416909621,
    "2008_ATP_Tour": 0.04693877551020408,
    "2008_Rafael_Nadal_tennis_season": 0.046413502109704644,
    "2008_US_Open_Series": 0.045081967213114756,
    "2013_Open_GDF_Suez_Nantes_Atlantique": 0.041916167664670656,
    "2008_US_Open_(tennis)": 0.035483870967741936,
    "2008_ATP_Challenger_Series": 0.034375,
    "2008_Wimbledon_Championships": 0.024429967426710098,
    "2004_Maria_Sharapova_tennis_season": 0.02247191011235955,
    "2006_Maria_Sharapova_tennis_season": 0.02247191011235955,
    "2005_Maria_Sharapova_tennis_season": 0.02247191011235955,
    "2008_Maria_Sharapova_tennis_season": 0.02247191011235955,
    "2009_Maria_Sharapova_tennis_season": 0.02247191011235955,
    "2010_Maria_Sharapova_tennis_season": 0.02247191011235955,
    "2006_WTA_Tier_I_Series": 0.020833333333333332,
    "2007_WTA_Tier_I_Series": 0.02040816326530612,
    "Maria_Sharapova_career_statistics": 0.01904761904761905,
    "Tamarine_Tanasugarn": 0.017985611510791366,
    "French_Pro_Championship": 0.017094017094017096,
    "Major_professional_tennis_tournaments_before_the_Open_Era": 0.017094017094017096,
    "World_Hard_Court_Championships": 0.016129032258064516,
    "2012_ITF_Men's_Circuit_(January\u2013March)": 0.014634146341463415,
    "2012_ITF_Men's_Circuit": 0.014634146341463415,
    "2012_ITF_Men's_Circuit_(April\u2013June)": 0.014634146341463415,
    "2012_ITF_Men's_Circuit_(July\u2013September)": 0.014634146341463415,
    "2012_ITF_Men's_Circuit_(October\u2013December)": 0.014634146341463415,
    "2010_ITF_Men's_Circuit": 0.014563106796116505,
    "2013_ITF_Men's_Circuit": 0.014423076923076924,
    "2013_ITF_Men's_Circuit_(January\u2013March)": 0.014423076923076924,
    "2013_ITF_Men's_Circuit_(April\u2013June)": 0.014423076923076924,
    "2013_ITF_Men's_Circuit_(July\u2013September)": 0.014423076923076924,
    "2011_ITF_Men's_Circuit": 0.014150943396226415,
    "2011_ITF_Men's_Circuit_(January\u2013March)": 0.014150943396226415,
    "2011_ITF_Men's_Circuit_(April\u2013June)": 0.014150943396226415,
    "2011_ITF_Men's_Circuit_(July\u2013September)": 0.014150943396226415,
    "2011_ITF_Men's_Circuit_(October\u2013December)": 0.014150943396226415,
    "2004_WTA_Tier_I_Series": 0.013888888888888888,
    "2005_WTA_Tier_I_Series": 0.013605442176870748,
    "2013_WTA_125K_series": 0.012658227848101266,
    "Tennis_at_the_2010_Summer_Youth_Olympics": 0.012422360248447204,
    "2006_Australian_Open": 0.012396694214876033,
    "2009_in_tennis": 0.011811023622047244,
    "2013_in_tennis": 0.011811023622047244,
    "Tennis_at_the_2009_Summer_Universiade": 0.011363636363636364,
    "2007_ATP_Masters_Series": 0.011019283746556474,
    "List_of_male_tennis_players": 0.010810810810810811,
    "Tennis_at_the_2011_Southeast_Asian_Games": 0.010752688172043012,
    "Tennis_at_the_2011_Summer_Universiade": 0.010471204188481676,
    "Tennis_at_the_2011_Pan_American_Games": 0.010256410256410256,
    "Tennis_at_the_2010_Asian_Games": 0.01015228426395939
}