{
    "List_of_radio_stations_in_Saskatchewan": 1.0,
    "List_of_radio_stations_in_Alberta": 0.17372881355932204,
    "List_of_radio_stations_in_Manitoba": 0.16568047337278108,
    "List_of_radio_stations_in_Nunavut": 0.15833333333333333,
    "List_of_radio_stations_in_Yukon": 0.15447154471544716,
    "List_of_campus_radio_stations_in_Canada": 0.15315315315315314,
    "List_of_radio_stations_in_Northwest_Territories": 0.15,
    "CBK_(AM)": 0.14705882352941177,
    "List_of_radio_stations_in_Prince_Edward_Island": 0.14516129032258066,
    "List_of_radio_stations_in_New_Brunswick": 0.1,
    "List_of_radio_stations_in_Newfoundland_and_Labrador": 0.09523809523809523,
    "List_of_radio_stations_in_Nova_Scotia": 0.09137055837563451,
    "List_of_resort_villages_in_Saskatchewan": 0.08695652173913043,
    "Prince_Albert,_Saskatchewan": 0.08275862068965517,
    "Geography_of_Saskatchewan": 0.08074534161490683,
    "List_of_cities_in_Saskatchewan": 0.0784313725490196,
    "List_of_municipalities_in_Saskatchewan": 0.0784313725490196,
    "List_of_hamlets_in_Saskatchewan": 0.07317073170731707,
    "List_of_ghost_towns_in_Saskatchewan": 0.0670391061452514,
    "List_of_villages_in_Saskatchewan": 0.0670391061452514,
    "List_of_radio_stations_in_British_Columbia": 0.055401662049861494,
    "List_of_television_stations_in_Saskatchewan": 0.052980132450331126,
    "Division_No._18,_Saskatchewan": 0.045936395759717315,
    "C_Music_TV": 0.04477611940298507,
    "List_of_communities_in_Saskatchewan": 0.040123456790123455,
    "List_of_towns_in_Saskatchewan": 0.03987730061349693,
    "CFWH-FM": 0.03977272727272727,
    "Saskatchewan": 0.039660056657223795,
    "CBU-FM": 0.03896103896103896,
    "CHFA_(AM)": 0.03684210526315789,
    "Flin_Flon": 0.03672316384180791,
    "CKUA_Radio_Network": 0.036585365853658534,
    "List_of_radio_stations_in_Quebec": 0.03612167300380228,
    "Saskatoon": 0.03591160220994475,
    "CBCV-FM": 0.035897435897435895,
    "VOAR_(AM)": 0.03557312252964427,
    "CBR_(AM)": 0.03536977491961415,
    "CBX_(AM)": 0.035,
    "CFYK_(AM)": 0.03468208092485549,
    "CBUF-FM": 0.032407407407407406,
    "CIAM-FM": 0.03225806451612903,
    "CBVE-FM": 0.031088082901554404,
    "CBYK-FM": 0.0297029702970297,
    "CBAF-FM-5": 0.027874564459930314,
    "CFWE-FM": 0.027586206896551724,
    "CBSI-FM": 0.02727272727272727,
    "List_of_radio_stations_in_Ontario": 0.02677376171352075,
    "CBTK-FM": 0.02643171806167401,
    "List_of_rural_municipalities_in_Saskatchewan": 0.02608695652173913,
    "CBLA-FM": 0.026022304832713755,
    "CBCS-FM": 0.02564102564102564,
    "Calgary_Region": 0.025210084033613446,
    "CBYG-FM": 0.025,
    "CFPR": 0.025,
    "CKRW-FM": 0.024390243902439025,
    "CHON-FM": 0.024390243902439025,
    "CBKA-FM": 0.023952095808383235,
    "CBWK-FM": 0.023952095808383235,
    "CHAK_(AM)": 0.023952095808383235,
    "CISN-FM": 0.02359882005899705,
    "Media_in_Ottawa-Gatineau": 0.023076923076923078,
    "CBQT-FM": 0.022935779816513763,
    "Credit_Union_Centre": 0.022222222222222223,
    "Ontario_Scotties_Tournament_of_Hearts": 0.021739130434782608,
    "Manitoba_Scotties_Tournament_of_Hearts": 0.021739130434782608,
    "British_Columbia_Scotties_Tournament_of_Hearts": 0.021739130434782608,
    "Nova_Scotia_Scotties_Tournament_of_Hearts": 0.021739130434782608,
    "Saskatchewan_Scotties_Tournament_of_Hearts": 0.021739130434782608,
    "Alberta_Scotties_Tournament_of_Hearts": 0.021739130434782608,
    "Prince_Edward_Island_Scotties_Tournament_of_Hearts": 0.021739130434782608,
    "CBON-FM": 0.021621621621621623,
    "The_Dominion_Tankard": 0.02142857142857143,
    "Boston_Pizza_Cup": 0.02142857142857143,
    "SaskTel_Tankard": 0.02142857142857143,
    "Canadian_Direct_Insurance_BC_Men's_Curling_Championship": 0.02142857142857143,
    "Molson_Coors_Tankard": 0.02142857142857143,
    "Edmonton_Capital_Region": 0.020761245674740483,
    "Yellowknife": 0.020100502512562814,
    "List_of_Canadian_provinces_and_territories_by_area": 0.019867549668874173,
    "List_of_Canadian_provinces_and_territories_by_population_growth_rate": 0.019867549668874173,
    "St._John's_Metropolitan_Area": 0.018404907975460124,
    "List_of_Canadian_provincial_and_territorial_symbols": 0.018072289156626505,
    "Media_in_Edmonton": 0.017857142857142856,
    "Yukon": 0.01718213058419244,
    "Western_Hockey_League": 0.017064846416382253,
    "CBC_Radio_One": 0.016713091922005572,
    "KCZO": 0.016260162601626018,
    "Media_in_the_Fraser_Valley": 0.016216216216216217,
    "Japan_Radio_Network": 0.016,
    "National_Radio_Network_(Japan)": 0.016,
    "WXHL-FM": 0.014388489208633094,
    "Media_in_Vancouver": 0.014285714285714285,
    "List_of_CAZA_member_zoos_and_aquariums": 0.014184397163120567,
    "Metro_Vancouver": 0.014035087719298246,
    "Scotties_Tournament_of_Hearts": 0.0136986301369863,
    "Charlottetown": 0.013559322033898305,
    "Alberta": 0.013477088948787063,
    "SaskPower": 0.013422818791946308,
    "Abbotsford,_British_Columbia": 0.013215859030837005,
    "KNLB": 0.012987012987012988,
    "Fernie_Formation": 0.01293103448275862,
    "Kingston,_Ontario": 0.012875536480686695,
    "2008_Tim_Hortons_Brier": 0.012875536480686695,
    "Nunavut": 0.01272264631043257,
    "Media_in_Greater_Sudbury": 0.0125,
    "Media_in_Saskatoon": 0.0125,
    "Media_in_Thunder_Bay": 0.0125,
    "Media_in_Regina,_Saskatchewan": 0.0125,
    "Media_in_Moncton": 0.0125,
    "Safeway_Championship": 0.0125,
    "Media_in_North_Bay,_Ontario": 0.0125,
    "Media_in_Quebec_City": 0.0125,
    "Media_in_London,_Ontario": 0.0125,
    "Media_in_Peterborough,_Ontario": 0.0125,
    "Media_in_Waterloo_Region": 0.0125,
    "Media_in_Sherbrooke": 0.0125,
    "Media_in_Saguenay,_Quebec": 0.0125,
    "Media_in_Kelowna": 0.0125,
    "Media_in_Kamloops": 0.0125,
    "Media_in_St._John's,_Newfoundland_and_Labrador": 0.0125,
    "Media_in_Victoria,_British_Columbia": 0.0125,
    "Media_in_Banff,_Alberta": 0.0125,
    "Media_in_Abitibi-T\u00e9miscamingue": 0.0125,
    "Media_in_Prince_Albert,_Saskatchewan": 0.0125,
    "Espace_musique": 0.0125,
    "Media_in_Winnipeg": 0.0125,
    "Media_in_Lethbridge": 0.0125,
    "KJEE": 0.012048192771084338,
    "Territorial_evolution_of_Canada": 0.011857707509881422,
    "List_of_radio_stations_in_Aguascalientes": 0.011695906432748537,
    "Tim_Hortons_Brier": 0.011538461538461539,
    "Extreme_communities_of_Canada": 0.011494252873563218,
    "List_of_rail_trails_in_Canada": 0.011494252873563218,
    "List_of_diamond-certified_albums_in_Canada": 0.011494252873563218,
    "Halifax_Regional_Municipality": 0.011461318051575931,
    "List_of_towns_in_Alberta": 0.011428571428571429,
    "Japan_FM_Network": 0.011299435028248588,
    "Northern_Ontario": 0.01107011070110701,
    "WJFM": 0.01098901098901099,
    "KWDM": 0.010810810810810811,
    "List_of_ghost_towns_in_Alberta": 0.010752688172043012,
    "Elk_Point_Group": 0.010714285714285714,
    "List_of_Canada-related_topics_by_provinces_and_territories": 0.01060070671378092,
    "KMOZ-FM": 0.010526315789473684,
    "Media_in_Topeka,_Kansas": 0.010256410256410256,
    "Gatineau": 0.01020408163265306,
    "CIFM-FM": 0.01015228426395939,
    "Minister_of_Government_Services_(Manitoba)": 0.010101010101010102,
    "National_symbols_of_Canada": 0.010101010101010102,
    "Clear-channel_station": 0.010075566750629723
}