{
    "List_of_GMD_Locomotives": 1.0,
    "List_of_ALCO_diesel_locomotives": 1.0,
    "List_of_Baldwin_diesel_locomotives": 1.0,
    "List_of_GM-EMD_locomotives": 0.06451612903225806,
    "List_of_GE_locomotives": 0.05286343612334802,
    "Baldwin_DRS-6-4-1500": 0.022727272727272728,
    "Baldwin_AS-616": 0.022727272727272728,
    "Baldwin_DRS-6-6-1500": 0.022727272727272728,
    "ALCO_RS-1": 0.02197802197802198,
    "ALCO_RS-2": 0.02197802197802198,
    "EMD_BL2": 0.021739130434782608,
    "EMD_GP30": 0.021739130434782608,
    "EMD_GP7": 0.021739130434782608,
    "EMD_GP9": 0.021739130434782608,
    "EMD_GP18": 0.021739130434782608,
    "EMD_GP38AC": 0.021739130434782608,
    "EMD_GP20": 0.021739130434782608,
    "EMD_GP35": 0.021739130434782608,
    "EMD_GP40-2": 0.021739130434782608,
    "FM_H-15-44": 0.021739130434782608,
    "EMD_E6": 0.02040816326530612,
    "EMD_E7": 0.02040816326530612,
    "EMC_E3": 0.02040816326530612,
    "EMD_FT": 0.02040816326530612,
    "EMD_F9": 0.02040816326530612,
    "EMD_F40C": 0.02040816326530612,
    "FM_H-24-66": 0.02,
    "FM_H-16-44": 0.02,
    "List_of_current_systems_for_electric_rail_traction": 0.018518518518518517,
    "ALCO_PA": 0.015151515151515152,
    "ALCO_RSD-5": 0.015151515151515152,
    "ALCO_S-1_and_S-3": 0.012048192771084338,
    "WAGR_P_and_Pr_classes": 0.011363636363636364,
    "WAGR_DB_class": 0.011363636363636364,
    "WAGR_P_class_(diesel)": 0.011363636363636364,
    "WAGR_T_class": 0.011363636363636364,
    "EMD_SD7": 0.011111111111111112,
    "EMD_SD35": 0.011111111111111112,
    "EMD_SD40": 0.011111111111111112,
    "EMD_SD38-2": 0.011111111111111112,
    "EMD_SD40T-2": 0.011111111111111112,
    "EMD_SD9": 0.010638297872340425
}