{
    "2008\u201309_Hamilton_Academical_F.C._season": 1.0,
    "2009\u201310_Hamilton_Academical_F.C._season": 0.5539568345323741,
    "2012\u201313_Hamilton_Academical_F.C._season": 0.5263157894736842,
    "2011\u201312_Hamilton_Academical_F.C._season": 0.5244755244755245,
    "2008\u201309_Dunfermline_Athletic_F.C._season": 0.2821576763485477,
    "List_of_Scottish_football_transfers_2008\u201309": 0.27983539094650206,
    "2008\u201309_Falkirk_F.C._season": 0.27755102040816326,
    "2008\u201309_Clyde_F.C._season": 0.2625482625482625,
    "2008\u201309_Dundee_United_F.C._season": 0.2073170731707317,
    "2008\u201309_Aberdeen_F.C._season": 0.20481927710843373,
    "2008\u201309_Scottish_First_Division": 0.20178041543026706,
    "2008\u201309_Motherwell_F.C._season": 0.2,
    "2008\u201309_Celtic_F.C._season": 0.19318181818181818,
    "2008\u201309_Greenock_Morton_F.C._season": 0.18888888888888888,
    "2008\u201309_Rangers_F.C._season": 0.18732782369146006,
    "2008\u201309_Partick_Thistle_F.C._season": 0.18732782369146006,
    "2008\u201309_Heart_of_Midlothian_F.C._season": 0.18732782369146006,
    "2008\u201309_in_Scottish_football": 0.18478260869565216,
    "2008\u201309_Scottish_Premier_League": 0.12927756653992395,
    "List_of_Scottish_football_transfers_2009\u201310": 0.023026315789473683,
    "2009\u201310_Falkirk_F.C._season": 0.02287581699346405,
    "2009\u201310_Scottish_Third_Division": 0.022653721682847898,
    "2009\u201310_Livingston_F.C._season": 0.02258064516129032,
    "2009\u201310_Raith_Rovers_F.C._season": 0.020338983050847456,
    "2007\u201308_Dunfermline_Athletic_F.C._season": 0.019736842105263157,
    "List_of_Scottish_football_transfers_2007\u201308": 0.0196078431372549,
    "2007\u201308_Inverness_Caledonian_Thistle_F.C._season": 0.019543973941368076,
    "2009\u201310_St._Mirren_F.C._season": 0.019417475728155338,
    "2007\u201308_Scottish_Third_Division": 0.01929260450160772,
    "2007\u201308_Clyde_F.C._season": 0.018633540372670808,
    "2007\u201308_in_Scottish_reserve_and_youth_football": 0.017857142857142856,
    "2009\u201310_Aberdeen_F.C._season": 0.017811704834605598,
    "2008\u201309_Second_League_of_the_Republika_Srpska": 0.01762114537444934,
    "2009\u201310_Dundee_F.C._season": 0.0175,
    "2009\u201310_Motherwell_F.C._season": 0.017456359102244388,
    "2007\u201308_Gretna_F.C._season": 0.017123287671232876,
    "2009\u201310_Celtic_F.C._season": 0.01694915254237288,
    "2007\u201308_Raith_Rovers_F.C._season": 0.016835016835016835,
    "2009\u201310_Greenock_Morton_F.C._season": 0.0166270783847981,
    "2009\u201310_Partick_Thistle_F.C._season": 0.01650943396226415,
    "2009\u201310_Rangers_F.C._season": 0.01650943396226415,
    "2009\u201310_in_Scottish_football": 0.016317016317016316,
    "2007\u201308_St._Mirren_F.C._season": 0.01607717041800643,
    "2008\u201309_FK_Khazar_Lankaran_season": 0.01606425702811245,
    "2008\u201309_FK_Baku_season": 0.01606425702811245,
    "2009\u201310_Kilmarnock_F.C._season": 0.01598173515981735,
    "2008\u201309_AZAL_PFC_season": 0.01593625498007968,
    "2008\u201309_Gabala_FC_season": 0.015748031496062992,
    "2008\u201309_FC_Inter_Baku_season": 0.01568627450980392,
    "2008\u201309_Bosnia_and_Herzegovina_Football_Cup": 0.015486725663716814,
    "2008\u201309_Montenegrin_Cup": 0.015463917525773196,
    "2008\u201309_Premier_League_of_Bosnia_and_Herzegovina": 0.015418502202643172,
    "2007\u201308_Dundee_United_F.C._season": 0.015345268542199489,
    "2007\u201308_Aberdeen_F.C._season": 0.015189873417721518,
    "2008\u201309_Serbian_Cup": 0.01507537688442211,
    "2007\u201308_Scottish_First_Division": 0.015,
    "2008\u201309_Macedonian_Cup": 0.014925373134328358,
    "2008\u201309_Czech_Cup": 0.014925373134328358,
    "2007\u201308_Motherwell_F.C._season": 0.01488833746898263,
    "2008\u201309_Neftchi_Baku_PFC_season": 0.014760147601476014,
    "2008\u201309_Moldovan_National_Division": 0.014742014742014743,
    "2008\u201309_Belarusian_Cup": 0.014598540145985401,
    "2008\u201309_Azerbaijan_Premier_League": 0.014583333333333334,
    "2008\u201309_Danish_Superliga": 0.014492753623188406,
    "2007\u201308_Celtic_F.C._season": 0.014457831325301205,
    "2008\u201309_Umaglesi_Liga": 0.014423076923076924,
    "2008\u201309_Montenegrin_First_League": 0.014184397163120567,
    "2008\u201309_Campionato_Sammarinese_di_Calcio": 0.01411764705882353,
    "2007\u201308_Rangers_F.C._season": 0.014084507042253521,
    "2007\u201308_Partick_Thistle_F.C._season": 0.014084507042253521,
    "2007\u201308_in_Scottish_football": 0.013921113689095127,
    "2008\u201309_UEFA_Cup_final_phase": 0.013574660633484163,
    "2008\u201309_Serbian_SuperLiga": 0.013544018058690745,
    "2008\u201309_Welsh_Premier_League": 0.013513513513513514,
    "2008\u201309_FK_Qaraba\u011f_season": 0.013513513513513514,
    "2008\u201309_Slovenian_PrvaLiga": 0.013333333333333334,
    "2008\u201309_First_Macedonian_Football_League": 0.013303769401330377,
    "2008\u201309_Croatian_Cup": 0.013303769401330377,
    "2008\u201309_Estonian_Cup": 0.01312910284463895,
    "2006\u201307_Inverness_Caledonian_Thistle_F.C._season": 0.013114754098360656,
    "2008\u201309_Polish_Cup": 0.013043478260869565,
    "2012\u201313_Airdrie_United_F.C._season": 0.013029315960912053,
    "List_of_Scottish_football_transfers_2010\u201311": 0.012987012987012988,
    "2006\u201307_Scottish_Third_Division": 0.012944983818770227,
    "2008\u201309_UEFA_Champions_League_qualifying_rounds": 0.01293103448275862,
    "2008\u201309_Austrian_Cup": 0.012903225806451613,
    "2008\u201309_Luxembourg_Cup": 0.012903225806451613,
    "2008\u201309_Cypriot_Cup": 0.012875536480686695,
    "2010\u201311_Scottish_Third_Division": 0.012779552715654952,
    "2008\u201309_Albanian_Cup": 0.012684989429175475,
    "2008\u201309_Prva_HNL": 0.012605042016806723,
    "2008\u201309_Luxembourg_National_Division": 0.012605042016806723,
    "2008\u201309_Albanian_Superliga": 0.012552301255230125,
    "2006\u201307_Clyde_F.C._season": 0.0125,
    "2008\u201309_UEFA_Cup": 0.0125,
    "2008\u201309_Primeira_Liga": 0.0125,
    "2008\u201309_Swiss_Cup": 0.012396694214876033,
    "2008\u201309_Coupe_de_la_Ligue": 0.012345679012345678,
    "2010\u201311_Clyde_F.C._season": 0.012345679012345678,
    "2008\u201309_IFA_Premiership": 0.012219959266802444,
    "2008\u201309_La_Liga": 0.012145748987854251,
    "2008\u201309_A_PFG": 0.012145748987854251,
    "2008\u201309_Austrian_Football_Bundesliga": 0.012121212121212121,
    "2008\u201309_Eski\u015fehirspor_season": 0.012,
    "2008\u201309_Liga_I": 0.011976047904191617,
    "2009\u201310_Scottish_Premier_League": 0.011965811965811967,
    "2008\u201309_Slovenian_Third_League": 0.01195219123505976,
    "2008\u201309_APOEL_F.C._season": 0.011904761904761904,
    "2008\u201309_Slovenian_Second_League": 0.011904761904761904,
    "2008\u201309_Israeli_Premier_League": 0.011881188118811881,
    "1971\u201372_in_Scottish_football": 0.011848341232227487,
    "1973\u201374_in_Scottish_football": 0.011848341232227487,
    "1981\u201382_in_Scottish_football": 0.011848341232227487,
    "1976\u201377_in_Scottish_football": 0.01182033096926714,
    "1979\u201380_in_Scottish_football": 0.01182033096926714,
    "1982\u201383_in_Scottish_football": 0.01182033096926714,
    "2008\u201309_Second_Macedonian_Football_League": 0.011811023622047244,
    "1977\u201378_in_Scottish_football": 0.01179245283018868,
    "1985\u201386_in_Scottish_football": 0.01179245283018868,
    "1996\u201397_in_Scottish_football": 0.011737089201877934,
    "List_of_Greek_football_transfers_2008\u201309": 0.01171875,
    "2008\u201309_Swiss_Super_League": 0.01171875,
    "2002\u201303_in_Scottish_football": 0.0117096018735363,
    "1995\u201396_in_Scottish_football": 0.0117096018735363,
    "1997\u201398_in_Scottish_football": 0.0117096018735363,
    "2003\u201304_in_Scottish_football": 0.011682242990654205,