{
    "Wrestling_Observer_Newsletter_Hall_of_Fame": 1.0,
    "Professional_Wrestling_Hall_of_Fame_and_Museum": 0.7142857142857143,
    "St._Louis_Wrestling_Hall_of_Fame": 0.7142857142857143,
    "New_England_Pro_Wrestling_Hall_of_Fame": 0.7142857142857143,
    "Memphis_Wrestling_Hall_of_Fame": 0.7142857142857143,
    "List_of_Wrestling_Observer_Newsletter_awards": 0.32142857142857145,
    "NWA_Wrestling_Legends_Hall_of_Heroes": 0.20618556701030927,
    "WCW_Hall_of_Fame": 0.18691588785046728,
    "NWA_Hall_of_Fame": 0.10810810810810811,
    "WWE_Hall_of_Fame": 0.04056795131845842,
    "NWA_Brass_Knuckles_Championship_(Amarillo_version)": 0.020618556701030927,
    "NWA_World_Midget's_Championship": 0.020618556701030927,
    "List_of_CZW_World_Heavyweight_Champions": 0.019230769230769232,
    "CZW_Cage_of_Death": 0.019230769230769232,
    "NWA_Texas_Women's_Championship": 0.018867924528301886,
    "NWA_Brass_Knuckles_Championship_(Florida_version)": 0.01680672268907563,
    "NWA_Women's_World_Tag_Team_Championship": 0.01680672268907563,
    "NWA_World_Women's_Championship": 0.016129032258064516,
    "CZW_Ultraviolent_Underground_Championship": 0.015873015873015872,
    "NWA_World_Six-Man_Tag_Team_Championship": 0.015267175572519083,
    "NWA_World_Light_Heavyweight_Championship": 0.015037593984962405,
    "NWA_World_Welterweight_Championship": 0.014492753623188406,
    "CZW_Iron_Man_Championship": 0.014084507042253521,
    "CZW_World_Junior_Heavyweight_Championship": 0.014084507042253521,
    "Break_the_Barrier": 0.013157894736842105,
    "List_of_NWA_World_Heavyweight_Champions": 0.012903225806451613,
    "NWA_National_Heavyweight_Championship": 0.012345679012345678,
    "List_of_Ring_of_Honor_alumni": 0.012195121951219513,
    "List_of_Ring_of_Honor_employees": 0.012195121951219513,
    "NWA_World_Middleweight_Championship": 0.0106951871657754,
    "World_Wrestling_Peace_Festival": 0.010309278350515464,
    "List_of_WCW_pay-per-view_events": 0.010126582278481013
}