{
    "Indian_general_election_in_Uttar_Pradesh,_2009": 1.0,
    "Uttarakhand_state_assembly_elections,_2007": 0.045454545454545456,
    "Uttarakhand_legislative_assembly_election,_2012": 0.045454545454545456,
    "Indian_general_election_in_Madhya_Pradesh,_2009": 0.038461538461538464,
    "Indian_general_election_in_Gujarat,_2009": 0.03614457831325301,
    "Maharashtra_state_assembly_elections,_2009": 0.034482758620689655,
    "Tripura_Legislative_Assembly_election,_2008": 0.03409090909090909,
    "Indian_general_election_in_Bihar,_2009": 0.03409090909090909,
    "Bihar_legislative_assembly_election,_2010": 0.03409090909090909,
    "Bihar_Legislative_Assembly_election,_October_2005": 0.03409090909090909,
    "Bihar_Legislative_Assembly_election,_February_2005": 0.03409090909090909,
    "Indian_general_election_in_West_Bengal,_2009": 0.03333333333333333,
    "Odisha_state_assembly_elections,_2009": 0.03333333333333333,
    "West_Bengal_state_assembly_election,_2011": 0.03333333333333333,
    "West_Bengal_state_assembly_election,_2006": 0.03333333333333333,
    "Indian_general_election_in_Punjab,_2009": 0.03225806451612903,
    "Karnataka_Legislative_Assembly_election,_2008": 0.0297029702970297,
    "Indian_general_election_in_Karnataka,_2004": 0.0297029702970297,
    "Karnataka_Legislative_Assembly_election,_2004": 0.0297029702970297,
    "Indian_general_election_in_Tamil_Nadu,_2004": 0.02857142857142857,
    "Tamil_Nadu_legislative_assembly_election,_2001": 0.02857142857142857,
    "Tamil_Nadu_legislative_assembly_election,_1991": 0.02857142857142857,
    "Tamil_Nadu_legislative_assembly_election,_1980": 0.02857142857142857,
    "Tamil_Nadu_legislative_assembly_election,_1977": 0.02857142857142857,
    "Tamil_Nadu_legislative_assembly_election,_1996": 0.02857142857142857,
    "Tamil_Nadu_legislative_assembly_election,_1971": 0.02857142857142857,
    "Madras_State_legislative_assembly_election,_1967": 0.02857142857142857,
    "Tamil_Nadu_legislative_assembly_election,_1989": 0.02857142857142857,
    "Tamil_Nadu_legislative_assembly_election,_1984": 0.02857142857142857,
    "Madras_State_legislative_assembly_election,_1952": 0.02857142857142857,
    "Madras_State_legislative_assembly_election,_1957": 0.02857142857142857,
    "Madras_State_legislative_assembly_election,_1962": 0.02857142857142857,
    "Andimadam_(State_Assembly_Constituency)": 0.02857142857142857,
    "Pongalur_(State_Assembly_Constituency)": 0.02857142857142857,
    "Indian_general_election_in_Tamil_Nadu,_1999": 0.02857142857142857,
    "Indian_general_election_in_Tamil_Nadu,_1996": 0.02857142857142857,
    "Indian_general_election_in_Madras,_1967": 0.02857142857142857,
    "Indian_general_election_in_Madras,_1962": 0.02857142857142857,
    "Indian_general_election_in_Madras,_1957": 0.02857142857142857,
    "Indian_general_election_in_Madras,_1951": 0.02857142857142857,
    "Indian_general_election_in_Tamil_Nadu,_2009": 0.02857142857142857,
    "Indian_general_election_in_Tamil_Nadu,_1991": 0.02857142857142857,
    "Indian_general_election_in_Tamil_Nadu,_1989": 0.02857142857142857,
    "Indian_general_election_in_Tamil_Nadu,_1998": 0.02857142857142857,
    "Indian_general_election_in_Tamil_Nadu,_1984": 0.02857142857142857,
    "Indian_general_election_in_Tamil_Nadu,_1980": 0.02857142857142857,
    "Indian_general_election_in_Tamil_Nadu,_1977": 0.02857142857142857,
    "Indian_general_election_in_Tamil_Nadu,_1971": 0.02857142857142857,
    "Madras_Presidency_legislative_assembly_election,_1946": 0.02857142857142857,
    "Tamil_Nadu_legislative_assembly_election,_2011": 0.02857142857142857,
    "Tamil_Nadu_local_body_elections,_2011": 0.02857142857142857,
    "Tamil_Nadu_legislative_assembly_election,_2006": 0.02857142857142857,
    "Indian_general_election_in_Rajasthan,_2009": 0.02631578947368421,
    "Indian_general_election_in_Odisha,_2009": 0.02564102564102564,
    "Indian_general_election_in_Assam,_2009": 0.025210084033613446,
    "Maharashtra_Legislative_Assembly": 0.025,
    "List_of_constituencies_of_the_Legislative_Assembly_of_Andhra_Pradesh": 0.021739130434782608,
    "Indian_general_election_in_Karnataka,_2009": 0.021739130434782608,
    "Indian_general_election_in_Maharashtra,_2009": 0.017777777777777778,
    "Chandigarh_(Lok_Sabha_constituency)": 0.017543859649122806,
    "Gujarat_legislative_assembly_election,_2012": 0.017142857142857144,
    "Gujarat_legislative_assembly_election,_2007": 0.017142857142857144,
    "Gujarat_legislative_assembly_election,_2002": 0.017142857142857144,
    "Karnataka_Legislative_Assembly_election,_2013": 0.015544041450777202,
    "Odisha_Legislative_Assembly": 0.013201320132013201,
    "Kerala_Legislature": 0.012048192771084338,
    "Kerala_State_legislative_assembly_election,_2011": 0.011627906976744186,
    "West_Bengal_Legislative_Assembly": 0.010958904109589041,
    "Andhra_Pradesh_state_assembly_elections,_2009": 0.010869565217391304,
    "Uttarakhand_Legislative_Assembly": 0.010582010582010581,
    "State_Assembly_elections_in_India,_2008": 0.01015228426395939,
    "State_Assembly_elections_in_India,_2005": 0.01015228426395939,
    "State_Assembly_elections_in_India,_2009": 0.01015228426395939,
    "2012_elections_in_India": 0.01015228426395939
}