{
    "Serbian_name": 1.0,
    "Courtesy_name": 1.0,
    "Finnish_name": 1.0,
    "List_of_titles": 1.0,
    "French_name": 1.0,
    "Portuguese_name": 1.0,
    "Identifier": 1.0,
    "Dutch_name": 1.0,
    "Title": 0.932,
    "Burmese_name": 0.9282868525896414,
    "National_personification": 0.6852941176470588,
    "Arabic_name": 0.5696821515892421,
    "Papal_name": 0.5628019323671497,
    "Germanic_name": 0.548235294117647,
    "Baptism": 0.5393518518518519,
    "Call_sign": 0.5319634703196348,
    "Irish_name": 0.3996569468267582,
    "List_of_architecture_prizes": 0.016666666666666666,
    "Collar_day": 0.016666666666666666,
    "List_of_history_awards": 0.016666666666666666,
    "Numismatics": 0.016666666666666666,
    "List_of_prizes_named_after_people": 0.015503875968992248,
    "List_of_film_awards": 0.01366742596810934,
    "Childhood": 0.010810810810810811,
    "Largest_cities_in_Asia": 0.010282776349614395
}