{
    "Minister_of_Railways_(India)": 1.0,
    "Minister_of_Home_Affairs_(India)": 0.6097560975609756,
    "Minister_of_Finance_(India)": 0.44052863436123346,
    "List_of_Prime_Ministers_of_India": 0.30153846153846153,
    "Minister_of_External_Affairs_(India)": 0.2159827213822894,
    "Cabinet_of_India": 0.21244635193133046,
    "Minister_of_Defence_(India)": 0.17770034843205576,
    "List_of_Presidents_of_India": 0.13547486033519554,
    "Smriti_Irani": 0.09811320754716982,
    "Names_of_the_Republic_of_India_in_its_official_languages": 0.06417112299465241,
    "Indira_Gandhi": 0.05046948356807512,
    "Leader_of_the_Opposition_(India)": 0.04887218045112782,
    "Manmohan_Singh": 0.048223350253807105,
    "Telecom_Enforcement_Resource_and_Monitoring": 0.04568527918781726,
    "Biju_Patnaik": 0.04411764705882353,
    "First_Cabinet_of_Independent_India": 0.040892193308550186,
    "List_of_members_of_the_Rajya_Sabha": 0.03763440860215054,
    "NHPC_Limited": 0.03416856492027335,
    "14th_Lok_Sabha": 0.02654867256637168,
    "15th_Lok_Sabha": 0.02654867256637168,
    "List_of_members_of_the_15th_Lok_Sabha_(by_state)": 0.02654867256637168,
    "List_of_Constituencies_of_the_Lok_Sabha": 0.02654867256637168,
    "Lok_Sabha": 0.02610441767068273,
    "Deputy_Chairman_of_the_Rajya_Sabha": 0.025210084033613446,
    "Deputy_Speaker_of_the_Lok_Sabha": 0.025,
    "Solar_power_in_India": 0.024,
    "Indian_maritime_history": 0.022916666666666665,
    "NTPC_Limited": 0.02262443438914027,
    "Nitish_Kumar": 0.022026431718061675,
    "Rajya_Sabha": 0.020713463751438434,
    "Biosphere_reserves_of_India": 0.020703933747412008,
    "List_of_Chief_Ministers_of_Bihar": 0.0196078431372549,
    "List_of_chief_ministers_from_Bharatiya_Janata_Party": 0.019444444444444445,
    "International_rankings_of_India": 0.019305019305019305,
    "Ports_in_India": 0.019184652278177457,
    "List_of_districts_in_India_by_population": 0.018832391713747645,
    "List_of_districts_of_India": 0.018832391713747645,
    "List_of_ecoregions_in_India": 0.018656716417910446,
    "List_of_Vice_Presidents_of_India": 0.017857142857142856,
    "Administrative_divisions_of_India": 0.017825311942959002,
    "Irreligion_in_India": 0.0176,
    "Transport_in_India": 0.017326732673267328,
    "List_of_railway_stations_in_India": 0.016666666666666666,
    "Obesity_in_India": 0.01658374792703151,
    "Indian_general_elections_1977\u20131999": 0.01644736842105263,
    "Indian_general_elections_1951\u20131971": 0.01644736842105263,
    "Indian_Army": 0.015330188679245283,
    "BSE_SENSEX": 0.01529051987767584,
    "List_of_current_Indian_chief_ministers": 0.014925373134328358,
    "Fishing_in_India": 0.01483679525222552,
    "Agriculture_in_India": 0.014347202295552367,
    "Rajya_Sabha_members_from_Maharashtra": 0.014234875444839857,
    "Economic_development_in_India": 0.014134275618374558,
    "Bharatiya_Janata_Yuva_Morcha": 0.014084507042253521,
    "Indian_general_election,_1977": 0.014035087719298246,
    "List_of_Chief_Ministers_of_Puducherry": 0.014018691588785047,
    "Poverty_in_India": 0.013774104683195593,
    "Mobile_network_operators_of_India": 0.013761467889908258,
    "Mobile_telephone_numbering_in_India": 0.013761467889908258,
    "Aircel": 0.013761467889908258,
    "Equipment_of_the_Indian_Army": 0.013404825737265416,
    "Indian_presidential_election,_1997": 0.013071895424836602,
    "Indian_presidential_election,_2002": 0.013071895424836602,
    "Indian_presidential_election,_2007": 0.013071895424836602,
    "Demographics_of_India": 0.013054830287206266,
    "Indian_general_election_in_Maharashtra,_2009": 0.012698412698412698,
    "List_of_Rajya_Sabha_members_from_Odisha": 0.012698412698412698,
    "Indian_Coast_Guard": 0.012522361359570662,
    "List_of_World_Heritage_Sites_in_India": 0.012135922330097087,
    "Wind_power_in_India": 0.011940298507462687,
    "Rajya_Sabha_members_from_Tamil_Nadu": 0.011904761904761904,
    "Rajya_Sabha_members_from_Andhra_Pradesh": 0.011904761904761904,
    "List_of_Rajya_Sabha_members_from_Karnataka": 0.011904761904761904,
    "List_of_nominated_members_of_Rajya_Sabha": 0.011904761904761904,
    "Kerala_Council_of_Ministers": 0.011538461538461539,
    "Research_and_Analysis_Wing": 0.011467889908256881,
    "Economy_of_Rajasthan": 0.011019283746556474,
    "Indian_Youth_Congress": 0.010676156583629894,
    "President_of_the_Indian_National_Congress": 0.010676156583629894,
    "Western_Air_Command_(India)": 0.01050420168067227,
    "Foreign_Secretary_(India)": 0.010178117048346057,
    "List_of_state_visits_to_India": 0.010178117048346057
}