{
    "List_of_Tamil_films_of_1980": 1.0,
    "List_of_Tamil_films_of_1943": 0.7142857142857143,
    "List_of_Tamil_films_of_1946": 0.7142857142857143,
    "List_of_Tamil_films_of_1947": 0.7142857142857143,
    "List_of_Tamil_films_of_1940": 0.7092198581560284,
    "List_of_Tamil_films_of_1941": 0.7092198581560284,
    "List_of_Tamil_films_of_1942": 0.7092198581560284,
    "List_of_Tamil_films_of_1944": 0.7092198581560284,
    "List_of_Tamil_films_of_1945": 0.7092198581560284,
    "List_of_Tamil_films_of_1948": 0.704225352112676,
    "List_of_Tamil_films_of_1949": 0.6993006993006993,
    "List_of_Tamil_films_of_1952": 0.6944444444444444,
    "List_of_Tamil_films_of_1953": 0.6896551724137931,
    "List_of_Tamil_films_of_1957": 0.6896551724137931,
    "List_of_Tamil_films_of_1958": 0.6896551724137931,
    "List_of_Tamil_films_of_1954": 0.684931506849315,
    "List_of_Tamil_films_of_1955": 0.684931506849315,
    "List_of_Tamil_films_of_1950": 0.6802721088435374,
    "List_of_Tamil_films_of_1951": 0.6802721088435374,
    "List_of_Tamil_films_of_1956": 0.6756756756756757,
    "List_of_Tamil_films_of_1959": 0.6756756756756757,
    "List_of_Tamil_films_of_1961": 0.6666666666666666,
    "List_of_Tamil_films_of_1962": 0.6666666666666666,
    "List_of_Tamil_films_of_1963": 0.6666666666666666,
    "List_of_Tamil_films_of_1965": 0.6666666666666666,
    "List_of_Tamil_films_of_1968": 0.6666666666666666,
    "List_of_Tamil_films_of_1969": 0.6666666666666666,
    "List_of_Tamil_films_of_1978": 0.6622516556291391,
    "List_of_Tamil_films_of_1960": 0.6622516556291391,
    "List_of_Tamil_films_of_1964": 0.6622516556291391,
    "List_of_Tamil_films_of_1967": 0.6622516556291391,
    "List_of_Tamil_films_of_1986": 0.6622516556291391,
    "List_of_Tamil_films_of_1987": 0.6622516556291391,
    "List_of_Tamil_films_of_1988": 0.6622516556291391,
    "List_of_Tamil_films_of_1982": 0.6578947368421053,
    "List_of_Tamil_films_of_1983": 0.6578947368421053,
    "List_of_Tamil_films_of_1984": 0.6578947368421053,
    "List_of_Tamil_films_of_1985": 0.6578947368421053,
    "List_of_Tamil_films_of_1975": 0.6535947712418301,
    "List_of_Tamil_films_of_1976": 0.6535947712418301,
    "List_of_Tamil_films_of_1977": 0.6535947712418301,
    "List_of_Tamil_films_of_1979": 0.6535947712418301,
    "List_of_Tamil_films_of_1972": 0.6493506493506493,
    "List_of_Tamil_films_of_1974": 0.6493506493506493,
    "List_of_Tamil_films_of_1981": 0.6493506493506493,
    "List_of_Tamil_films_of_1970": 0.6451612903225806,
    "List_of_Tamil_films_of_1971": 0.6451612903225806,
    "List_of_Tamil_films_of_1973": 0.6451612903225806,
    "List_of_Tamil_films_of_1966": 0.29069767441860467,
    "List_of_Tamil_films_of_1989": 0.29069767441860467,
    "1980_in_film": 0.2204724409448819,
    "List_of_lesbian,_gay,_bisexual_or_transgender-related_films_of_1980": 0.2204724409448819,
    "List_of_Ollywood_films_of_1980": 0.1661764705882353,
    "List_of_Tamil_films_of_2000": 0.15177304964539007,
    "List_of_Tamil_films_of_2013": 0.15134370579915135,
    "List_of_Tamil_films_of_the_1930s": 0.13676470588235295,
    "List_of_Telugu_films_of_the_1930s": 0.13676470588235295,
    "List_of_Telugu_films_of_the_1950s": 0.13676470588235295,
    "List_of_Telugu_films_of_the_1960s": 0.13676470588235295,
    "List_of_Telugu_films_of_1961": 0.13676470588235295,
    "List_of_Telugu_films_of_1950": 0.13676470588235295,
    "List_of_Telugu_films_of_1951": 0.13676470588235295,
    "List_of_Telugu_films_of_1952": 0.13676470588235295,
    "List_of_Telugu_films_of_1953": 0.13676470588235295,
    "List_of_Telugu_films_of_1954": 0.13676470588235295,
    "List_of_Telugu_films_of_1955": 0.13676470588235295,
    "List_of_Telugu_films_of_1956": 0.13676470588235295,
    "List_of_Kannada_films_of_1980": 0.13592233009708737,
    "List_of_Bollywood_films_of_1940": 0.1345875542691751,
    "List_of_Telugu_films_of_1940": 0.1345875542691751,
    "List_of_Telugu_films_of_1957": 0.13381294964028778,
    "List_of_Bollywood_films_of_1989": 0.133428981348637,
    "List_of_Ollywood_films_of_1989": 0.133428981348637,
    "List_of_Ollywood_films_of_1978": 0.1332378223495702,
    "List_of_Ollywood_films_of_1983": 0.1332378223495702,
    "List_of_Ollywood_films_of_1991": 0.1332378223495702,
    "List_of_Ollywood_films_of_1992": 0.1332378223495702,
    "List_of_Ollywood_films_of_1999": 0.13304721030042918,
    "List_of_Ollywood_films_of_1994": 0.13304721030042918,
    "List_of_Ollywood_films_of_1977": 0.13285714285714287,
    "List_of_Ollywood_films_of_1979": 0.13285714285714287,
    "List_of_Ollywood_films_of_1993": 0.13285714285714287,
    "List_of_Bollywood_films_of_2000": 0.13191489361702127,
    "List_of_Ollywood_films_of_2000": 0.13191489361702127,
    "List_of_Ollywood_films_of_2006": 0.13191489361702127,
    "List_of_Tamil_films_of_2003": 0.13172804532577903,
    "List_of_Ollywood_films_of_2004": 0.13172804532577903,
    "List_of_Ollywood_films_of_2005": 0.13172804532577903,
    "List_of_Ollywood_films_of_2007": 0.13172804532577903,
    "List_of_Malayalam_films_of_2012": 0.13172804532577903,
    "List_of_Malayalam_films_of_2011": 0.13154172560113153,
    "List_of_Ollywood_films_of_2002": 0.13154172560113153,
    "List_of_Ollywood_films_of_2008": 0.13154172560113153,
    "List_of_Ollywood_films_of_2009": 0.13154172560113153,
    "List_of_Ollywood_films_of_2011": 0.13154172560113153,
    "List_of_Bollywood_films_of_2011": 0.13154172560113153,
    "List_of_Telugu_films_of_2013": 0.13154172560113153,
    "List_of_Malayalam_films_of_2013": 0.13154172560113153,
    "List_of_Bollywood_films_of_2010": 0.13135593220338984,
    "List_of_Malayalam_films_of_2010": 0.13135593220338984,
    "List_of_Telugu_films_of_2010": 0.13135593220338984,
    "List_of_Ollywood_films_of_2010": 0.13135593220338984,
    "List_of_Bengali_films_of_1935": 0.1297071129707113,
    "List_of_Bollywood_films_of_1980": 0.12958715596330275,
    "List_of_Bengali_films_of_1961": 0.12863070539419086,
    "List_of_Bengali_films_of_1962": 0.12863070539419086,
    "List_of_Tamil_films_of_1990": 0.12022471910112359,
    "List_of_Tamil_films_of_1991": 0.12022471910112359,
    "List_of_Tamil_films_of_1992": 0.12022471910112359,
    "List_of_Tamil_films_of_1997": 0.12022471910112359,
    "List_of_Tamil_films_of_1998": 0.12022471910112359,
    "List_of_Tamil_films_of_1994": 0.12008978675645342,
    "List_of_Tamil_films_of_1995": 0.12008978675645342,
    "List_of_Tamil_films_of_1996": 0.12008978675645342,
    "List_of_Tamil_films_of_1999": 0.12008978675645342,
    "List_of_Tamil_films_of_1993": 0.11995515695067265,
    "List_of_Tamil_films_of_2006": 0.11928651059085842,
    "List_of_Tamil_films_of_2005": 0.11915367483296214,
    "List_of_Tamil_films_of_2007": 0.11915367483296214,
    "List_of_Tamil_films_of_2012": 0.11915367483296214,
    "List_of_Tamil_films_of_2008": 0.11902113459399333,
    "List_of_Tamil_films_of_2011": 0.11902113459399333,
    "List_of_Tamil_films_of_2010": 0.11888888888888889,
    "Bollywood_Hundred_Crore_Club": 0.11712846347607053,
    "List_of_Australian_films_of_1980": 0.11522633744855967,
    "List_of_Bollywood_films_of_the_1930s": 0.10665137614678899,
    "List_of_Telugu_films_of_the_1990s": 0.10665137614678899,
    "List_of_Telugu_films_of_the_1980s": 0.10665137614678899,
    "List_of_Telugu_films_of_2000": 0.10665137614678899,
    "List_of_Telugu_films_of_2001": 0.10665137614678899,
    "List_of_Telugu_films_of_2004": 0.10665137614678899,
    "List_of_Telugu_films_of_2005": 0.10665137614678899,
    "List_of_Telugu_films_of_2006": 0.10665137614678899,
    "List_of_Telugu_films_of_the_1940s": 0.10665137614678899,
    "List_of_Telugu_films_of_1960": 0.10665137614678899,
    "List_of_Telugu_films_of_1962": 0.10665137614678899,
    "List_of_Telugu_films_of_1963": 0.10665137614678899,
    "List_of_Telugu_films_of_1999": 0.10665137614678899,
    "List_of_Telugu_films_of_1998": 0.10665137614678899,
    "List_of_Telugu_films_of_1997": 0.10665137614678899,