{
    "List_of_Tamil_films_of_1985": 1.0,
    "List_of_Tamil_films_of_1943": 0.7246376811594203,
    "List_of_Tamil_films_of_1946": 0.7246376811594203,
    "List_of_Tamil_films_of_1947": 0.7246376811594203,
    "List_of_Tamil_films_of_1940": 0.7194244604316546,
    "List_of_Tamil_films_of_1941": 0.7194244604316546,
    "List_of_Tamil_films_of_1942": 0.7194244604316546,
    "List_of_Tamil_films_of_1944": 0.7194244604316546,
    "List_of_Tamil_films_of_1945": 0.7194244604316546,
    "List_of_Tamil_films_of_1948": 0.7142857142857143,
    "List_of_Tamil_films_of_1949": 0.7092198581560284,
    "List_of_Tamil_films_of_1952": 0.704225352112676,
    "List_of_Tamil_films_of_1953": 0.6993006993006993,
    "List_of_Tamil_films_of_1957": 0.6993006993006993,
    "List_of_Tamil_films_of_1958": 0.6993006993006993,
    "List_of_Tamil_films_of_1954": 0.6944444444444444,
    "List_of_Tamil_films_of_1955": 0.6944444444444444,
    "List_of_Tamil_films_of_1950": 0.6896551724137931,
    "List_of_Tamil_films_of_1951": 0.6896551724137931,
    "List_of_Tamil_films_of_1956": 0.684931506849315,
    "List_of_Tamil_films_of_1959": 0.684931506849315,
    "List_of_Tamil_films_of_1961": 0.6756756756756757,
    "List_of_Tamil_films_of_1962": 0.6756756756756757,
    "List_of_Tamil_films_of_1963": 0.6756756756756757,
    "List_of_Tamil_films_of_1965": 0.6756756756756757,
    "List_of_Tamil_films_of_1968": 0.6756756756756757,
    "List_of_Tamil_films_of_1969": 0.6756756756756757,
    "List_of_Tamil_films_of_1978": 0.6711409395973155,
    "List_of_Tamil_films_of_1960": 0.6711409395973155,
    "List_of_Tamil_films_of_1964": 0.6711409395973155,
    "List_of_Tamil_films_of_1967": 0.6711409395973155,
    "List_of_Tamil_films_of_1986": 0.6711409395973155,
    "List_of_Tamil_films_of_1987": 0.6711409395973155,
    "List_of_Tamil_films_of_1988": 0.6711409395973155,
    "List_of_Tamil_films_of_1982": 0.6666666666666666,
    "List_of_Tamil_films_of_1983": 0.6666666666666666,
    "List_of_Tamil_films_of_1984": 0.6666666666666666,
    "List_of_Tamil_films_of_1975": 0.6622516556291391,
    "List_of_Tamil_films_of_1976": 0.6622516556291391,
    "List_of_Tamil_films_of_1977": 0.6622516556291391,
    "List_of_Tamil_films_of_1979": 0.6622516556291391,
    "List_of_Tamil_films_of_1972": 0.6578947368421053,
    "List_of_Tamil_films_of_1974": 0.6578947368421053,
    "List_of_Tamil_films_of_1980": 0.6578947368421053,
    "List_of_Tamil_films_of_1981": 0.6578947368421053,
    "List_of_Tamil_films_of_1970": 0.6535947712418301,
    "List_of_Tamil_films_of_1971": 0.6535947712418301,
    "List_of_Tamil_films_of_1973": 0.6535947712418301,
    "List_of_Tamil_films_of_1966": 0.29239766081871343,
    "List_of_Tamil_films_of_1989": 0.29239766081871343,
    "1985_in_film": 0.208,
    "List_of_lesbian,_gay,_bisexual_or_transgender-related_films_of_1985": 0.208,
    "List_of_Tamil_films_of_2000": 0.15220483641536273,
    "List_of_Tamil_films_of_2013": 0.15177304964539007,
    "List_of_Tamil_films_of_the_1930s": 0.13716814159292035,
    "List_of_Telugu_films_of_the_1930s": 0.13716814159292035,
    "List_of_Telugu_films_of_the_1950s": 0.13716814159292035,
    "List_of_Telugu_films_of_the_1960s": 0.13716814159292035,
    "List_of_Telugu_films_of_1961": 0.13716814159292035,
    "List_of_Telugu_films_of_1950": 0.13716814159292035,
    "List_of_Telugu_films_of_1951": 0.13716814159292035,
    "List_of_Telugu_films_of_1952": 0.13716814159292035,
    "List_of_Telugu_films_of_1953": 0.13716814159292035,
    "List_of_Telugu_films_of_1954": 0.13716814159292035,
    "List_of_Telugu_films_of_1955": 0.13716814159292035,
    "List_of_Telugu_films_of_1956": 0.13716814159292035,
    "List_of_Bollywood_films_of_1940": 0.13497822931785197,
    "List_of_Telugu_films_of_1940": 0.13497822931785197,
    "List_of_Telugu_films_of_1957": 0.1341991341991342,
    "List_of_Bollywood_films_of_1989": 0.13381294964028778,
    "List_of_Ollywood_films_of_1989": 0.13381294964028778,
    "List_of_Ollywood_films_of_1978": 0.1336206896551724,
    "List_of_Ollywood_films_of_1983": 0.1336206896551724,
    "List_of_Ollywood_films_of_1991": 0.1336206896551724,
    "List_of_Ollywood_films_of_1992": 0.1336206896551724,
    "List_of_Ollywood_films_of_1999": 0.133428981348637,
    "List_of_Ollywood_films_of_1994": 0.133428981348637,
    "List_of_Ollywood_films_of_1977": 0.1332378223495702,
    "List_of_Ollywood_films_of_1979": 0.1332378223495702,
    "List_of_Ollywood_films_of_1980": 0.1332378223495702,
    "List_of_Ollywood_films_of_1993": 0.1332378223495702,
    "List_of_Bollywood_films_of_2000": 0.13229018492176386,
    "List_of_Ollywood_films_of_2000": 0.13229018492176386,
    "List_of_Ollywood_films_of_2006": 0.13229018492176386,
    "List_of_Tamil_films_of_2003": 0.13210227272727273,
    "List_of_Ollywood_films_of_2004": 0.13210227272727273,
    "List_of_Ollywood_films_of_2005": 0.13210227272727273,
    "List_of_Ollywood_films_of_2007": 0.13210227272727273,
    "List_of_Malayalam_films_of_2012": 0.13210227272727273,
    "List_of_Malayalam_films_of_2011": 0.13191489361702127,
    "List_of_Ollywood_films_of_2002": 0.13191489361702127,
    "List_of_Ollywood_films_of_2008": 0.13191489361702127,
    "List_of_Ollywood_films_of_2009": 0.13191489361702127,
    "List_of_Ollywood_films_of_2011": 0.13191489361702127,
    "List_of_Bollywood_films_of_2011": 0.13191489361702127,
    "List_of_Telugu_films_of_2013": 0.13191489361702127,
    "List_of_Malayalam_films_of_2013": 0.13191489361702127,
    "List_of_Bollywood_films_of_2010": 0.13172804532577903,
    "List_of_Malayalam_films_of_2010": 0.13172804532577903,
    "List_of_Telugu_films_of_2010": 0.13172804532577903,
    "List_of_Ollywood_films_of_2010": 0.13172804532577903,
    "List_of_Bengali_films_of_1935": 0.13006993006993006,
    "List_of_Bengali_films_of_1961": 0.1289875173370319,
    "List_of_Bengali_films_of_1962": 0.1289875173370319,
    "List_of_Bollywood_films_of_1985": 0.12758620689655173,
    "List_of_Kannada_films_of_1985": 0.12745098039215685,
    "List_of_Tamil_films_of_1990": 0.1204954954954955,
    "List_of_Tamil_films_of_1991": 0.1204954954954955,
    "List_of_Tamil_films_of_1992": 0.1204954954954955,
    "List_of_Tamil_films_of_1997": 0.1204954954954955,
    "List_of_Tamil_films_of_1998": 0.1204954954954955,
    "List_of_Tamil_films_of_1994": 0.1203599550056243,
    "List_of_Tamil_films_of_1995": 0.1203599550056243,
    "List_of_Tamil_films_of_1996": 0.1203599550056243,
    "List_of_Tamil_films_of_1999": 0.1203599550056243,
    "List_of_Tamil_films_of_1993": 0.12022471910112359,
    "List_of_Tamil_films_of_2006": 0.11955307262569832,
    "List_of_Tamil_films_of_2005": 0.11941964285714286,
    "List_of_Tamil_films_of_2007": 0.11941964285714286,
    "List_of_Tamil_films_of_2012": 0.11941964285714286,
    "List_of_Tamil_films_of_2008": 0.11928651059085842,
    "List_of_Tamil_films_of_2011": 0.11928651059085842,
    "List_of_Tamil_films_of_2010": 0.11915367483296214,
    "Bollywood_Hundred_Crore_Club": 0.11742424242424243,
    "List_of_Australian_films_of_1985": 0.1078838174273859,
    "List_of_Bollywood_films_of_the_1930s": 0.10689655172413794,
    "List_of_Telugu_films_of_the_1990s": 0.10689655172413794,
    "List_of_Telugu_films_of_the_1980s": 0.10689655172413794,
    "List_of_Telugu_films_of_2000": 0.10689655172413794,
    "List_of_Telugu_films_of_2001": 0.10689655172413794,
    "List_of_Telugu_films_of_2004": 0.10689655172413794,
    "List_of_Telugu_films_of_2005": 0.10689655172413794,
    "List_of_Telugu_films_of_2006": 0.10689655172413794,
    "List_of_Telugu_films_of_the_1940s": 0.10689655172413794,
    "List_of_Telugu_films_of_1960": 0.10689655172413794,
    "List_of_Telugu_films_of_1962": 0.10689655172413794,
    "List_of_Telugu_films_of_1963": 0.10689655172413794,
    "List_of_Telugu_films_of_1999": 0.10689655172413794,
    "List_of_Telugu_films_of_1998": 0.10689655172413794,
    "List_of_Telugu_films_of_1997": 0.10689655172413794,
    "List_of_Telugu_films_of_1996": 0.10689655172413794,