{
    "List_of_Chief_Ministers_of_Andhra_Pradesh": 1.0,
    "Prakasam_district": 0.5441860465116279,
    "List_of_districts_of_Andhra_Pradesh": 0.502127659574468,
    "Vizianagaram_district": 0.375,
    "List_of_Chief_Ministers_of_Meghalaya": 0.37433155080213903,
    "List_of_Chief_Ministers_of_Manipur": 0.37433155080213903,
    "List_of_Chief_Ministers_of_Punjab_(India)": 0.37433155080213903,
    "List_of_Prime_and_Chief_Ministers_of_Jammu_and_Kashmir": 0.37433155080213903,
    "List_of_female_Indian_chief_ministers": 0.37433155080213903,
    "List_of_Chief_Ministers_of_Puducherry": 0.35353535353535354,
    "List_of_Chief_Ministers_of_Gujarat": 0.3448275862068966,
    "Srikakulam_district": 0.34110787172011664,
    "List_of_Chief_Ministers_of_Maharashtra": 0.33980582524271846,
    "Nitish_Kumar": 0.3286384976525822,
    "Andhra_Pradesh_Legislature": 0.3038961038961039,
    "List_of_Chief_Ministers_of_Bihar": 0.29045643153526973,
    "List_of_Chief_Ministers_of_Tripura": 0.2862903225806452,
    "List_of_current_Indian_chief_ministers": 0.28174603174603174,
    "List_of_Chief_Ministers_of_Tamil_Nadu": 0.25547445255474455,
    "List_of_Chief_Ministers_of_Rajasthan": 0.25448028673835127,
    "List_of_Chief_Ministers_of_Goa": 0.24054982817869416,
    "List_of_Chief_Ministers_of_Madhya_Pradesh": 0.23333333333333334,
    "List_of_Chief_Ministers_of_Odisha": 0.22085889570552147,
    "List_of_chief_ministers_from_Bharatiya_Janata_Party": 0.20114942528735633,
    "List_of_Chief_Ministers_of_Assam": 0.18518518518518517,
    "List_of_Chief_Ministers_of_West_Bengal": 0.17721518987341772,
    "List_of_Chief_Ministers_of_Uttar_Pradesh": 0.15521064301552107,
    "List_of_Chief_Ministers_of_Haryana": 0.13592233009708737,
    "List_of_Chief_Ministers_of_Kerala": 0.10201149425287356,
    "Narasapuram,_West_Godavari": 0.07480314960629922,
    "List_of_cities_in_Andhra_Pradesh_by_population": 0.06872852233676977,
    "Nalgonda_district": 0.03594771241830065,
    "Nizamabad_district": 0.030042918454935622,
    "Bharatiya_Janata_Yuva_Morcha": 0.027659574468085105,
    "Guntur_(Lok_Sabha_constituency)": 0.021052631578947368,
    "Bapatla_(Lok_Sabha_constituency)": 0.021052631578947368,
    "Narasaraopet_(Lok_Sabha_constituency)": 0.021052631578947368,
    "Smriti_Irani": 0.020967741935483872,
    "Sricity": 0.01858736059479554,
    "List_of_million-plus_urban_agglomerations_in_India": 0.01838235294117647,
    "Khammam": 0.01834862385321101,
    "Raipur": 0.01818181818181818,
    "List_of_cities_in_Odisha_by_population": 0.01694915254237288,
    "Mydukur": 0.013953488372093023,
    "List_of_districts_of_Odisha": 0.013404825737265416,
    "Government_of_Tamil_Nadu": 0.012987012987012988,
    "List_of_state_and_union_territory_capitals_in_India": 0.012605042016806723,
    "Indian_Youth_Congress": 0.012084592145015106,
    "President_of_the_Indian_National_Congress": 0.012084592145015106,
    "Odisha": 0.011494252873563218,
    "Demographics_of_Karnataka": 0.011389521640091117,
    "Odisha_Legislative_Assembly": 0.011286681715575621,
    "List_of_districts_of_Karnataka": 0.011135857461024499,
    "Politics_of_Odisha": 0.011061946902654867,
    "List_of_cities_in_Jharkhand_by_population": 0.011029411764705883,
    "List_of_cities_in_Chhattisgarh_by_population": 0.010948905109489052,
    "Ludhiana": 0.01084010840108401,
    "List_of_most_populous_cities_in_India": 0.01079136690647482,
    "List_of_big_cities_in_North_East_India": 0.01079136690647482,
    "Sources_of_Indo-Greek_history": 0.010752688172043012,
    "Krishna_Wildlife_Sanctuary": 0.010638297872340425,
    "Himachal_Pradesh": 0.010416666666666666,
    "List_of_Governors_of_Odisha": 0.010416666666666666,
    "Delhi": 0.010403120936280884,
    "List_of_districts_of_Chhattisgarh": 0.010273972602739725,
    "Jabalpur": 0.010245901639344262
}