{
    "FIA_WTCC_Race_of_Brazil": 1.0,
    "FIA_WTCC_Race_of_France": 1.0,
    "FIA_WTCC_Race_of_Spain": 1.0,
    "FIA_WTCC_Race_of_the_Czech_Republic": 1.0,
    "FIA_WTCC_Race_of_Portugal": 1.0,
    "FIA_WTCC_Race_of_Germany": 1.0,
    "FIA_WTCC_Race_of_Italy": 1.0,
    "FIA_WTCC_Race_of_UK": 1.0,
    "FIA_WTCC_Race_of_Japan": 1.0,
    "Guia_Race_of_Macau": 1.0,
    "2012_World_Touring_Car_Championship_season": 0.559322033898305,
    "2014_World_Touring_Car_Championship_season": 0.2920353982300885,
    "2013_World_Touring_Car_Championship_season": 0.2426470588235294,
    "World_Touring_Car_Championship": 0.06547619047619048,
    "List_of_World_Touring_Car_Championship_drivers": 0.03508771929824561,
    "1987_World_Touring_Car_Championship_season": 0.03508771929824561,
    "2008_World_Touring_Car_Championship_season": 0.03389830508474576,
    "2009_World_Touring_Car_Championship_season": 0.03389830508474576,
    "2006_World_Touring_Car_Championship_season": 0.03389830508474576,
    "2007_World_Touring_Car_Championship_season": 0.03389830508474576,
    "2005_World_Touring_Car_Championship_season": 0.03333333333333333,
    "2010_World_Touring_Car_Championship_season": 0.02247191011235955,
    "2011_World_Touring_Car_Championship_season": 0.02247191011235955,
    "Paul_Radisich": 0.016129032258064516,
    "1993_FIA_Touring_Car_Challenge": 0.0125,
    "1995_FIA_Touring_Car_World_Cup": 0.0125,
    "1994_FIA_Touring_Car_World_Cup": 0.012422360248447204
}