{
    "List_of_schools_in_Northern_Province,_Sri_Lanka": 1.0,
    "All_Ceylon_Tamil_Congress": 0.04119850187265917,
    "Illankai_Tamil_Arasu_Kachchi": 0.04119850187265917,
    "Tamil_United_Liberation_Front": 0.04119850187265917,
    "Bandaranaike_International_Airport": 0.02564102564102564,
    "Tamil_Eelam": 0.019434628975265017,
    "Districts_of_Sri_Lanka": 0.017456359102244388,
    "List_of_attacks_attributed_to_Sri_Lankan_government_forces": 0.017167381974248927,
    "List_of_assassinations_of_the_Sri_Lankan_Civil_War": 0.017167381974248927,
    "List_of_airports_in_Sri_Lanka": 0.016574585635359115,
    "Electoral_districts_in_Sri_Lanka": 0.016129032258064516,
    "Sri_Lanka_Army": 0.014035087719298246,
    "Eelam_War_IV": 0.01384083044982699,
    "List_of_massacres_in_Sri_Lanka": 0.011299435028248588,
    "List_of_attacks_attributed_to_the_LTTE": 0.010050251256281407
}