{
    "List_of_stereoscopic_video_games": 1.0,
    "4D_film": 1.0,
    "Next_generation_of_display_technology": 0.049689440993788817,
    "AMOLED": 0.039473684210526314,
    "Comparison_of_CRT,_LCD,_Plasma,_and_OLED": 0.039473684210526314,
    "List_of_Virtual_Console_games_for_Nintendo_3DS_(North_America)": 0.01904761904761905,
    "List_of_Virtual_Console_games_for_Nintendo_3DS_(PAL_region)": 0.01904761904761905,
    "List_of_Virtual_Console_games_for_Nintendo_3DS_(Japan)": 0.01904761904761905,
    "FreeTrack": 0.01764705882352941,
    "Light-emitting_diode": 0.013605442176870748,
    "Harmonic": 0.012578616352201259,
    "Second_screen": 0.011494252873563218,
    "Comparison_of_handheld_game_consoles": 0.011363636363636364,
    "Nelsonic_Industries": 0.011363636363636364
}