{
    "Mexican_National_Middleweight_Championship": 1.0,
    "Mexican_National_Lightweight_Championship": 0.5306122448979592,
    "List_of_CMLL_World_Middleweight_Champions": 0.5051546391752577,
    "Mexican_National_Light_Heavyweight_Championship": 0.504424778761062,
    "Mexican_National_Welterweight_Championship": 0.4715447154471545,
    "List_of_CMLL_World_Light_Heavyweight_Champions": 0.46464646464646464,
    "CMLL_World_Women's_Championship": 0.4444444444444444,
    "List_of_CMLL_World_Welterweight_Champions": 0.4380952380952381,
    "List_of_CMLL_World_Heavyweight_Champions": 0.42718446601941745,
    "List_of_CMLL_World_Tag_Team_Champions": 0.3937007874015748,
    "Zumbido": 0.39,
    "List_of_Mexican_National_Trios_Champions": 0.3815789473684211,
    "Mexican_National_Heavyweight_Championship": 0.37593984962406013,
    "Reina_World_Tag_Team_Championship": 0.35772357723577236,
    "List_of_CMLL_World_Trios_Champions": 0.348993288590604,
    "NWA_World_Middleweight_Championship": 0.3279569892473118,
    "CMLL_Torneo_Nacional_de_Parejas_Increibles": 0.3129251700680272,
    "El_Fara\u00f3n": 0.25,
    "El_Dandy": 0.22380952380952382,
    "Ringo_Mendoza": 0.2025862068965517,
    "Consejo_Mundial_de_Lucha_Libre_roster": 0.18803418803418803,
    "Emilio_Charles,_Jr.": 0.18702290076335878,
    "El_Sat\u00e1nico": 0.18450184501845018,
    "Sangre_Chicana": 0.17110266159695817,
    "Perro_Aguayo": 0.15985130111524162,
    "Pimpinela_Escarlata": 0.15151515151515152,
    "Mexican_National_Tag_Team_Championship": 0.15060240963855423,
    "Blue_Panther": 0.1467065868263473,
    "Mexican_National_Mini-Estrella_Championship": 0.14583333333333334,
    "La_Fiera": 0.1414141414141414,
    "El_Hijo_del_Santo": 0.14057507987220447,
    "Rayo_de_Jalisco,_Jr.": 0.13157894736842105,
    "M\u00e1scara_Sagrada": 0.12637362637362637,
    "Mexican_National_At\u00f3micos_Championship": 0.12173913043478261,
    "Cien_Caras": 0.12156862745098039,
    "Atlantis_(wrestler)": 0.11373390557939914,
    "El_Texano": 0.10982658959537572,
    "Pierroth,_Jr.": 0.10606060606060606,
    "Brazo_de_Plata": 0.10526315789473684,
    "Bestia_Salvaje": 0.10408921933085502,
    "World_Wonder_Ring_Stardom": 0.10182767624020887,
    "Brazo_de_Oro_(wrestler)": 0.10160427807486631,
    "Latin_Lover_(wrestler)": 0.1,
    "Consejo_Mundial_de_Lucha_Libre": 0.09615384615384616,
    "Pirata_Morgan": 0.09584664536741214,
    "H\u00e9ctor_Garza": 0.09169054441260745,
    "Dami\u00e1n_666": 0.09166666666666666,
    "Am\u00e9rico_Rocca": 0.0915032679738562,
    "Psicosis": 0.0896551724137931,
    "El_Brazo": 0.08962264150943396,
    "Rafael_Herbert_Reyes": 0.08943089430894309,
    "M\u00e1scara_A\u00f1o_2000": 0.08832807570977919,
    "Negro_Casas": 0.0831353919239905,
    "Villa\u00f1o_III": 0.08239700374531835,
    "Perro_Aguayo,_Jr.": 0.08038585209003216,
    "Heavy_Metal_(wrestler)": 0.08,
    "Super_Parka": 0.07947019867549669,
    "Super_Mu\u00f1eco": 0.07894736842105263,
    "Coloso_Colosetti": 0.07894736842105263,
    "El_Signo": 0.07894736842105263,
    "Toscano_(wrestler)": 0.0776255707762557,
    "El_Felino": 0.07711442786069651,
    "Misterioso_(wrestler)": 0.07563025210084033,
    "Shocker_(wrestler)": 0.071875,
    "Black_Terry": 0.06220095693779904,
    "Silver_King_(wrestler)": 0.05637982195845697,
    "Halloween_(wrestler)": 0.05603448275862069,
    "NWA_World_Light_Heavyweight_Championship": 0.0546448087431694,
    "NWA_World_Welterweight_Championship": 0.05319148936170213,
    "Ricky_Marvin": 0.052132701421800945,
    "Villa\u00f1o_IV": 0.05019305019305019,
    "El_Texano,_Jr.": 0.039783001808318265,
    "Scorpio,_Jr.": 0.039473684210526314,
    "Adolfo_Tapia": 0.03621730382293763,
    "Impact_Wrestling": 0.03482142857142857,
    "Vampiro": 0.032119914346895075,
    "Gran_Alternativa_2013": 0.028901734104046242,
    "IWRG_Intercontinental_Middleweight_Championship": 0.023809523809523808,
    "X-Fly": 0.02127659574468085,
    "Rey_Mysterio": 0.02068345323741007,
    "El_\u00c1ngel_(wrestler)": 0.01904761904761905,
    "IWRG_Intercontinental_Welterweight_Championship": 0.01652892561983471,
    "UWA_World_Light_Heavyweight_Championship": 0.016260162601626018,
    "Cerebro_Negro": 0.016216216216216217,
    "CMLL_Universal_Championship_(2010)": 0.013793103448275862,
    "CMLL_Universal_Championship_(2013)": 0.0136986301369863,
    "CMLL_Universal_Championship_(2011)": 0.013605442176870748,
    "UWA_World_Tag_Team_Championship": 0.013513513513513514,
    "CMLL_Universal_Championship_(2012)": 0.013333333333333334,
    "IWRG_Intercontinental_Trios_Championship": 0.012987012987012988,
    "AAA_World_Tag_Team_Championship": 0.012658227848101266,
    "Negro_Navarro": 0.011834319526627219,
    "Rey_de_Reyes": 0.010526315789473684
}