{
    "Sports_Association_for_Adelaide_Schools": 1.0,
    "Prince_Alfred_College": 0.4533333333333333,
    "Independent_Girls'_Schools_Sports_Association_(South_Australia)": 0.175,
    "Newington_College": 0.05952380952380952,
    "Electoral_results_for_the_Division_of_Adelaide": 0.018867924528301886,
    "Electoral_results_for_the_Division_of_Barker": 0.018867924528301886,
    "Electoral_results_for_the_Division_of_Boothby": 0.018867924528301886,
    "Electoral_results_for_the_Division_of_Grey": 0.018867924528301886,
    "Electoral_results_for_the_Division_of_Hindmarsh": 0.018867924528301886,
    "Electoral_results_for_the_Division_of_Kingston": 0.018867924528301886,
    "Electoral_results_for_the_Division_of_Wakefield": 0.018867924528301886,
    "Division_of_Barker": 0.017857142857142856,
    "Division_of_Boothby": 0.017857142857142856,
    "Division_of_Grey": 0.017857142857142856,
    "Division_of_Hindmarsh": 0.017857142857142856,
    "Division_of_Kingston": 0.017857142857142856,
    "Division_of_Wakefield": 0.017857142857142856,
    "Xavier_College": 0.017543859649122806,
    "Division_of_Adelaide": 0.017543859649122806,
    "List_of_places_in_South_Australia_by_population": 0.014285714285714285,
    "West_Adelaide_Football_Club": 0.0125,
    "Australian_places_with_Dutch_names": 0.0125,
    "South_Adelaide_Football_Club": 0.011363636363636364,
    "List_of_Australian_university_leaders": 0.011111111111111112
}