{
    "List_of_mosques_in_Africa": 1.0,
    "List_of_mosques_in_Asia": 1.0,
    "List_of_mosques_in_the_Americas": 1.0,
    "List_of_mosques_in_Malaysia": 1.0,
    "List_of_mosques_in_Germany": 1.0,
    "List_of_mosques_in_the_Arab_League": 1.0,
    "List_of_mosques_in_France": 1.0,
    "List_of_mosques_in_Azerbaijan": 1.0,
    "List_of_mosques_in_the_Netherlands": 1.0,
    "List_of_mosques_in_Scandinavia": 1.0,
    "List_of_mosques_in_Cyprus": 1.0,
    "List_of_Mosques_in_Albania": 1.0,
    "List_of_mosques_in_Japan": 1.0,
    "List_of_mosques_in_Pakistan": 1.0,
    "List_of_mosques_in_Europe": 1.0,
    "List_of_mosques_in_Thailand": 0.9586206896551724,
    "List_of_mosques_in_Canada": 0.9235880398671097,
    "List_of_mosques": 0.9025974025974026,
    "List_of_mosques_in_Syria": 0.852760736196319,
    "List_of_mosques_in_Egypt": 0.8128654970760234,
    "List_of_largest_mosques": 0.8081395348837209,
    "List_of_mosques_in_the_United_States": 0.6864197530864198,
    "List_of_mosques_in_Turkey": 0.6043478260869565,
    "List_of_mosques_in_China": 0.6043478260869565,
    "List_of_mosques_in_Oceania": 0.5991379310344828,
    "List_of_mosques_in_India": 0.5991379310344828,
    "List_of_mosques_in_Iran": 0.5902335456475584,
    "List_of_the_oldest_mosques_in_the_world": 0.42249240121580545,
    "List_of_first_mosques_by_country": 0.42249240121580545,
    "List_of_mosques_in_Indonesia": 0.4193061840120664,
    "Stadiums_in_Bangladesh": 0.013192612137203167,
    "Capital_of_the_Philippines": 0.011869436201780416,
    "Higher_education_in_Iran": 0.011834319526627219,
    "List_of_educational_institutions_in_Bahrain": 0.011834319526627219,
    "Tourism_in_Japan": 0.011834319526627219,
    "List_of_Persian_language_magazines": 0.011834319526627219,
    "Public_holidays_in_Macau": 0.011834319526627219,
    "Public_holidays_in_Syria": 0.011834319526627219,
    "List_of_diplomatic_missions_in_Vietnam": 0.011834319526627219,
    "Vehicle_registration_plates_of_Mongolia": 0.011834319526627219,
    "List_of_postal_codes_in_Bangladesh": 0.011834319526627219,
    "List_of_lakes_in_Japan": 0.011834319526627219,
    "Postal_codes_in_Iraq": 0.011834319526627219,
    "Postal_codes_in_Sri_Lanka": 0.011834319526627219,
    "List_of_fishes_in_Bangladesh": 0.011834319526627219,
    "Public_holidays_in_Iraq": 0.011834319526627219,
    "List_of_schools_in_the_Maldives": 0.011834319526627219,
    "Prisons_in_North_Korea": 0.011834319526627219,
    "List_of_butterflies_of_Israel": 0.011834319526627219,
    "List_of_minimum_wages_in_China": 0.011834319526627219,
    "100_Soundscapes_of_Japan": 0.011834319526627219,
    "Television_in_Afghanistan": 0.011834319526627219,
    "List_of_railway_stations_in_North_Korea": 0.011834319526627219,
    "Vehicle_registration_plates_of_Nepal": 0.011834319526627219,
    "List_of_museums_in_Thailand": 0.011834319526627219,
    "Vehicle_registration_plates_of_Uzbekistan": 0.011834319526627219,
    "Cabinet_of_Qatar": 0.011834319526627219,
    "Cabinet_of_the_United_Arab_Emirates": 0.011834319526627219,
    "List_of_church_buildings_in_Indonesia": 0.011834319526627219,
    "Education_in_Israel": 0.011834319526627219,
    "Kuwaiti_Army": 0.011834319526627219,
    "List_of_football_stadiums_in_Qatar": 0.011834319526627219,
    "Rail_transport_in_South_Korea": 0.011834319526627219,
    "Agriculture_in_Iran": 0.011834319526627219,
    "List_of_Chinese_wars_and_battles": 0.011834319526627219,
    "Public_holidays_in_Taiwan": 0.011834319526627219,
    "Vehicle_registration_plates_of_Indonesia": 0.011834319526627219,
    "List_of_cities_in_North_Korea": 0.011799410029498525,
    "List_of_birds_of_Thailand": 0.011799410029498525,
    "National_emblems_and_coats_of_arms_of_Asia": 0.011799410029498525,
    "List_of_universities_in_Lebanon": 0.011799410029498525,
    "Telephone_numbers_in_Taiwan": 0.011799410029498525,
    "List_of_cities_in_Afghanistan": 0.011799410029498525,
    "List_of_medical_colleges_in_India": 0.011799410029498525,
    "Christianity_in_Asia": 0.011799410029498525,
    "Telephone_numbers_in_Uzbekistan": 0.011799410029498525,
    "List_of_companies_of_Singapore": 0.011799410029498525,
    "List_of_airports_in_Iran": 0.011799410029498525,
    "List_of_stadiums_in_China": 0.011799410029498525,
    "List_of_stadiums_in_Japan": 0.011799410029498525,
    "List_of_stadiums_in_Indonesia": 0.011799410029498525,
    "Politics_of_Nepal": 0.011799410029498525,
    "List_of_newspapers_in_Sri_Lanka": 0.011799410029498525,
    "List_of_airlines_of_Iran": 0.011799410029498525,
    "List_of_companies_of_the_United_Arab_Emirates": 0.011799410029498525,
    "List_of_stadiums_in_Malaysia": 0.011799410029498525,
    "List_of_cities_in_South_Korea": 0.011799410029498525,
    "List_of_banks_in_the_United_Arab_Emirates": 0.011799410029498525,
    "List_of_newspapers_in_Pakistan": 0.011799410029498525,
    "List_of_newspapers_in_China": 0.011799410029498525,
    "Telephone_numbers_in_Laos": 0.011799410029498525,
    "List_of_wars_involving_Iraq": 0.011799410029498525,
    "List_of_cities_in_Japan": 0.011799410029498525,
    "List_of_cities_in_Tajikistan": 0.011799410029498525,
    "List_of_wars_involving_Syria": 0.011799410029498525,
    "Vietnam_Railways": 0.011799410029498525,
    "List_of_Japanese_cities_by_population": 0.011799410029498525,
    "List_of_cities_in_Kyrgyzstan": 0.011799410029498525,
    "List_of_rivers_of_Korea": 0.011799410029498525,
    "List_of_birds_of_the_Maldives": 0.011799410029498525,
    "List_of_airports_in_Afghanistan": 0.011799410029498525,
    "List_of_mountains_in_Nepal": 0.011799410029498525,
    "List_of_television_stations_in_the_Philippines": 0.011799410029498525,
    "List_of_hospitals_in_Thailand": 0.011799410029498525,
    "List_of_airports_in_Thailand": 0.011799410029498525,
    "Names_of_India": 0.011799410029498525,
    "List_of_universities_in_Syria": 0.011799410029498525,
    "List_of_airports_in_South_Korea": 0.011799410029498525,
    "List_of_volcanoes_in_Japan": 0.011799410029498525,
    "Terrorism_in_the_Philippines": 0.011799410029498525,
    "List_of_airports_in_Iraq": 0.011799410029498525,
    "List_of_airports_in_Oman": 0.011799410029498525,
    "Telephone_numbers_in_Malaysia": 0.011799410029498525,
    "List_of_hotels_in_North_Korea": 0.011527377521613832,
    "Hinduism_in_Nepal": 0.011461318051575931,
    "Public_holidays_in_North_Korea": 0.011428571428571429,
    "List_of_lakes_in_Mongolia": 0.011396011396011397,
    "List_of_football_stadiums_in_Syria": 0.011363636363636364,
    "List_of_airports_in_Laos": 0.0113314447592068,
    "National_symbols_of_Pakistan": 0.011267605633802818,
    "List_of_airports_in_Cambodia": 0.011267605633802818,
    "List_of_East_Azarbaijan_cities_and_towns_by_population": 0.011235955056179775,
    "List_of_Iranian_cities_and_towns_by_province": 0.011235955056179775,
    "List_of_urban_rail_systems_in_Japan": 0.011235955056179775,
    "List_of_airports_in_Syria": 0.011204481792717087,
    "List_of_museums_in_South_Korea": 0.0111731843575419,
    "List_of_hospitals_in_Iraq": 0.0111731843575419,
    "List_of_largest_shopping_malls_in_the_Philippines": 0.0111731843575419,
    "List_of_shopping_malls_in_the_Philippines": 0.0111731843575419,
    "List_of_airports_in_Kyrgyzstan": 0.0111731843575419,
    "List_of_airports_in_Uzbekistan": 0.0111731843575419,
    "Public_holidays_in_Japan": 0.011111111111111112,
    "List_of_railway_lines_in_Thailand": 0.011111111111111112,
    "List_of_earthquakes_in_Pakistan": 0.0110803324099723,
    "List_of_airports_in_Yemen": 0.0110803324099723,
    "List_of_football_stadiums_in_Kuwait": 0.011049723756906077,
    "List_of_stadiums_in_Taiwan": 0.011049723756906077,
    "List_of_political_parties_in_the_Republic_of_China": 0.011049723756906077,
    "List_of_political_parties_in_Lebanon": 0.011049723756906077,
    "List_of_airports_in_the_United_Arab_Emirates": 0.011049723756906077,
    "Energy_in_Israel": 0.011019283746556474,