{
    "List_of_colleges_and_universities_in_New_York's_Capital_District": 1.0,
    "Toponymies_of_places_in_New_York's_Capital_District": 0.9115646258503401,
    "Media_in_New_York's_Capital_District": 0.8903654485049833,
    "List_of_tallest_buildings_in_Albany,_New_York": 0.6750629722921915,
    "National_Register_of_Historic_Places_listings_in_Rensselaer_County,_New_York": 0.6683291770573566,
    "List_of_incorporated_places_in_New_York's_Capital_District": 0.6504854368932039,
    "Albany_International_Airport": 0.6442307692307693,
    "Albany_County,_New_York": 0.589010989010989,
    "Hudson_River": 0.4161490683229814,
    "Erie_Canal": 0.2685370741482966,
    "List_of_television_stations_in_Massachusetts_(by_channel_number)": 0.16453382084095064,
    "List_of_television_stations_in_Massachusetts": 0.16453382084095064,
    "WAMC": 0.11938534278959811,
    "Media_in_Salina,_Kansas": 0.11082474226804123,
    "Media_in_Hays,_Kansas": 0.10840108401084012,
    "Media_in_Great_Bend,_Kansas": 0.10840108401084012,
    "Media_in_Hutchinson,_Kansas": 0.10810810810810811,
    "Media_in_Dodge_City,_Kansas": 0.10597826086956522,
    "Media_in_Garden_City,_Kansas": 0.10597826086956522,
    "Media_in_Indianapolis": 0.1053921568627451,
    "Media_in_Binghamton,_New_York": 0.09808612440191387,
    "WANN-CD": 0.09644670050761421,
    "KLVX": 0.09536784741144415,
    "Media_in_Topeka,_Kansas": 0.09259259259259259,
    "Media_in_Wichita,_Kansas": 0.09251101321585903,
    "Media_in_Columbus,_Georgia": 0.09248554913294797,
    "Media_in_Manhattan,_Kansas": 0.09169054441260745,
    "Media_in_Chicago": 0.09142857142857143,
    "Media_in_Jacksonville,_Florida": 0.09130434782608696,
    "Media_in_Denver": 0.08888888888888889,
    "Media_in_Oklahoma_City": 0.08798283261802575,
    "Media_in_Pittsburgh": 0.08592321755027423,
    "Media_in_Seattle": 0.0855397148676171,
    "List_of_radio_stations_in_New_York": 0.0854119425547997,
    "KSTP-TV": 0.0838095238095238,
    "NHK_World": 0.08314606741573034,
    "Media_in_Nashville,_Tennessee": 0.07802874743326489,
    "Smoky_Hills_Public_Television": 0.07661290322580645,
    "KAXT-CD": 0.07453416149068323,
    "Media_in_Boston": 0.07432432432432433,
    "South_Carolina_Educational_Television": 0.07380073800738007,
    "LATV": 0.07078039927404718,
    "List_of_Canadian_television_stations_available_in_the_United_States": 0.07078039927404718,
    "AMGTV": 0.07078039927404718,
    "Mexicanal": 0.07078039927404718,
    "LeSEA": 0.07078039927404718,
    "Cornerstone_Television": 0.07078039927404718,
    "List_of_former_TheCoolTV_affiliates": 0.07078039927404718,
    "List_of_United_States_over-the-air_television_networks": 0.07078039927404718,
    "Jewelry_Television": 0.07065217391304347,
    "South_Dakota_Public_Broadcasting": 0.0693950177935943,
    "KHET": 0.06880733944954129,
    "Christian_Television_Network": 0.06818181818181818,
    "Lake_Charles,_Louisiana": 0.06666666666666667,
    "Heartland_(TV_network)": 0.06643952299829642,
    "Southwest_Florida": 0.06570512820512821,
    "Oregon_Public_Broadcasting": 0.06451612903225806,
    "List_of_New_York_State_Historic_Markers": 0.0639386189258312,
    "List_of_state_routes_in_New_York": 0.0639386189258312,
    "List_of_botanical_gardens_and_arboretums_in_New_York": 0.0639386189258312,
    "PBJ_(TV_network)": 0.06349206349206349,
    "WSPA-TV": 0.0634648370497427,
    "WLOS": 0.06333333333333334,
    "WeatherNation_TV": 0.06290322580645161,
    "KLAS-TV": 0.06239737274220033,
    "World_(TV_channel)": 0.06212121212121212,
    "GetTV": 0.06018518518518518,
    "List_of_villages_in_New_York": 0.0591016548463357,
    "Prime_Time_Entertainment_Network": 0.05891238670694864,
    "ZUUS_Country": 0.058646616541353384,
    "Tuff_TV": 0.058646616541353384,
    "KYMA-DT": 0.05862068965517241,
    "West_Virginia_Public_Broadcasting": 0.058186738836265225,
    "Clinton_County,_New_York": 0.056818181818181816,
    "Kentucky_Educational_Television": 0.056790123456790124,
    "Georgia_Public_Broadcasting": 0.056555269922879174,
    "List_of_towns_in_New_York": 0.05630630630630631,
    "List_of_New_York_railroads": 0.05630630630630631,
    "List_of_windmills_in_New_York": 0.05630630630630631,
    "List_of_museums_in_New_York": 0.05592841163310962,
    "WNGN_(FM)": 0.05588235294117647,
    "KCET": 0.05569948186528497,
    "New_York_statistical_areas": 0.0556792873051225,
    "List_of_New_York_state_symbols": 0.0556792873051225,
    "New_York_State_metropolitan_areas": 0.0556792873051225,
    "List_of_Superfund_sites_in_New_York": 0.05543237250554324,
    "Oswego_County,_New_York": 0.05530973451327434,
    "New_York_locations_by_per_capita_income": 0.054945054945054944,
    "List_of_counties_in_New_York": 0.05482456140350877,
    "Family_Radio": 0.054292929292929296,
    "Dutchess_County,_New_York": 0.053857350800582245,
    "Westchester_County,_New_York": 0.053811659192825115,
    "KLMV-LD": 0.05343511450381679,
    "Demographics_of_New_York": 0.05241090146750524,
    "Orange_County,_New_York": 0.05217391304347826,
    "Ulster_County,_New_York": 0.05150214592274678,
    "List_of_cities_in_New_York": 0.0513347022587269,
    "Cozi_TV": 0.05108556832694764,
    "List_of_television_stations_in_Oregon": 0.050434782608695654,
    "List_of_television_stations_in_New_York": 0.048828125,
    "List_of_airports_in_New_York": 0.048638132295719845,
    "Monroe_County,_New_York": 0.04744525547445255,
    "Oneida_County,_New_York": 0.04743833017077799,
    "Redding,_California": 0.046875,
    "Live_Well_Network": 0.045828437132784956,
    "National_Register_of_Historic_Places_listings_in_New_York": 0.04562043795620438,
    "List_of_mayors_of_Albany,_New_York": 0.04521276595744681,
    "Western_New_York": 0.04482758620689655,
    "List_of_power_stations_in_New_York": 0.04440497335701599,
    "Staten_Island": 0.042884990253411304,
    "United_States_congressional_delegations_from_New_York": 0.04280821917808219,
    "Onondaga_County,_New_York": 0.042071197411003236,
    "Vehicle_registration_plates_of_New_York": 0.04065040650406504,
    "List_of_United_States_Senators_from_New_York": 0.0390015600624025,
    "Deutsche_Welle": 0.03898840885142255,
    "National_Register_of_Historic_Places_listings_in_Albany,_New_York": 0.03870967741935484,
    "Quad_Cities": 0.03837471783295711,
    "WBAB": 0.037894736842105266,
    "Speaker_of_the_New_York_State_Assembly": 0.03736920777279522,
    "New_York_State_Comptroller": 0.037257824143070044,
    "MTV2": 0.03678929765886288,
    "Barrington_Broadcasting": 0.03571428571428571,
    "San_Diego\u2013Tijuana": 0.0345252774352651,
    "Movies!": 0.03439153439153439,
    "List_of_Pennsylvania_state_historical_markers_in_Blair_County": 0.034074074074074076,
    "The_Disney_Afternoon": 0.033936651583710405,
    "List_of_Pennsylvania_state_historical_markers_in_Cambria_County": 0.03392330383480826,
    "Harrisburg,_Pennsylvania": 0.033860045146726865,
    "Government_and_politics_of_the_Bronx": 0.03280839895013123,
    "History_of_the_Bronx": 0.03280839895013123,
    "List_of_United_States_stations_available_in_Canada": 0.0313588850174216,
    "E._W._Scripps_Company": 0.030991735537190084,
    "Manhattan": 0.030240549828178694,
    "New_York_City": 0.02992843201040989,
    "List_of_Governors_of_New_York": 0.029137529137529136,
    "List_of_National_Historic_Landmarks_in_New_York": 0.028846153846153848,
    "Nassau_County,_New_York": 0.02870264064293915,
    "New_York_gubernatorial_elections": 0.02834467120181406,
    "Suffolk_County,_New_York": 0.028312570781426953,
    "The_'90s_Are_All_That": 0.027472527472527472,
    "Queens": 0.02696871628910464,
    "History_of_Brooklyn": 0.026624068157614485,
    "Laredo\u2013Nuevo_Laredo": 0.025806451612903226,
    "Sports_in_New_York": 0.025717111770524232,
    "WLIR": 0.02535211267605634,
    "Boilermaker_Road_Race": 0.024922118380062305,
    "Associate_Judges_of_the_New_York_Court_of_Appeals": 0.02455795677799607,