{
    "List_of_Individual_Speedway_World_Championship_medalists": 1.0,
    "1965_Individual_Speedway_World_Championship": 0.6323529411764706,
    "2013_Speedway_Grand_Prix": 0.6323529411764706,
    "2014_Speedway_Grand_Prix": 0.6323529411764706,
    "2006_Speedway_Grand_Prix": 0.6323529411764706,
    "2005_Speedway_Grand_Prix": 0.6323529411764706,
    "1936_Individual_Speedway_World_Championship": 0.6277372262773723,
    "1937_Individual_Speedway_World_Championship": 0.6277372262773723,
    "1938_Individual_Speedway_World_Championship": 0.6277372262773723,
    "1939_Individual_Speedway_World_Championship": 0.6277372262773723,
    "1949_Individual_Speedway_World_Championship": 0.6277372262773723,
    "1950_Individual_Speedway_World_Championship": 0.6277372262773723,
    "1951_Individual_Speedway_World_Championship": 0.6277372262773723,
    "1952_Individual_Speedway_World_Championship": 0.6277372262773723,
    "1993_Individual_Speedway_World_Championship": 0.6277372262773723,
    "1994_Individual_Speedway_World_Championship": 0.6277372262773723,
    "1989_Individual_Speedway_World_Championship": 0.6277372262773723,
    "1988_Individual_Speedway_World_Championship": 0.6277372262773723,
    "1987_Individual_Speedway_World_Championship": 0.6277372262773723,
    "1986_Individual_Speedway_World_Championship": 0.6277372262773723,
    "1992_Individual_Speedway_World_Championship": 0.6277372262773723,
    "1991_Individual_Speedway_World_Championship": 0.6277372262773723,
    "1990_Individual_Speedway_World_Championship": 0.6277372262773723,
    "1982_Individual_Speedway_World_Championship": 0.6277372262773723,
    "1981_Individual_Speedway_World_Championship": 0.6277372262773723,
    "1978_Individual_Speedway_World_Championship": 0.6277372262773723,
    "1976_Individual_Speedway_World_Championship": 0.6277372262773723,
    "1975_Individual_Speedway_World_Championship": 0.6277372262773723,
    "1973_Individual_Speedway_World_Championship": 0.6277372262773723,
    "1971_Individual_Speedway_World_Championship": 0.6277372262773723,
    "1968_Individual_Speedway_World_Championship": 0.6277372262773723,
    "1967_Individual_Speedway_World_Championship": 0.6277372262773723,
    "1955_Individual_Speedway_World_Championship": 0.6277372262773723,
    "1954_Individual_Speedway_World_Championship": 0.6277372262773723,
    "2013_Speedway_Grand_Prix_of_New_Zealand": 0.6142857142857143,
    "2000_Speedway_Grand_Prix": 0.6056338028169014,
    "1999_Speedway_Grand_Prix": 0.6056338028169014,
    "1995_Speedway_Grand_Prix": 0.6056338028169014,
    "1998_Speedway_Grand_Prix": 0.6056338028169014,
    "1997_Speedway_Grand_Prix": 0.6056338028169014,
    "1996_Speedway_Grand_Prix": 0.6056338028169014,
    "2007_Speedway_Grand_Prix": 0.5850340136054422,
    "2008_Speedway_Grand_Prix": 0.581081081081081,
    "2009_Speedway_Grand_Prix": 0.581081081081081,
    "2001_Speedway_Grand_Prix": 0.5620915032679739,
    "2010_Speedway_Grand_Prix": 0.5308641975308642,
    "2011_Speedway_Grand_Prix": 0.5308641975308642,
    "2012_Speedway_Grand_Prix": 0.5276073619631901,
    "2010_Speedway_Grand_Prix_of_Croatia": 0.5212121212121212,
    "2011_Speedway_Grand_Prix_of_Croatia": 0.5212121212121212,
    "2012_Speedway_Grand_Prix_of_New_Zealand": 0.5180722891566265,
    "2012_Speedway_Grand_Prix_of_Croatia": 0.5180722891566265,
    "2010_Speedway_Grand_Prix_of_Italy": 0.5029239766081871,
    "2011_Speedway_Grand_Prix_of_Italy": 0.5029239766081871,
    "2012_Speedway_Grand_Prix_of_Italy": 0.5,
    "2010_Speedway_Grand_Prix_of_Czech_Republic": 0.4648648648648649,
    "2011_Speedway_Grand_Prix_of_Czech_Republic": 0.4648648648648649,
    "2012_Speedway_Grand_Prix_of_Czech_Republic": 0.46236559139784944,
    "2010_Speedway_Grand_Prix_of_Great_Britain": 0.450261780104712,
    "2011_Speedway_Grand_Prix_of_Great_Britain": 0.450261780104712,
    "2012_Speedway_Grand_Prix_of_Great_Britain": 0.4479166666666667,
    "Tony_Rickardsson": 0.44508670520231214,
    "Greg_Hancock": 0.44508670520231214,
    "Mark_Loram": 0.44508670520231214,
    "Jason_Crump": 0.4425287356321839,
    "2010_Speedway_Grand_Prix_of_Denmark": 0.441025641025641,
    "2010_Speedway_Grand_Prix_of_Nordic": 0.441025641025641,
    "2011_Speedway_Grand_Prix_of_Denmark": 0.441025641025641,
    "2011_Speedway_Grand_Prix_of_Nordic": 0.441025641025641,
    "2012_Speedway_Grand_Prix_of_Denmark": 0.4387755102040816,
    "2012_Speedway_Grand_Prix_of_Nordic": 0.4387755102040816,
    "2013_Speedway_Grand_Prix_of_Europe": 0.42574257425742573,
    "2010_Speedway_Grand_Prix_of_Sweden": 0.4056603773584906,
    "2010_Speedway_Grand_Prix_of_Scandinavia": 0.4056603773584906,
    "2011_Speedway_Grand_Prix_of_Sweden": 0.4056603773584906,
    "2011_Speedway_Grand_Prix_of_Scandinavia": 0.4056603773584906,
    "2012_Speedway_Grand_Prix_of_Sweden": 0.40375586854460094,
    "2012_Speedway_Grand_Prix_of_Scandinavia": 0.40375586854460094,
    "British_Speedway_Championship": 0.38235294117647056,
    "Danish_Individual_Speedway_Championship": 0.38235294117647056,
    "Australian_Individual_Speedway_Championship": 0.38235294117647056,
    "Swedish_Individual_Speedway_Championship": 0.38235294117647056,
    "Norwegian_Individual_Speedway_Championship": 0.38235294117647056,
    "Australian_Under-21_Individual_Speedway_Championship": 0.38235294117647056,
    "Individual_Speedway_Long_Track_World_Championship": 0.38235294117647056,
    "New_Zealand_Individual_Speedway_Championship": 0.38235294117647056,
    "2010_Speedway_Grand_Prix_of_Europe": 0.38222222222222224,
    "2010_Speedway_Grand_Prix_of_Poland": 0.38222222222222224,
    "2010_Speedway_Grand_Prix_of_Poland_II": 0.38222222222222224,
    "2011_Speedway_Grand_Prix_of_Europe": 0.38222222222222224,
    "2011_Speedway_Grand_Prix_of_Poland": 0.38222222222222224,
    "2011_Speedway_Grand_Prix_of_Poland_II": 0.38222222222222224,
    "2012_Speedway_Grand_Prix_of_Europe": 0.3805309734513274,
    "2012_Speedway_Grand_Prix_of_Poland": 0.3805309734513274,
    "2012_Speedway_Grand_Prix_of_Poland_II": 0.3805309734513274,
    "European_Speedway_Club_Champions'_Cup": 0.3466666666666667,
    "European_Pairs_Speedway_Championship": 0.3333333333333333,
    "Individual_Speedway_Junior_European_Championship": 0.32298136645962733,
    "British_Speedway_Under_21_Championship": 0.31901840490797545,
    "Speedway_World_Pairs_Championship": 0.31137724550898205,
    "1970_Speedway_World_Pairs_Championship": 0.31137724550898205,
    "1971_Speedway_World_Pairs_Championship": 0.31137724550898205,
    "List_of_Speedway_World_Pairs_Championship_medalists": 0.31137724550898205,
    "1985_Speedway_World_Pairs_Championship": 0.31137724550898205,
    "1986_Speedway_World_Pairs_Championship": 0.31137724550898205,
    "1987_Speedway_World_Pairs_Championship": 0.31137724550898205,
    "1988_Speedway_World_Pairs_Championship": 0.31137724550898205,
    "1989_Speedway_World_Pairs_Championship": 0.31137724550898205,
    "1990_Speedway_World_Pairs_Championship": 0.31137724550898205,
    "1991_Speedway_World_Pairs_Championship": 0.31137724550898205,
    "1992_Speedway_World_Pairs_Championship": 0.31137724550898205,
    "Individual_Speedway_Junior_World_Championship": 0.2857142857142857,
    "Latvian_Individual_Speedway_Championship": 0.2826086956521739,
    "Speedway_World_Team_Cup": 0.2639593908629442,
    "List_of_Speedway_World_Cup_medalists": 0.2639593908629442,
    "Tomasz_Gollob": 0.24444444444444444,
    "Polish_Individual_Speedway_Championship": 0.22807017543859648,
    "Speedway_World_Cup": 0.16828478964401294,
    "Individual_Speedway_European_Championship": 0.1440443213296399,
    "Speedway_World_Cup_Classification": 0.02030456852791878,
    "Ikaros_Smederna": 0.020134228187919462,
    "2009_Speedway_Grand_Prix_Qualification": 0.013333333333333334,
    "TOCA": 0.012,
    "1947_Speedway_National_League": 0.01084010840108401,
    "1948_Speedway_National_League": 0.01084010840108401,
    "1949_Speedway_National_League": 0.01084010840108401,