{
    "List_of_Formula_One_circuits": 1.0,
    "Reims-Gueux": 0.5436241610738255,
    "Aut\u00f3dromo_Jos\u00e9_Carlos_Pace": 0.37155963302752293,
    "Mugello_Circuit": 0.3446808510638298,
    "Circuit_Paul_Ricard": 0.3103448275862069,
    "Circuit_des_Nations": 0.3046875,
    "List_of_Grand_Prix_motorcycle_circuits": 0.25675675675675674,
    "Phillip_Island_Grand_Prix_Circuit": 0.2391304347826087,
    "Tour_de_France_Automobile": 0.23684210526315788,
    "Donington_Park": 0.23275862068965517,
    "List_of_Superbike_World_Championship_circuits": 0.22727272727272727,
    "Oran_Park_Raceway": 0.20945945945945946,
    "Silverstone_Circuit": 0.19239904988123516,
    "Wellington_500": 0.18791946308724833,
    "Mount_Panorama_Circuit": 0.18181818181818182,
    "World_Sportscar_Championship": 0.17307692307692307,
    "Targa_Florio": 0.14754098360655737,
    "Shanghai_International_Circuit": 0.14673913043478262,
    "Oulton_Park": 0.14358974358974358,
    "Canadian_Tire_Motorsport_Park": 0.14235500878734622,
    "Mille_Miglia": 0.14136125654450263,
    "List_of_European_Le_Mans_Series_circuits": 0.13675213675213677,
    "1976_Formula_750_season": 0.12037037037037036,
    "1977_Formula_750_season": 0.12037037037037036,
    "Mallory_Park": 0.11842105263157894,
    "Sydney_Motorsport_Park": 0.11352657004830918,
    "Mazda_Raceway_Laguna_Seca": 0.11020408163265306,
    "1000_km_Jarama": 0.0975609756097561,
    "Formula_3_Euro_Series": 0.0896551724137931,
    "Circuit_Trois-Rivi\u00e8res": 0.08710801393728224,
    "List_of_Superleague_Formula_circuits": 0.0859375,
    "List_of_A1_Grand_Prix_circuits": 0.08421052631578947,
    "Hawaiian_Super_Prix": 0.07874015748031496,
    "Rockingham_Motor_Speedway": 0.07772020725388601,
    "Lydden_Hill_Race_Circuit": 0.07746478873239436,
    "Surfers_Paradise_Street_Circuit": 0.07729468599033816,
    "Grand_Prix_of_St._Petersburg": 0.07142857142857142,
    "Sonoma_Raceway": 0.06937394247038917,
    "Deutsche_Tourenwagen_Masters": 0.0636604774535809,
    "Westwood_Motorsport_Park": 0.06349206349206349,
    "Homebush_Street_Circuit": 0.06293706293706294,
    "Barbagallo_Raceway": 0.061224489795918366,
    "Grand_Prix_of_Miami_(Indycar)": 0.058823529411764705,
    "Detroit_Belle_Isle_Grand_Prix": 0.057034220532319393,
    "Endurance_FIM_World_Championship": 0.056074766355140186,
    "Grand_Prix_of_Montreal": 0.04979253112033195,
    "Winton_Motor_Raceway": 0.049586776859504134,
    "Surfers_Paradise_International_Raceway": 0.04918032786885246,
    "Dallas_Grand_Prix": 0.04918032786885246,
    "Auto_GP_World_Series": 0.04892966360856269,
    "Grand_Prix_of_Cleveland": 0.04827586206896552,
    "List_of_Champ_Car_circuits": 0.048,
    "Hidden_Valley_Raceway": 0.04712041884816754,
    "Pikes_Peak_International_Hill_Climb": 0.044585987261146494,
    "Molson_Indy_Vancouver": 0.04177545691906005,
    "World_Touring_Car_Championship": 0.04092526690391459,
    "Short_track_motor_racing": 0.03404255319148936,
    "Lakewood_Speedway": 0.030821917808219176,
    "Pirelli_World_Challenge": 0.030456852791878174,
    "FIA_European_Formula_Three_Championship": 0.030303030303030304,
    "New_Hampshire_Motor_Speedway": 0.028846153846153848,
    "Pembrey_Circuit": 0.028368794326241134,
    "Honda_Indy_Toronto": 0.026690391459074734,
    "Texas_World_Speedway": 0.02626970227670753,
    "List_of_American_Championship_Car_winners": 0.02608695652173913,
    "Dover_International_Speedway": 0.02608695652173913,
    "Trans-Am_Series": 0.026004728132387706,
    "DuQuoin_State_Fairgrounds_Racetrack": 0.025,
    "California_State_Fairgrounds_Race_Track": 0.024657534246575342,
    "Langhorne_Speedway": 0.024657534246575342,
    "List_of_IndyCar_Series_racetracks": 0.024096385542168676,
    "Texas_Motor_Speedway": 0.023972602739726026,
    "Mexican_Grand_Prix": 0.022556390977443608,
    "Argentine_Grand_Prix": 0.022556390977443608,
    "Dutch_Grand_Prix": 0.022556390977443608,
    "Swedish_Grand_Prix": 0.022556390977443608,
    "Moroccan_Grand_Prix": 0.022556390977443608,
    "Coppa_Acerbo": 0.022556390977443608,
    "United_States_Grand_Prix": 0.022556390977443608,
    "European_Grand_Prix": 0.022556390977443608,
    "British_Grand_Prix": 0.022556390977443608,
    "Malaysian_Grand_Prix": 0.022556390977443608,
    "Chinese_Grand_Prix": 0.022556390977443608,
    "Japanese_Grand_Prix": 0.022556390977443608,
    "Hungarian_Grand_Prix": 0.022556390977443608,
    "French_Grand_Prix": 0.022556390977443608,
    "Swiss_Grand_Prix": 0.022556390977443608,
    "Belgian_Grand_Prix": 0.022556390977443608,
    "Portuguese_Grand_Prix": 0.022556390977443608,
    "Bahrain_Grand_Prix": 0.022556390977443608,
    "San_Marino_Grand_Prix": 0.022556390977443608,
    "Italian_Grand_Prix": 0.022556390977443608,
    "Spanish_Grand_Prix": 0.022556390977443608,
    "Singapore_Grand_Prix": 0.022556390977443608,
    "Austrian_Grand_Prix": 0.022556390977443608,
    "South_African_Grand_Prix": 0.022556390977443608,
    "U.S._500": 0.022388059701492536,
    "Canadian_Grand_Prix": 0.022388059701492536,
    "German_Grand_Prix": 0.022388059701492536,
    "American_Championship_car_racing": 0.02142857142857143,
    "Asheville-Weaverville_Speedway": 0.02120141342756184,
    "Nashville_Superspeedway": 0.021176470588235293,
    "Phoenix_International_Raceway": 0.020930232558139535,
    "A1_Grand_Prix": 0.020833333333333332,
    "International_Race_of_Champions": 0.02054794520547945,
    "Illinois_State_Fairgrounds_Racetrack": 0.02030456852791878,
    "Talladega_Superspeedway": 0.019736842105263157,
    "Pikes_Peak_International_Raceway": 0.019659239842726082,
    "Orange_County_Speedway": 0.0196078431372549,
    "Kentucky_Speedway": 0.01956521739130435,
    "Champ_Car_Grand_Prix_of_Road_America": 0.01910828025477707,
    "Monterey_Grand_Prix": 0.01910828025477707,
    "Can-Am": 0.01910828025477707,
    "Nikon_Indy_300": 0.01910828025477707,
    "Milwaukee_IndyFest": 0.01910828025477707,
    "XM_Satellite_Radio_Indy_200": 0.01910828025477707,
    "List_of_NASCAR_tracks": 0.01881720430107527,
    "Monaco_Grand_Prix": 0.018604651162790697,
    "Australian_Grand_Prix": 0.01858736059479554,
    "Speedway_Motorsports": 0.01702127659574468,
    "International_Speedway_Corporation": 0.016877637130801686,
    "Charlotte_Motor_Speedway": 0.01655933762649494,
    "Memphis_International_Raceway": 0.015965166908563134,
    "List_of_Indycar_races": 0.01556420233463035,
    "United_States_Auto_Club": 0.014736842105263158,
    "IMSA_GT_Championship": 0.014705882352941176,
    "1970_USAC_Championship_Car_season": 0.014388489208633094,
    "1956_USAC_Championship_Car_season": 0.014388489208633094,
    "1969_USAC_Championship_Car_season": 0.014388489208633094,
    "1962_USAC_Championship_Car_season": 0.014388489208633094,
    "1957_USAC_Championship_Car_season": 0.014388489208633094,
    "1958_USAC_Championship_Car_season": 0.014388489208633094,
    "1959_USAC_Championship_Car_season": 0.014388489208633094,
    "1960_USAC_Championship_Car_season": 0.014388489208633094,
    "1961_USAC_Championship_Car_season": 0.014388489208633094,
    "1963_USAC_Championship_Car_season": 0.014388489208633094,
    "1964_USAC_Championship_Car_season": 0.014388489208633094,
    "1965_USAC_Championship_Car_season": 0.014388489208633094,
    "1966_USAC_Championship_Car_season": 0.014388489208633094,
    "1967_USAC_Championship_Car_season": 0.014388489208633094,
    "1968_USAC_Championship_Car_season": 0.014388489208633094,
    "California_State_Route_118": 0.014354066985645933,
    "California_State_Route_1": 0.014285714285714285,
    "1971_USAC_Championship_Car_season": 0.014134275618374558,
    "1972_USAC_Championship_Car_season": 0.014134275618374558,
    "1973_USAC_Championship_Car_season": 0.014134275618374558,
    "1974_USAC_Championship_Car_season": 0.014134275618374558,
    "1975_USAC_Championship_Car_season": 0.014134275618374558,
    "1976_USAC_Championship_Car_season": 0.014134275618374558,