{
    "2009\u201310_FIS_Cross-Country_World_Cup": 1.0,
    "List_of_FIS_Cross-Country_World_Cup_champions": 0.8170731707317073,
    "1994\u201395_FIS_Cross-Country_World_Cup": 0.7311827956989247,
    "2007\u201308_FIS_Cross-Country_World_Cup": 0.7157894736842105,
    "1999\u20132000_FIS_Cross-Country_World_Cup": 0.7157894736842105,
    "2005\u201306_FIS_Cross-Country_World_Cup": 0.7157894736842105,
    "2006\u201307_FIS_Cross-Country_World_Cup": 0.7157894736842105,
    "2008\u201309_FIS_Cross-Country_World_Cup": 0.7083333333333334,
    "2010\u201311_FIS_Cross-Country_World_Cup": 0.7010309278350515,
    "2012\u201313_FIS_Cross-Country_World_Cup": 0.7010309278350515,
    "2011\u201312_FIS_Cross-Country_World_Cup": 0.6938775510204082,
    "Tour_de_Ski": 0.2875536480686695,
    "2009\u201310_FIS_Nordic_Combined_World_Cup": 0.1487603305785124,
    "2009\u201310_Skeleton_World_Cup": 0.13559322033898305,
    "2009\u201310_Bobsleigh_World_Cup": 0.13333333333333333,
    "2009\u201310_ISU_Speed_Skating_World_Cup": 0.1322314049586777,
    "2009\u201310_Luge_World_Cup": 0.12598425196850394,
    "2009\u201310_Biathlon_World_Cup": 0.12598425196850394,
    "2009\u201310_curling_season": 0.09523809523809523,
    "2009\u201310_FIS_Ski_Jumping_World_Cup": 0.09326424870466321,
    "2009\u201310_ISU_Grand_Prix_of_Figure_Skating": 0.08333333333333333,
    "2007\u201308_FIS_Nordic_Combined_World_Cup": 0.03759398496240601,
    "2008\u201309_FIS_Nordic_Combined_World_Cup": 0.03731343283582089,
    "2010\u201311_FIS_Nordic_Combined_World_Cup": 0.037037037037037035,
    "2012\u201313_FIS_Nordic_Combined_World_Cup": 0.037037037037037035,
    "2013\u201314_FIS_Nordic_Combined_World_Cup": 0.037037037037037035,
    "2011\u201312_FIS_Nordic_Combined_World_Cup": 0.03676470588235294,
    "2012\u201313_FIS_Snowboard_World_Cup": 0.032520325203252036,
    "2008\u201309_FIS_Ski_Jumping_World_Cup": 0.02926829268292683,
    "2005\u201306_FIS_Ski_Jumping_World_Cup": 0.02926829268292683,
    "2004\u201305_FIS_Ski_Jumping_World_Cup": 0.02926829268292683,
    "2010\u201311_FIS_Ski_Jumping_World_Cup": 0.02912621359223301,
    "2012\u201313_FIS_Ski_Jumping_World_Cup": 0.02912621359223301,
    "2013\u201314_FIS_Ski_Jumping_World_Cup": 0.02912621359223301,
    "2011\u201312_FIS_Ski_Jumping_World_Cup": 0.028985507246376812,
    "2003\u201304_FIS_Ski_Jumping_World_Cup": 0.028409090909090908,
    "2006\u201307_FIS_Ski_Jumping_World_Cup": 0.024691358024691357,
    "2007\u201308_FIS_Ski_Jumping_World_Cup": 0.024489795918367346,
    "2007\u201308_Skeleton_World_Cup": 0.023076923076923078,
    "2008\u201309_Skeleton_World_Cup": 0.022900763358778626,
    "2007\u201308_Bobsleigh_World_Cup": 0.022727272727272728,
    "2010\u201311_Skeleton_World_Cup": 0.022727272727272728,
    "2012\u201313_Skeleton_World_Cup": 0.022727272727272728,
    "2007\u201308_ISU_Speed_Skating_World_Cup": 0.022556390977443608,
    "2008\u201309_Bobsleigh_World_Cup": 0.022556390977443608,
    "2011\u201312_Skeleton_World_Cup": 0.022556390977443608,
    "2008\u201309_ISU_Speed_Skating_World_Cup": 0.022388059701492536,
    "2010\u201311_Bobsleigh_World_Cup": 0.022388059701492536,
    "2012\u201313_Bobsleigh_World_Cup": 0.022388059701492536,
    "2010\u201311_ISU_Speed_Skating_World_Cup": 0.022222222222222223,
    "2011\u201312_Bobsleigh_World_Cup": 0.022222222222222223,
    "2012\u201313_ISU_Speed_Skating_World_Cup": 0.022222222222222223,
    "2013\u201314_ISU_Speed_Skating_World_Cup": 0.022222222222222223,
    "2011\u201312_ISU_Speed_Skating_World_Cup": 0.022058823529411766,
    "2007\u201308_Luge_World_Cup": 0.02158273381294964,
    "2007\u201308_Biathlon_World_Cup": 0.02158273381294964,
    "2005\u201306_Biathlon_World_Cup": 0.02158273381294964,
    "2004\u201305_Biathlon_World_Cup": 0.02158273381294964,
    "2006\u201307_Luge_World_Cup": 0.02158273381294964,
    "2006\u201307_Biathlon_World_Cup": 0.02158273381294964,
    "2008\u201309_Luge_World_Cup": 0.02142857142857143,
    "2010\u201311_Biathlon_World_Cup": 0.02127659574468085,
    "2010\u201311_Luge_World_Cup": 0.02127659574468085,
    "2012\u201313_Biathlon_World_Cup": 0.02127659574468085,
    "2012\u201313_Luge_World_Cup": 0.02127659574468085,
    "2013\u201314_Biathlon_World_Cup": 0.02127659574468085,
    "2011\u201312_Luge_World_Cup": 0.02112676056338028,
    "2006\u201307_curling_season": 0.021052631578947368,
    "2007\u201308_curling_season": 0.021052631578947368,
    "2005\u201306_curling_season": 0.021052631578947368,
    "2008\u201309_curling_season": 0.020833333333333332,
    "2012\u201313_ISU_Short_Track_Speed_Skating_World_Cup": 0.020134228187919462,
    "2002_Alpine_Skiing_World_Cup": 0.019230769230769232,
    "2006_Alpine_Skiing_World_Cup": 0.019230769230769232,
    "2001_Alpine_Skiing_World_Cup": 0.01910828025477707,
    "1999_Alpine_Skiing_World_Cup": 0.01910828025477707,
    "FIS_Nordic_Combined_World_Cup": 0.017241379310344827,
    "FIS_Ski_Jumping_World_Cup": 0.01644736842105263,
    "Cross-country_skiing_at_the_1992_Winter_Olympics": 0.016260162601626018,
    "Cross-country_skiing_at_the_2010_Winter_Olympics": 0.016129032258064516,
    "Cross-country_skiing_at_the_2006_Winter_Olympics": 0.016129032258064516,
    "Cross-country_skiing_at_the_2002_Winter_Olympics": 0.016129032258064516,
    "List_of_FIS_Ski-Flying_World_Cup_winners": 0.015822784810126583,
    "2007\u201308_ISU_Grand_Prix_of_Figure_Skating": 0.015789473684210527,
    "2006\u201307_ISU_Grand_Prix_of_Figure_Skating": 0.015625,
    "2012\u201313_ISU_Grand_Prix_of_Figure_Skating": 0.015544041450777202,
    "2008\u201309_ISU_Grand_Prix_of_Figure_Skating": 0.015,
    "2010\u201311_ISU_Grand_Prix_of_Figure_Skating": 0.015,
    "2013\u201314_ISU_Grand_Prix_of_Figure_Skating": 0.015,
    "2011\u201312_ISU_Grand_Prix_of_Figure_Skating": 0.014634146341463415,
    "2010\u201311_curling_season": 0.014563106796116505,
    "2007\u201308_Tour_de_Ski": 0.014388489208633094,
    "2008\u201309_Tour_de_Ski": 0.014388489208633094,
    "2006\u201307_Tour_de_Ski": 0.014388489208633094,
    "FIS_Freestyle_Skiing_World_Cup": 0.012711864406779662,
    "FIS_Ski_Cross_World_Cup": 0.012658227848101266,
    "Cross-country_skiing_at_the_2006_Winter_Olympics_\u2013_Men's_sprint": 0.010101010101010102,
    "Cross-country_skiing_at_the_2010_Winter_Olympics_\u2013_Men's_sprint": 0.010101010101010102
}