{
    "List_of_radio_stations_in_Nunavut": 1.0,
    "List_of_campus_radio_stations_in_Canada": 0.6071428571428571,
    "List_of_radio_stations_in_Northwest_Territories": 0.5277777777777778,
    "List_of_radio_stations_in_Yukon": 0.5128205128205128,
    "List_of_radio_stations_in_Prince_Edward_Island": 0.43902439024390244,
    "List_of_radio_stations_in_Manitoba": 0.2,
    "List_of_radio_stations_in_New_Brunswick": 0.17757009345794392,
    "List_of_radio_stations_in_Saskatchewan": 0.15833333333333333,
    "List_of_radio_stations_in_Newfoundland_and_Labrador": 0.1484375,
    "List_of_radio_stations_in_Nova_Scotia": 0.14782608695652175,
    "List_of_radio_stations_in_Alberta": 0.10857142857142857,
    "CKRW-FM": 0.10256410256410256,
    "CHON-FM": 0.10256410256410256,
    "List_of_radio_stations_in_British_Columbia": 0.07194244604316546,
    "CFWH-FM": 0.06382978723404255,
    "CFYK_(AM)": 0.054945054945054944,
    "CBU-FM": 0.053691275167785234,
    "CBCV-FM": 0.05309734513274336,
    "KCZO": 0.05,
    "Japan_Radio_Network": 0.047619047619047616,
    "National_Radio_Network_(Japan)": 0.047619047619047616,
    "List_of_radio_stations_in_Quebec": 0.047619047619047616,
    "CBVE-FM": 0.04504504504504504,
    "CBUF-FM": 0.037037037037037035,
    "WXHL-FM": 0.03571428571428571,
    "CBCS-FM": 0.035398230088495575,
    "CBKA-FM": 0.03529411764705882,
    "CBWK-FM": 0.03529411764705882,
    "CHAK_(AM)": 0.03529411764705882,
    "CBYG-FM": 0.03389830508474576,
    "CFPR": 0.03389830508474576,
    "CBX_(AM)": 0.03333333333333333,
    "CBYK-FM": 0.03305785123966942,
    "CBLA-FM": 0.03208556149732621,
    "List_of_radio_stations_in_Ontario": 0.030120481927710843,
    "CBQT-FM": 0.029411764705882353,
    "KNLB": 0.028169014084507043,
    "Media_in_Ottawa-Gatineau": 0.028089887640449437,
    "CBTK-FM": 0.0273972602739726,
    "CBR_(AM)": 0.02575107296137339,
    "Nunavut_general_election,_1999": 0.02564102564102564,
    "CBAF-FM-5": 0.024154589371980676,
    "KJEE": 0.024096385542168676,
    "VOAR_(AM)": 0.022857142857142857,
    "List_of_radio_stations_in_Aguascalientes": 0.022727272727272728,
    "CBK_(AM)": 0.022321428571428572,
    "List_of_defunct_CBC_radio_transmitters_in_Canada": 0.022222222222222223,
    "CBSI-FM": 0.02142857142857143,
    "Japan_FM_Network": 0.02127659574468085,
    "Radio_Canada_International": 0.02127659574468085,
    "WJFM": 0.020202020202020204,
    "KWDM": 0.0196078431372549,
    "CBON-FM": 0.019230769230769232,
    "KMOZ-FM": 0.018691588785046728,
    "Taqramiut_Nipingat": 0.01818181818181818,
    "CHFA_(AM)": 0.017857142857142856,
    "Media_in_Topeka,_Kansas": 0.017857142857142856,
    "CKUA_Radio_Network": 0.01775147928994083,
    "Ontario_Scotties_Tournament_of_Hearts": 0.017543859649122806,
    "Manitoba_Scotties_Tournament_of_Hearts": 0.017543859649122806,
    "British_Columbia_Scotties_Tournament_of_Hearts": 0.017543859649122806,
    "Nova_Scotia_Scotties_Tournament_of_Hearts": 0.017543859649122806,
    "Saskatchewan_Scotties_Tournament_of_Hearts": 0.017543859649122806,
    "Alberta_Scotties_Tournament_of_Hearts": 0.017543859649122806,
    "Prince_Edward_Island_Scotties_Tournament_of_Hearts": 0.017543859649122806,
    "Geography_of_Nunavut": 0.017241379310344827,
    "WNGN_(FM)": 0.017094017094017096,
    "Yellowknife": 0.01694915254237288,
    "The_Dominion_Tankard": 0.01694915254237288,
    "Boston_Pizza_Cup": 0.01694915254237288,
    "SaskTel_Tankard": 0.01694915254237288,
    "Canadian_Direct_Insurance_BC_Men's_Curling_Championship": 0.01694915254237288,
    "Molson_Coors_Tankard": 0.01694915254237288,
    "KUNC": 0.01694915254237288,
    "KUSU-FM": 0.01680672268907563,
    "KJTH": 0.01652892561983471,
    "WLIR": 0.01639344262295082,
    "KWTW": 0.016129032258064516,
    "C_Music_TV": 0.016,
    "WRTP": 0.016,
    "KLYT": 0.015748031496062992,
    "RCN_Radio": 0.015625,
    "WJRF": 0.015503875968992248,
    "CFWE-FM": 0.015384615384615385,
    "CISN-FM": 0.015384615384615385,
    "List_of_radio_stations_in_Distrito_Federal": 0.014814814814814815,
    "List_of_Nova_Scotia_Opposition_Leaders": 0.014705882352941176,
    "Media_in_Columbus,_Georgia": 0.014705882352941176,
    "61st_General_Assembly_of_Nova_Scotia": 0.014705882352941176,
    "62nd_General_Assembly_of_Nova_Scotia": 0.014705882352941176,
    "60th_General_Assembly_of_Nova_Scotia": 0.014705882352941176,
    "Media_in_Manhattan,_Kansas": 0.014388489208633094,
    "List_of_Canadian_provinces_and_territories_by_area": 0.014285714285714285,
    "List_of_Canadian_provinces_and_territories_by_population_growth_rate": 0.014285714285714285,
    "Human_Events": 0.013986013986013986,
    "L_band": 0.0136986301369863,
    "S_band": 0.0136986301369863,
    "KFRC_(defunct)": 0.013605442176870748,
    "List_of_radio_stations_in_Washington,_D.C.": 0.013513513513513514,
    "List_of_radio_stations_in_Baja_California": 0.013422818791946308,
    "KSOP-FM": 0.013422818791946308,
    "Nunavut_general_election,_2004": 0.013333333333333334,
    "CIAM-FM": 0.013157894736842105,
    "KBHW": 0.01282051282051282,
    "Media_in_Portland,_Oregon": 0.01282051282051282,
    "Espace_musique": 0.01282051282051282,
    "WFRN-FM": 0.012578616352201259,
    "List_of_Nova_Scotia_General_Assemblies": 0.012195121951219513,
    "List_of_radio_stations_in_Tamaulipas": 0.012121212121212121,
    "List_of_communities_in_Nunavut": 0.012121212121212121,
    "Media_in_Dodge_City,_Kansas": 0.012121212121212121,
    "Media_in_Garden_City,_Kansas": 0.012121212121212121,
    "Media_in_Hays,_Kansas": 0.011976047904191617,
    "Media_in_Great_Bend,_Kansas": 0.011976047904191617,
    "KHCB-FM": 0.011976047904191617,
    "List_of_Canadian_provincial_and_territorial_symbols": 0.011764705882352941,
    "WRVM": 0.011627906976744186,
    "List_of_premiers_of_Nova_Scotia": 0.011627906976744186,
    "Executive_Council_of_Nova_Scotia": 0.011627906976744186,
    "CKWT-FM": 0.011494252873563218,
    "WCCV_(FM)": 0.011363636363636364,
    "Media_in_Vancouver": 0.011152416356877323,
    "List_of_protected_areas_of_Nunavut": 0.011111111111111112,
    "WLFJ-FM": 0.010752688172043012,
    "CBC_Radio_One": 0.010752688172043012,
    "Northern_Ontario": 0.010582010582010581,
    "Media_in_Salina,_Kansas": 0.010582010582010581,
    "Western_International_Communications": 0.010362694300518135,
    "Aboriginal_Peoples_Television_Network": 0.010101010101010102,
    "KMRO": 0.010050251256281407
}