{
    "2011_CFL_season": 1.0,
    "2010_CFL_season": 0.8742138364779874,
    "2012_CFL_season": 0.8742138364779874,
    "2013_CFL_season": 0.8742138364779874,
    "1960_CFL_season": 0.86875,
    "Ontario_Rugby_Football_Union": 0.5604838709677419,
    "Canadian_Football_League": 0.38935574229691877,
    "2011_CFL_Draft": 0.047619047619047616,
    "2011_Montreal_Alouettes_season": 0.039711191335740074,
    "2011_Edmonton_Eskimos_season": 0.037800687285223365,
    "2011_Toronto_Argonauts_season": 0.03582089552238806,
    "1995_Birmingham_Barracudas_season": 0.016129032258064516,
    "1995_Memphis_Mad_Dogs_season": 0.016042780748663103,
    "1995_Shreveport_Pirates_season": 0.016042780748663103
}