{
    "K_League_Top_Assistor_Award": 1.0,
    "K_League_Championship": 0.5796178343949044,
    "K_League_Top_Scorer_Award": 0.56,
    "Jeju_United_FC": 0.4540540540540541,
    "Piyapong_Pue-on": 0.4438202247191011,
    "Pusan_Daewoo_Royals": 0.4375,
    "Busan_IPark": 0.4375,
    "FC_Seoul": 0.417910447761194,
    "List_of_K_League_40-40_club_members": 0.40444444444444444,
    "List_of_K_League_30-30_club_members": 0.40444444444444444,
    "List_of_K_League_20-20_club_members": 0.40444444444444444,
    "K_League": 0.40444444444444444,
    "K_League_Classic": 0.36254980079681276,
    "Pohang_Steelers": 0.336,
    "1983_K_League": 0.3248407643312102,
    "1984_K_League": 0.3248407643312102,
    "1985_K_League": 0.3248407643312102,
    "1986_K_League": 0.3248407643312102,
    "1987_K_League": 0.3248407643312102,
    "1997_K_League": 0.3248407643312102,
    "2001_K_League": 0.3248407643312102,
    "2002_K_League": 0.3248407643312102,
    "2003_K_League": 0.3248407643312102,
    "1998_K_League": 0.3248407643312102,
    "1999_K_League": 0.3248407643312102,
    "2000_K_League": 0.3248407643312102,
    "K_League_Manager_of_the_Year_Award": 0.32338308457711445,
    "Sangju_Sangmu_FC": 0.31788079470198677,
    "Ulsan_Hyundai_FC": 0.31343283582089554,
    "Daejeon_Citizen_FC": 0.31125827814569534,
    "Chungju_Hummel_FC": 0.3087248322147651,
    "K_League_Young_Player_Award": 0.3065326633165829,
    "Chunnam_Dragons": 0.3006535947712418,
    "R_League": 0.2987012987012987,
    "2005_K_League": 0.29651162790697677,
    "Daegu_FC": 0.2948717948717949,
    "2006_K_League": 0.29310344827586204,
    "Seongnam_Ilhwa_Chunma": 0.27722772277227725,
    "2013_K_League_Challenge": 0.2602040816326531,
    "Suwon_Samsung_Bluewings": 0.25846153846153846,
    "List_of_K_League_champions": 0.25555555555555554,
    "List_of_South_Korean_football_champions": 0.25555555555555554,
    "Koo_Ja-Cheol": 0.2532467532467532,
    "2007_K_League": 0.22869955156950672,
    "K_League_MVP_Award": 0.2236024844720497,
    "2008_K_League": 0.2217391304347826,
    "Lee_Chun-Soo": 0.21108179419525067,
    "Jeonbuk_Hyundai_Motors": 0.20638820638820637,
    "2004_K_League": 0.1946564885496183,
    "Lee_Dong-Gook": 0.17965367965367965,
    "Korean_League_Cup": 0.1776061776061776,
    "2009_K_League": 0.17,
    "Chung_Hae-Won": 0.1697530864197531,
    "Yoo_Sang-Chul": 0.1651376146788991,
    "2010_K_League": 0.15294117647058825,
    "Kim_Do-Hoon": 0.1425,
    "2011_K_League": 0.1345646437994723,
    "2012_K_League": 0.12846347607052896,
    "2013_K_League_Classic": 0.1234866828087167,
    "Kim_Do-Heon": 0.08823529411764706,
    "Ahn_Jung-Hwan": 0.08614232209737828,
    "Kim_Joo-Sung": 0.07,
    "Lee_Keun-Ho": 0.0696969696969697,
    "Cho_Kwang-Rae": 0.06006006006006006,
    "Choi_Yong-Soo": 0.05921052631578947,
    "Park_Chu-Young": 0.05698005698005698,
    "Park_Sung-Wha": 0.05668934240362812,
    "2005_FC_Seoul_season": 0.05365853658536585,
    "2006_FC_Seoul_season": 0.05339805825242718,
    "2008_FC_Seoul_season": 0.05314009661835749,
    "2004_FC_Seoul_season": 0.05263157894736842,
    "2007_FC_Seoul_season": 0.05263157894736842,
    "1984\u20131990_FC_Seoul_(Lucky-Goldstar_Hwangso)_seasons": 0.05263157894736842,
    "List_of_FC_Seoul_records_and_statistics": 0.05263157894736842,
    "FC_Seoul_award_winners": 0.05263157894736842,
    "FC_Seoul_Reserves_and_Academy": 0.05263157894736842,
    "List_of_FC_Seoul_managers": 0.05263157894736842,
    "2013_FC_Seoul_season": 0.05263157894736842,
    "2009_FC_Seoul_season": 0.05188679245283019,
    "2010_Jeonbuk_Hyundai_Motors_season": 0.05154639175257732,
    "Jeonbuk_Hyundai_Motors_in_Asian_football": 0.05084745762711865,
    "Super_Match": 0.04929577464788732,
    "FC_Seoul_in_Asian_football": 0.049019607843137254,
    "Hong_Myung-Bo": 0.04576271186440678,
    "2010_FC_Seoul_season": 0.045454545454545456,
    "2011_Jeonbuk_Hyundai_Motors_season": 0.043689320388349516,
    "2012_Jeonbuk_Hyundai_Motors_season": 0.04285714285714286,
    "2011_FC_Seoul_season": 0.042735042735042736,
    "Hwang_Sun-Hong": 0.0425531914893617,
    "2012_FC_Seoul_season": 0.04219409282700422,
    "Cha_Bum-Kun": 0.03980099502487562,
    "Donghaean_derby": 0.036885245901639344,
    "Seo_Jung-Won": 0.036585365853658534,
    "Huh_Jung-Moo": 0.03519061583577713,
    "Korean_President's_Cup_National_Football_Tournament": 0.03333333333333333,
    "Korean_National_Semi-Professional_Football_League": 0.03333333333333333,
    "2010_Seongnam_Ilhwa_Chunma_season": 0.03286384976525822,
    "Magyedaejeon": 0.03272727272727273,
    "Korea_National_League": 0.03255813953488372,
    "Choi_Soon-Ho": 0.030716723549488054,
    "Korea_National_League_Championship": 0.030612244897959183,
    "Seongnam_Ilhwa_Chunma_in_Asian_football": 0.030612244897959183,
    "South_Korea_at_the_FIFA_World_Cup": 0.029885057471264367,
    "Pakhtakor_FK_(Tashkent)": 0.029069767441860465,
    "Lee_Tae-Ho": 0.028938906752411574,
    "K_League_Players'_Player_of_the_Year": 0.027586206896551724,
    "Ulsan_Hyundai_in_Asian_football": 0.02717391304347826,
    "2011_Seongnam_Ilhwa_Chunma_season": 0.02666666666666667,
    "2012_Seongnam_Ilhwa_Chunma_season": 0.026200873362445413,
    "Korean_National_Football_Championship": 0.025974025974025976,
    "List_of_Korean_FA_Cup_winners": 0.025974025974025976,
    "2008_Pohang_Steelers_season": 0.025906735751295335,
    "2010_in_South_Korean_football": 0.02564102564102564,
    "2007_Pohang_Steelers_season": 0.025510204081632654,
    "Choi_In-Young": 0.025510204081632654,
    "Kim_Byung-Ji": 0.025423728813559324,
    "2009_Pohang_Steelers_season": 0.02512562814070352,
    "2008_U-League": 0.025089605734767026,
    "Ha_Seok-Ju": 0.02459016393442623,
    "2010_Pohang_Steelers_season": 0.02403846153846154,
    "2010_U-League": 0.023890784982935155,
    "Kim_Yong-Dae": 0.023622047244094488,
    "2011_Ulsan_Hyundai_FC_season": 0.023474178403755867,
    "2012_Ulsan_Hyundai_FC_season": 0.023148148148148147,
    "Jung_Sung-Ryong": 0.021739130434782608,
    "2007_in_South_Korean_football": 0.021739130434782608,
    "Korean_FA_Cup": 0.021505376344086023,
    "Korean_FA_Cup_MVP_Award": 0.021505376344086023,
    "Korean_FA_Cup_Top_Scorer_Award": 0.021505376344086023,
    "2012_AFC_Annual_Awards": 0.021505376344086023,
    "South_Korea_national_under-23_football_team": 0.021367521367521368,
    "List_of_football_stadiums_in_South_Korea": 0.02120141342756184,
    "Pohang_Steelers_in_Asian_football": 0.020942408376963352,
    "2013_Gangwon_FC_season": 0.020618556701030927,
    "Park_Ji-Sung": 0.020527859237536656,
    "2011_Sangju_Sangmu_Phoenix_season": 0.020512820512820513,
    "2013_Incheon_United_FC_season": 0.020512820512820513,
    "2010_Jeju_United_FC_season": 0.02040816326530612,
    "2012_Sangju_Sangmu_Phoenix_season": 0.020202020202020204,
    "2010_Busan_I'Park_season": 0.020100502512562814,
    "2011_U-League": 0.019736842105263157,
    "Guangzhou_Evergrande_F.C.": 0.01892744479495268,
    "South_Korea_national_under-20_football_team": 0.018575851393188854,
    "South_Korea_national_under-17_football_team": 0.018518518518518517,
    "2011_Pohang_Steelers_season": 0.01809954751131222,
    "1983_Daewoo_Royals_season": 0.017964071856287425,
    "1984_Daewoo_Royals_season": 0.017964071856287425,
    "2012_Pohang_Steelers_season": 0.017937219730941704,
    "2010_Suwon_Samsung_Bluewings_season": 0.017699115044247787,
    "Korea_Football_Association": 0.01764705882352941,
    "South_Korea_at_the_AFC_Asian_Cup": 0.017391304347826087,
    "Al_Sadd_SC": 0.017094017094017096,
    "2009_Gangwon_FC_season": 0.016853932584269662,
    "Busan_IPark_in_Asian_football": 0.016574585635359115,
    "Kim_Jin-kyu": 0.01646090534979424,
    "Kim_Poong-Joo": 0.016304347826086956,
    "2010_Gangwon_FC_season": 0.016042780748663103,
    "South_Korea_national_football_team": 0.015625,
    "List_of_South_Korea_national_football_team_managers": 0.015625,