{
    "List_of_Pan_American_Games": 1.0,
    "Pan_American_Games": 1.0,
    "Parapan_American_Games": 0.6634615384615384,
    "Bolivarian_Games": 0.6571428571428571,
    "South_American_Games": 0.6344827586206897,
    "Thailand_National_Youth_Games": 0.5678391959798995,
    "Black_Sea_Games": 0.5678391959798995,
    "2007_Black_Sea_Games": 0.5678391959798995,
    "Palarong_Pambansa": 0.5678391959798995,
    "National_Games_of_Colombia": 0.5678391959798995,
    "List_of_multi-sport_events": 0.5678391959798995,
    "List_of_SELL_Student_Games_records_in_athletics": 0.5678391959798995,
    "Vietnam_National_Games": 0.5678391959798995,
    "International_Children's_Games": 0.5678391959798995,
    "Thailand_National_Games": 0.5678391959798995,
    "EuroGames_(LGBT_sporting_event)": 0.5678391959798995,
    "West_Asian_Games": 0.5618811881188119,
    "Women's_Islamic_Games": 0.5607940446650124,
    "Central_Asian_Games": 0.5591133004926109,
    "International_Workers'_Olympiads": 0.5566502463054187,
    "Asian_Beach_Games": 0.5523114355231143,
    "Gay_Games": 0.5498783454987834,
    "Union_of_Arab_National_Olympic_Committees": 0.5498783454987834,
    "World_Interuniversity_Games": 0.5445783132530121,
    "Sukma_Games": 0.5432692307692307,
    "Pekan_Olahraga_Nasional": 0.5355450236966824,
    "Gymnasiade": 0.5342789598108747,
    "State_Games_of_America_2007": 0.5305164319248826,
    "Islamic_Solidarity_Games": 0.5280373831775701,
    "Asian_Winter_Games": 0.5230414746543779,
    "Island_Games": 0.518348623853211,
    "South_Asian_Games": 0.5159090909090909,
    "Pacific_Games": 0.5121412803532008,
    "Asian_Youth_Games": 0.4924078091106291,
    "ASEAN_ParaGames": 0.48812095032397407,
    "ASEAN_University_Games": 0.4829059829059829,
    "Pan_Arab_Games": 0.47983014861995754,
    "Games_of_the_Small_States_of_Europe": 0.46421267893660534,
    "Mediterranean_Games": 0.437137330754352,
    "East_Asian_Games": 0.4227188081936685,
    "Asian_Games": 0.42028985507246375,
    "Arctic_Winter_Games": 0.4124087591240876,
    "Friendship_Games": 0.3985890652557319,
    "Southeast_Asian_Games": 0.3913793103448276,
    "World_Masters_Games": 0.3876500857632933,
    "All-Africa_Games": 0.3670886075949367,
    "Western_Canada_Summer_Games": 0.3630573248407643,
    "Quebec_Games": 0.3630573248407643,
    "Commonwealth_Games": 0.35257410296411856,
    "Military_World_Games": 0.35038759689922483,
    "Deaflympics": 0.34294385432473445,
    "Winter_Paralympic_Games": 0.3413897280966767,
    "Summer_Paralympic_Games": 0.33630952380952384,
    "Universiade": 0.3223965763195435,
    "World_Mind_Sports_Games": 0.31129476584022037,
    "World_Games": 0.30294906166219837,
    "Youth_Olympic_Games": 0.2931258106355383,
    "FEI_World_Equestrian_Games": 0.24835164835164836,
    "Highland_games": 0.23037716615698267,
    "Pan_American_Games_sports": 0.20100502512562815,
    "Pan_American_Sports_Organization": 0.165,
    "ODESUR": 0.14047619047619048,
    "Winter_Olympic_Games": 0.12465526751241036,
    "Asian_Indoor_Games": 0.12452002194185409,
    "Summer_Olympic_Games": 0.12342981977061715,
    "Triathlon_at_the_Pan_American_Games": 0.12098765432098765,
    "Diving_at_the_Pan_American_Games": 0.11778846153846154,
    "Fencing_at_the_Pan_American_Games": 0.11395348837209303,
    "Racquetball_at_the_Pan_American_Games": 0.11283185840707964,
    "United_States_Olympic_Committee": 0.11045364891518737,
    "Boxing_at_the_Pan_American_Games": 0.10816777041942605,
    "Suriname_at_the_Pan_American_Games": 0.10757946210268948,
    "Belize_at_the_Pan_American_Games": 0.1073170731707317,
    "Cayman_Islands_at_the_Pan_American_Games": 0.1070559610705596,
    "Virgin_Islands_at_the_Pan_American_Games": 0.1070559610705596,
    "Antigua_and_Barbuda_at_the_Pan_American_Games": 0.10679611650485436,
    "British_Virgin_Islands_at_the_Pan_American_Games": 0.10653753026634383,
    "Nicaragua_at_the_Pan_American_Games": 0.10653753026634383,
    "Haiti_at_the_Pan_American_Games": 0.10628019323671498,
    "Guyana_at_the_Pan_American_Games": 0.10628019323671498,
    "Honduras_at_the_Pan_American_Games": 0.10602409638554217,
    "Panama_at_the_Pan_American_Games": 0.10602409638554217,
    "Swimming_at_the_Pan_American_Games": 0.10583153347732181,
    "Bermuda_at_the_Pan_American_Games": 0.10551558752997602,
    "El_Salvador_at_the_Pan_American_Games": 0.10551558752997602,
    "Guatemala_at_the_Pan_American_Games": 0.10526315789473684,
    "Ecuador_at_the_Pan_American_Games": 0.10476190476190476,
    "Barbados_at_the_Pan_American_Games": 0.10476190476190476,
    "Bolivia_at_the_Pan_American_Games": 0.10476190476190476,
    "Squash_at_the_Pan_American_Games": 0.1047008547008547,
    "Table_tennis_at_the_Pan_American_Games": 0.1044776119402985,
    "Bahamas_at_the_Pan_American_Games": 0.10426540284360189,
    "Costa_Rica_at_the_Pan_American_Games": 0.10401891252955082,
    "Dominican_Republic_at_the_Pan_American_Games": 0.102803738317757,
    "Jamaica_at_the_Pan_American_Games": 0.102803738317757,
    "Trinidad_and_Tobago_at_the_Pan_American_Games": 0.102803738317757,
    "Bowling_at_the_Pan_American_Games": 0.10251046025104603,
    "Archery_at_the_Pan_American_Games": 0.10251046025104603,
    "Puerto_Rico_at_the_Pan_American_Games": 0.10208816705336426,
    "Peru_at_the_Pan_American_Games": 0.10185185185185185,
    "Cuba_at_the_Pan_American_Games": 0.10138248847926268,
    "Uruguay_at_the_Pan_American_Games": 0.10114942528735632,
    "Chile_at_the_Pan_American_Games": 0.09954751131221719,
    "Colombia_at_the_Pan_American_Games": 0.09932279909706546,
    "Venezuela_at_the_Pan_American_Games": 0.0990990990990991,
    "Tennis_at_the_Pan_American_Games": 0.09898989898989899,
    "Aruba_at_the_Pan_American_Games": 0.09606986899563319,
    "Mexico_at_the_Pan_American_Games": 0.09462365591397849,
    "Argentina_at_the_Pan_American_Games": 0.09361702127659574,
    "Equestrian_at_the_Pan_American_Games": 0.09245283018867924,
    "Gymnastics_at_the_Pan_American_Games": 0.09210526315789473,
    "Cycling_at_the_Pan_American_Games": 0.0912280701754386,
    "Athletics_at_the_Pan_American_Games": 0.08741258741258741,
    "Brazil_at_the_Pan_American_Games": 0.08477842003853564,
    "Badminton_at_the_Pan_American_Games": 0.08090614886731391,
    "All-time_Pan_American_Games_medal_table": 0.07600950118764846,
    "2015_Pan_American_Games": 0.07256235827664399,
    "Canada_at_the_Pan_American_Games": 0.07069219440353461,
    "United_States_at_the_Pan_American_Games": 0.06832298136645963,
    "2007_Pan_American_Games": 0.06652806652806653,
    "2011_Pan_American_Games": 0.06611570247933884,
    "Olympic_Council_of_Asia": 0.05084745762711865,
    "2003_Afro-Asian_Games": 0.043373493975903614,
    "Asian_Martial_Arts_Games": 0.0364963503649635,
    "2013_Asian_Youth_Games": 0.03398058252427184,
    "South_Korea_at_the_2013_Asian_Youth_Games": 0.03398058252427184,
    "2002_West_Asian_Games": 0.03263403263403263,
    "2005_Asian_Indoor_Games": 0.03253796095444685,
    "1997_West_Asian_Games": 0.032407407407407406,
    "2005_West_Asian_Games": 0.032407407407407406,
    "2013_Asian_Indoor_and_Martial_Arts_Games": 0.031982942430703626,
    "Guadalajara": 0.031914893617021274,
    "2007_Asian_Indoor_Games": 0.031315240083507306,
    "2009_Asian_Indoor_Games": 0.031055900621118012,
    "2009_Asian_Youth_Games": 0.029978586723768737,
    "2012_Asian_Beach_Games": 0.029787234042553193,
    "2010_Asian_Beach_Games": 0.029723991507430998,
    "2008_Asian_Beach_Games": 0.02959830866807611,
    "Oceania_National_Olympic_Committees": 0.02891566265060241,
    "European_Olympic_Committees": 0.0262582056892779,
    "Association_of_National_Olympic_Committees_of_Africa": 0.025684931506849314,
    "1954_Asian_Games": 0.021551724137931036,
    "List_of_Asian_Games_mascots": 0.020737327188940093,
    "List_of_participating_nations_at_the_Asian_Games": 0.020737327188940093,
    "Doping_at_the_Olympic_Games": 0.02033271719038817,