{
    "Vizier_(Ancient_Egypt)": 1.0,
    "Monarch": 0.25,
    "Superintendent_(education)": 0.2,
    "Royal_and_noble_ranks": 0.2,
    "Generalissimo": 0.14285714285714285,
    "Great_Royal_Wife": 0.14285714285714285,
    "List_of_leaders_of_North_Korea": 0.125,
    "Queen_regnant": 0.125,
    "Deputy_(legislator)": 0.1111111111111111,
    "Shirvanshah": 0.1111111111111111,
    "Count": 0.1111111111111111,
    "Prime_minister": 0.1111111111111111,
    "Paramount_leader": 0.1111111111111111,
    "Speaker_(politics)": 0.1,
    "Despot_(court_title)": 0.09090909090909091,
    "Lordship_and_Barony_of_Hailes": 0.08333333333333333,
    "Prince-bishop": 0.08333333333333333,
    "High_Priests_of_Amun": 0.07692307692307693,
    "Khagan": 0.07142857142857142,
    "Praetorian_prefect": 0.07142857142857142,
    "Scottish_feudal_barony": 0.06666666666666667
}