{
    "2005_Colorado_Rockies_season": 1.0,
    "2000_Colorado_Rockies_season": 0.3333333333333333,
    "2001_Colorado_Rockies_season": 0.3333333333333333,
    "2002_Colorado_Rockies_season": 0.3333333333333333,
    "2003_Colorado_Rockies_season": 0.3333333333333333,
    "2004_Colorado_Rockies_season": 0.3333333333333333,
    "2006_Colorado_Rockies_season": 0.3333333333333333,
    "2008_Colorado_Rockies_season": 0.3333333333333333,
    "2009_Colorado_Rockies_season": 0.3333333333333333,
    "2007_Colorado_Rockies_season": 0.2857142857142857,
    "2005_Los_Angeles_Dodgers_season": 0.2,
    "2005_Major_League_Baseball_season": 0.2,
    "2005_Major_League_Baseball_Draft": 0.2,
    "2005_Seattle_Mariners_season": 0.16666666666666666,
    "2005_Texas_Rangers_season": 0.16666666666666666,
    "2005_Baltimore_Orioles_season": 0.16666666666666666,
    "2005_Washington_Nationals_season": 0.16666666666666666,
    "2005_Milwaukee_Brewers_season": 0.16666666666666666,
    "2005_Philadelphia_Phillies_season": 0.16666666666666666,
    "2005_Cleveland_Indians_season": 0.16666666666666666,
    "List_of_2005_Seattle_Mariners_draft_picks": 0.16666666666666666,
    "2005_Colorado_State_Rams_football_team": 0.16666666666666666,
    "2005_Colorado_Buffaloes_football_team": 0.16666666666666666,
    "1994_Colorado_Rockies_season": 0.14285714285714285,
    "1995_Colorado_Rockies_season": 0.14285714285714285,
    "1996_Colorado_Rockies_season": 0.14285714285714285,
    "1997_Colorado_Rockies_season": 0.14285714285714285,
    "1998_Colorado_Rockies_season": 0.14285714285714285,
    "1999_Colorado_Rockies_season": 0.14285714285714285,
    "2005_Toronto_Blue_Jays_season": 0.14285714285714285,
    "2005_Boston_Red_Sox_season": 0.14285714285714285,
    "2010_Colorado_Rockies_season": 0.14285714285714285,
    "2011_Colorado_Rockies_season": 0.14285714285714285,
    "2012_Colorado_Rockies_season": 0.14285714285714285,
    "2013_Colorado_Rockies_season": 0.14285714285714285,
    "2005_Air_Force_Falcons_football_team": 0.14285714285714285,
    "2005_Denver_Broncos_season": 0.14285714285714285,
    "1993_Colorado_Rockies_season": 0.125,
    "2005\u201306_Colorado_Avalanche_season": 0.125,
    "2005_New_York_Yankees_season": 0.1111111111111111,
    "2005_Chicago_White_Sox_season": 0.1111111111111111
}