{
    "1954_St._Louis_Cardinals_season": 1.0,
    "1994_St._Louis_Cardinals_season": 0.25,
    "1966_St._Louis_Cardinals_season": 0.2,
    "1965_St._Louis_Cardinals_season": 0.2,
    "1963_St._Louis_Cardinals_season": 0.2,
    "1962_St._Louis_Cardinals_season": 0.2,
    "1958_St._Louis_Cardinals_season": 0.2,
    "1959_St._Louis_Cardinals_season": 0.2,
    "1957_St._Louis_Cardinals_season": 0.2,
    "1953_St._Louis_Cardinals_season": 0.2,
    "1952_St._Louis_Cardinals_season": 0.2,
    "1951_St._Louis_Cardinals_season": 0.2,
    "1950_St._Louis_Cardinals_season": 0.2,
    "1949_St._Louis_Cardinals_season": 0.2,
    "1948_St._Louis_Cardinals_season": 0.2,
    "1947_St._Louis_Cardinals_season": 0.2,
    "1956_St._Louis_Cardinals_season": 0.2,
    "1941_St._Louis_Cardinals_season": 0.2,
    "1940_St._Louis_Cardinals_season": 0.2,
    "1939_St._Louis_Cardinals_season": 0.2,
    "1938_St._Louis_Cardinals_season": 0.2,
    "1937_St._Louis_Cardinals_season": 0.2,
    "1936_St._Louis_Cardinals_season": 0.2,
    "1935_St._Louis_Cardinals_season": 0.2,
    "1955_St._Louis_Cardinals_season": 0.2,
    "1954_Baltimore_Orioles_season": 0.2,
    "2008_St._Louis_Cardinals_season": 0.2,
    "1954_Chicago_White_Sox_season": 0.2,
    "1954_Pittsburgh_Pirates_season": 0.2,
    "1954_Chicago_Cubs_season": 0.2,
    "1954_Milwaukee_Braves_season": 0.2,
    "2010_St._Louis_Cardinals_season": 0.2,
    "2012_St._Louis_Cardinals_season": 0.2,
    "2007_St._Louis_Cardinals_season": 0.2,
    "1998_St._Louis_Cardinals_season": 0.16666666666666666,
    "1985_St._Louis_Cardinals_season": 0.16666666666666666,
    "1968_St._Louis_Cardinals_season": 0.16666666666666666,
    "1933_St._Louis_Cardinals_season": 0.16666666666666666,
    "1932_St._Louis_Cardinals_season": 0.16666666666666666,
    "1954_Cincinnati_Redlegs_season": 0.16666666666666666,
    "1954_Cleveland_Indians_season": 0.16666666666666666,
    "2009_St._Louis_Cardinals_season": 0.16666666666666666,
    "2014_St._Louis_Cardinals_season": 0.16666666666666666,
    "1954_New_York_Yankees_season": 0.14285714285714285,
    "1967_St._Louis_Cardinals_season": 0.14285714285714285,
    "1964_St._Louis_Cardinals_season": 0.14285714285714285,
    "1946_St._Louis_Cardinals_season": 0.14285714285714285,
    "1942_St._Louis_Cardinals_season": 0.14285714285714285,
    "1934_St._Louis_Cardinals_season": 0.14285714285714285,
    "2011_St._Louis_Cardinals_season": 0.14285714285714285,
    "2013_St._Louis_Cardinals_season": 0.14285714285714285,
    "1954_Brooklyn_Dodgers_season": 0.1111111111111111,
    "1954_New_York_Giants_(MLB)_season": 0.1
}