{
    "European_Nations_Cup_(golf)": 1.0,
    "Open_De_Espa\u00f1a_Femenino": 0.3333333333333333,
    "European_Tour_Qualifying_School": 0.25,
    "1999_WGC-American_Express_Championship": 0.16666666666666666,
    "2000_WGC-American_Express_Championship": 0.16666666666666666,
    "2011_Volvo_World_Match_Play_Championship": 0.16666666666666666,
    "2012_Volvo_World_Match_Play_Championship": 0.16666666666666666,
    "Women's_Australian_Open": 0.125,
    "New_Zealand_Women's_Open": 0.125,
    "2004_WGC-World_Cup": 0.125
}