{
    "2009\u201310_Leinster_Rugby_season": 1.0,
    "2009\u201310_Scarlets_season": 0.3333333333333333,
    "2008\u201309_Leinster_Rugby_season": 0.14285714285714285,
    "2010\u201311_Leinster_Rugby_season": 0.14285714285714285,
    "2011\u201312_Leinster_Rugby_season": 0.14285714285714285,
    "2009\u201310_Celtic_League": 0.1111111111111111,
    "2010_Ireland_rugby_union_tour_of_New_Zealand_and_Australia": 0.1111111111111111,
    "2009\u201310_British_and_Irish_Cup": 0.1,
    "2009\u201310_Heineken_Cup": 0.09090909090909091,
    "2009\u201310_European_Challenge_Cup": 0.07142857142857142,
    "2010_Six_Nations_Championship": 0.0625
}