{
    "2001_NHL_Entry_Draft": 1.0,
    "2009_NHL_Entry_Draft": 0.16666666666666666,
    "1971_NHL_Amateur_Draft": 0.16666666666666666,
    "2003_NHL_Entry_Draft": 0.16666666666666666,
    "2002_NHL_Entry_Draft": 0.16666666666666666,
    "1972_NHL_Amateur_Draft": 0.16666666666666666,
    "1973_NHL_Amateur_Draft": 0.16666666666666666,
    "2000_NHL_Entry_Draft": 0.16666666666666666,
    "1983_NHL_Entry_Draft": 0.16666666666666666,
    "1993_NHL_Entry_Draft": 0.16666666666666666,
    "1996_NHL_Entry_Draft": 0.16666666666666666,
    "1984_NHL_Entry_Draft": 0.16666666666666666,
    "1995_NHL_Entry_Draft": 0.16666666666666666,
    "1986_NHL_Entry_Draft": 0.16666666666666666,
    "2006_NHL_Entry_Draft": 0.16666666666666666,
    "1980_NHL_Entry_Draft": 0.16666666666666666,
    "1981_NHL_Entry_Draft": 0.16666666666666666,
    "1988_NHL_Entry_Draft": 0.16666666666666666,
    "1979_NHL_Entry_Draft": 0.16666666666666666,
    "1978_NHL_Amateur_Draft": 0.16666666666666666,
    "1974_NHL_Amateur_Draft": 0.16666666666666666,
    "1975_NHL_Amateur_Draft": 0.16666666666666666,
    "1976_NHL_Amateur_Draft": 0.16666666666666666,
    "1977_NHL_Amateur_Draft": 0.16666666666666666,
    "1998_NHL_Entry_Draft": 0.16666666666666666,
    "1992_NHL_Entry_Draft": 0.16666666666666666,
    "1991_NHL_Entry_Draft": 0.16666666666666666,
    "1982_NHL_Entry_Draft": 0.16666666666666666,
    "2004_NHL_Entry_Draft": 0.16666666666666666,
    "1967_NHL_Amateur_Draft": 0.16666666666666666,
    "1968_NHL_Amateur_Draft": 0.16666666666666666,
    "1969_NHL_Amateur_Draft": 0.16666666666666666,
    "1970_NHL_Amateur_Draft": 0.16666666666666666,
    "2001_Daytona_500": 0.14285714285714285,
    "2001_Jacksonville_Jaguars_season": 0.14285714285714285,
    "2001_Miami_Dolphins_season": 0.14285714285714285,
    "2001_Orlando_Miracle_season": 0.14285714285714285,
    "2005_NHL_Entry_Draft": 0.14285714285714285,
    "1997_NHL_Entry_Draft": 0.14285714285714285,
    "2001_Miami_Sol_season": 0.14285714285714285,
    "1989_NHL_Entry_Draft": 0.14285714285714285,
    "1987_NHL_Entry_Draft": 0.14285714285714285,
    "2008_NHL_Entry_Draft": 0.14285714285714285,
    "2001_Tampa_Bay_Buccaneers_season": 0.125,
    "2011_NHL_Entry_Draft": 0.125,
    "2001_UCF_Golden_Knights_football_team": 0.125,
    "2001_South_Florida_Bulls_football_team": 0.125,
    "1985_NHL_Entry_Draft": 0.125,
    "NHL_Entry_Draft": 0.125,
    "1990_NHL_Entry_Draft": 0.125,
    "1994_NHL_Entry_Draft": 0.1111111111111111,
    "2010_NHL_Entry_Draft": 0.1111111111111111,
    "2012_NHL_Entry_Draft": 0.1111111111111111,
    "2000\u201301_Florida_Panthers_season": 0.1111111111111111,
    "2000\u201301_Tampa_Bay_Lightning_season": 0.1111111111111111,
    "2001\u201302_Tampa_Bay_Lightning_season": 0.1111111111111111,
    "2001\u201302_Florida_Panthers_season": 0.1111111111111111,
    "2007_NHL_Entry_Draft": 0.1111111111111111,
    "1999_NHL_Entry_Draft": 0.1111111111111111,
    "2001_Florida_Gators_football_team": 0.1111111111111111,
    "2001_Florida_State_Seminoles_football_team": 0.1,
    "2013_NHL_Entry_Draft": 0.1,
    "2001_Miami_Hurricanes_baseball_team": 0.1,
    "Armageddon_(1999)": 0.09090909090909091,
    "List_of_NHL_Entry_Draft_broadcasters": 0.08333333333333333,
    "2001_Miami_Hurricanes_football_team": 0.08333333333333333,
    "Super_Bowl_XXXV": 0.06666666666666667
}