{
    "NCAA_Division_I_conference_realignment": 1.0,
    "1996_NCAA_conference_realignment": 1.0,
    "2005_NCAA_conference_realignment": 0.5,
    "Bowl_Coalition": 0.3333333333333333,
    "Bowl_Alliance": 0.3333333333333333,
    "2013_Grambling_State_Tigers_football_team": 0.2,
    "Homosexuality_in_American_football": 0.16666666666666666,
    "Tim_Beckman": 0.058823529411764705,
    "Woody_Hayes": 0.05263157894736842,
    "2010\u201313_NCAA_conference_realignment": 0.02631578947368421
}