{
    "U.S._Route_67_in_Texas": 1.0,
    "Interstate_30": 0.2,
    "Texas_State_Highway_11": 0.18181818181818182,
    "U.S._Route_377_in_Texas": 0.10638297872340426,
    "Texas_State_Highway_349": 0.09090909090909091,
    "U.S._Route_259": 0.07894736842105263,
    "U.S._Route_90_in_Texas": 0.0784313725490196,
    "U.S._Route_271": 0.07142857142857142,
    "Texas_State_Highway_34": 0.06451612903225806,
    "U.S._Route_75_in_Texas": 0.0625,
    "Interstate_20_in_Texas": 0.061224489795918366,
    "Interstate_35E_(Texas)": 0.06060606060606061,
    "U.S._Route_59_in_Texas": 0.057692307692307696,
    "U.S._Route_175": 0.05714285714285714,
    "Texas_State_Highway_137": 0.05714285714285714,
    "U.S._Route_287_in_Texas": 0.05454545454545454,
    "U.S._Route_80_in_Texas": 0.05405405405405406,
    "Interstate_45": 0.05128205128205128,
    "U.S._Route_190_in_Texas": 0.05,
    "U.S._Route_183_in_Texas": 0.044444444444444446,
    "U.S._Route_82_in_Texas": 0.041666666666666664,
    "U.S._Route_281_in_Texas": 0.041666666666666664,
    "Texas_State_Highway_6": 0.0392156862745098,
    "Interstate_10_in_Texas": 0.03773584905660377,
    "Belt_Line_Road_(Texas)": 0.03571428571428571,
    "U.S._Route_87_in_Texas": 0.03508771929824561,
    "List_of_highways_in_Pecos_County,_Texas": 0.034482758620689655,
    "U.S._Route_66_in_Texas": 0.034482758620689655,
    "List_of_U.S._Highways_in_Texas": 0.034482758620689655,
    "Texas_State_Highway_360": 0.03333333333333333,
    "Texas_State_Highway_183": 0.03333333333333333,
    "Texas_State_Highway_78": 0.03225806451612903,
    "Texas_State_Highway_289": 0.03225806451612903,
    "Texas_State_Highway_118": 0.03225806451612903,
    "Farm_to_Market_Road_4": 0.03125,
    "President_George_Bush_Turnpike": 0.03125,
    "Dallas_North_Tollway": 0.03125,
    "Interstate_635_(Texas)": 0.03125,
    "Texas_State_Highway_17": 0.030303030303030304,
    "U.S._Route_67_in_Iowa": 0.030303030303030304,
    "Texas_State_Highway_171": 0.030303030303030304,
    "Texas_State_Highway_121": 0.030303030303030304,
    "Texas_State_Highway_155": 0.02857142857142857,
    "Interstate_35W_(Texas)": 0.02857142857142857,
    "U.S._Route_96": 0.02857142857142857,
    "Texas_State_Highway_208": 0.027777777777777776,
    "Dallas_Area_Rapid_Transit": 0.02702702702702703,
    "U.S._Route_181": 0.02702702702702703,
    "Texas_State_Highway_19": 0.02631578947368421,
    "Arkansas_Highway_5": 0.02564102564102564,
    "Texas_State_Highway_36": 0.024390243902439025,
    "Arkansas_Highway_1": 0.023809523809523808,
    "U.S._Route_90_Alternate_(Texas)": 0.023809523809523808,
    "U.S._Route_290": 0.023255813953488372,
    "Texas_State_Highway_114": 0.022727272727272728,
    "Texas_State_Highway_16": 0.021739130434782608,
    "U.S._Route_67_in_Arkansas": 0.02040816326530612
}