{
    "Super_Show_3": 1.0,
    "Don't_Don": 0.6666666666666666,
    "Sorry,_Sorry": 0.5,
    "I_Got_a_Boy": 0.25,
    "The_Boys_(Girls'_Generation_album)": 0.18181818181818182,
    "Progress_(Take_That_album)": 0.16666666666666666,
    "Science_&_Faith": 0.16666666666666666,
    "Rock_Dust_Light_Star": 0.16666666666666666,
    "Diary_of_a_Mad_Band:_Europe_in_the_Year_of_VI": 0.16666666666666666,
    "Sting_in_the_Tail": 0.14285714285714285,
    "List_of_albums_released_in_2010": 0.14285714285714285,
    "A_Curious_Thing": 0.14285714285714285,
    "Brother_(Boyzone_album)": 0.14285714285714285,
    "My_Best_Friend_Is_You": 0.14285714285714285,
    "Have_One_on_Me": 0.14285714285714285,
    "Asylum_(Disturbed_album)": 0.14285714285714285,
    "Endlessly_(album)": 0.14285714285714285,
    "Korn_III:_Remember_Who_You_Are": 0.125,
    "The_Obsidian_Conspiracy": 0.125,
    "One_Life_Stand": 0.125,
    "Soldier_of_Love_(album)": 0.125,
    "The_Final_Frontier": 0.125,
    "No_Guts._No_Glory.": 0.125,
    "High_Violet": 0.125,
    "Scream_(Ozzy_Osbourne_album)": 0.125,
    "To_the_Sea": 0.125,
    "Dio_(album)": 0.125,
    "Audio_Secrecy": 0.125,
    "Record_Collection_(album)": 0.125,
    "Clapton_(2010_album)": 0.125,
    "Come_Around_Sundown": 0.125,
    "Tiger_Suit": 0.125,
    "Above_the_Noise_(McFly_album)": 0.125,
    "All_You_Need_Is_Now": 0.125,
    "Rain's_Coming_World_Tour": 0.125,
    "The_Legend_of_Rainism_Asia_Tour": 0.125,
    "Rainy_Day_2005_Tour": 0.125,
    "Senior_(album)": 0.1111111111111111,
    "What_Lies_Beneath_(Tarja_album)": 0.1111111111111111,
    "Contra_(album)": 0.1111111111111111,
    "Need_You_Now_(Lady_Antebellum_album)": 0.1111111111111111,
    "Manifesto_(Inspectah_Deck_album)": 0.1111111111111111,
    "Infinite_Arms": 0.1111111111111111,
    "Body_Talk_Pt._1": 0.1111111111111111,
    "Night_Work_(album)": 0.1111111111111111,
    "Praise_&_Blame": 0.1111111111111111,
    "Some_Kind_of_Trouble": 0.1111111111111111,
    "Commitment_(Seal_album)": 0.1111111111111111,
    "Get_'Em_Girls": 0.1111111111111111,
    "Red_Horse_(collaboration)": 0.1111111111111111,
    "Distant_Relatives": 0.1,
    "Head_First_(Goldfrapp_album)": 0.1,
    "American_VI:_Ain't_No_Grave": 0.1,
    "Ten_(Gabriella_Cilmi_album)": 0.1,
    "Giro_Apo_T'_Oneiro": 0.1,
    "From_the_Inside_Out": 0.1,
    "A_Thousand_Suns": 0.1,
    "Symphonicities": 0.1,
    "Sale_el_Sol": 0.1,
    "Fly_Me_to_the_Moon..._The_Great_American_Songbook_Volume_V": 0.1,
    "Gravity_(Westlife_album)": 0.1,
    "Parafora": 0.1,
    "Meet_the_Orphans_Tour": 0.1,
    "Heligoland_(album)": 0.1,
    "Scratch_My_Back": 0.09090909090909091,
    "We_Are_Born": 0.09090909090909091,
    "100_Miles_from_Memphis": 0.09090909090909091,
    "Body_Talk_Pt._2": 0.09090909090909091,
    "There_Is_a_Hell,_Believe_Me_I've_Seen_It._There_Is_a_Heaven,_Let's_Keep_It_a_Secret.": 0.09090909090909091,
    "Nobody's_Daughter": 0.08333333333333333,
    "Can't_Be_Tamed": 0.08333333333333333,
    "Libra_Scale": 0.08333333333333333,
    "Guitar_Heaven:_The_Greatest_Guitar_Classics_of_All_Time": 0.08333333333333333,
    "Hands_All_Over_(album)": 0.08333333333333333,
    "A_Year_Without_Rain": 0.08333333333333333,
    "The_Lady_Killer_(album)": 0.08333333333333333,
    "Rebirth_(Lil_Wayne_album)": 0.07692307692307693,
    "Euphoria_(Enrique_Iglesias_album)": 0.07692307692307693,
    "Speak_Now": 0.07692307692307693,
    "Love.Live.Life": 0.07692307692307693,
    "Bionic_(Christina_Aguilera_album)": 0.07142857142857142,
    "Rise_Up_(Cypress_Hill_album)": 0.07142857142857142,
    "The_ArchAndroid": 0.07142857142857142,
    "Maya_(M.I.A._album)": 0.07142857142857142,
    "Pulse_(Toni_Braxton_album)": 0.06666666666666667,
    "Danger_Days:_The_True_Lives_of_the_Fabulous_Killjoys": 0.06666666666666667,
    "Loud_(Rihanna_album)": 0.06666666666666667,
    "New_Amerykah_Part_Two_(Return_of_the_Ankh)": 0.0625,
    "Wu-Massacre": 0.0625,
    "Aphrodite_(album)": 0.0625,
    "The_Beginning_(The_Black_Eyed_Peas_album)": 0.0625,
    "Teenage_Dream_(Katy_Perry_album)": 0.05555555555555555,
    "Recovery_(Eminem_album)": 0.045454545454545456,
    "My_Beautiful_Dark_Twisted_Fantasy": 0.045454545454545456
}