{
    "2010_Coca-Cola_600": 1.0,
    "2010_Bank_of_America_500": 1.0,
    "2010_NASCAR_Sprint_Cup_Series": 0.25,
    "2010_Carolina_Panthers_season": 0.2,
    "2010_Wake_Forest_Demon_Deacons_football_team": 0.2,
    "2010_Subway_Fresh_Fit_600": 0.2,
    "2010_East_Carolina_Pirates_football_team": 0.2,
    "2010_Aaron's_499": 0.2,
    "2010_Showtime_Southern_500": 0.2,
    "2010_Gillette_Fusion_ProGlide_500": 0.2,
    "2010_Heluva_Good!_Sour_Cream_Dips_400": 0.2,
    "2010_Lenox_Industrial_Tools_301": 0.2,
    "2010_Sunoco_Red_Cross_Pennsylvania_500": 0.2,
    "2010_Heluva_Good!_Sour_Cream_Dips_at_the_Glen": 0.2,
    "2010_Carfax_400": 0.2,
    "2010_Irwin_Tools_Night_Race": 0.2,
    "2010_Emory_Healthcare_500": 0.2,
    "2010_Sylvania_300": 0.2,
    "2010_AAA_400": 0.2,
    "2010_Price_Chopper_400": 0.2,
    "2010_AMP_Energy_Juice_500": 0.2,
    "2010_Lenoir\u2013Rhyne_Bears_football_team": 0.2,
    "2005_Coca-Cola_600": 0.2,
    "2007_Coca-Cola_600": 0.16666666666666666,
    "2007_Bank_of_America_500": 0.16666666666666666,
    "2008_NASCAR_Sprint_All-Star_Race": 0.16666666666666666,
    "2010_Daytona_500": 0.16666666666666666,
    "2009\u201310_Charlotte_Bobcats_season": 0.16666666666666666,
    "2009\u201310_East_Carolina_Pirates_men's_basketball_team": 0.16666666666666666,
    "2010_NC_State_Wolfpack_football_team": 0.16666666666666666,
    "2009\u201310_Charlotte_49ers_men's_basketball_team": 0.16666666666666666,
    "2010_North_Carolina_Tar_Heels_football_team": 0.16666666666666666,
    "2010_Auto_Club_500": 0.16666666666666666,
    "2010_Shelby_American": 0.16666666666666666,
    "2010_Ford_400": 0.16666666666666666,
    "2010_Kobalt_Tools_500_(Atlanta)": 0.16666666666666666,
    "2010_Food_City_500": 0.16666666666666666,
    "2010_Goody's_Fast_Pain_Relief_500": 0.16666666666666666,
    "2010_Samsung_Mobile_500": 0.16666666666666666,
    "2010_Crown_Royal_Presents_the_Heath_Calhoun_400": 0.16666666666666666,
    "2010_Autism_Speaks_400": 0.16666666666666666,
    "2010_Coke_Zero_400": 0.16666666666666666,
    "2010_Duke_Blue_Devils_football_team": 0.16666666666666666,
    "2010_LifeLock.com_400": 0.16666666666666666,
    "2010_Brickyard_400": 0.16666666666666666,
    "2010\u201311_Charlotte_Bobcats_season": 0.16666666666666666,
    "2010_Air_Guard_400": 0.16666666666666666,
    "2010_Pepsi_Max_400": 0.16666666666666666,
    "2010_TUMS_Fast_Relief_500": 0.16666666666666666,
    "2011_Coca-Cola_600": 0.16666666666666666,
    "2010_AAA_Texas_500": 0.16666666666666666,
    "2010_Kobalt_Tools_500_(Phoenix)": 0.16666666666666666,
    "2011_Bank_of_America_500": 0.16666666666666666,
    "2012_Coca-Cola_600": 0.16666666666666666,
    "2012_Bank_of_America_500": 0.16666666666666666,
    "2013_Coca-Cola_600": 0.16666666666666666,
    "2009\u201310_North_Carolina_Tar_Heels_men's_basketball_team": 0.14285714285714285,
    "2009\u201310_Carolina_Hurricanes_season": 0.14285714285714285,
    "2009\u201310_Western_Carolina_Catamounts_men's_basketball_team": 0.14285714285714285,
    "2010\u201311_North_Carolina_Tar_Heels_men's_basketball_team": 0.14285714285714285,
    "2010\u201311_Duke_Blue_Devils_men's_basketball_team": 0.14285714285714285,
    "2012_NASCAR_Sprint_All-Star_Race": 0.14285714285714285,
    "2013_NASCAR_Sprint_All-Star_Race": 0.14285714285714285,
    "Bank_of_America_500": 0.125,
    "List_of_Coca-Cola_600_broadcasters": 0.125,
    "2010\u201311_Carolina_Hurricanes_season": 0.125,
    "2010_Appalachian_State_Mountaineers_football_team": 0.125,
    "Coca-Cola_600": 0.125,
    "2009\u201310_Duke_Blue_Devils_men's_basketball_team": 0.1111111111111111,
    "List_of_NASCAR_Sprint_All-Star_Race_drivers": 0.09090909090909091,
    "NASCAR_Sprint_All-Star_Race": 0.08333333333333333,
    "Charlotte_Motor_Speedway": 0.05555555555555555
}