{
    "Space_Shuttle_Columbia": 1.0,
    "Space_Shuttle_Challenger": 0.7142857142857143,
    "Space_Shuttle_Discovery": 0.4444444444444444,
    "Avro_Vulcan_XH558": 0.14285714285714285,
    "Comparison_of_manned_space_vehicles": 0.14285714285714285,
    "Project_Mercury": 0.07142857142857142,
    "Space_Shuttle": 0.07142857142857142,
    "Mir": 0.07142857142857142,
    "Project_Gemini": 0.07142857142857142,
    "North_American_X-15": 0.05263157894736842
}