{
    "2011_New_York_Mets_season": 1.0,
    "2009_New_York_Mets_season": 0.42857142857142855,
    "2010_New_York_Mets_season": 0.42857142857142855,
    "2012_New_York_Mets_season": 0.42857142857142855,
    "2013_New_York_Mets_season": 0.42857142857142855,
    "2004_New_York_Mets_season": 0.25,
    "2008_New_York_Mets_season": 0.25,
    "2007_New_York_Mets_season": 0.25,
    "2011_New_York_Yankees_season": 0.2222222222222222,
    "2013_Major_League_Baseball_All-Star_Game": 0.16666666666666666,
    "List_of_New_York_Mets_seasons": 0.14285714285714285,
    "2011_Los_Angeles_Angels_of_Anaheim_season": 0.14285714285714285,
    "2011_Chicago_White_Sox_season": 0.14285714285714285,
    "2011_San_Diego_Padres_season": 0.14285714285714285,
    "2011_Tampa_Bay_Rays_season": 0.14285714285714285,
    "2011_Chicago_Cubs_season": 0.14285714285714285,
    "2011_Baltimore_Orioles_season": 0.14285714285714285,
    "2011_Cleveland_Indians_season": 0.14285714285714285,
    "2011_Kansas_City_Royals_season": 0.14285714285714285,
    "2011_Florida_Marlins_season": 0.14285714285714285,
    "2011_Washington_Nationals_season": 0.14285714285714285,
    "2011_Houston_Astros_season": 0.14285714285714285,
    "2011_Minnesota_Twins_season": 0.14285714285714285,
    "2011_Pittsburgh_Pirates_season": 0.14285714285714285,
    "2011_Cincinnati_Reds_season": 0.14285714285714285,
    "2011_Atlanta_Braves_season": 0.14285714285714285,
    "2011_New_York_Liberty_season": 0.14285714285714285,
    "2011_Columbia_Lions_football_team": 0.14285714285714285,
    "2011_Wagner_Seahawks_football_team": 0.14285714285714285,
    "2011_Major_League_Baseball_Draft": 0.125,
    "2011_Boston_Red_Sox_season": 0.125,
    "2011_Oakland_Athletics_season": 0.125,
    "2011_Los_Angeles_Dodgers_season": 0.125,
    "2011_Toronto_Blue_Jays_season": 0.125,
    "2011_Seattle_Mariners_season": 0.125,
    "2011_Arizona_Diamondbacks_season": 0.125,
    "2011_Colorado_Rockies_season": 0.125,
    "2011_Milwaukee_Brewers_season": 0.125,
    "2011_Philadelphia_Phillies_season": 0.125,
    "2011_San_Francisco_Giants_season": 0.125,
    "2011_Fordham_Rams_football_team": 0.125,
    "2011_New_York_City_Marathon": 0.125,
    "1994_New_York_Mets_season": 0.1111111111111111,
    "1984_New_York_Mets_season": 0.1111111111111111,
    "1968_New_York_Mets_season": 0.1111111111111111,
    "1967_New_York_Mets_season": 0.1111111111111111,
    "1966_New_York_Mets_season": 0.1111111111111111,
    "1965_New_York_Mets_season": 0.1111111111111111,
    "1964_New_York_Mets_season": 0.1111111111111111,
    "1963_New_York_Mets_season": 0.1111111111111111,
    "2011_NFL_Draft": 0.1111111111111111,
    "2011_St._Louis_Cardinals_season": 0.1111111111111111,
    "2011_Detroit_Tigers_season": 0.1111111111111111,
    "2011_Texas_Rangers_season": 0.1111111111111111,
    "2010\u201311_St._John's_Red_Storm_men's_basketball_team": 0.1111111111111111,
    "2000_New_York_Mets_season": 0.1,
    "1962_New_York_Mets_season": 0.1,
    "2010\u201311_New_York_Knicks_season": 0.1,
    "2011\u201312_New_York_Knicks_season": 0.1,
    "Miguel_Cotto_vs._Antonio_Margarito_II": 0.1,
    "2010\u201311_New_York_Rangers_season": 0.09090909090909091,
    "2011\u201312_New_York_Rangers_season": 0.09090909090909091,
    "1969_New_York_Mets_season": 0.08333333333333333,
    "1932_U.S._Open_(golf)": 0.08333333333333333,
    "1986_New_York_Mets_season": 0.08333333333333333,
    "2011_Major_League_Baseball_All-Star_Game": 0.07692307692307693,
    "2011_US_Open_(tennis)": 0.07692307692307693,
    "2011_National_Invitation_Tournament": 0.07142857142857142
}