{
    "Thanksgiving_Day_Classic": 1.0,
    "New_Canadian_Library": 0.1111111111111111,
    "Canadian_Football_League_attendance": 0.1,
    "Central_American_Championships_in_Athletics": 0.1,
    "Norwegian_Women's_Handball_Cup": 0.1,
    "Biathlon_World_Championships": 0.1,
    "Belgian_International": 0.09090909090909091,
    "CFL_All-Star_Game": 0.09090909090909091,
    "World_Series": 0.09090909090909091,
    "Little_League_World_Series_in_Canada": 0.09090909090909091,
    "Copa_Chile": 0.08333333333333333,
    "Eisenhower_Trophy": 0.08333333333333333,
    "Federated_Auto_Parts_400": 0.08333333333333333,
    "Table_Tennis_European_Championships": 0.08333333333333333,
    "British_Rally_Championship": 0.07692307692307693,
    "Swedish_motorcycle_Grand_Prix": 0.07692307692307693,
    "Canadian_Football_League": 0.07692307692307693,
    "Super_Prestige_Pernod_International": 0.07692307692307693,
    "National_Television_Awards": 0.07142857142857142,
    "24th_Canadian_Parliament": 0.06666666666666667,
    "Britannia_Awards": 0.06666666666666667,
    "Volta_\u00e0_cidade_do_Funchal": 0.06666666666666667,
    "Eurovision_Song_Contest": 0.06666666666666667,
    "Sapporo_Half_Marathon": 0.0625,
    "MTV_Video_Music_Brazil": 0.0625,
    "Chase_for_the_Sprint_Cup": 0.058823529411764705,
    "Stockholm_Open": 0.058823529411764705,
    "K\u014dhaku_Uta_Gassen": 0.05555555555555555,
    "The_Big_Fat_Quiz_of_the_Year": 0.05555555555555555,
    "Super_Bowl": 0.05555555555555555,
    "Eurovision:_Your_Country_Needs_You": 0.037037037037037035
}