{
    "Fencing_at_the_2010_Asian_Games": 1.0,
    "Fencing_at_the_Asian_Games": 0.125,
    "Swimming_at_the_2010_Asian_Games": 0.125,
    "Archery_at_the_2010_Asian_Games": 0.125,
    "Cycling_at_the_2010_Asian_Games": 0.125,
    "Rowing_at_the_2010_Asian_Games": 0.125,
    "Taekwondo_at_the_2010_Asian_Games": 0.125,
    "Wrestling_at_the_2010_Asian_Games": 0.125,
    "Wushu_at_the_2010_Asian_Games": 0.125,
    "Fencing_at_the_2013_Asian_Youth_Games": 0.125,
    "Fencing_at_the_2010_Summer_Youth_Olympics": 0.1111111111111111,
    "Athletics_at_the_2010_Asian_Games": 0.1111111111111111,
    "Badminton_at_the_2010_Asian_Games": 0.1111111111111111,
    "Bowling_at_the_2010_Asian_Games": 0.1111111111111111,
    "Boxing_at_the_2010_Asian_Games": 0.1111111111111111,
    "Gymnastics_at_the_2010_Asian_Games": 0.1111111111111111,
    "Judo_at_the_2010_Asian_Games": 0.1111111111111111,
    "Shooting_at_the_2010_Asian_Games": 0.1111111111111111,
    "Table_tennis_at_the_2010_Asian_Games": 0.1111111111111111,
    "Karate_at_the_2010_Asian_Games": 0.1111111111111111,
    "Tennis_at_the_2010_Asian_Games": 0.1111111111111111,
    "Fencing_at_the_2006_Asian_Games": 0.1111111111111111,
    "Fencing_at_the_2008_Summer_Olympics": 0.1111111111111111,
    "Cue_sports_at_the_2010_Asian_Games": 0.1,
    "2010_World_Fencing_Championships": 0.08333333333333333
}