{
    "List_of_leaders_of_Malaysian_states": 1.0,
    "List_of_capitals_in_Malaysia": 0.16666666666666666,
    "Monarchies_of_Malaysia": 0.16666666666666666,
    "Chief_Ministers_in_Malaysia": 0.16666666666666666,
    "Yang_di-Pertuan_Agong": 0.07692307692307693
}