{
    "List_of_Spanish_football_transfers_winter_2010\u201311": 1.0,
    "List_of_Spanish_football_transfers_summer_2010": 0.3333333333333333,
    "List_of_Spanish_football_transfers_winter_2008\u201309": 0.2,
    "2011_UEFA_European_Under-21_Football_Championship_qualification_Group_4": 0.2,
    "List_of_Spanish_football_transfers_winter_2009\u201310": 0.2,
    "2010\u201311_in_Spanish_football": 0.2,
    "List_of_English_football_transfers_winter_2010\u201311": 0.2,
    "List_of_French_football_transfers_winter_2011": 0.2,
    "List_of_Italian_football_transfers_winter_2010\u201311": 0.2,
    "List_of_Belgian_football_transfers_winter_2010\u201311": 0.2,
    "List_of_Spanish_football_transfers_winter_2011\u201312": 0.2,
    "List_of_Spanish_football_transfers_winter_2012\u201313": 0.2,
    "List_of_Portuguese_football_transfers_winter_2010\u201311": 0.2,
    "List_of_Trinidadian_football_transfers_2010\u201311": 0.16666666666666666,
    "List_of_Scottish_football_transfers_2010\u201311": 0.16666666666666666,
    "List_of_Major_League_Soccer_transfers_2011": 0.16666666666666666,
    "List_of_Spanish_football_transfers_summer_2008": 0.14285714285714285,
    "2010\u201311_UEFA_Champions_League": 0.14285714285714285,
    "List_of_Spanish_football_transfers_summer_2009": 0.14285714285714285,
    "A-League_transfers_for_2010\u201311_season": 0.14285714285714285,
    "A-League_transfers_for_2011\u201312_season": 0.14285714285714285,
    "List_of_Spanish_football_transfers_summer_2011": 0.14285714285714285,
    "List_of_Spanish_football_transfers_summer_2012": 0.14285714285714285,
    "List_of_Spanish_football_transfers_summer_2013": 0.14285714285714285,
    "UEFA_Euro_2012_qualifying_Group_I": 0.07142857142857142
}