{
    "List_of_ARCA_drivers": 1.0,
    "List_of_GP2_Series_drivers": 0.3333333333333333,
    "List_of_Formula_Renault_2.0_champions": 0.3333333333333333,
    "List_of_International_Formula_3000_drivers": 0.3333333333333333,
    "List_of_GP2_Asia_Series_drivers": 0.3333333333333333,
    "List_of_World_Touring_Car_Championship_drivers": 0.3333333333333333,
    "List_of_Formula_3_Euro_Series_drivers": 0.3333333333333333,
    "List_of_FIA_Formula_Two_Championship_drivers": 0.3333333333333333,
    "List_of_A1_Grand_Prix_drivers": 0.25,
    "List_of_GP3_Series_drivers": 0.25,
    "List_of_Formula_One_drivers": 0.25,
    "List_of_family_relations_in_auto_racing": 0.2,
    "Driver_deaths_in_motorsport": 0.2,
    "List_of_World_Rally_Championship_Drivers'_champions": 0.2,
    "List_of_World_Rally_Championship_drivers": 0.2,
    "List_of_American_Championship_Car_winners": 0.16666666666666666,
    "List_of_NASCAR_fatal_accidents": 0.16666666666666666,
    "List_of_Formula_One_World_Drivers'_Champions": 0.14285714285714285,
    "International_Motorsports_Hall_of_Fame": 0.125,
    "Ernie_Irvan": 0.125,
    "Greg_Sacks": 0.1111111111111111,
    "David_Green_(racing_driver)": 0.1,
    "Kevin_Schwantz": 0.09090909090909091,
    "Ken_Schrader": 0.07142857142857142,
    "Benny_Parsons": 0.0625,
    "Kevin_Harvick": 0.0625,
    "Dale_Jarrett": 0.05555555555555555,
    "Michael_Waltrip": 0.05,
    "Danny_Sullivan": 0.045454545454545456,
    "Dario_Franchitti": 0.03571428571428571,
    "Danica_Patrick": 0.030303030303030304,
    "Juan_Pablo_Montoya": 0.02631578947368421
}