{
    "General_Counsel_of_the_Army": 1.0,
    "General_Counsel_of_the_Department_of_Defense": 0.3333333333333333,
    "General_Counsel_of_the_Navy": 0.16666666666666666,
    "John_Roberts": 0.03225806451612903
}