{
    "2011_Roger_Federer_tennis_season": 1.0,
    "2004_Roger_Federer_tennis_season": 0.3333333333333333,
    "2005_Roger_Federer_tennis_season": 0.3333333333333333,
    "2006_Roger_Federer_tennis_season": 0.3333333333333333,
    "2007_Roger_Federer_tennis_season": 0.3333333333333333,
    "2010_Roger_Federer_tennis_season": 0.3333333333333333,
    "2011_Novak_Djokovic_tennis_season": 0.3333333333333333,
    "2003_Roger_Federer_tennis_season": 0.25,
    "2011_Rafael_Nadal_tennis_season": 0.25,
    "2012_Roger_Federer_tennis_season": 0.25,
    "2011_Serena_Williams_tennis_season": 0.25,
    "2013_Roger_Federer_tennis_season": 0.25,
    "2011_Petra_Kvitov\u00e1_tennis_season": 0.25
}