{
    "Belarusian_Premier_League": 1.0,
    "Belarusian_Second_League": 0.4444444444444444,
    "Belarusian_Premier_League_(women)": 0.23076923076923078,
    "Belarusian_First_League": 0.2222222222222222,
    "Azerbaijan_Premier_League": 0.2,
    "First_Macedonian_Football_League": 0.2,
    "Premier_League": 0.18181818181818182,
    "Prva_HNL": 0.18181818181818182,
    "Moldovan_National_Division": 0.18181818181818182,
    "Russian_Football_Premier_League": 0.15384615384615385,
    "Berlin-Liga": 0.1111111111111111,
    "Premier_League_of_Bosnia_and_Herzegovina": 0.1111111111111111,
    "Kazakhstan_Premier_League": 0.1111111111111111,
    "Southeast_Iowa_Superconference": 0.1111111111111111,
    "Armenian_Premier_League": 0.1111111111111111,
    "Belarus_national_football_team": 0.1,
    "Belarusian_Extraleague": 0.1,
    "Gambrinus_Liga": 0.1,
    "Ekstraklasa": 0.1,
    "Kyrgyzstan_League_Second_Level": 0.1,
    "Albanian_Superliga": 0.1,
    "Torneo_Nacional_de_Ascenso": 0.1,
    "Luxembourg_National_Division": 0.1,
    "NIFL_Premiership": 0.1,
    "Israeli_Premier_League": 0.1,
    "Kyrgyzstan_League": 0.1,
    "Latvian_Higher_League": 0.1,
    "Uzbekistan_First_League": 0.09090909090909091,
    "Cypriot_First_Division": 0.09090909090909091,
    "Campionato_Sammarinese_di_Calcio": 0.09090909090909091,
    "Uzbekistan_Second_League": 0.09090909090909091,
    "Nemzeti_Bajnoks\u00e1g_I": 0.09090909090909091,
    "Bulgarian_A_Football_Group": 0.09090909090909091,
    "Montenegrin_First_League": 0.09090909090909091,
    "Uzbek_League": 0.09090909090909091,
    "Football_Superleague_of_Kosovo": 0.09090909090909091,
    "\u00ddokary_Liga": 0.09090909090909091,
    "Ligue_1": 0.08333333333333333,
    "Eredivisie": 0.08333333333333333,
    "Belgian_Pro_League": 0.08333333333333333,
    "Serie_A": 0.08333333333333333,
    "Netherlands_Football_League_Championship": 0.08333333333333333,
    "A_Lyga": 0.08333333333333333,
    "TAC_Cup": 0.08333333333333333,
    "Slovenian_PrvaLiga": 0.08333333333333333,
    "Serbian_SuperLiga": 0.08333333333333333,
    "Bundesliga": 0.08333333333333333,
    "Primeira_Liga": 0.08333333333333333,
    "Allsvenskan": 0.07692307692307693,
    "S\u00fcper_Lig": 0.07692307692307693,
    "Veikkausliiga": 0.07692307692307693,
    "Austrian_Football_Bundesliga": 0.07692307692307693,
    "Swiss_Super_League": 0.07692307692307693,
    "Second_League_of_Serbia_and_Montenegro": 0.07692307692307693,
    "Ukrainian_First_League": 0.07692307692307693,
    "La_Liga": 0.07692307692307693,
    "Scottish_Premiership_(association_football)": 0.07692307692307693,
    "Central_Hockey_League": 0.07692307692307693,
    "Ukrainian_Second_League": 0.07692307692307693,
    "Liga_I": 0.07692307692307693,
    "Tippeligaen": 0.07692307692307693,
    "Arizona_Fall_League": 0.07692307692307693,
    "Meistriliiga": 0.07142857142857142,
    "Beloften_Eredivisie": 0.07142857142857142,
    "J._League_Division_1": 0.07142857142857142,
    "League_of_Ireland_Premier_Division": 0.07142857142857142,
    "Superleague_Greece": 0.06666666666666667,
    "List_of_Ukrainian_Premier_League_broadcasters": 0.06666666666666667,
    "VTB_United_League": 0.05263157894736842,
    "Kontinental_Hockey_League": 0.045454545454545456
}