{
    "Hispanic_Heritage_Baseball_Museum": 1.0,
    "CalArts_Center_for_New_Performance": 0.09090909090909091,
    "SomaFM": 0.08333333333333333,
    "Francisco_Partners": 0.07692307692307693,
    "Apatow_Productions": 0.06666666666666667,
    "Happy_Madison_Productions": 0.06666666666666667,
    "Riverside_International_Automotive_Museum": 0.06666666666666667,
    "San_Diego_Hall_of_Champions": 0.0625,
    "SCE_Santa_Monica_Studio": 0.05555555555555555,
    "List_of_museums_in_the_San_Francisco_Bay_Area": 0.05263157894736842,
    "National_College_Baseball_Hall_of_Fame": 0.045454545454545456,
    "Universal_CityWalk": 0.043478260869565216,
    "Cuban_Baseball_Hall_of_Fame": 0.041666666666666664,
    "Staples_Center": 0.024390243902439025
}