{
    "2011\u201312_FIS_Ski_Jumping_World_Cup": 1.0,
    "2010\u201311_FIS_Ski_Jumping_World_Cup": 0.5,
    "2009\u201310_FIS_Ski_Jumping_World_Cup_Individual_Results_Table": 0.3333333333333333,
    "2009\u201310_FIS_Ski_Jumping_World_Cup_Individual_Points_Table": 0.3333333333333333,
    "2012\u201313_FIS_Ski_Jumping_World_Cup": 0.3333333333333333,
    "2011\u201312_Four_Hills_Tournament": 0.2857142857142857,
    "List_of_FIS_Ski_Jumping_World_Cup_team_medalists": 0.25,
    "2011_FIS_Grand_Prix_Ski_Jumping": 0.25,
    "2007\u201308_FIS_Ski_Jumping_World_Cup": 0.2,
    "2008\u201309_FIS_Ski_Jumping_World_Cup": 0.2,
    "2009\u201310_FIS_Ski_Jumping_World_Cup": 0.2,
    "2013\u201314_FIS_Ski_Jumping_World_Cup": 0.2,
    "2003\u201304_FIS_Ski_Jumping_World_Cup": 0.2,
    "2006\u201307_FIS_Ski_Jumping_World_Cup": 0.2,
    "2005\u201306_FIS_Ski_Jumping_World_Cup": 0.2,
    "2004\u201305_FIS_Ski_Jumping_World_Cup": 0.2,
    "Ski_jumping_at_the_2011_Asian_Winter_Games": 0.16666666666666666,
    "List_of_FIS_Ski-Flying_World_Cup_winners": 0.16666666666666666,
    "FIS_Ski_Jumping_World_Cup": 0.125,
    "2012\u201313_Four_Hills_Tournament": 0.1,
    "2011_Nordic_Junior_World_Ski_Championships": 0.09090909090909091,
    "Nordic_Tournament": 0.08333333333333333,
    "List_of_Four_Hills_Tournament_winners": 0.07692307692307693,
    "FIS_Nordic_World_Ski_Championships_2011": 0.07142857142857142
}