{
    "2011_AIHL_season": 1.0,
    "2009_AIHL_season": 0.2,
    "2010_AIHL_season": 0.2,
    "Australia_at_the_2011_World_Aquatics_Championships": 0.2,
    "2012_AIHL_season": 0.2,
    "2013_AIHL_season": 0.2,
    "2010\u201311_United_States_women's_national_ice_hockey_team": 0.16666666666666666,
    "2011_PGA_Tour_of_Australasia": 0.16666666666666666,
    "UFC_127": 0.14285714285714285,
    "2011_Dragon_World_Championships": 0.14285714285714285,
    "2011_ISAF_Sailing_World_Championships": 0.125,
    "2011_Oceania_Youth_Athletics_Championships": 0.1111111111111111
}