{
    "List_of_WAFL_grounds": 1.0,
    "List_of_Australian_rules_football_leagues_in_Australia": 0.5,
    "AFL_records": 0.3333333333333333,
    "1993_AFL_Rising_Star": 0.3333333333333333,
    "1994_AFL_Rising_Star": 0.3333333333333333,
    "1995_AFL_Rising_Star": 0.3333333333333333,
    "1996_AFL_Rising_Star": 0.3333333333333333,
    "1997_AFL_Rising_Star": 0.3333333333333333,
    "1998_AFL_Rising_Star": 0.3333333333333333,
    "1999_AFL_Rising_Star": 0.3333333333333333,
    "List_of_St_Kilda_Football_Club_records_and_statistics": 0.3333333333333333,
    "List_of_Australian_Football_League_minor_premiers": 0.3333333333333333,
    "2000_AFL_Rising_Star": 0.3333333333333333,
    "2004_AFL_Rising_Star": 0.3333333333333333,
    "2001_AFL_Rising_Star": 0.3333333333333333,
    "List_of_Port_Adelaide_Football_Club_Leading_Goalkickers": 0.3333333333333333,
    "List_of_Essendon_Football_Club_honours": 0.3333333333333333,
    "2011_AFL_Rising_Star": 0.3333333333333333,
    "List_of_West_Coast_Eagles_leading_goalkickers": 0.3333333333333333,
    "List_of_Adelaide_Football_Club_leading_goalkickers": 0.3333333333333333,
    "2012_AFL_Rising_Star": 0.3333333333333333,
    "2013_AFL_Rising_Star": 0.3333333333333333,
    "Jack_Clarke_Medal": 0.3333333333333333,
    "List_of_Australian_Football_League_season_disposal_leaders": 0.3333333333333333,
    "List_of_Australian_Football_League_coaches": 0.3333333333333333,
    "Countries_playing_Australian_rules_football": 0.3333333333333333,
    "Kicks_after_the_siren_in_Australian_rules_football": 0.25,
    "2007_AFL_Rising_Star": 0.25,
    "List_of_West_Australian_Football_League_premiers": 0.25,
    "List_of_Australian_Football_League_wooden_spoons": 0.25,
    "2008_AFL_Rising_Star": 0.25,
    "List_of_AFL_debuts_in_2004": 0.25,
    "List_of_AFL_debuts_in_2005": 0.25,
    "List_of_VFL_debuts_in_1933": 0.25,
    "List_of_St_Kilda_Football_Club_leading_goalkickers": 0.25,
    "List_of_VFL_debuts_in_1914": 0.25,
    "List_of_VFL_debuts_in_1979": 0.25,
    "List_of_VFL_debuts_in_1969": 0.25,
    "2002_AFL_Rising_Star": 0.25,
    "2003_AFL_Rising_Star": 0.25,
    "2005_AFL_Rising_Star": 0.25,
    "2009_AFL_Rising_Star": 0.25,
    "List_of_VFL_debuts_in_1955": 0.25,
    "List_of_AFL_debuts_in_2003": 0.25,
    "2010_AFL_Rising_Star": 0.25,
    "List_of_VFL_debuts_in_1988": 0.25,
    "Blue_Ribbon_Cup": 0.25,
    "List_of_Australian_Football_League_team_songs": 0.25,
    "List_of_AFL_debuts_in_1999": 0.25,
    "List_of_VFL_debuts_in_1944": 0.25,
    "Mark_of_the_Year": 0.25,
    "List_of_AFL_debuts_in_2002": 0.25,
    "List_of_West_Coast_Eagles_records": 0.25,
    "List_of_Essendon_Football_Club_leading_goalkickers": 0.25,
    "List_of_Collingwood_Football_Club_leading_goalkickers": 0.25,
    "List_of_Melbourne_Football_Club_leading_goalkickers": 0.25,
    "List_of_Sydney_Swans_leading_goalkickers": 0.25,
    "List_of_Fitzroy_Football_Club_leading_goalkickers": 0.25,
    "List_of_Hawthorn_Football_Club_leading_goalkickers": 0.25,
    "List_of_North_Melbourne_Football_Club_leading_goalkickers": 0.25,
    "List_of_Western_Bulldogs_leading_goalkickers": 0.25,
    "List_of_VFL_debuts_in_1899": 0.25,
    "List_of_AFL_debuts_in_2001": 0.25,
    "List_of_VFL_debuts_in_1922": 0.25,
    "List_of_AFL_debuts_in_2012": 0.25,
    "List_of_AFL_debuts_in_2000": 0.25,
    "List_of_AFL_debuts_in_2013": 0.25,
    "List_of_VFL_debuts_in_1904": 0.25,
    "List_of_Australian_Football_League_all-time_leading_goalkickers": 0.25,
    "List_of_SANFL_premiers": 0.25,
    "2006_AFL_Rising_Star": 0.25,
    "Jack_Oatey_Medal": 0.25,
    "List_of_Australian_Football_League_premiers": 0.25,
    "List_of_AFL_debuts_in_2007": 0.2,
    "List_of_Michael_Roach_Medal_recipients": 0.2,
    "List_of_Australian_Football_League_pre-season_and_night_series_premiers": 0.2,
    "List_of_AFL_debuts_in_2008": 0.2,
    "List_of_AFL_debuts_in_2010": 0.2,
    "Malcolm_Blight_Medal": 0.2,
    "List_of_AFL_debuts_in_2011": 0.2,
    "West_Coast_Eagles_Club_Champion_Award": 0.2,
    "List_of_Western_Australian_State_of_Origin_footballers": 0.2,
    "Doig_Medal": 0.2,
    "John_Cahill_Medal": 0.2,
    "List_of_Gold_Coast_Football_Club_records": 0.2,
    "List_of_players_drafted_to_the_Australian_Football_League_under_the_father-son_rule": 0.2,
    "List_of_Australian_Football_League_grounds": 0.2,
    "List_of_Australian_Football_League_umpires": 0.2,
    "List_of_AFL_debuts_in_2006": 0.2,
    "Coleman_Medal": 0.2,
    "Michael_Tuck_Medal": 0.16666666666666666,
    "Magarey_Medal": 0.16666666666666666,
    "Norm_Smith_Medal": 0.16666666666666666,
    "Geoff_Christian_Medal": 0.14285714285714285,
    "List_of_Victorian_Football_League_players_who_died_on_active_service": 0.1
}