{
    "Decathlon_world_record_progression": 1.0,
    "800_metres_world_record_progression": 0.3333333333333333,
    "1500_metres_world_record_progression": 0.3333333333333333,
    "Marathon_world_record_progression": 0.3333333333333333,
    "1000_metres_world_record_progression": 0.3333333333333333,
    "Men's_10,000_metres_world_record_progression": 0.3333333333333333,
    "Mile_run_world_record_progression": 0.3333333333333333,
    "Triple_jump_world_record_progression": 0.2,
    "Pan_American_Combined_Events_Cup": 0.16666666666666666,
    "Multistars": 0.16666666666666666,
    "Mehrkampf-Meeting_Ratingen": 0.14285714285714285,
    "D\u00e9castar": 0.125,
    "Hypo-Meeting": 0.125,
    "TNT_\u2013_Fortuna_Meeting": 0.125,
    "IAAF_World_Combined_Events_Challenge": 0.125,
    "European_Cup_Combined_Events": 0.1111111111111111,
    "Decathlon": 0.1111111111111111
}