{
    "2005_FIA_WTCC_Race_of_Turkey": 1.0,
    "2005_FIA_WTCC_Race_of_Mexico": 0.5,
    "2005_World_Touring_Car_Championship_season": 0.5,
    "2005_FIA_WTCC_Race_of_Italy": 0.3333333333333333,
    "2005_FIA_WTCC_Race_of_France": 0.3333333333333333,
    "2005_FIA_WTCC_Race_of_UK": 0.3333333333333333,
    "2005_FIA_WTCC_Race_of_San_Marino": 0.3333333333333333,
    "2005_FIA_WTCC_Race_of_Belgium": 0.3333333333333333,
    "2005_FIA_WTCC_Race_of_Germany": 0.3333333333333333,
    "2005_FIA_WTCC_Race_of_Spain": 0.3333333333333333,
    "2005_Turkish_motorcycle_Grand_Prix": 0.2,
    "2005_Turkish_Grand_Prix": 0.2,
    "2005_Guia_Race_of_Macau": 0.2
}