{
    "2011_Curlers_Corner_Autumn_Gold_Curling_Classic": 1.0,
    "2011_Boundary_Ford_Curling_Classic": 0.3333333333333333,
    "2011_Colonial_Square_Ladies_Classic": 0.2857142857142857,
    "2011_Continental_Cup_of_Curling": 0.25,
    "2011_Players'_Championship": 0.25,
    "2011_Canadian_Wheelchair_Curling_Championship": 0.25,
    "2011_The_Shoot-Out": 0.25,
    "2011_Red_Deer_Curling_Classic": 0.25,
    "2011_Scotties_Tournament_of_Hearts": 0.2222222222222222,
    "2011_Canadian_Junior_Curling_Championships": 0.2222222222222222,
    "2009_Trail_Appliances_Curling_Classic": 0.16666666666666666,
    "2011_Edmonton_Eskimos_season": 0.16666666666666666,
    "Curling_at_the_2011_Canada_Winter_Games": 0.16666666666666666,
    "2011_DEKALB_Superspiel_(March)": 0.16666666666666666,
    "2011_Canadian_Masters_Curling_Championships": 0.16666666666666666,
    "2011_AMJ_Campbell_Shorty_Jenkins_Classic": 0.16666666666666666,
    "2011_Twin_Anchors_Invitational": 0.16666666666666666,
    "2011_Whites_Drug_Store_Classic": 0.16666666666666666,
    "2011_World_Financial_Group_Classic": 0.16666666666666666,
    "2011_Interlake_Pharmacy_Classic": 0.16666666666666666,
    "2011_Wainwright_Roaming_Buffalo_Classic": 0.16666666666666666,
    "2011_DEKALB_Superspiel_(November)": 0.16666666666666666,
    "2011_Challenge_Casino_de_Charlevoix": 0.16666666666666666,
    "2011_Laphroaig_Scotch_Open": 0.16666666666666666,
    "2012_Curlers_Corner_Autumn_Gold_Curling_Classic": 0.16666666666666666,
    "2013_Curlers_Corner_Autumn_Gold_Curling_Classic": 0.16666666666666666,
    "2008_Trail_Appliances_Curling_Classic": 0.14285714285714285,
    "2010_Curlers_Corner_Autumn_Gold_Curling_Classic": 0.14285714285714285,
    "2011_Alberta_Scotties_Tournament_of_Hearts": 0.14285714285714285,
    "2011_FC_Edmonton_season": 0.14285714285714285,
    "2011_Victoria_Curling_Classic_Invitational": 0.14285714285714285,
    "2011_Manitoba_Lotteries_Women's_Curling_Classic": 0.14285714285714285,
    "2011_Point_Optical_Curling_Classic": 0.14285714285714285,
    "2011_StuSells_Toronto_Tankard": 0.14285714285714285,
    "2011_Westcoast_Curling_Classic": 0.14285714285714285,
    "2011_Meyers_Norris_Penny_Charity_Classic": 0.14285714285714285,
    "2011_Sun_Life_Classic": 0.14285714285714285,
    "2011_Dauphin_Clinic_Pharmacy_Classic": 0.14285714285714285,
    "2011_Nova_Scotia_Scotties_Tournament_of_Hearts": 0.125,
    "2011_Boston_Pizza_Cup": 0.125,
    "2011_Canadian_Senior_Curling_Championships": 0.125,
    "2012_Canadian_Mixed_Curling_Championship": 0.125,
    "2011_Manitoba_Lotteries_Men's_Curling_Classic": 0.125,
    "2011_Royal_LePage_OVCA_Women's_Fall_Classic": 0.125,
    "2011_International_ZO_Women's_Tournament": 0.125,
    "2011_Edmonton_Indy": 0.125,
    "2011_Stockholm_Ladies_Cup": 0.125,
    "2011_BDO_Canadian_Open_of_Curling_(January)": 0.1111111111111111,
    "2011_World_Cup_of_Curling": 0.1111111111111111,
    "2011_BDO_Canadian_Open_of_Curling_(December)": 0.1111111111111111,
    "2011_Cloverdale_Cash_Spiel": 0.1111111111111111,
    "2011_Schmirler_Curling_Classic": 0.1111111111111111,
    "2011_Horizon_Laser_Vision_Center_Classic": 0.1111111111111111,
    "Autumn_Gold_Curling_Classic": 0.1,
    "2011_Tim_Hortons_Brier": 0.1,
    "2011_Capital_One_World_Women's_Curling_Championship": 0.1,
    "2011_Ontario_Scotties_Tournament_of_Hearts": 0.1,
    "2011_Ford_World_Men's_Curling_Championship": 0.09090909090909091,
    "2011_European_Curling_Championships_\u2013_Women's_tournament": 0.09090909090909091,
    "27th_Alberta_Legislative_Assembly": 0.07142857142857142
}