{
    "Conservatism_in_South_Korea": 1.0,
    "List_of_seowon": 0.14285714285714285,
    "Liberalism_in_South_Korea": 0.1111111111111111
}