{
    "International_League_Most_Valuable_Player_Award": 1.0,
    "Thomas_Ranken_Lyle_Medal": 0.16666666666666666,
    "National_Board_of_Review_Award_for_Best_Film": 0.16666666666666666,
    "Scott_Bradley_(baseball)": 0.043478260869565216
}