{
    "Never_Ending_Tour_2003": 1.0,
    "House_of_Blues_Tour_(M\u00fda_2003_Tour)": 0.5,
    "Unbreakable_Tour_(Westlife_concert_tour)": 0.3333333333333333,
    "Simply_Deeper_Tour": 0.3333333333333333,
    "Frustrated_Artist_Tour": 0.3333333333333333,
    "American_Idols_LIVE!_Tour_2003": 0.3333333333333333,
    "Bob_Dylan_World_Tour_1978": 0.3333333333333333,
    "Never_Ending_Tour_2000": 0.3333333333333333,
    "Never_Ending_Tour_1988": 0.3333333333333333,
    "Never_Ending_Tour_1989": 0.3333333333333333,
    "Never_Ending_Tour_2011": 0.3333333333333333,
    "Never_Ending_Tour_2010": 0.3333333333333333,
    "Never_Ending_Tour_2009": 0.3333333333333333,
    "Never_Ending_Tour_2008": 0.3333333333333333,
    "Never_Ending_Tour_2007": 0.3333333333333333,
    "Never_Ending_Tour_2006": 0.3333333333333333,
    "Never_Ending_Tour_2005": 0.3333333333333333,
    "Never_Ending_Tour_2004": 0.3333333333333333,
    "Never_Ending_Tour_2002": 0.3333333333333333,
    "Never_Ending_Tour_2001": 0.3333333333333333,
    "Never_Ending_Tour_1999": 0.3333333333333333,
    "Never_Ending_Tour_1998": 0.3333333333333333,
    "Never_Ending_Tour_1997": 0.3333333333333333,
    "Never_Ending_Tour_1996": 0.3333333333333333,
    "Never_Ending_Tour_1995": 0.3333333333333333,
    "Never_Ending_Tour_1994": 0.3333333333333333,
    "Never_Ending_Tour_1992": 0.3333333333333333,
    "Never_Ending_Tour_1991": 0.3333333333333333,
    "Never_Ending_Tour_1990": 0.3333333333333333,
    "Temples_in_Flames_Tour": 0.3333333333333333,
    "Elton_John_2003_Tour": 0.3333333333333333,
    "Never_Ending_Tour_2012": 0.3333333333333333,
    "Never_Ending_Tour_2013": 0.3333333333333333,
    "Top_of_the_World_Tour": 0.3333333333333333,
    "Riot_Act_Tour": 0.3333333333333333,
    "Bob_Dylan_World_Tour_1966": 0.25,
    "Rolling_Thunder_Revue": 0.25,
    "Kiss_My_Brass": 0.25,
    "World_Tour_of_the_Century": 0.25,
    "Never_Ending_Tour_1993": 0.25,
    "Bob_Dylan_1984_European_Tour": 0.25,
    "Vicious_Cycle_Tour": 0.25,
    "Bob_Dylan_Gospel_Tour": 0.25,
    "Up!_Tour": 0.25,
    "A_Reality_Tour": 0.25,
    "A_Rush_of_Blood_to_the_Head_Tour": 0.25,
    "Tour_of_the_Mongoose": 0.25,
    "Madly_in_Anger_with_the_World_Tour": 0.25,
    "Final_Straw_Tour": 0.2,
    "Face_to_Face_2003": 0.2,
    "Anita_Live!": 0.2,
    "Bob_Dylan_and_The_Band_1974_Tour": 0.2,
    "Justified_and_Stripped_Tour": 0.2,
    "Reason_UK_&_Ireland_Tour": 0.14285714285714285,
    "True_Confessions_Tour": 0.14285714285714285,
    "Living_Proof:_The_Farewell_Tour": 0.14285714285714285,
    "Anger_Management_Tour": 0.045454545454545456
}