{
    "Nocturnes_(Uh_Huh_Her_album)": 1.0,
    "Get_Your_Heart_On!": 0.3333333333333333,
    "The_Works_(Spiers_and_Boden_album)": 0.3333333333333333,
    "Veronica_Falls_(album)": 0.3333333333333333,
    "List_of_albums_released_in_2011": 0.25,
    "Charm_School_(Roxette_album)": 0.25,
    "Circle_Regenerated": 0.25,
    "All_Things_Bright_and_Beautiful_(album)": 0.25,
    "Director's_Cut_(Kate_Bush_album)": 0.25,
    "Icon_(Billy_Ray_Cyrus_album)": 0.25,
    "I_Am_the_Club_Rocker": 0.25,
    "A_Dramatic_Turn_of_Events": 0.25,
    "Unto_the_Locust": 0.25,
    "Grace_for_Drowning": 0.25,
    "The_Rip_Tide": 0.25,
    "The_Path_of_Totality": 0.25,
    "Audio,_Video,_Disco": 0.25,
    "Bad_as_Me": 0.25,
    "The_Awakening_(James_Morrison_album)": 0.25,
    "The_Reckoning_(Needtobreathe_album)": 0.25,
    "I_Am_the_Club_Rocker_Tour": 0.25,
    "Ritual_(White_Lies_album)": 0.2,
    "Wounded_Rhymes": 0.2,
    "Paper_Airplane_(album)": 0.2,
    "Angles_(The_Strokes_album)": 0.2,
    "Wasting_Light": 0.2,
    "Imaginaerum": 0.2,
    "2_(Black_Country_Communion_album)": 0.2,
    "Heritage_(Opeth_album)": 0.2,
    "Evanescence_(Evanescence_album)": 0.2,
    "Nothing_but_the_Beat": 0.2,
    "Thirteen_(Megadeth_album)": 0.2,
    "Someone_to_Watch_Over_Me_(album)": 0.2,
    "Ever_After_(Marianas_Trench_album)": 0.2,
    "Pull_Up_Some_Dust_and_Sit_Down": 0.2,
    "Worship_Music_(album)": 0.16666666666666666,
    "Black_and_White_America": 0.16666666666666666,
    "Screaming_Bloody_Murder": 0.16666666666666666,
    "Hardcore_Will_Never_Die,_But_You_Will": 0.16666666666666666,
    "So_Beautiful_or_So_What": 0.16666666666666666,
    "Endgame_(Rise_Against_album)": 0.16666666666666666,
    "The_Unforgiving": 0.16666666666666666,
    "The_King_of_Limbs": 0.16666666666666666,
    "Fly_from_Here": 0.16666666666666666,
    "Bon_Iver,_Bon_Iver": 0.16666666666666666,
    "Hard_Bargain_(Emmylou_Harris_album)": 0.16666666666666666,
    "I'm_with_You_(album)": 0.16666666666666666,
    "Sorry_for_Party_Rocking": 0.16666666666666666,
    "Ghost_on_the_Canvas": 0.16666666666666666,
    "Inedito": 0.16666666666666666,
    "50_Words_for_Snow": 0.16666666666666666,
    "Ceremonials": 0.16666666666666666,
    "Fallen_Empires_(album)": 0.16666666666666666,
    "Here_and_Now_(Nickelback_album)": 0.16666666666666666,
    "In_the_Spotlight": 0.16666666666666666,
    "El_Camino_(The_Black_Keys_album)": 0.16666666666666666,
    "\u00bfCon_Qui\u00e9n_Se_Queda_El_Perro?": 0.16666666666666666,
    "Goodbye_Lullaby": 0.14285714285714285,
    "Vices_&_Virtues": 0.14285714285714285,
    "Suck_It_and_See": 0.14285714285714285,
    "Making_Mirrors": 0.14285714285714285,
    "LP1_(Joss_Stone_album)": 0.14285714285714285,
    "Own_the_Night": 0.14285714285714285,
    "Collapse_into_Now": 0.125,
    "Let_England_Shake": 0.125,
    "Biophilia_(album)": 0.125,
    "Neighborhoods_(Blink-182_album)": 0.125,
    "Duets_II_(Tony_Bennett_album)": 0.125,
    "Hurry_Up,_We're_Dreaming": 0.125,
    "Metals_(album)": 0.125,
    "Future_History_(album)": 0.1111111111111111,
    "The_Boys_(Girls'_Generation_album)": 0.1111111111111111,
    "Mylo_Xyloto": 0.1,
    "When_the_Sun_Goes_Down_(Selena_Gomez_&_the_Scene_album)": 0.1,
    "Planet_Pit": 0.08333333333333333,
    "Stronger_(Kelly_Clarkson_album)": 0.08333333333333333,
    "Planet_Pit_World_Tour": 0.08333333333333333,
    "Love?": 0.07692307692307693,
    "Lulu_(Lou_Reed_and_Metallica_album)": 0.07692307692307693,
    "Unbroken_(Demi_Lovato_album)": 0.07692307692307693,
    "4_(Beyonc\u00e9_Knowles_album)": 0.07142857142857142,
    "National_Parks_Project": 0.07142857142857142,
    "The_R.E.D._Album": 0.06666666666666667,
    "Femme_Fatale_(Britney_Spears_album)": 0.06666666666666667,
    "Talk_That_Talk": 0.06666666666666667,
    "21_(Adele_album)": 0.0625,
    "Tha_Carter_IV": 0.058823529411764705,
    "Take_Care_(album)": 0.058823529411764705,
    "Watch_the_Throne": 0.047619047619047616,
    "Doggumentary": 0.045454545454545456
}