{
    "Liberty_Bowl": 1.0,
    "Music_City_Bowl": 0.3333333333333333,
    "Military_Bowl": 0.125,
    "Cactus_Bowl": 0.125,
    "Automatic_bids_to_college_bowl_games": 0.125,
    "Buffalo_Wild_Wings_Bowl": 0.125,
    "Belk_Bowl": 0.125,
    "Las_Vegas_Bowl": 0.125,
    "Tennessee_Collegiate_Athletic_Conference": 0.125,
    "New_Mexico_Bowl": 0.125,
    "Victory_Bowl": 0.1111111111111111,
    "Alamo_Bowl": 0.1111111111111111,
    "Armed_Forces_Bowl": 0.1111111111111111,
    "GoDaddy.com_Bowl": 0.1111111111111111,
    "KNVB_District_Cup": 0.1,
    "Oyster_Bowl": 0.1,
    "List_of_college_athletic_programs_in_Tennessee": 0.1,
    "Sun_Bowl": 0.1,
    "Russell_Athletic_Bowl": 0.1,
    "Holiday_Bowl": 0.1,
    "Hawaii_Bowl": 0.1,
    "BBVA_Compass_Bowl": 0.1,
    "Mineral_Water_Bowl": 0.1,
    "Copa_Venezuela": 0.09090909090909091,
    "Universiade": 0.09090909090909091,
    "Southeast_Asian_Games": 0.09090909090909091,
    "DRIVE4COPD_300": 0.09090909090909091,
    "World_Curling_Championships": 0.09090909090909091,
    "Canadian_National_Road_Race_Championships": 0.09090909090909091,
    "Outback_Bowl": 0.09090909090909091,
    "Famous_Idaho_Potato_Bowl": 0.09090909090909091,
    "Fight_Hunger_Bowl": 0.09090909090909091,
    "Budweiser_Duel": 0.09090909090909091,
    "Eindhoven_Marathon": 0.09090909090909091,
    "Bluebonnet_Bowl": 0.08333333333333333,
    "List_of_Liberty_Bowl_broadcasters": 0.08333333333333333,
    "List_of_Gator_Bowl_broadcasters": 0.08333333333333333,
    "UFC_107": 0.08333333333333333,
    "Orange_Bowl": 0.08333333333333333,
    "Capital_One_Bowl": 0.08333333333333333,
    "Gator_Bowl": 0.08333333333333333,
    "Ukrainian_Amateur_Cup": 0.08333333333333333,
    "Southern_States_Athletic_Conference": 0.08333333333333333,
    "Coke_Zero_400": 0.07692307692307693,
    "U.S._Open_of_Surfing": 0.07692307692307693,
    "Fiesta_Bowl": 0.07692307692307693,
    "Cotton_Bowl_Classic": 0.07692307692307693,
    "South_American_Junior_Championships_in_Athletics": 0.07692307692307693,
    "Chick-fil-A_Bowl": 0.07692307692307693,
    "Daytona_500": 0.07692307692307693,
    "Yugoslav_Basketball_Cup": 0.07692307692307693,
    "CEV_Champions_League": 0.07692307692307693,
    "Mt._SAC_Relays": 0.07142857142857142,
    "National_Women's_Lacrosse_League": 0.07142857142857142,
    "Noordzeecross": 0.07142857142857142,
    "Texas_Bowl": 0.07142857142857142,
    "Grantland_Rice_Bowl": 0.07142857142857142,
    "Koshien_Bowl": 0.07142857142857142,
    "1999_Conference_USA_Baseball_Tournament": 0.06666666666666667,
    "Donn_Handicap": 0.0625,
    "Conference_USA": 0.05263157894736842,
    "Southeastern_Conference": 0.047619047619047616,
    "American_Athletic_Conference": 0.045454545454545456,
    "Rose_Bowl_Game": 0.043478260869565216,
    "U.S._National_Indoor_Tennis_Championships": 0.041666666666666664
}