{
    "Sunbus_Sunshine_Coast": 1.0,
    "Thompsons_Bus_Service": 0.3333333333333333,
    "Westside_Bus_Company": 0.3333333333333333,
    "Brisbane_Transport": 0.2857142857142857,
    "Transdev_Queensland": 0.2857142857142857,
    "Logan_City_Bus_Service": 0.2857142857142857,
    "Surfside_Buslines": 0.25,
    "Hornibrook_Bus_Lines": 0.25,
    "Hunter_Mariners": 0.1111111111111111,
    "Aurealis_Award_for_best_horror_novel": 0.1111111111111111,
    "Perth_Glory_FC": 0.1,
    "Anzac_Day_clash": 0.07692307692307693,
    "Citytrain": 0.07692307692307693,
    "Adelaide_Rams": 0.07692307692307693,
    "Queensland_Rail": 0.0625
}