{
    "Temples_in_Flames_Tour": 1.0,
    "Sign_o'_the_Times_Tour": 0.3333333333333333,
    "Bob_Dylan_World_Tour_1978": 0.3333333333333333,
    "Never_Ending_Tour_2000": 0.3333333333333333,
    "Never_Ending_Tour_1988": 0.3333333333333333,
    "Never_Ending_Tour_1989": 0.3333333333333333,
    "Never_Ending_Tour_2011": 0.3333333333333333,
    "Never_Ending_Tour_2010": 0.3333333333333333,
    "Never_Ending_Tour_2009": 0.3333333333333333,
    "Never_Ending_Tour_2008": 0.3333333333333333,
    "Never_Ending_Tour_2007": 0.3333333333333333,
    "Never_Ending_Tour_2006": 0.3333333333333333,
    "Never_Ending_Tour_2005": 0.3333333333333333,
    "Never_Ending_Tour_2004": 0.3333333333333333,
    "Never_Ending_Tour_2003": 0.3333333333333333,
    "Never_Ending_Tour_2002": 0.3333333333333333,
    "Never_Ending_Tour_2001": 0.3333333333333333,
    "Never_Ending_Tour_1999": 0.3333333333333333,
    "Never_Ending_Tour_1998": 0.3333333333333333,
    "Never_Ending_Tour_1997": 0.3333333333333333,
    "Never_Ending_Tour_1996": 0.3333333333333333,
    "Never_Ending_Tour_1995": 0.3333333333333333,
    "Never_Ending_Tour_1994": 0.3333333333333333,
    "Never_Ending_Tour_1992": 0.3333333333333333,
    "Never_Ending_Tour_1991": 0.3333333333333333,
    "Never_Ending_Tour_1990": 0.3333333333333333,
    "Never_Ending_Tour_2012": 0.3333333333333333,
    "Never_Ending_Tour_2013": 0.3333333333333333,
    "Who's_That_Girl_World_Tour": 0.3333333333333333,
    "Bob_Dylan_World_Tour_1966": 0.25,
    "Rolling_Thunder_Revue": 0.25,
    "A_Night_of_Rapture_Tour": 0.25,
    "Raised_on_Radio_Tour": 0.25,
    "Lynyrd_Skynyrd_Tribute_Tour": 0.25,
    "Never_Ending_Tour_1993": 0.25,
    "Bob_Dylan_1984_European_Tour": 0.25,
    "Invisible_Touch_Tour": 0.25,
    "Bob_Dylan_Gospel_Tour": 0.25,
    "Bob_Dylan_and_The_Band_1974_Tour": 0.2,
    "True_Confessions_Tour": 0.14285714285714285,
    "Bad_(tour)": 0.0625
}