{
    "True_Confessions_Tour": 1.0,
    "Magic_Tour_(Queen)": 0.14285714285714285,
    "Under_the_Cherry_Moon_Tour": 0.14285714285714285,
    "List_of_awards_and_nominations_received_by_Tom_Petty": 0.14285714285714285,
    "Bob_Dylan_World_Tour_1978": 0.14285714285714285,
    "Never_Ending_Tour_2000": 0.14285714285714285,
    "Never_Ending_Tour_1988": 0.14285714285714285,
    "Never_Ending_Tour_1989": 0.14285714285714285,
    "Never_Ending_Tour_2011": 0.14285714285714285,
    "Never_Ending_Tour_2010": 0.14285714285714285,
    "Never_Ending_Tour_2009": 0.14285714285714285,
    "Never_Ending_Tour_2008": 0.14285714285714285,
    "Never_Ending_Tour_2007": 0.14285714285714285,
    "Never_Ending_Tour_2006": 0.14285714285714285,
    "Never_Ending_Tour_2005": 0.14285714285714285,
    "Never_Ending_Tour_2004": 0.14285714285714285,
    "Never_Ending_Tour_2003": 0.14285714285714285,
    "Never_Ending_Tour_2002": 0.14285714285714285,
    "Never_Ending_Tour_2001": 0.14285714285714285,
    "Never_Ending_Tour_1999": 0.14285714285714285,
    "Never_Ending_Tour_1998": 0.14285714285714285,
    "Never_Ending_Tour_1997": 0.14285714285714285,
    "Never_Ending_Tour_1996": 0.14285714285714285,
    "Never_Ending_Tour_1995": 0.14285714285714285,
    "Never_Ending_Tour_1994": 0.14285714285714285,
    "Never_Ending_Tour_1992": 0.14285714285714285,
    "Never_Ending_Tour_1991": 0.14285714285714285,
    "Never_Ending_Tour_1990": 0.14285714285714285,
    "Temples_in_Flames_Tour": 0.14285714285714285,
    "Never_Ending_Tour_2012": 0.14285714285714285,
    "Never_Ending_Tour_2013": 0.14285714285714285,
    "Bob_Dylan_World_Tour_1966": 0.125,
    "Rolling_Thunder_Revue": 0.125,
    "Asylum_Tour_(Kiss)": 0.125,
    "A_Night_of_Rapture_Tour": 0.125,
    "Raised_on_Radio_Tour": 0.125,
    "Ice_on_Fire_Tour": 0.125,
    "Never_Ending_Tour_1993": 0.125,
    "Bob_Dylan_1984_European_Tour": 0.125,
    "Up_All_Night:_The_Live_Tour": 0.125,
    "Invisible_Touch_Tour": 0.125,
    "Loud_Tour_Live_at_the_O2": 0.125,
    "Bob_Dylan_Gospel_Tour": 0.125,
    "Die_Band,_die_sie_Pferd_nannten": 0.1111111111111111,
    "The_I_Heart_Revolution:_With_Hearts_as_One": 0.1111111111111111,
    "Ayumi_Hamasaki_Arena_Tour_2006_A": 0.1111111111111111,
    "Bob_Dylan_and_The_Band_1974_Tour": 0.1111111111111111,
    "Ayumi_Hamasaki_Arena_Tour_2009_A:_Next_Level": 0.1,
    "En_Concert_Tour_(Aliz\u00e9e_tour)": 0.09090909090909091,
    "Lovers_Live": 0.09090909090909091,
    "Bruce_Springsteen_with_The_Sessions_Band:_Live_in_Dublin": 0.08333333333333333,
    "The_Black_Parade_Is_Dead!": 0.08333333333333333,
    "Bruce_Springsteen_&_The_E_Street_Band:_Live_in_New_York_City": 0.08333333333333333,
    "Black_Symphony": 0.08333333333333333,
    "Maiden_England": 0.08333333333333333,
    "Awesome_as_Fuck": 0.08333333333333333,
    "Let's_Get_to_It_Tour": 0.08333333333333333,
    "Live_at_Roseland:_Elements_of_4": 0.08333333333333333,
    "Appetite_for_Democracy": 0.08333333333333333,
    "Tangled_Up_Tour": 0.07692307692307693,
    "The_Katie_Melua_Collection": 0.07692307692307693,
    "Sticky_&_Sweet_Tour_(album)": 0.07692307692307693,
    "I_Am..._World_Tour_(album)": 0.07692307692307693,
    "Unplugged_(Alicia_Keys_album)": 0.07692307692307693,
    "Live_from_Paris_(Shakira_album)": 0.07692307692307693,
    "Bring_Me_Home:_Live_2011": 0.07692307692307693,
    "From_Janet_to_Damita_Jo:_The_Videos": 0.07692307692307693,
    "Greatest_Hits,_Vol._1_(Korn_album)": 0.07142857142857142,
    "Nothing_but_the_Best_(album)": 0.07142857142857142,
    "Death_on_the_Road": 0.07142857142857142,
    "Live_at_Wembley_(Beyonc\u00e9_Knowles_album)": 0.07142857142857142,
    "At_San_Quentin": 0.07142857142857142,
    "Rock_in_Rio_(album)": 0.06666666666666667,
    "Live_at_Reading": 0.06666666666666667,
    "En_Vivo!_(Iron_Maiden_album)": 0.06666666666666667,
    "Live_After_Death": 0.0625,
    "What_Will_the_Neighbours_Say...?_Tour": 0.0625,
    "Live_After_Death_(video)": 0.0625,
    "Cr\u00fce_Fest": 0.058823529411764705,
    "Live_at_the_Royal_Albert_Hall_(Adele_video)": 0.058823529411764705,
    "Concerto:_One_Night_in_Central_Park": 0.058823529411764705,
    "White_Diamond:_A_Personal_Portrait_of_Kylie_Minogue": 0.05555555555555555,
    "Super_Bowl_XLII": 0.05555555555555555,
    "Out_of_Control_Tour": 0.05263157894736842,
    "Concerto_for_Group_and_Orchestra": 0.041666666666666664,
    "The_Big_Four:_Live_from_Sofia,_Bulgaria": 0.04
}