{
    "List_of_Elton_John_and_Ray_Cooper_concert_tours": 1.0,
    "List_of_Down_with_Webster_concert_tours": 0.5,
    "Jackie_Evancho_concert_tours": 0.5,
    "Loreen_Tour": 0.5,
    "List_of_Pierce_the_Veil_concert_tours": 0.5,
    "List_of_Bj\u00f6rk_concert_tours": 0.3333333333333333,
    "List_of_Christina_Aguilera_performances": 0.3333333333333333,
    "List_of_Iron_Maiden_concert_tours": 0.3333333333333333,
    "2008_European_Vacation_Tour": 0.3333333333333333,
    "List_of_Metallica_concert_tours": 0.3333333333333333,
    "List_of_The_Veronicas_concert_tours": 0.3333333333333333,
    "Paul_McCartney_concerts": 0.3333333333333333,
    "List_of_highest-grossing_concert_tours": 0.3333333333333333,
    "List_of_Avril_Lavigne_concert_tours": 0.3333333333333333,
    "List_of_A_Day_to_Remember_concert_tours": 0.3333333333333333,
    "Hilary_Duff_concert_tours": 0.3333333333333333,
    "The_Stone_Roses_live_performances": 0.3333333333333333,
    "The_Who_Tour_1972": 0.3333333333333333,
    "Enjoy_Yourself_Tour": 0.3333333333333333,
    "The_Who_1964_performances": 0.3333333333333333,
    "List_of_The_Who_tours_and_performances": 0.3333333333333333,
    "List_of_Kelly_Clarkson_concert_tours": 0.3333333333333333,
    "Elton_John_1970_World_Tour": 0.3333333333333333,
    "Made_in_England_Tour": 0.3333333333333333,
    "Breaking_Hearts_Tour": 0.3333333333333333,
    "European_Express_Tour": 0.3333333333333333,
    "Too_Low_for_Zero_Tour": 0.3333333333333333,
    "Jump_Up_Tour": 0.3333333333333333,
    "An_Evening_with_Elton_John": 0.3333333333333333,
    "The_Union_Tour": 0.3333333333333333,
    "Stately_Home_Tour": 0.3333333333333333,
    "Elton_John_2006_European_Tour": 0.3333333333333333,
    "Elton_John_2004_Tour": 0.3333333333333333,
    "List_of_Avril_Lavigne_promotional_tours": 0.3333333333333333,
    "Elton_John_2010_European_Tour": 0.3333333333333333,
    "List_of_Kelly_Clarkson_promotional_tours": 0.3333333333333333,
    "Elton_John_2003_Tour": 0.3333333333333333,
    "List_of_Jessie_J_concert_tours": 0.3333333333333333,
    "Queen_II_Tour": 0.3333333333333333,
    "The_BK_Got_Soul_Tour": 0.3333333333333333,
    "List_of_Kylie_Minogue_concert_tours": 0.3333333333333333,
    "Phish_tours": 0.3333333333333333,
    "Post_Tour": 0.3333333333333333,
    "Escape_from_the_Studio_'06": 0.3333333333333333,
    "List_of_Tool_concert_tours": 0.3333333333333333,
    "List_of_Aerosmith_concert_tours": 0.3333333333333333,
    "List_of_Ashlee_Simpson_concert_tours": 0.25,
    "Mallu_Magalh\u00e3es_concert_tours": 0.25,
    "Sleeping_with_the_Past_Tour": 0.25,
    "Ice_on_Fire_Tour": 0.25,
    "Medusa_Tour": 0.25,
    "Peachtree_Road_Tour": 0.25,
    "Songs_from_the_West_Coast_Tour": 0.25,
    "Greatest_Hits_Tour_(Elton_John)": 0.25,
    "40th_Anniversary_of_the_Rocket_Man": 0.25,
    "List_of_Nirvana_concerts": 0.25,
    "The_Diving_Board_Tour": 0.25,
    "Face_to_Face_1994": 0.2,
    "Face_to_Face_1995": 0.2,
    "Face_to_Face_1998": 0.2,
    "Face_to_Face_2001": 0.2,
    "The_Captain_and_the_Kid_Tour": 0.2,
    "Face_to_Face_2009": 0.2,
    "Face_to_Face_2003": 0.2,
    "Face_to_Face_2002": 0.2,
    "List_of_the_Beatles'_live_performances": 0.2,
    "Rocket_Man:_Greatest_Hits_Live": 0.16666666666666666,
    "Face_to_Face_2010": 0.14285714285714285,
    "List_of_2NE1_concert_tours": 0.14285714285714285,
    "List_of_TVXQ_concert_tours": 0.14285714285714285
}