{
    "Tom_Walkinshaw_Racing": 1.0,
    "West_Competition": 0.4,
    "Pacific_Racing": 0.2727272727272727,
    "Onyx_Grand_Prix": 0.2222222222222222,
    "Bamboo_Engineering": 0.2,
    "Forti": 0.18181818181818182,
    "March_Engineering": 0.16666666666666666,
    "Qatar_World_Rally_Team": 0.16666666666666666,
    "Project_Four_Racing": 0.16666666666666666,
    "BMS_Scuderia_Italia": 0.15384615384615385,
    "British_Racing_Partnership": 0.15384615384615385,
    "Rondel_Racing": 0.14285714285714285,
    "Sauber": 0.14285714285714285,
    "Super_Nova_Racing": 0.14285714285714285,
    "Reg_Parnell_Racing": 0.14285714285714285,
    "RAM_Racing": 0.125,
    "ISport_International": 0.125,
    "Red_Bull_Junior_Team": 0.125,
    "Simtek": 0.1111111111111111,
    "Redline_Racing": 0.1111111111111111,
    "Hesketh_Racing": 0.1111111111111111,
    "Toleman": 0.1111111111111111,
    "Rob_Walker_Racing_Team": 0.1111111111111111,
    "Aston_Martin": 0.10526315789473684,
    "DAMS": 0.1,
    "Ensign_Racing": 0.1,
    "Merzario": 0.1,
    "Embassy_Hill": 0.1,
    "Footwork_Arrows": 0.1,
    "Stewart_Grand_Prix": 0.09090909090909091,
    "JBW": 0.09090909090909091,
    "Ecurie_Bonnier": 0.09090909090909091,
    "SEAT_Sport": 0.09090909090909091,
    "Frank_Williams_Racing_Cars_Grand_Prix_results": 0.09090909090909091,
    "Vanwall": 0.09090909090909091,
    "Jaguar_Racing": 0.08333333333333333,
    "Atech_Grand_Prix": 0.08333333333333333,
    "Minardi": 0.08333333333333333,
    "Draco_Racing": 0.08333333333333333,
    "Flying_Lizard_Motorsports": 0.07692307692307693,
    "Connaught_Engineering": 0.07692307692307693,
    "British_American_Racing": 0.07692307692307693,
    "CRS_Racing": 0.07692307692307693,
    "Surtees": 0.07692307692307693,
    "Alan_Docking_Racing": 0.07692307692307693,
    "Arrows_Grand_Prix_International": 0.07692307692307693,
    "Red_Bull_Racing": 0.07142857142857142,
    "Osella": 0.07142857142857142,
    "Automobiles_Gonfaronnaises_Sportives": 0.07142857142857142,
    "Hersham_and_Walton_Motors": 0.07142857142857142,
    "Gilby_Engineering": 0.07142857142857142,
    "Manor_Motorsport": 0.07142857142857142,
    "O.S.C.A.": 0.07142857142857142,
    "Enzo_Coloni_Racing_Car_Systems": 0.06666666666666667,
    "McLaren": 0.06666666666666667,
    "Equipe_Ligier": 0.06666666666666667,
    "Scuderia_Coloni": 0.06666666666666667,
    "Zakspeed": 0.0625,
    "English_Racing_Automobiles": 0.0625,
    "British_Racing_Motors": 0.0625,
    "Benetton_Formula": 0.058823529411764705,
    "Brabham": 0.058823529411764705,
    "Shadow_Grand_Prix_results": 0.05555555555555555,
    "Lola_Cars": 0.05555555555555555
}