{
    "2011_CME_Group_Titleholders": 1.0,
    "2011_Ford_400": 0.25,
    "2011_LPGA_Championship": 0.2,
    "2012_CME_Group_Titleholders": 0.2,
    "2013_CME_Group_Titleholders": 0.2,
    "2011_Kraft_Nabisco_Championship": 0.18181818181818182,
    "2011_U.S._Women's_Open_Golf_Championship": 0.15384615384615385,
    "2011_LPGA_Tour": 0.14285714285714285,
    "2011_LPGA_of_Korea_Tour": 0.14285714285714285,
    "2011_LPGA_Futures_Tour": 0.14285714285714285,
    "2011_Budweiser_Shootout": 0.125,
    "2011_Tampa_Bay_Rays_season": 0.125,
    "2011_Florida_Marlins_season": 0.125,
    "2011_Miami_Hurricanes_football_team": 0.125,
    "2011_Gatorade_Duels": 0.125,
    "2011_UCF_Knights_football_team": 0.125,
    "2011_Ladies_European_Tour": 0.125,
    "2011_Jacksonville_Dolphins_football_team": 0.125,
    "2011_Bethune-Cookman_Wildcats_football_team": 0.125,
    "2011_Florida_A&M_Rattlers_football_team": 0.125,
    "2011_LPGA_of_Japan_Tour": 0.125,
    "2010\u201311_Orlando_Magic_season": 0.1111111111111111,
    "2011_Daytona_500": 0.1111111111111111,
    "2011_South_Florida_Bulls_football_team": 0.1111111111111111,
    "2011_Florida_State_Seminoles_football_team": 0.1111111111111111,
    "2011_Orlando_City_S.C._season": 0.1111111111111111,
    "2011_Fort_Lauderdale_Strikers_season": 0.1111111111111111,
    "2011_Florida_Atlantic_Owls_football_team": 0.1111111111111111,
    "2011_FIU_Panthers_football_team": 0.1111111111111111,
    "2011_Florida_Gators_football_team": 0.1111111111111111,
    "2011\u201312_Orlando_Magic_season": 0.1111111111111111,
    "2011_Kobalt_Tools_500": 0.1111111111111111,
    "2011_New_York_City_Marathon": 0.1111111111111111,
    "Tavistock_Cup": 0.1111111111111111,
    "2008_WGC-CA_Championship": 0.1,
    "2009_WGC-CA_Championship": 0.1,
    "2010_WGC-CA_Championship": 0.1,
    "2010\u201311_Florida_Panthers_season": 0.1,
    "2010\u201311_Tampa_Bay_Lightning_season": 0.1,
    "2010\u201311_Miami_Heat_season": 0.1,
    "2011\u201312_Tampa_Bay_Lightning_season": 0.1,
    "2011\u201312_Florida_Panthers_season": 0.1,
    "2011_12_Hours_of_Sebring": 0.1,
    "2011_WGC-Cadillac_Championship": 0.1,
    "2011_Honda_Grand_Prix_of_St._Petersburg": 0.1,
    "2011_Players_Championship": 0.1,
    "2011_Women's_British_Open": 0.1,
    "2011\u201312_South_Florida_Bulls_men's_basketball_team": 0.1,
    "1987_PGA_Championship": 0.09090909090909091,
    "2007_WGC-CA_Championship": 0.09090909090909091,
    "2011_Sony_Ericsson_Open": 0.09090909090909091,
    "2011\u201312_Miami_Heat_season": 0.09090909090909091,
    "2011_NCAA_Division_I_Men's_Soccer_Championship": 0.09090909090909091,
    "2012_WGC-Cadillac_Championship": 0.09090909090909091,
    "2011_Florida_Gators_baseball_team": 0.09090909090909091,
    "2013_WGC-Cadillac_Championship": 0.09090909090909091,
    "Manny_Pacquiao_vs._Juan_Manuel_Marquez_III": 0.08333333333333333,
    "ADT_Championship": 0.08333333333333333,
    "1971_PGA_Championship": 0.07692307692307693,
    "2011_Pan_American_Junior_Athletics_Championships": 0.07692307692307693,
    "Liberty_Mutual_Insurance_Legends_of_Golf": 0.07692307692307693,
    "1969_U.S._Women's_Open_Golf_Championship": 0.07142857142857142,
    "2011_Big_East_Conference_Baseball_Tournament": 0.07142857142857142,
    "1964_Women's_Western_Open": 0.07142857142857142,
    "Web.com_Tour_Championship": 0.0625,
    "2011_NBA_Finals": 0.05263157894736842
}