{
    "Albanian_Superliga": 1.0,
    "Albanian_First_Division": 0.16666666666666666,
    "Albanian_Second_Division": 0.16666666666666666,
    "Premier_League_of_Bosnia_and_Herzegovina": 0.16666666666666666,
    "Kazakhstan_Premier_League": 0.16666666666666666,
    "Armenian_Premier_League": 0.16666666666666666,
    "Gambrinus_Liga": 0.14285714285714285,
    "Ekstraklasa": 0.14285714285714285,
    "Luxembourg_National_Division": 0.14285714285714285,
    "NIFL_Premiership": 0.14285714285714285,
    "Israeli_Premier_League": 0.14285714285714285,
    "Latvian_Higher_League": 0.14285714285714285,
    "Azerbaijan_Premier_League": 0.125,
    "Cypriot_First_Division": 0.125,
    "Campionato_Sammarinese_di_Calcio": 0.125,
    "Nemzeti_Bajnoks\u00e1g_I": 0.125,
    "Bulgarian_A_Football_Group": 0.125,
    "First_Macedonian_Football_League": 0.125,
    "Montenegrin_First_League": 0.125,
    "Football_Superleague_of_Kosovo": 0.125,
    "Ligue_1": 0.1111111111111111,
    "Premier_League": 0.1111111111111111,
    "Eredivisie": 0.1111111111111111,
    "Belgian_Pro_League": 0.1111111111111111,
    "Prva_HNL": 0.1111111111111111,
    "Serie_A": 0.1111111111111111,
    "Netherlands_Football_League_Championship": 0.1111111111111111,
    "A_Lyga": 0.1111111111111111,
    "Slovenian_PrvaLiga": 0.1111111111111111,
    "Moldovan_National_Division": 0.1111111111111111,
    "Serbian_SuperLiga": 0.1111111111111111,
    "Bundesliga": 0.1111111111111111,
    "Primeira_Liga": 0.1111111111111111,
    "Allsvenskan": 0.1,
    "S\u00fcper_Lig": 0.1,
    "Veikkausliiga": 0.1,
    "Austrian_Football_Bundesliga": 0.1,
    "Swiss_Super_League": 0.1,
    "Belarusian_Premier_League": 0.1,
    "La_Liga": 0.1,
    "Scottish_Premiership_(association_football)": 0.1,
    "Liga_I": 0.1,
    "Tippeligaen": 0.1,
    "Russian_Football_Premier_League": 0.09090909090909091,
    "Meistriliiga": 0.09090909090909091,
    "League_of_Ireland_Premier_Division": 0.09090909090909091,
    "Superleague_Greece": 0.08333333333333333,
    "List_of_Ukrainian_Premier_League_broadcasters": 0.08333333333333333
}