{
    "2012\u201313_in_Russian_football": 1.0,
    "2008_in_Russian_football": 0.3333333333333333,
    "2005_in_Russian_football": 0.3333333333333333,
    "2011\u201312_in_Russian_football": 0.3333333333333333,
    "2006_in_Russian_football": 0.3333333333333333,
    "2004_in_Russian_football": 0.3333333333333333,
    "2003_in_Russian_football": 0.3333333333333333,
    "2002_in_Russian_football": 0.3333333333333333,
    "2001_in_Russian_football": 0.3333333333333333,
    "2000_in_Russian_football": 0.3333333333333333,
    "1999_in_Russian_football": 0.3333333333333333,
    "1998_in_Russian_football": 0.3333333333333333,
    "2007_in_Russian_football": 0.3333333333333333,
    "2012\u201313_Russian_Cup": 0.25,
    "2013_Commonwealth_of_Independent_States_Cup": 0.2,
    "2012_Amputee_Football_World_Cup": 0.125,
    "2014_FIFA_World_Cup_qualification_\u2013_UEFA_Group_F": 0.07142857142857142
}