{
    "Hokkaido_Television_Broadcasting": 1.0,
    "Hokkaido_Broadcasting": 0.3333333333333333,
    "Kumamoto_Asahi_Broadcasting": 0.3333333333333333,
    "Niigata_Sogo_Television": 0.3,
    "The_Niigata_Television_Network_21": 0.3,
    "Television_Hokkaido": 0.3,
    "TV_Shizuoka": 0.3,
    "Asahi_Broadcasting_Nagano": 0.2727272727272727,
    "Hokuriku_Asahi_Broadcasting": 0.2727272727272727,
    "Fukui_Broadcasting": 0.23076923076923078,
    "Hokkaido_Cultural_Broadcasting": 0.2222222222222222,
    "TV._Shinshu": 0.2222222222222222,
    "Ishikawa_TV": 0.2222222222222222,
    "UHF_Television_Yamanashi": 0.2,
    "TV_Miyazaki": 0.2,
    "Sapporo_Television_Broadcasting": 0.2,
    "Toyama_Television": 0.2,
    "Fukuoka_Broadcasting_Corporation": 0.2,
    "Nagano_Broadcasting_Systems": 0.2,
    "TV_Kanazawa": 0.2,
    "Kagoshima_Yomiuri_Television": 0.18181818181818182,
    "Television_Niigata_Network": 0.18181818181818182,
    "Tulip_Television": 0.18181818181818182,
    "Kyushu_Asahi_Broadcasting": 0.18181818181818182,
    "TVQ_Kyushu_Broadcasting": 0.18181818181818182,
    "Ryukyu_Asahi_Broadcasting": 0.18181818181818182,
    "Oita_Asahi_Broadcasting": 0.18181818181818182,
    "Broadcasting_System_of_Niigata": 0.16666666666666666,
    "Television_Nishinippon_Corporation": 0.15384615384615385,
    "All-Nippon_News_Network": 0.125,
    "Nippon_Television_Network_System": 0.125,
    "2012_in_Japanese_television": 0.125,
    "Fuji_Network_System": 0.1111111111111111,
    "KLVX": 0.1,
    "T\u014dkai_Television_Broadcasting": 0.09090909090909091,
    "Gala_TV_(Mexico)": 0.09090909090909091,
    "Shin-etsu_Broadcasting": 0.09090909090909091,
    "Television_Aichi_Broadcasting": 0.08333333333333333,
    "Nagoya_Broadcasting_Network": 0.08333333333333333,
    "Kitanihon_Broadcasting": 0.08333333333333333,
    "Okinawa_Television": 0.08333333333333333,
    "Shizuoka_Broadcasting_System": 0.07692307692307693,
    "Fukui_Television_Broadcasting": 0.07692307692307693,
    "Kentucky_Educational_Television": 0.07692307692307693,
    "Oita_Broadcasting_System": 0.07692307692307693,
    "AT-X_(company)": 0.07142857142857142,
    "RKB_Mainichi_Broadcasting": 0.07142857142857142,
    "Yamanashi_Broadcasting_System": 0.07142857142857142,
    "Hokuriku_Broadcasting_Company": 0.06666666666666667
}