{
    "List_of_lesbian,_gay,_bisexual_or_transgender-related_films_of_2012": 1.0,
    "2012_in_amusement_parks": 0.2,
    "List_of_albums_released_in_2012": 0.16666666666666666,
    "RuPaul's_Drag_Race_(season_4)": 0.16666666666666666,
    "List_of_The_Daily_Show_guests_(2012)": 0.16666666666666666,
    "List_of_horror_films_of_2012": 0.16666666666666666,
    "List_of_lesbian,_gay,_bisexual_or_transgender-related_films_of_1989": 0.16666666666666666,
    "List_of_lesbian,_gay,_bisexual_or_transgender-related_films_of_1988": 0.16666666666666666,
    "List_of_lesbian,_gay,_bisexual_or_transgender-related_films_of_1987": 0.16666666666666666,
    "List_of_lesbian,_gay,_bisexual_or_transgender-related_films_of_1986": 0.16666666666666666,
    "List_of_lesbian,_gay,_bisexual_or_transgender-related_films_of_1985": 0.16666666666666666,
    "List_of_lesbian,_gay,_bisexual_or_transgender-related_films_of_1984": 0.16666666666666666,
    "List_of_lesbian,_gay,_bisexual_or_transgender-related_films_of_1983": 0.16666666666666666,
    "List_of_lesbian,_gay,_bisexual_or_transgender-related_films_of_1982": 0.16666666666666666,
    "List_of_lesbian,_gay,_bisexual_or_transgender-related_films_of_1980": 0.16666666666666666,
    "January_22\u201323,_2012_tornado_outbreak": 0.14285714285714285,
    "List_of_ship_launches_in_2012": 0.14285714285714285,
    "List_of_lesbian,_gay,_bisexual_or_transgender-related_films_of_2010": 0.14285714285714285,
    "List_of_lesbian,_gay,_bisexual_or_transgender-related_films_of_2009": 0.14285714285714285,
    "List_of_lesbian,_gay,_bisexual_or_transgender-related_films_of_2008": 0.14285714285714285,
    "List_of_lesbian,_gay,_bisexual_or_transgender-related_films_of_2007": 0.14285714285714285,
    "List_of_lesbian,_gay,_bisexual_or_transgender-related_films_of_2006": 0.14285714285714285,
    "List_of_lesbian,_gay,_bisexual_or_transgender-related_films_of_2005": 0.14285714285714285,
    "List_of_lesbian,_gay,_bisexual_or_transgender-related_films_of_1999": 0.14285714285714285,
    "List_of_lesbian,_gay,_bisexual_or_transgender-related_films_of_1998": 0.14285714285714285,
    "List_of_lesbian,_gay,_bisexual_or_transgender-related_films_of_1997": 0.14285714285714285,
    "List_of_lesbian,_gay,_bisexual_or_transgender-related_films_of_1996": 0.14285714285714285,
    "List_of_lesbian,_gay,_bisexual_or_transgender-related_films_of_1995": 0.14285714285714285,
    "List_of_lesbian,_gay,_bisexual_or_transgender-related_films_of_1994": 0.14285714285714285,
    "List_of_lesbian,_gay,_bisexual_or_transgender-related_films_of_1993": 0.14285714285714285,
    "List_of_lesbian,_gay,_bisexual_or_transgender-related_films_of_1992": 0.14285714285714285,
    "List_of_lesbian,_gay,_bisexual_or_transgender-related_films_of_1991": 0.14285714285714285,
    "List_of_lesbian,_gay,_bisexual_or_transgender-related_films_of_1979": 0.14285714285714285,
    "List_of_lesbian,_gay,_bisexual_or_transgender-related_films_of_1978": 0.14285714285714285,
    "List_of_lesbian,_gay,_bisexual_or_transgender-related_films_of_1977": 0.14285714285714285,
    "List_of_lesbian,_gay,_bisexual_or_transgender-related_films_of_1976": 0.14285714285714285,
    "List_of_lesbian,_gay,_bisexual_or_transgender-related_films_of_1974": 0.14285714285714285,
    "List_of_lesbian,_gay,_bisexual_or_transgender-related_films_of_1971": 0.14285714285714285,
    "List_of_lesbian,_gay,_bisexual_or_transgender-related_films_of_1968": 0.14285714285714285,
    "List_of_lesbian,_gay,_bisexual_or_transgender-related_films_of_2013": 0.14285714285714285,
    "24th_Lambda_Literary_Awards": 0.14285714285714285,
    "List_of_European_tornadoes_in_2012": 0.125,
    "Maine_Question_1,_2012": 0.125,
    "List_of_lesbian,_gay,_bisexual_or_transgender-related_films_of_2003": 0.125,
    "List_of_lesbian,_gay,_bisexual_or_transgender-related_films_of_2002": 0.125,
    "List_of_lesbian,_gay,_bisexual_or_transgender-related_films_of_2001": 0.125,
    "List_of_lesbian,_gay,_bisexual_or_transgender-related_films_of_2000": 0.125,
    "List_of_lesbian,_gay,_bisexual_or_transgender-related_films_of_1970": 0.125,
    "List_of_animated_feature_films_of_2012": 0.125,
    "Washington_Referendum_74": 0.1111111111111111,
    "List_of_animated_television_series_of_2012": 0.1111111111111111,
    "Minnesota_Amendment_1": 0.1111111111111111,
    "23rd_GLAAD_Media_Awards": 0.1,
    "Maryland_Question_6": 0.1,
    "List_of_terrorist_incidents,_January\u2013June_2012": 0.08333333333333333,
    "List_of_terrorist_incidents,_July\u2013December_2012": 0.08333333333333333,
    "ParaNorman": 0.022727272727272728,
    "The_Perks_of_Being_a_Wallflower_(film)": 0.022222222222222223,
    "Cloud_Atlas_(film)": 0.013333333333333334
}