{
    "2012_Honda_Indy_200_at_Mid-Ohio": 1.0,
    "2012_GoPro_Indy_Grand_Prix_of_Sonoma": 0.3333333333333333,
    "2012_WGC-Bridgestone_Invitational": 0.2857142857142857,
    "2012_Western_&_Southern_Open": 0.25,
    "2003_Champ_Car_Grand_Prix_of_Mid-Ohio": 0.16666666666666666,
    "2002_CART_Grand_Prix_of_Mid-Ohio": 0.16666666666666666,
    "2012_Cleveland_Indians_season": 0.16666666666666666,
    "2012_Cleveland_Browns_season": 0.16666666666666666,
    "2012_Cincinnati_Bengals_season": 0.16666666666666666,
    "2012_Dayton_Flyers_football_team": 0.16666666666666666,
    "2012_Youngstown_State_Penguins_football_team": 0.16666666666666666,
    "2007_Honda_200": 0.14285714285714285,
    "2008_Honda_200": 0.14285714285714285,
    "2009_Honda_200": 0.14285714285714285,
    "2010_Honda_Indy_200": 0.14285714285714285,
    "2011\u201312_Cleveland_Cavaliers_season": 0.14285714285714285,
    "2012_Columbus_Crew_season": 0.14285714285714285,
    "2012_Cincinnati_Reds_season": 0.14285714285714285,
    "2012_Ohio_State_Buckeyes_football_team": 0.14285714285714285,
    "2012_Dayton_Dutch_Lions_season": 0.14285714285714285,
    "2012_Big_Ten_Conference_Baseball_Tournament": 0.14285714285714285,
    "2012_Indy_Grand_Prix_of_Alabama": 0.14285714285714285,
    "2012_Toyota_Grand_Prix_of_Long_Beach": 0.14285714285714285,
    "2012_Akron_Zips_football_team": 0.14285714285714285,
    "2012_Bowling_Green_Falcons_football_team": 0.14285714285714285,
    "2012_Kent_State_Golden_Flashes_football_team": 0.14285714285714285,
    "2012_Miami_RedHawks_football_team": 0.14285714285714285,
    "2012_Toledo_Rockets_football_team": 0.14285714285714285,
    "2012_S\u00e3o_Paulo_Indy_300": 0.14285714285714285,
    "2012_Firestone_550": 0.14285714285714285,
    "2012_Milwaukee_IndyFest": 0.14285714285714285,
    "2012_MAVTV_500_IndyCar_World_Championships": 0.14285714285714285,
    "2012_Mid-American_Conference_Baseball_Tournament": 0.14285714285714285,
    "2012\u201313_Cleveland_Cavaliers_season": 0.14285714285714285,
    "2012_Pennsylvania_400": 0.14285714285714285,
    "2012_Finger_Lakes_355_at_The_Glen": 0.14285714285714285,
    "2012_Pure_Michigan_400": 0.14285714285714285,
    "2012_IndyCar_Series_season": 0.125,
    "2011\u201312_Columbus_Blue_Jackets_season": 0.125,
    "2012_Indianapolis_500": 0.125,
    "2012_Honda_Grand_Prix_of_St._Petersburg": 0.125,
    "2012_PGA_Championship": 0.125,
    "2012_Ohio_Bobcats_football_team": 0.125,
    "2012_Chevrolet_Detroit_Belle_Isle_Grand_Prix": 0.125,
    "2012\u201313_Columbus_Blue_Jackets_season": 0.125,
    "2012_Honda_Indy_Toronto": 0.125,
    "2012_Winston-Salem_Open": 0.125,
    "2012_Edmonton_Indy": 0.125,
    "2012_Tour_of_Utah": 0.125,
    "2012_Indianapolis_motorcycle_Grand_Prix": 0.125,
    "2012_USA_Pro_Cycling_Challenge": 0.125,
    "2012_Grand_Prix_of_Baltimore": 0.125,
    "2012_Cincinnati_Bearcats_football_team": 0.1111111111111111,
    "2012_US_Open_(tennis)": 0.08333333333333333
}