{
    "List_of_music_video_games": 1.0,
    "List_of_most_expensive_video_games_to_develop": 0.25,
    "DJMax": 0.2,
    "Tap_Tap_Revenge": 0.14285714285714285,
    "Riddim_Ribbon": 0.14285714285714285,
    "Lips:_Party_Classics": 0.125,
    "Lips:_I_Love_the_80's": 0.125,
    "Utatchi": 0.1111111111111111,
    "Rocksmith": 0.1,
    "Dance_Central_2": 0.1,
    "Just_Dance:_Summer_Party": 0.1,
    "Ultimate_Band": 0.09090909090909091,
    "Rock_Revolution": 0.09090909090909091,
    "Just_Dance_2": 0.09090909090909091,
    "Dance_Central_3": 0.09090909090909091,
    "The_Hip_Hop_Dance_Experience": 0.09090909090909091,
    "List_of_songs_in_Guitar_Hero_Encore:_Rocks_the_80s": 0.08333333333333333,
    "Def_Jam_Rapstar": 0.08333333333333333,
    "Just_Dance_(video_game)": 0.08333333333333333,
    "The_Black_Eyed_Peas_Experience": 0.08333333333333333,
    "Just_Dance:_Best_Of": 0.08333333333333333,
    "Jewelpet:_Magical_Dance_in_Style_Deco!": 0.08333333333333333,
    "Daigasso!_Band_Brothers": 0.07692307692307693,
    "Dance_on_Broadway": 0.07692307692307693,
    "Rocksmith_2014": 0.07692307692307693,
    "Just_Dance_Kids_2014": 0.07692307692307693,
    "ABBA:_You_Can_Dance": 0.07142857142857142,
    "Just_Dance_Kids_2": 0.07142857142857142,
    "The_Smurfs_Dance_Party": 0.06666666666666667,
    "Just_Dance:_Disney_Party": 0.06666666666666667,
    "Zumba_Fitness:_World_Party": 0.0625,
    "Just_Dance_4": 0.058823529411764705,
    "Samba_de_Amigo": 0.058823529411764705,
    "Guitar_Hero_Smash_Hits": 0.05555555555555555,
    "Just_Dance_2014": 0.05555555555555555,
    "Guitar_Hero:_Van_Halen": 0.047619047619047616,
    "Taiko_no_Tatsujin_DS": 0.045454545454545456,
    "Band_Hero": 0.045454545454545456,
    "Metcha!_Taiko_no_Tatsujin_DS:_Nanatsu_no_Shima_no_Daibouken": 0.045454545454545456,
    "Taiko_no_Tatsujin_Wii": 0.045454545454545456,
    "Taiko_no_Tatsujin_Wii:_Do_Don_to_Nidaime": 0.045454545454545456,
    "Taiko_no_Tatsujin_(iOS)": 0.045454545454545456,
    "Taiko_no_Tatsujin:_Portable": 0.045454545454545456,
    "Taiko_no_Tatsujin:_Waku_Waku_Anime_Matsuri": 0.045454545454545456,
    "Taiko_no_Tatsujin_DS:_Dororon!_Yokai_Daikessen!!": 0.045454545454545456,
    "Taiko_no_Tatsujin_Plus": 0.045454545454545456,
    "Taiko_no_Tatsujin_14": 0.045454545454545456,
    "Taiko_no_Tatsujin_Wii:_Minna_de_Party_Sandaime": 0.045454545454545456,
    "Taiko_no_Tatsujin:_Portable_DX": 0.045454545454545456,
    "Taiko_no_Tatsujin_Wii:_Kettei-Ban": 0.045454545454545456,
    "Michael_Jackson:_The_Experience": 0.041666666666666664
}