{
    "2012_GoPro_Indy_Grand_Prix_of_Sonoma": 1.0,
    "2012_Toyota_Grand_Prix_of_Long_Beach": 0.3333333333333333,
    "2012_MAVTV_500_IndyCar_World_Championships": 0.3333333333333333,
    "2012_Honda_Indy_200_at_Mid-Ohio": 0.3333333333333333,
    "GoPro_Indy_Grand_Prix_of_Sonoma": 0.2,
    "2012_Chivas_USA_season": 0.16666666666666666,
    "2012_Los_Angeles_Angels_of_Anaheim_season": 0.16666666666666666,
    "2012_San_Diego_Padres_season": 0.16666666666666666,
    "2012_UCLA_Bruins_football_team": 0.16666666666666666,
    "2012_Los_Angeles_Sparks_season": 0.16666666666666666,
    "2012_California_Golden_Bears_baseball_team": 0.16666666666666666,
    "2012_USC_Trojans_football_team": 0.16666666666666666,
    "2012_California_Golden_Bears_football_team": 0.16666666666666666,
    "2012_Sacramento_State_Hornets_football_team": 0.16666666666666666,
    "2012_UC_Davis_Aggies_football_team": 0.16666666666666666,
    "2012_American_Le_Mans_Series_at_Long_Beach": 0.16666666666666666,
    "2012_American_Le_Mans_Monterey": 0.16666666666666666,
    "2007_Motorola_Indy_300": 0.14285714285714285,
    "2008_Peak_Antifreeze_Indy_Grand_Prix": 0.14285714285714285,
    "2009_Indy_Grand_Prix_of_Sonoma": 0.14285714285714285,
    "2010_Indy_Grand_Prix_of_Sonoma": 0.14285714285714285,
    "2011\u201312_Sacramento_Kings_season": 0.14285714285714285,
    "2011\u201312_Los_Angeles_Lakers_season": 0.14285714285714285,
    "2011\u201312_Golden_State_Warriors_season": 0.14285714285714285,
    "2011_Indy_Grand_Prix_of_Sonoma": 0.14285714285714285,
    "2012_Oakland_Raiders_season": 0.14285714285714285,
    "2012_Los_Angeles_Blues_season": 0.14285714285714285,
    "2012_Fresno_State_Bulldogs_football_team": 0.14285714285714285,
    "2012_San_Diego_State_Aztecs_football_team": 0.14285714285714285,
    "2012_Auto_Club_400": 0.14285714285714285,
    "2012_San_Jose_State_Spartans_football_team": 0.14285714285714285,
    "2012_Indy_Grand_Prix_of_Alabama": 0.14285714285714285,
    "2012_San_Diego_Toreros_football_team": 0.14285714285714285,
    "2012_S\u00e3o_Paulo_Indy_300": 0.14285714285714285,
    "2012_Tour_of_California": 0.14285714285714285,
    "2012_Firestone_550": 0.14285714285714285,
    "2012_Milwaukee_IndyFest": 0.14285714285714285,
    "2012\u201313_Los_Angeles_Lakers_season": 0.14285714285714285,
    "2012\u201313_Sacramento_Kings_season": 0.14285714285714285,
    "2012\u201313_Golden_State_Warriors_season": 0.14285714285714285,
    "2012_Pennsylvania_400": 0.14285714285714285,
    "2012_Finger_Lakes_355_at_The_Glen": 0.14285714285714285,
    "2012_Pure_Michigan_400": 0.14285714285714285,
    "2012\u201313_Fresno_State_Bulldogs_men's_basketball_team": 0.14285714285714285,
    "2012\u201313_UC_Santa_Barbara_Gauchos_men's_basketball_team": 0.14285714285714285,
    "2012\u201313_San_Jose_State_Spartans_men's_basketball_team": 0.14285714285714285,
    "2012_FIA_WTCC_Race_of_the_United_States": 0.14285714285714285,
    "2012_IndyCar_Series_season": 0.125,
    "2011\u201312_San_Jose_Sharks_season": 0.125,
    "2011\u201312_Anaheim_Ducks_season": 0.125,
    "2012_Indianapolis_500": 0.125,
    "2012_Los_Angeles_Galaxy_season": 0.125,
    "2012_Oakland_Athletics_season": 0.125,
    "2011\u201312_California_Golden_Bears_men's_basketball_team": 0.125,
    "2012_Honda_Grand_Prix_of_St._Petersburg": 0.125,
    "2012_San_Jose_Earthquakes_season": 0.125,
    "2012_Stanford_Cardinal_football_team": 0.125,
    "2012_Cal_Poly_Mustangs_football_team": 0.125,
    "2012\u201313_Anaheim_Ducks_season": 0.125,
    "2012_PGA_Championship": 0.125,
    "2012_California_Golden_Bears_softball_team": 0.125,
    "2012_Chevrolet_Detroit_Belle_Isle_Grand_Prix": 0.125,
    "2012\u201313_San_Jose_Sharks_season": 0.125,
    "2012\u201313_Los_Angeles_Kings_season": 0.125,
    "2012_Honda_Indy_Toronto": 0.125,
    "2012_Winston-Salem_Open": 0.125,
    "2012_Edmonton_Indy": 0.125,
    "2012_WGC-Bridgestone_Invitational": 0.125,
    "2012_Tour_of_Utah": 0.125,
    "2012_Indianapolis_motorcycle_Grand_Prix": 0.125,
    "2012_United_States_motorcycle_Grand_Prix": 0.125,
    "2012\u201313_California_Golden_Bears_men's_basketball_team": 0.125,
    "2012_USA_Pro_Cycling_Challenge": 0.125,
    "2012_Grand_Prix_of_Baltimore": 0.125,
    "2012_United_States_Figure_Skating_Championships": 0.1111111111111111,
    "2012_San_Francisco_Giants_season": 0.1111111111111111,
    "2012_UCLA_Bruins_baseball_team": 0.1111111111111111,
    "2012_Western_&_Southern_Open": 0.1111111111111111,
    "2012_NCAA_Division_I_Men's_Golf_Championship": 0.1111111111111111,
    "2012_U.S._Open_(golf)": 0.1,
    "2012_Kraft_Nabisco_Championship": 0.1,
    "2011\u201312_Los_Angeles_Kings_season": 0.09090909090909091,
    "2012_US_Open_(tennis)": 0.08333333333333333,
    "2012_CONCACAF_Men's_Olympic_Qualifying_Tournament": 0.07692307692307693
}