{
    "List_of_2NE1_concert_tours": 1.0,
    "List_of_TVXQ_concert_tours": 0.7142857142857143,
    "List_of_Down_with_Webster_concert_tours": 0.16666666666666666,
    "Jackie_Evancho_concert_tours": 0.16666666666666666,
    "Loreen_Tour": 0.16666666666666666,
    "List_of_Pierce_the_Veil_concert_tours": 0.16666666666666666,
    "List_of_Bj\u00f6rk_concert_tours": 0.14285714285714285,
    "List_of_Christina_Aguilera_performances": 0.14285714285714285,
    "List_of_Iron_Maiden_concert_tours": 0.14285714285714285,
    "2008_European_Vacation_Tour": 0.14285714285714285,
    "List_of_Metallica_concert_tours": 0.14285714285714285,
    "List_of_The_Veronicas_concert_tours": 0.14285714285714285,
    "Paul_McCartney_concerts": 0.14285714285714285,
    "List_of_highest-grossing_concert_tours": 0.14285714285714285,
    "List_of_Avril_Lavigne_concert_tours": 0.14285714285714285,
    "List_of_A_Day_to_Remember_concert_tours": 0.14285714285714285,
    "Hilary_Duff_concert_tours": 0.14285714285714285,
    "The_Stone_Roses_live_performances": 0.14285714285714285,
    "The_Who_Tour_1972": 0.14285714285714285,
    "Enjoy_Yourself_Tour": 0.14285714285714285,
    "The_Who_1964_performances": 0.14285714285714285,
    "List_of_The_Who_tours_and_performances": 0.14285714285714285,
    "List_of_Kelly_Clarkson_concert_tours": 0.14285714285714285,
    "List_of_Avril_Lavigne_promotional_tours": 0.14285714285714285,
    "List_of_Kelly_Clarkson_promotional_tours": 0.14285714285714285,
    "List_of_Elton_John_and_Ray_Cooper_concert_tours": 0.14285714285714285,
    "List_of_Jessie_J_concert_tours": 0.14285714285714285,
    "Queen_II_Tour": 0.14285714285714285,
    "The_BK_Got_Soul_Tour": 0.14285714285714285,
    "List_of_Kylie_Minogue_concert_tours": 0.14285714285714285,
    "Phish_tours": 0.14285714285714285,
    "Post_Tour": 0.14285714285714285,
    "Escape_from_the_Studio_'06": 0.14285714285714285,
    "List_of_Tool_concert_tours": 0.14285714285714285,
    "List_of_Aerosmith_concert_tours": 0.14285714285714285,
    "List_of_Ashlee_Simpson_concert_tours": 0.125,
    "Mallu_Magalh\u00e3es_concert_tours": 0.125,
    "List_of_Nirvana_concerts": 0.125,
    "List_of_massacres_in_South_Korea": 0.1111111111111111,
    "List_of_the_Beatles'_live_performances": 0.1111111111111111
}