{
    "2013_All-Ireland_Senior_Hurling_Championship": 1.0,
    "1982_All-Ireland_Senior_Hurling_Championship": 0.3333333333333333,
    "1973_All-Ireland_Senior_Hurling_Championship": 0.3333333333333333,
    "1983_All-Ireland_Senior_Hurling_Championship": 0.3333333333333333,
    "2008_All-Ireland_Senior_Hurling_Championship": 0.3333333333333333,
    "1989_All-Ireland_Senior_Hurling_Championship": 0.3333333333333333,
    "1971_All-Ireland_Senior_Hurling_Championship": 0.3333333333333333,
    "1980_All-Ireland_Senior_Hurling_Championship": 0.3333333333333333,
    "1975_All-Ireland_Senior_Hurling_Championship": 0.3333333333333333,
    "1979_All-Ireland_Senior_Hurling_Championship": 0.3333333333333333,
    "1981_All-Ireland_Senior_Hurling_Championship": 0.3333333333333333,
    "1963_All-Ireland_Senior_Hurling_Championship": 0.3333333333333333,
    "1964_All-Ireland_Senior_Hurling_Championship": 0.3333333333333333,
    "1974_All-Ireland_Senior_Hurling_Championship": 0.3333333333333333,
    "1987_All-Ireland_Senior_Hurling_Championship": 0.3333333333333333,
    "1992_All-Ireland_Senior_Hurling_Championship": 0.3333333333333333,
    "1985_All-Ireland_Senior_Hurling_Championship": 0.3333333333333333,
    "1993_All-Ireland_Senior_Hurling_Championship": 0.3333333333333333,
    "2009_All-Ireland_Senior_Hurling_Championship": 0.3333333333333333,
    "2010_All-Ireland_Senior_Hurling_Championship": 0.3333333333333333,
    "2005_All-Ireland_Senior_Hurling_Championship": 0.3333333333333333,
    "2011_All-Ireland_Senior_Hurling_Championship": 0.3333333333333333,
    "2006_All-Ireland_Senior_Hurling_Championship": 0.3333333333333333,
    "2012_All-Ireland_Senior_Hurling_Championship": 0.3333333333333333,
    "2004_All-Ireland_Senior_Hurling_Championship": 0.3333333333333333,
    "1997_All-Ireland_Senior_Hurling_Championship": 0.3333333333333333,
    "2003_All-Ireland_Senior_Hurling_Championship": 0.3333333333333333,
    "1998_All-Ireland_Senior_Hurling_Championship": 0.3333333333333333,
    "1996_All-Ireland_Senior_Hurling_Championship": 0.3333333333333333,
    "2002_All-Ireland_Senior_Hurling_Championship": 0.3333333333333333,
    "2001_All-Ireland_Senior_Hurling_Championship": 0.3333333333333333,
    "1999_All-Ireland_Senior_Hurling_Championship": 0.3333333333333333,
    "2000_All-Ireland_Senior_Hurling_Championship": 0.3333333333333333,
    "1995_All-Ireland_Senior_Hurling_Championship": 0.3333333333333333,
    "2013_National_Hurling_League": 0.3333333333333333,
    "1994_All-Ireland_Senior_Hurling_Championship": 0.3333333333333333,
    "2013_All-Ireland_Under-21_Hurling_Championship": 0.3333333333333333,
    "2013_All-Ireland_Minor_Hurling_Championship": 0.3333333333333333,
    "2013_Christy_Ring_Cup": 0.3333333333333333,
    "1991_All-Ireland_Senior_Hurling_Championship": 0.3333333333333333,
    "1990_All-Ireland_Senior_Hurling_Championship": 0.3333333333333333,
    "1970_All-Ireland_Senior_Hurling_Championship": 0.3333333333333333,
    "1972_All-Ireland_Senior_Hurling_Championship": 0.3333333333333333,
    "1984_All-Ireland_Senior_Hurling_Championship": 0.3333333333333333,
    "1969_All-Ireland_Senior_Hurling_Championship": 0.3333333333333333,
    "1986_All-Ireland_Senior_Hurling_Championship": 0.3333333333333333,
    "2012\u201313_All-Ireland_Senior_Club_Hurling_Championship": 0.25
}