{
    "2007_Eneco_Tour": 1.0,
    "2007_La_Fl\u00e8che_Wallonne": 0.4,
    "2007_Li\u00e8ge\u2013Bastogne\u2013Li\u00e8ge": 0.4,
    "2007_Tour_of_Flanders": 0.4,
    "2007_Gent\u2013Wevelgem": 0.4,
    "2007_Amstel_Gold_Race": 0.4,
    "2007\u201308_A1_Grand_Prix_of_Nations,_Netherlands": 0.2,
    "2007_Tour_of_the_Basque_Country": 0.16666666666666666,
    "2007_Paris\u2013Roubaix": 0.16666666666666666,
    "2007_Tour_de_Romandie": 0.16666666666666666,
    "2007_Deutschland_Tour": 0.16666666666666666,
    "2007_Vattenfall_Cyclassics": 0.16666666666666666,
    "2007_Paris\u2013Tours": 0.16666666666666666,
    "2007_Giro_di_Lombardia": 0.16666666666666666,
    "2007_Omloop_van_Borsele": 0.16666666666666666,
    "2007_Novilon_Internationale_Damesronde_van_Drenthe": 0.16666666666666666,
    "2007_UCI_ProTour": 0.16666666666666666,
    "2007_Tour_de_Suisse": 0.16666666666666666,
    "2007_Tirreno\u2013Adriatico": 0.16666666666666666,
    "2007_Crit\u00e9rium_du_Dauphin\u00e9_Lib\u00e9r\u00e9": 0.14285714285714285,
    "2007_Cl\u00e1sica_de_San_Sebasti\u00e1n": 0.14285714285714285,
    "2007_Tour_de_Pologne": 0.14285714285714285,
    "2007_GP_Ouest-France": 0.14285714285714285,
    "2008_Eneco_Tour": 0.14285714285714285,
    "2007_Grote_Scheldeprijs": 0.14285714285714285,
    "2011_Eneco_Tour": 0.14285714285714285,
    "2012_Eneco_Tour": 0.14285714285714285,
    "2007_Omloop_Het_Volk_\u2013_Women's_race": 0.14285714285714285,
    "2013_Eneco_Tour": 0.14285714285714285,
    "2007_Vuelta_a_Espa\u00f1a": 0.14285714285714285,
    "2007_Paris\u2013Nice": 0.14285714285714285,
    "2007_Volta_a_Catalunya": 0.125,
    "2009_Eneco_Tour": 0.125,
    "2010_Eneco_Tour": 0.125,
    "2007_European_Women's_Artistic_Gymnastics_Championships": 0.125,
    "2007_Ronde_van_Drenthe_World_Cup": 0.125,
    "2007_Dutch_National_Track_Championships": 0.125,
    "2005_Eneco_Tour": 0.125,
    "2006\u201307_in_Belgian_football": 0.125,
    "2007_Milan_\u2013_San_Remo": 0.125,
    "2007_Tour_de_France": 0.1111111111111111,
    "2006_Eneco_Tour": 0.1111111111111111,
    "Essent_Cup_2006\u201307": 0.1111111111111111,
    "2007_Giro_d'Italia": 0.1111111111111111,
    "2007_European_Athletics_Junior_Championships": 0.1,
    "2007_European_Junior_Swimming_Championships": 0.1,
    "Eneco_Tour": 0.09090909090909091,
    "2007_Holland_Ladies_Tour": 0.0625
}