{
    "1997_European_Cup_(athletics)": 1.0,
    "1997_German_Athletics_Championships": 0.3333333333333333,
    "1991_European_Cup_(athletics)": 0.25,
    "1999_IAAF_Grand_Prix_Final": 0.2,
    "2002_European_Athletics_Championships": 0.16666666666666666,
    "1997_Hammer_Throw_Year_Ranking": 0.16666666666666666,
    "1997_Decathlon_Year_Ranking": 0.16666666666666666,
    "2001_European_Cup_(athletics)": 0.15384615384615385,
    "2007_European_Cup_(athletics)": 0.14285714285714285,
    "1997_Nebelhorn_Trophy": 0.14285714285714285,
    "Athletics_at_the_1997_Mediterranean_Games": 0.14285714285714285,
    "Athletics_at_the_8th_National_Games_of_the_People's_Republic_of_China": 0.14285714285714285,
    "Athletics_at_the_8th_National_Games_\u2013_Women's_1500m": 0.14285714285714285,
    "2004_IAAF_World_Race_Walking_Cup": 0.125,
    "1997_IAAF_World_Half_Marathon_Championships": 0.125,
    "1997_IAAF_World_Race_Walking_Cup": 0.125,
    "Athletics_at_the_1997_East_Asian_Games": 0.125,
    "2000_European_Race_Walking_Cup": 0.125,
    "Athletics_at_the_1997_Central_American_Games": 0.125,
    "1975_European_Cup_(athletics)": 0.125,
    "2002_European_Cup_(athletics)": 0.125,
    "2003_European_Cup_(athletics)": 0.125,
    "2005_European_Cup_(athletics)": 0.125,
    "1977_European_Cup_(athletics)": 0.125,
    "1981_European_Cup_(athletics)": 0.125,
    "1987_European_Cup_(athletics)": 0.125,
    "1995_European_Cup_(athletics)": 0.125,
    "1996_European_Cup_(athletics)": 0.125,
    "1998_European_Cup_(athletics)": 0.125,
    "1999_European_Cup_(athletics)": 0.125,
    "2002_European_Marathon_Cup": 0.125,
    "Athletics_at_the_1997_Jeux_de_la_Francophonie": 0.125,
    "2006_European_Cup_(athletics)": 0.1111111111111111,
    "1997_South_American_Championships_in_Athletics": 0.1111111111111111,
    "1997_Central_American_and_Caribbean_Championships_in_Athletics": 0.1111111111111111,
    "Athletics_at_the_1997_Summer_Universiade": 0.1111111111111111,
    "2008_IAAF_World_Athletics_Final": 0.1111111111111111,
    "1997_IAAF_Grand_Prix_Final": 0.1111111111111111,
    "1997_CARIFTA_Games": 0.1111111111111111,
    "1997_Pan_American_Junior_Athletics_Championships": 0.1111111111111111,
    "1997_South_American_Junior_Championships_in_Athletics": 0.1111111111111111,
    "Athletics_at_the_1997_Bolivarian_Games": 0.1111111111111111,
    "1985_European_Cup_(athletics)": 0.1111111111111111,
    "1989_European_Cup_(athletics)": 0.1111111111111111,
    "1993_European_Cup_(athletics)": 0.1111111111111111,
    "2000_European_Cup_(athletics)": 0.1111111111111111,
    "2009_World_Marathon_Cup": 0.1111111111111111,
    "Athletics_at_the_1997_South_Pacific_Mini_Games": 0.1111111111111111,
    "Athletics_at_the_1936_Summer_Olympics": 0.1111111111111111,
    "2006_IAAF_World_Athletics_Final": 0.1111111111111111,
    "2001_World_Judo_Championships": 0.1,
    "2007_IAAF_World_Athletics_Final": 0.1,
    "2003_European_Athletics_Indoor_Cup": 0.1,
    "2004_European_Athletics_Indoor_Cup": 0.1,
    "Munich_Marathon": 0.1,
    "1967_European_Cup_(athletics)": 0.1,
    "1970_European_Cup_(athletics)": 0.1,
    "1973_European_Cup_(athletics)": 0.1,
    "1997_Oceania_Youth_Athletics_Championships": 0.1,
    "1997_European_Athletics_Junior_Championships": 0.09090909090909091,
    "2010_ISSF_World_Shooting_Championships": 0.09090909090909091,
    "1965_European_Cup_(athletics)": 0.09090909090909091,
    "1979_European_Cup_(athletics)": 0.09090909090909091,
    "1983_European_Cup_(athletics)": 0.09090909090909091,
    "1994_European_Cup_(athletics)": 0.09090909090909091,
    "1997_African_Junior_Athletics_Championships": 0.09090909090909091,
    "1997_Asian_Junior_Athletics_Championships": 0.09090909090909091,
    "European_Cup_(athletics)": 0.09090909090909091,
    "2007_World_Rowing_Championships": 0.08333333333333333,
    "1974_World_Figure_Skating_Championships": 0.08333333333333333,
    "2005_European_Athletics_U23_Championships": 0.08333333333333333,
    "1930_International_University_Games": 0.08333333333333333,
    "1968_European_Junior_Games": 0.08333333333333333,
    "1976_European_Athletics_Indoor_Championships": 0.08333333333333333,
    "1982_World_Amateur_Boxing_Championships": 0.08333333333333333,
    "Grand_Slam_Cup": 0.07692307692307693,
    "1997_European_Athletics_U23_Championships": 0.07692307692307693,
    "1997_IAAF_World_Indoor_Championships": 0.07692307692307693,
    "2009_World_Championships_in_Athletics": 0.07692307692307693,
    "1997_IAAF_World_Cross_Country_Championships": 0.07692307692307693,
    "1997_World_Championships_in_Athletics": 0.07692307692307693,
    "1993_World_Championships_in_Athletics": 0.07692307692307693,
    "2008_European_Cup_(athletics)": 0.05555555555555555,
    "1938_European_Athletics_Championships": 0.05555555555555555,
    "2004_European_Cup_(athletics)": 0.045454545454545456
}