{
    "Eightieth_Texas_Legislature": 1.0,
    "2004\u201308_Mississippi_Legislature": 0.4,
    "51st_Oklahoma_Legislature": 0.2857142857142857,
    "California_State_Legislature,_2007\u201308_session": 0.2857142857142857,
    "74th_Oregon_Legislative_Assembly": 0.2857142857142857,
    "127th_Ohio_General_Assembly": 0.2857142857142857,
    "List_of_members_of_the_78th_West_Virginia_House_of_Delegates": 0.2857142857142857,
    "List_of_members_of_the_78th_West_Virginia_Senate": 0.2857142857142857,
    "25th_Alaska_State_Legislature": 0.2857142857142857,
    "85th_Minnesota_Legislature": 0.25,
    "149th_Georgia_General_Assembly": 0.2222222222222222,
    "57th_Utah_State_Legislature": 0.2222222222222222,
    "Seventy-first_Texas_Legislature": 0.16666666666666666,
    "Seventy-second_Texas_Legislature": 0.16666666666666666,
    "Seventy-third_Texas_Legislature": 0.16666666666666666,
    "Eighty-first_Texas_Legislature": 0.16666666666666666,
    "Eighty-second_Texas_Legislature": 0.16666666666666666,
    "Twenty-first_Texas_Legislature": 0.16666666666666666,
    "First_Texas_Legislature": 0.16666666666666666,
    "Eleventh_Texas_Legislature": 0.16666666666666666,
    "Thirteenth_Texas_Legislature": 0.16666666666666666,
    "Fifteenth_Texas_Legislature": 0.16666666666666666,
    "Eighty-third_Texas_Legislature": 0.16666666666666666,
    "Sixteenth_Texas_Legislature": 0.16666666666666666,
    "Nineteenth_Texas_Legislature": 0.16666666666666666,
    "Seventy-fourth_Texas_Legislature": 0.14285714285714285,
    "Seventy-ninth_Texas_Legislature": 0.125,
    "Seventy-eighth_Texas_Legislature": 0.125,
    "Twentieth_Texas_Legislature": 0.125,
    "Second_Texas_Legislature": 0.125,
    "Fifth_Texas_Legislature": 0.125,
    "Sixth_Texas_Legislature": 0.125,
    "Seventh_Texas_Legislature": 0.125,
    "Third_Texas_Legislature": 0.125,
    "Tenth_Texas_Legislature": 0.125,
    "Fourteenth_Texas_Legislature": 0.125,
    "Seventeenth_Texas_Legislature": 0.125,
    "Eighteenth_Texas_Legislature": 0.125,
    "Eighth_Texas_Legislature": 0.1111111111111111,
    "Twelfth_Texas_Legislature": 0.1111111111111111,
    "Royal_Rumble_(2007)": 0.1111111111111111,
    "Vengeance:_Night_of_Champions": 0.1,
    "Fourth_Texas_Legislature": 0.1,
    "Ninth_Texas_Legislature": 0.1
}