{
    "Armed_Forces_Bowl": 1.0,
    "Military_Bowl": 0.25,
    "Cactus_Bowl": 0.25,
    "Automatic_bids_to_college_bowl_games": 0.25,
    "Buffalo_Wild_Wings_Bowl": 0.25,
    "Belk_Bowl": 0.25,
    "Las_Vegas_Bowl": 0.25,
    "New_Mexico_Bowl": 0.25,
    "Victory_Bowl": 0.2,
    "Alamo_Bowl": 0.2,
    "GoDaddy.com_Bowl": 0.2,
    "List_of_Armed_Forces_Bowl_broadcasters": 0.16666666666666666,
    "Oyster_Bowl": 0.16666666666666666,
    "Sun_Bowl": 0.16666666666666666,
    "Russell_Athletic_Bowl": 0.16666666666666666,
    "Holiday_Bowl": 0.16666666666666666,
    "Hawaii_Bowl": 0.16666666666666666,
    "BBVA_Compass_Bowl": 0.16666666666666666,
    "Mineral_Water_Bowl": 0.16666666666666666,
    "Music_City_Bowl": 0.14285714285714285,
    "Outback_Bowl": 0.14285714285714285,
    "Military_Classic_of_the_South": 0.14285714285714285,
    "Famous_Idaho_Potato_Bowl": 0.14285714285714285,
    "Fight_Hunger_Bowl": 0.14285714285714285,
    "List_of_Gator_Bowl_broadcasters": 0.125,
    "Orange_Bowl": 0.125,
    "Capital_One_Bowl": 0.125,
    "Gator_Bowl": 0.125,
    "Army\u2013Navy_Game": 0.125,
    "Fiesta_Bowl": 0.1111111111111111,
    "Cotton_Bowl_Classic": 0.1111111111111111,
    "Poinsettia_Bowl": 0.1111111111111111,
    "Liberty_Bowl": 0.1111111111111111,
    "Chick-fil-A_Bowl": 0.1111111111111111,
    "Texas_Bowl": 0.1,
    "Koshien_Bowl": 0.1,
    "Rose_Bowl_Game": 0.05263157894736842
}