{
    "Interstate_69E": 1.0,
    "Interstate_37": 0.16666666666666666,
    "Texas_State_Highway_35": 0.15789473684210525,
    "Interstate_2": 0.125,
    "Interstate_69_in_Texas": 0.12,
    "U.S._Route_181": 0.1,
    "List_of_Interstate_Highways_in_Texas": 0.07692307692307693,
    "Pennyrile_Parkway": 0.07142857142857142,
    "Texas_State_Highway_107": 0.06666666666666667,
    "Interstate_635_(Texas)": 0.0625,
    "Interstate_35E_(Texas)": 0.05555555555555555,
    "Texas_State_Highway_44": 0.05555555555555555,
    "M-21_(Michigan_highway)": 0.05555555555555555,
    "William_H._Natcher_Parkway": 0.05263157894736842,
    "Interstate_35W_(Texas)": 0.05263157894736842,
    "Interstate_69_in_Michigan": 0.047619047619047616,
    "Interstate_40_in_Texas": 0.047619047619047616,
    "Interstate_27": 0.047619047619047616,
    "Western_Kentucky_Parkway": 0.045454545454545456,
    "Texas_State_Highway_359": 0.045454545454545456,
    "Interstate_45": 0.041666666666666664,
    "U.S._Route_77_in_Oklahoma": 0.041666666666666664,
    "Southwestern_Indiana": 0.04,
    "U.S._Route_177": 0.037037037037037035,
    "Indiana_State_Road_3": 0.03571428571428571,
    "Indiana_State_Road_37": 0.03571428571428571,
    "Interstate_35_in_Texas": 0.034482758620689655,
    "U.S._Route_183_in_Texas": 0.03333333333333333,
    "Interstate_69_in_Indiana": 0.03333333333333333,
    "Interstate_30": 0.03225806451612903,
    "U.S._Route_281_in_Texas": 0.030303030303030304,
    "Interstate_20_in_Texas": 0.02857142857142857,
    "U.S._Route_377_in_Texas": 0.02857142857142857,
    "U.S._Route_59_in_Texas": 0.02631578947368421,
    "Interstate_10_in_Texas": 0.02631578947368421,
    "U.S._Route_87_in_Texas": 0.023809523809523808
}