{
    "First_Ladies:_Influence_&_Image": 1.0,
    "The_Contenders": 0.25,
    "The_Show_with_Vinny": 0.18181818181818182,
    "The_Real_(TV_series)": 0.18181818181818182,
    "List_of_First_Ladies_of_the_United_States": 0.14285714285714285,
    "Hoppus_on_Music": 0.14285714285714285,
    "Moyers_&_Company": 0.14285714285714285,
    "The_Mortified_Sessions": 0.14285714285714285,
    "Savage_U": 0.14285714285714285,
    "First_Family_of_the_United_States": 0.14285714285714285,
    "King_of_the_Nerds": 0.125,
    "Love_You,_Mean_It_with_Whitney_Cummings": 0.125,
    "CMT_Hot_20_Countdown": 0.125,
    "Nikki_&_Sara_Live": 0.125,
    "Anthony_Bourdain:_Parts_Unknown": 0.125,
    "Spoilers_(web_series)": 0.1111111111111111,
    "Cyndi_Lauper:_Still_So_Unusual": 0.1111111111111111,
    "The_Face_(U.S._TV_series)": 0.1111111111111111,
    "Nine_for_IX": 0.1111111111111111,
    "The_Jeselnik_Offensive": 0.1111111111111111,
    "Deep_South_Paranormal": 0.1111111111111111,
    "List_of_Katie_(talk_show)_episodes": 0.1111111111111111,
    "Hello_Ross": 0.1111111111111111,
    "Ready_for_Love_(TV_series)": 0.1,
    "How_to_Live_with_Your_Parents_(For_the_Rest_of_Your_Life)": 0.1,
    "Splash_(U.S._TV_series)": 0.1,
    "Styled_to_Rock_(U.S._TV_series)": 0.1,
    "Larry_King_Now": 0.09090909090909091,
    "The_Kandi_Factory": 0.09090909090909091,
    "Capture_(TV_series)": 0.09090909090909091,
    "Joy_Behar:_Say_Anything!": 0.08333333333333333,
    "Stossel_(TV_series)": 0.08333333333333333,
    "Talking_Dead": 0.08333333333333333,
    "Do_No_Harm_(TV_series)": 0.08333333333333333,
    "Family_Tools": 0.08333333333333333,
    "Zero_Hour_(2013_TV_series)": 0.08333333333333333,
    "List_of_Hardcore_Pawn:_Chicago_episodes": 0.08333333333333333,
    "List_of_The_Wanda_Sykes_Show_episodes": 0.07692307692307693,
    "Kathy_(TV_series)": 0.07692307692307693,
    "The_Chris_Gethard_Show": 0.07692307692307693,
    "List_of_Incredible_Crew_episodes": 0.07692307692307693,
    "Get_Out_Alive_with_Bear_Grylls": 0.07692307692307693,
    "Poker_After_Dark": 0.07692307692307693,
    "Newsreaders": 0.07142857142857142,
    "Squawk_Box": 0.07142857142857142,
    "@midnight": 0.07142857142857142,
    "Attack_of_the_Show!": 0.06666666666666667,
    "That_Metal_Show": 0.06666666666666667,
    "Red_Widow": 0.06666666666666667,
    "Cedar_Cove_(TV_series)": 0.06666666666666667,
    "Power_Lunch": 0.0625,
    "The_Joe_Schmo_Show": 0.0625,
    "The_View_(U.S._TV_series)": 0.0625,
    "List_of_The_Ellen_DeGeneres_Show_episodes": 0.058823529411764705,
    "Bella_Calamidades": 0.05263157894736842,
    "The_Following": 0.05263157894736842,
    "The_Bridge_(2013_TV_series)": 0.05263157894736842,
    "Minute_to_Win_It": 0.047619047619047616,
    "House_of_Cards_(U.S._TV_series)": 0.047619047619047616,
    "Cult_(TV_series)": 0.047619047619047616,
    "List_of_Beware_the_Batman_episodes": 0.047619047619047616,
    "Defiance_(TV_series)": 0.045454545454545456,
    "The_Blacklist_(TV_series)": 0.045454545454545456,
    "Ray_Donovan": 0.041666666666666664,
    "Agents_of_S.H.I.E.L.D.": 0.041666666666666664,
    "The_Americans_(2013_TV_series)": 0.037037037037037035,
    "Da_Vinci's_Demons": 0.03571428571428571,
    "Teen_Titans_Go!": 0.030303030303030304,
    "Sleepy_Hollow_(TV_series)": 0.030303030303030304,
    "All_My_Children": 0.029411764705882353,
    "The_Bible_(TV_miniseries)": 0.024390243902439025
}