{
    "L&L_Broadcasting": 1.0,
    "Leighton_Broadcasting": 0.16666666666666666,
    "Calvary_Radio_Network": 0.14285714285714285,
    "VCY_America": 0.125,
    "Birach_Broadcasting_Corporation": 0.125,
    "CSN_International": 0.1111111111111111,
    "Bible_Broadcasting_Network": 0.1,
    "Entravision_Communications": 0.1,
    "Moody_Radio": 0.09090909090909091,
    "Your_Network_of_Praise": 0.09090909090909091,
    "Relevant_Radio": 0.08333333333333333,
    "Yellowstone_Public_Radio": 0.08333333333333333,
    "Family_Radio": 0.07692307692307693,
    "Family_Life_Radio": 0.07692307692307693,
    "Radio_One_(company)": 0.07692307692307693,
    "Liberman_Broadcasting": 0.06666666666666667,
    "E._W._Scripps_Company": 0.0625,
    "Cox_Radio": 0.058823529411764705,
    "Radio_Disney": 0.03571428571428571,
    "Orion_Pictures": 0.03571428571428571
}