{
    "1995_World_Rowing_Championships": 1.0,
    "2006_European_Judo_Championships": 0.16666666666666666,
    "2006_World_Karate_Championships": 0.16666666666666666,
    "1995_Hungarian_Grand_Prix": 0.1,
    "1995_Belgian_Grand_Prix": 0.1,
    "World_Rowing_Championships": 0.1,
    "1995_Masters_of_Formula_3": 0.1,
    "2008_World_Rowing_Championships": 0.09090909090909091,
    "1983_ICF_Canoe_Sprint_World_Championships": 0.09090909090909091,
    "1997_World_Rowing_Championships": 0.09090909090909091,
    "2004_World_Rowing_Championships": 0.09090909090909091,
    "1983_World_Rowing_Championships": 0.09090909090909091,
    "2012_European_10_m_Events_Championships": 0.09090909090909091,
    "2005_World_Rowing_Championships": 0.09090909090909091,
    "2010_World_Rowing_Championships": 0.08333333333333333,
    "2012_World_Rowing_Championships": 0.08333333333333333,
    "2001_World_Rowing_Championships": 0.08333333333333333,
    "1990_World_Rowing_Championships": 0.08333333333333333,
    "2009_World_Running_Target_Championships": 0.08333333333333333,
    "2003_European_Athletics_Junior_Championships": 0.08333333333333333,
    "2013_World_Rowing_Championships": 0.08333333333333333,
    "2002_ISSF_World_Shooting_Championships": 0.08333333333333333,
    "1982_World_Rowing_Championships": 0.08333333333333333,
    "1981_European_Amateur_Boxing_Championships": 0.08333333333333333,
    "2000_European_Amateur_Boxing_Championships": 0.08333333333333333,
    "1993_World_Amateur_Boxing_Championships": 0.08333333333333333,
    "2008_European_Wrestling_Championships": 0.07692307692307693,
    "2009_World_Rowing_Championships": 0.07692307692307693,
    "2002_World_Rowing_Championships": 0.07692307692307693,
    "1999_World_Rowing_Championships": 0.07692307692307693,
    "1981_World_Rowing_Championships": 0.07692307692307693,
    "1966_World_Rowing_Championships": 0.07692307692307693,
    "2006_World_Rowing_Championships": 0.07692307692307693,
    "2007_World_Rowing_Championships": 0.07142857142857142,
    "2011_World_Rowing_Championships": 0.07142857142857142,
    "1991_World_Rowing_Championships": 0.07142857142857142,
    "2000_World_Rowing_Championships": 0.07142857142857142,
    "1998_World_Rowing_Championships": 0.07142857142857142,
    "1996_World_Rowing_Championships": 0.07142857142857142,
    "1989_World_Rowing_Championships": 0.07142857142857142,
    "1979_World_Rowing_Championships": 0.07142857142857142,
    "1978_European_Judo_Championships": 0.07142857142857142,
    "2013_European_Athletics_U23_Championships": 0.07142857142857142,
    "1992_IIHF_Women's_World_Championship": 0.07142857142857142,
    "2003_World_Rowing_Championships": 0.06666666666666667,
    "1994_World_Rowing_Championships": 0.06666666666666667,
    "1970_Winter_Universiade": 0.06666666666666667,
    "1995_World_Championships_in_Athletics": 0.06666666666666667,
    "1995_European_Aquatics_Championships": 0.0625,
    "List_of_SELL_Student_Games_records_in_athletics": 0.05263157894736842,
    "1994_World_Wrestling_Championships": 0.047619047619047616,
    "UEFA_Women's_Euro_2009": 0.047619047619047616,
    "1997_Men's_World_Ice_Hockey_Championships": 0.029411764705882353
}