{
    "Texas_Senate,_District_2": 1.0,
    "Texas_Senate,_District_3": 1.0,
    "Texas_Senate,_District_6": 0.5,
    "Texas_Senate,_District_7": 0.5,
    "Texas_Senate,_District_10": 0.5,
    "Texas_Senate,_District_15": 0.5,
    "Texas_Senate,_District_16": 0.5,
    "Texas_Senate,_District_23": 0.5,
    "Texas_Senate,_District_26": 0.5,
    "Texas_Senate,_District_8": 0.3333333333333333,
    "Texas_Senate,_District_9": 0.3333333333333333,
    "Texas_Senate,_District_12": 0.3333333333333333,
    "Texas_Senate,_District_13": 0.3333333333333333,
    "Texas_Senate,_District_14": 0.3333333333333333,
    "Texas_Senate,_District_11": 0.25,
    "Texas_Senate,_District_17": 0.25,
    "Texas_Senate,_District_20": 0.2,
    "Texas_Senate,_District_4": 0.16666666666666666,
    "Texas_Senate,_District_27": 0.16666666666666666,
    "Texas_Senate,_District_29": 0.16666666666666666,
    "Texas_Senate": 0.16666666666666666,
    "Texas_Senate,_District_25": 0.14285714285714285,
    "Texas_Senate,_District_5": 0.09090909090909091,
    "Texas_Senate,_District_22": 0.09090909090909091,
    "Texas_Senate,_District_30": 0.06666666666666667,
    "Texas_Senate,_District_1": 0.05555555555555555,
    "Texas_Senate,_District_19": 0.05555555555555555,
    "Texas_Senate,_District_24": 0.05555555555555555,
    "Texas_Senate,_District_21": 0.05263157894736842,
    "Texas_Senate,_District_18": 0.045454545454545456,
    "Texas_Senate,_District_31": 0.02631578947368421,
    "Texas_Senate,_District_28": 0.019230769230769232
}