{
    "Decathlon": 1.0,
    "Heptathlon": 0.5,
    "110_metres_hurdles": 0.3,
    "Shot_put": 0.2727272727272727,
    "Hammer_throw": 0.2727272727272727,
    "100_metres": 0.2,
    "200_metres": 0.2,
    "4_\u00d7_100_metres_relay": 0.2,
    "Pole_vault": 0.2,
    "1500_metres": 0.2,
    "Triple_jump": 0.2,
    "10,000_metres": 0.2,
    "5000_metres": 0.2,
    "800_metres": 0.2,
    "3000_metres_steeplechase": 0.2,
    "400_metres_hurdles": 0.2,
    "400_metres": 0.2,
    "High_jump": 0.18181818181818182,
    "Javelin_throw": 0.18181818181818182,
    "Long_jump": 0.18181818181818182,
    "100_metres_hurdles": 0.18181818181818182,
    "24-hour_run": 0.18181818181818182,
    "Discus_throw": 0.16666666666666666,
    "Women's_pentathlon": 0.16666666666666666,
    "Ultraman_(endurance_challenge)": 0.14285714285714285,
    "Icosathlon": 0.125,
    "100_yard_dash": 0.1111111111111111,
    "Two_miles": 0.1111111111111111,
    "20_kilometres_race_walk": 0.1111111111111111,
    "200_metres_straight": 0.1111111111111111,
    "Decathlon_world_record_progression": 0.1111111111111111,
    "50_kilometres_race_walk": 0.1111111111111111,
    "Mile_run": 0.1111111111111111,
    "Biathle": 0.1111111111111111,
    "Strength_athletics": 0.1111111111111111,
    "Multisport_race": 0.1,
    "Tumbling_(gymnastics)": 0.1,
    "One_hour_run": 0.1,
    "Men's_100_metres_European_record_progression": 0.1,
    "Men's_200_metres_European_record_progression": 0.1,
    "Men's_400_metres_European_record_progression": 0.1,
    "Men's_800_metres_European_record_progression": 0.1,
    "Men's_1500_metres_European_record_progression": 0.1,
    "40-yard_dash": 0.1,
    "Free-diving": 0.1,
    "Men's_5000_metres_European_record_progression": 0.1,
    "Long_track_speed_skating": 0.1,
    "Men's_shot_put_world_record_progression": 0.09090909090909091,
    "Men's_pole_vault_world_record_progression": 0.09090909090909091,
    "50_metres": 0.09090909090909091,
    "50_metres_hurdles": 0.09090909090909091,
    "Men's_javelin_world_record_progression": 0.09090909090909091,
    "Men's_discus_world_record_progression": 0.09090909090909091,
    "60_metres_hurdles": 0.09090909090909091,
    "Men's_high_jump_world_record_progression": 0.09090909090909091,
    "World's_Greatest_Athlete": 0.08333333333333333,
    "Men's_pole_vault_indoor_world_record_progression": 0.08333333333333333,
    "Men's_high_jump_indoor_world_record_progression": 0.08333333333333333,
    "Pan_American_Combined_Events_Cup": 0.08333333333333333,
    "Multistars": 0.08333333333333333,
    "Short_track_speed_skating": 0.08333333333333333,
    "Racewalking": 0.08333333333333333,
    "60_metres": 0.07692307692307693,
    "Mehrkampf-Meeting_Ratingen": 0.07692307692307693,
    "3000_metres": 0.07692307692307693,
    "Rackets_(sport)": 0.07142857142857142,
    "D\u00e9castar": 0.07142857142857142,
    "Hypo-Meeting": 0.07142857142857142,
    "TNT_\u2013_Fortuna_Meeting": 0.07142857142857142,
    "Marathon": 0.07142857142857142,
    "Mobile_phone_throwing": 0.07142857142857142,
    "IAAF_World_Combined_Events_Challenge": 0.07142857142857142,
    "European_Cup_Combined_Events": 0.06666666666666667,
    "Ski_jumping": 0.06666666666666667,
    "Biathlon": 0.06666666666666667,
    "Darts": 0.0625
}