{
    "Leningradsky_railway_station": 1.0,
    "Kursky_railway_station": 0.1111111111111111,
    "Kiyevsky_railway_station": 0.1,
    "Kazansky_railway_station": 0.09090909090909091,
    "Belorussky_railway_station": 0.09090909090909091,
    "Yaroslavsky_railway_station": 0.09090909090909091
}