{
    "U.S._Route_441_in_Florida": 1.0,
    "U.S._Route_27_in_Florida": 0.2903225806451613,
    "U.S._Route_92": 0.19230769230769232,
    "U.S._Route_192": 0.19047619047619047,
    "U.S._Route_17_in_Florida": 0.17857142857142858,
    "U.S._Route_41_in_Florida": 0.16666666666666666,
    "U.S._Route_1_in_Florida": 0.16666666666666666,
    "U.S._Route_98_in_Florida": 0.10810810810810811,
    "U.S._Route_301_in_Florida": 0.10714285714285714,
    "Florida's_Turnpike": 0.10344827586206896,
    "Red_Road_(Miami)": 0.1,
    "Interstate_75_in_Florida": 0.08333333333333333,
    "U.S._Route_90_in_Florida": 0.058823529411764705,
    "List_of_U.S._Highways_in_Florida": 0.05555555555555555,
    "U.S._Route_129_in_Florida": 0.045454545454545456,
    "Great_Smoky_Mountains_Expressway": 0.04,
    "U.S._Route_19_in_Florida": 0.03225806451612903,
    "U.S._Route_319": 0.02857142857142857,
    "Florida_State_Road_15": 0.02564102564102564,
    "Florida_State_Road_25": 0.02564102564102564,
    "Interstate_95_in_Florida": 0.022222222222222223,
    "Interstate_10_in_Florida": 0.018867924528301886
}