{
    "Interstate_95_in_Maryland": 1.0,
    "U.S._Route_1_in_Maryland": 0.5454545454545454,
    "Interstate_895_(Maryland)": 0.4166666666666667,
    "Interstate_695_(Maryland)": 0.3333333333333333,
    "U.S._Route_40_in_Maryland": 0.3125,
    "Interstate_70_in_Maryland": 0.23076923076923078,
    "Maryland_Route_45": 0.2,
    "Maryland_Route_165": 0.2,
    "Maryland_Route_144": 0.1875,
    "Interstate_83": 0.1875,
    "Interstate_495_(Capital_Beltway)": 0.1875,
    "Interstate_95_in_Delaware": 0.16666666666666666,
    "Maryland_Route_140": 0.16666666666666666,
    "Maryland_Route_26": 0.16666666666666666,
    "Baltimore\u2013Washington_Parkway": 0.15,
    "U.S._Route_301_in_Maryland": 0.13333333333333333,
    "List_of_roads_in_Baltimore_County,_Maryland": 0.1,
    "Randolph_Road": 0.1,
    "Maryland_Route_193": 0.09090909090909091,
    "Interstate_95": 0.09090909090909091,
    "Maryland_Route_214": 0.09090909090909091,
    "Maryland_Route_30": 0.09090909090909091,
    "Maryland_Route_100": 0.08333333333333333,
    "Maryland_Route_2": 0.08333333333333333,
    "Maryland_Route_450": 0.08333333333333333,
    "Maryland_Route_213": 0.08333333333333333,
    "Maryland_Route_5": 0.08333333333333333,
    "Maryland_Route_97": 0.08333333333333333,
    "Maryland_Route_650": 0.08333333333333333,
    "Maryland_Route_4": 0.07692307692307693,
    "Maryland_Route_32": 0.07692307692307693,
    "Maryland_Route_27": 0.07692307692307693,
    "U.S._Route_29_in_Maryland": 0.07692307692307693,
    "Cross_Bronx_Expressway": 0.07142857142857142,
    "Interstate_195_(New_Jersey)": 0.07142857142857142,
    "Interstate_95_in_Connecticut": 0.07142857142857142,
    "Interstate_95_in_Rhode_Island": 0.07142857142857142,
    "Interstate_95_in_Pennsylvania": 0.07142857142857142,
    "County_Route_501_(New_Jersey)": 0.07142857142857142,
    "Interstate_295_(Maine)": 0.06666666666666667,
    "Interstate_395_(Connecticut\u2013Massachusetts)": 0.06666666666666667,
    "Interstate_95_in_Massachusetts": 0.06666666666666667,
    "Pennsylvania_Route_3": 0.06666666666666667,
    "Interstate_295_(Rhode_Island\u2013Massachusetts)": 0.0625,
    "Interstate_295_(Virginia)": 0.0625,
    "Interstate_295_(New_York)": 0.058823529411764705,
    "Interstate_195_(Rhode_Island\u2013Massachusetts)": 0.058823529411764705,
    "Interstate_95_in_New_Jersey": 0.058823529411764705,
    "U.S._Route_201": 0.058823529411764705,
    "U.S._Route_222": 0.058823529411764705,
    "John_F._Kennedy_International_Airport": 0.058823529411764705,
    "Connecticut_Turnpike": 0.05555555555555555,
    "Kings_Dominion": 0.05555555555555555,
    "Interstate_495_(Massachusetts)": 0.05555555555555555,
    "Interstate_68": 0.05555555555555555,
    "Interstate_395_(District_of_Columbia\u2013Virginia)": 0.05263157894736842,
    "Interstate_95_in_Georgia": 0.05263157894736842,
    "Interstate_95_in_North_Carolina": 0.05263157894736842,
    "Massachusetts_Route_128": 0.05,
    "Interstate_495_(New_York)": 0.05,
    "Interstate_295_(Delaware\u2013New_Jersey)": 0.047619047619047616,
    "U.S._Route_50_in_Maryland": 0.047619047619047616,
    "Interstate_95_in_Maine": 0.047619047619047616,
    "Interstate_95_in_South_Carolina": 0.047619047619047616,
    "John_F._Kennedy_Presidential_Library_and_Museum": 0.045454545454545456,
    "Interstate_95_in_New_York": 0.045454545454545456,
    "New_Jersey_Turnpike": 0.038461538461538464,
    "Interstate_95_in_Virginia": 0.037037037037037035,
    "Interstate_95_in_Florida": 0.02702702702702703,
    "Pennsylvania_Turnpike": 0.02702702702702703
}