{
    "List_of_National_Wildlife_Refuges_established_for_endangered_species": 1.0,
    "Congressional_Wildlife_Refuge_Caucus": 0.2,
    "List_of_United_States_Energy_Acts": 0.16666666666666666,
    "New7Wonders_of_Nature": 0.16666666666666666,
    "List_of_threatened_fauna_of_Michigan": 0.16666666666666666,
    "List_of_largest_National_Wildlife_Refuges": 0.16666666666666666,
    "List_of_herbaria": 0.14285714285714285,
    "List_of_herbaria_in_North_America": 0.14285714285714285,
    "List_of_herbaria_in_Europe": 0.14285714285714285,
    "List_of_American_non-fiction_environmental_writers": 0.14285714285714285,
    "The_world's_100_most_threatened_species": 0.14285714285714285,
    "Seven_Wonders_of_Canada": 0.1111111111111111,
    "List_of_U.S._states_by_carbon_dioxide_emissions": 0.1111111111111111,
    "The_World's_25_Most_Endangered_Primates": 0.1111111111111111
}