{
    "Sunset_Sound_Recorders": 1.0,
    "Eldorado_Recording_Studios": 0.2727272727272727,
    "Sound_City_Studios": 0.25,
    "Frontier_Records": 0.2,
    "Original_Film": 0.16666666666666666,
    "The_Ladd_Company": 0.16666666666666666,
    "Orion_Classics": 0.15384615384615385,
    "New_Line_Platinum_Series": 0.14285714285714285,
    "Walden_Media": 0.14285714285714285,
    "National_General_Pictures": 0.125,
    "20th_Century_Fox_Home_Entertainment": 0.125,
    "FilmDistrict": 0.125,
    "DFJ_Frontier": 0.1111111111111111,
    "Red_Rockets_Glare": 0.1111111111111111,
    "Motion_Theory_(company)": 0.1111111111111111,
    "Southern_California_School_Band_and_Orchestra_Association": 0.1111111111111111,
    "Fox_Searchlight_Pictures": 0.10526315789473684,
    "Roadside_Attractions": 0.1,
    "Soundelux": 0.1,
    "Silver_Pictures": 0.1,
    "Open_Road_Films": 0.1,
    "Venture_Technologies_Group": 0.1,
    "Brother_Studios": 0.1,
    "Bikram_Yoga": 0.1,
    "Red_Hour_Productions": 0.09090909090909091,
    "Comparison_of_digital_audio_editors": 0.09090909090909091,
    "Dark_Castle_Entertainment": 0.09090909090909091,
    "On_How_Life_Is": 0.09090909090909091,
    "Loudness_war": 0.09090909090909091,
    "Madison_Gate_Records": 0.09090909090909091,
    "List_of_backmasked_messages": 0.09090909090909091,
    "Isolation_(Toto_album)": 0.09090909090909091,
    "Miramax_Collector's_Series": 0.08695652173913043,
    "Odd_Lot_Entertainment": 0.08333333333333333,
    "American_International_Pictures": 0.08333333333333333,
    "The_Mansion_(recording_studio)": 0.08333333333333333,
    "Time_(Rod_Stewart_album)": 0.08333333333333333,
    "Morgan_Creek_Productions": 0.08333333333333333,
    "Republic_Pictures": 0.08,
    "List_of_20th_Century_Fox_films": 0.08,
    "Apatow_Productions": 0.07692307692307693,
    "Too_Low_for_Zero": 0.07692307692307693,
    "Hurry_Up,_We're_Dreaming": 0.07692307692307693,
    "Imagine_Entertainment": 0.07142857142857142,
    "Sony_Imagesoft": 0.07142857142857142,
    "The_Automatt": 0.07142857142857142,
    "Annapurna_Pictures": 0.07142857142857142,
    "PolyGram_Filmed_Entertainment": 0.07142857142857142,
    "Radio_Disney": 0.06896551724137931,
    "Orion_Pictures": 0.06896551724137931,
    "Nickelodeon_Movies": 0.06666666666666667,
    "House_of_Blues": 0.06666666666666667,
    "Thomas_Guide": 0.06666666666666667,
    "Scream_Factory": 0.06666666666666667,
    "Toto_IV": 0.06666666666666667,
    "Neversoft": 0.06666666666666667,
    "Los_Angeles_Philharmonic": 0.0625,
    "SCE_Santa_Monica_Studio": 0.0625,
    "Participant_Media": 0.0625,
    "Cartoon_Network_Studios": 0.0625,
    "Industrial_Light_&_Magic": 0.058823529411764705,
    "Hollywood_High_School": 0.058823529411764705,
    "The_Asylum": 0.058823529411764705,
    "Syco_Music": 0.05555555555555555,
    "Caravan_Pictures": 0.05555555555555555,
    "Sound_City_(film)": 0.05555555555555555,
    "American_Zoetrope": 0.05555555555555555,
    "Fox_Interactive": 0.05555555555555555,
    "DreamWorks_Television": 0.05555555555555555,
    "It_Won't_Be_Soon_Before_Long": 0.05555555555555555,
    "Amblin_Entertainment": 0.05263157894736842,
    "Boomerang_(TV_channel)": 0.05263157894736842,
    "Carolco_Pictures": 0.05263157894736842,
    "FilmFair": 0.05,
    "Klasky_Csupo": 0.05,
    "Castle_Rock_Entertainment": 0.047619047619047616,
    "Hollywood_Pictures": 0.047619047619047616,
    "Fox_Sports_Networks": 0.047619047619047616,
    "Lucasfilm": 0.047619047619047616,
    "EA_Sports_Big": 0.045454545454545456,
    "EA_Los_Angeles": 0.045454545454545456,
    "Gramercy_Pictures": 0.045454545454545456,
    "Pet_Sounds": 0.03571428571428571,
    "Sunset_Boulevard_(film)": 0.023809523809523808
}