{
    "Lancashire": 1.0,
    "North_Yorkshire": 0.14285714285714285,
    "Heritage_Trust_for_the_North_West": 0.14285714285714285,
    "Oxfordshire": 0.125,
    "List_of_two-tier_counties_of_England": 0.125,
    "Greater_Manchester": 0.125,
    "Non-metropolitan_county": 0.125,
    "North_West_England": 0.1111111111111111,
    "Buckinghamshire": 0.1111111111111111,
    "Northumberland": 0.1,
    "Devon": 0.09090909090909091,
    "Worcestershire": 0.08333333333333333,
    "ISO_3166-2:GB": 0.07142857142857142
}