{
    "Biathlon_World_Championships": 1.0,
    "Central_American_Championships_in_Athletics": 0.2,
    "Norwegian_Women's_Handball_Cup": 0.2,
    "Belgian_International": 0.16666666666666666,
    "Little_League_World_Series_in_Canada": 0.16666666666666666,
    "Copa_Chile": 0.14285714285714285,
    "Eisenhower_Trophy": 0.14285714285714285,
    "Federated_Auto_Parts_400": 0.14285714285714285,
    "Table_Tennis_European_Championships": 0.14285714285714285,
    "British_Rally_Championship": 0.125,
    "Swedish_motorcycle_Grand_Prix": 0.125,
    "Biathlon_World_Championships_1997": 0.125,
    "Biathlon_World_Championships_2001": 0.125,
    "Super_Prestige_Pernod_International": 0.125,
    "Biathlon_World_Championships_2008": 0.1111111111111111,
    "Biathlon_World_Championships_2010": 0.1111111111111111,
    "Thanksgiving_Day_Classic": 0.1,
    "Biathlon_World_Championships_2011": 0.1,
    "Biathlon_World_Championships_2013": 0.1,
    "Volta_\u00e0_cidade_do_Funchal": 0.1,
    "Biathlon_World_Championships_2007": 0.1,
    "Sapporo_Half_Marathon": 0.09090909090909091,
    "Biathlon_World_Championships_2012": 0.08333333333333333
}