{
    "List_of_Miss_Universe_titleholders": 1.0,
    "List_of_Miss_America_titleholders": 0.2857142857142857,
    "List_of_Miss_Earth_titleholders": 0.2857142857142857,
    "List_of_Miss_Earth_runners-up_and_finalists": 0.2857142857142857,
    "List_of_Miss_Nepal_titleholders": 0.2857142857142857,
    "List_of_Miss_International_titleholders": 0.2857142857142857,
    "List_of_Miss_Puerto_Rico_titleholders": 0.2857142857142857,
    "List_of_Miss_Teen_USA_titleholders": 0.2857142857142857,
    "Miss_Universe_Puerto_Rico_2011": 0.2857142857142857,
    "List_of_Miss_Dominican_Republic_titleholders": 0.2857142857142857,
    "List_of_Miss_USA_titleholders": 0.2857142857142857,
    "List_of_Miss_World_titleholders": 0.2857142857142857,
    "List_of_Miss_America_winners_by_state": 0.2857142857142857,
    "List_of_Miss_Venezuela_titleholders": 0.25,
    "List_of_Se\u00f1orita_Panam\u00e1_titleholders": 0.25,
    "Locus_Award_for_Best_Fantasy_Novel": 0.16666666666666666,
    "List_of_people_who_have_accepted_Golden_Raspberry_Awards": 0.16666666666666666,
    "List_of_Ramon_Magsaysay_Award_winners": 0.16666666666666666,
    "Victorian_of_the_Year": 0.16666666666666666,
    "List_of_Chicago_Wolves_award_winners": 0.16666666666666666,
    "List_of_Miss_Universe_editions": 0.16666666666666666,
    "List_of_Congressional_Gold_Medal_recipients": 0.16666666666666666,
    "Melodifestivalen_winners": 0.14285714285714285,
    "List_of_recipients_of_the_Silver_Buffalo_Award": 0.14285714285714285,
    "List_of_people_who_have_won_multiple_Academy_Awards_in_a_single_year": 0.14285714285714285,
    "List_of_Miss_Universe_countries": 0.14285714285714285,
    "Melodi_Grand_Prix_winners": 0.14285714285714285,
    "List_of_Companions_of_the_Order_of_Canada": 0.14285714285714285,
    "List_of_Eurovision_Song_Contest_winners": 0.14285714285714285,
    "Locus_Award_for_Best_Young_Adult_Book": 0.14285714285714285,
    "List_of_Eagle_Scouts": 0.14285714285714285,
    "List_of_Knights_of_St_Patrick": 0.14285714285714285,
    "World_Peace_Council_prizes": 0.14285714285714285,
    "List_of_Presidential_Medal_of_Freedom_recipients": 0.14285714285714285,
    "List_of_Golden_Mart\u00edn_Fierro_Award_winners": 0.125,
    "Awards_of_Olympic_Committee_of_Serbia": 0.125,
    "National_Hero_of_Indonesia": 0.125,
    "Miss_Universe_1999": 0.125,
    "C\u00e9sar_Award_for_Most_Promising_Actress": 0.125,
    "National_Organization_for_Women_(NOW)_Woman_of_Courage_Award_Winners": 0.125,
    "Miss_Universe_1978": 0.1111111111111111,
    "Miss_Universe": 0.1111111111111111,
    "Miss_Universe_2009": 0.1111111111111111,
    "List_of_George_Polk_Award_winners": 0.1111111111111111,
    "List_of_recipients_of_the_Paralympic_Order": 0.1111111111111111,
    "List_of_Stranger_Genius_Awards_winners": 0.1111111111111111,
    "Miss_Universe_1987": 0.1111111111111111,
    "List_of_honorary_British_knights_and_dames": 0.1111111111111111,
    "Miss_Universe_2008": 0.1,
    "Miss_Universe_2010": 0.1,
    "Awards_of_the_Montenegrin_Olympic_Committee": 0.1,
    "Miss_Universe_2007": 0.1,
    "Miss_Universe_2002": 0.1,
    "Miss_Universe_1989": 0.1,
    "Miss_Universe_1988": 0.1,
    "Miss_Universe_2000": 0.1,
    "Miss_Universe_2001": 0.1,
    "Miss_Universe_1995": 0.1,
    "Miss_Universe_1993": 0.1,
    "Miss_Universe_1992": 0.1,
    "Miss_Universe_1990": 0.1,
    "Miss_Universe_1986": 0.1,
    "Miss_Universe_1983": 0.1,
    "Miss_Universe_1982": 0.1,
    "Miss_Universe_2012": 0.09090909090909091,
    "List_of_Spanish_Cross_in_Gold_with_Swords_and_Diamonds_recipients": 0.09090909090909091,
    "Miss_Universe_1980": 0.09090909090909091,
    "Miss_Universe_1998": 0.09090909090909091,
    "Miss_Universe_1996": 0.09090909090909091,
    "Miss_Universe_1985": 0.09090909090909091,
    "Miss_Universe_1984": 0.09090909090909091,
    "Miss_Universe_1981": 0.09090909090909091,
    "Locus_Award_for_Best_First_Novel": 0.08333333333333333,
    "Miss_Universe_1994": 0.08333333333333333,
    "Miss_Universe_1979": 0.08333333333333333,
    "Echo_(music_award)": 0.07692307692307693,
    "DSL_Sport": 0.07142857142857142,
    "Sportske_novosti_awards": 0.06666666666666667,
    "Sushmita_Sen": 0.05263157894736842,
    "Gloria_Diaz": 0.041666666666666664,
    "Lara_Dutta": 0.04
}