{
    "List_of_lakes_in_South_Africa": 1.0,
    "List_of_waterfalls_of_South_Africa": 0.3333333333333333,
    "List_of_caves_in_South_Africa": 0.3333333333333333,
    "List_of_lagoons_of_South_Africa": 0.2,
    "List_of_lakes_in_Chile": 0.16666666666666666,
    "List_of_lakes_in_Belgium": 0.16666666666666666,
    "List_of_lakes_in_Turkey": 0.16666666666666666,
    "List_of_lakes_in_Estonia": 0.16666666666666666,
    "List_of_lakes_in_Switzerland_by_canton": 0.16666666666666666,
    "List_of_lakes_in_Mongolia": 0.16666666666666666,
    "List_of_lakes_in_Georgia": 0.16666666666666666,
    "List_of_lakes_in_Italy": 0.16666666666666666,
    "List_of_lakes_in_Japan": 0.16666666666666666,
    "List_of_lakes_in_Bosnia_and_Herzegovina": 0.16666666666666666,
    "List_of_bays_of_South_Africa": 0.16666666666666666,
    "List_of_islands_of_South_Africa": 0.16666666666666666,
    "List_of_estuaries_of_South_Africa": 0.16666666666666666,
    "Lakes_of_Kazakhstan": 0.16666666666666666,
    "List_of_lakes_in_Croatia": 0.16666666666666666,
    "List_of_lakes_in_Guatemala": 0.16666666666666666,
    "List_of_lakes_in_Switzerland": 0.16666666666666666,
    "List_of_lakes_in_Bulgaria": 0.16666666666666666,
    "List_of_botanical_gardens_in_South_Africa": 0.16666666666666666,
    "Lakes_of_Bhutan": 0.16666666666666666,
    "List_of_lakes_in_Romania": 0.16666666666666666,
    "List_of_rivers_of_South_Africa": 0.16666666666666666,
    "List_of_lakes_in_Serbia": 0.16666666666666666,
    "List_of_lakes_in_New_Zealand": 0.14285714285714285,
    "KwaZulu_Natal_Passes": 0.14285714285714285,
    "Drainage_basins_of_South_Africa": 0.14285714285714285,
    "List_of_lakes_of_the_Philippines": 0.14285714285714285,
    "List_of_windmills_in_South_Africa": 0.14285714285714285,
    "List_of_shopping_centres_in_South_Africa": 0.14285714285714285,
    "List_of_lakes_of_Pakistan": 0.14285714285714285,
    "List_of_mountain_lakes_in_Switzerland": 0.14285714285714285,
    "List_of_lakes_in_Puerto_Rico": 0.14285714285714285,
    "Eastern_Cape_Passes": 0.125,
    "List_of_mountain_passes_of_the_Western_Cape": 0.125,
    "Mpumalanga_Passes": 0.125,
    "List_of_lighthouses_in_South_Africa": 0.125,
    "List_of_museums_in_South_Africa": 0.1111111111111111,
    "List_of_mountains_in_South_Africa": 0.1111111111111111
}