{
    "Sports_in_Seattle": 1.0,
    "ACT_Theatre": 0.3333333333333333,
    "Deck_the_Hall_Ball": 0.2,
    "List_of_Seattle_Mariners_minor_league_affiliates": 0.16666666666666666,
    "List_of_Washington_State_Cougars_bowl_games": 0.16666666666666666,
    "List_of_Washington_State_Cougars_football_seasons": 0.16666666666666666,
    "List_of_college_athletic_programs_in_Washington_(state)": 0.14285714285714285,
    "List_of_Washington_Huskies_in_the_NFL_Draft": 0.14285714285714285,
    "List_of_Washington_Huskies_bowl_games": 0.14285714285714285,
    "List_of_Washington_Huskies_head_football_coaches": 0.14285714285714285,
    "List_of_Washington_Huskies_starting_quarterbacks": 0.14285714285714285,
    "Seattle_SuperSonics_all-time_roster": 0.125,
    "List_of_Stranger_Genius_Awards_winners": 0.125,
    "PBA_Tour": 0.1111111111111111,
    "Sakura-Con": 0.09090909090909091
}