{
    "Raja_Permaisuri_Agong": 1.0,
    "Yang_di-Pertuan_Agong": 0.2,
    "Monarchies_of_Malaysia": 0.13333333333333333,
    "List_of_queens_of_the_Lombards": 0.08333333333333333,
    "List_of_German_queens": 0.08333333333333333,
    "List_of_Bulgarian_consorts": 0.07692307692307693,
    "List_of_English_consorts": 0.07692307692307693,
    "List_of_Portuguese_consorts": 0.07692307692307693,
    "List_of_Navarrese_consorts": 0.07692307692307693,
    "List_of_Canadian_monarchs": 0.07142857142857142,
    "Malaysia_national_basketball_team": 0.07142857142857142,
    "List_of_Hungarian_consorts": 0.07142857142857142,
    "List_of_Georgian_consorts": 0.07142857142857142,
    "List_of_Italian_queens": 0.07142857142857142,
    "List_of_Irish_consorts": 0.07142857142857142,
    "List_of_Thai_royal_consorts": 0.07142857142857142,
    "List_of_Armenian_consorts": 0.07142857142857142,
    "List_of_consorts_of_the_Muhammad_Ali_Dynasty": 0.07142857142857142,
    "Prime_Minister_of_Malaysia": 0.07142857142857142,
    "List_of_Castilian_consorts": 0.07142857142857142,
    "List_of_Norwegian_consorts": 0.06666666666666667,
    "List_of_Danish_consorts": 0.06666666666666667,
    "Merdeka_Parade": 0.06666666666666667,
    "List_of_Bavarian_consorts": 0.06666666666666667,
    "List_of_Polish_consorts": 0.06666666666666667,
    "List_of_Lithuanian_consorts": 0.06666666666666667,
    "List_of_Cypriot_consorts": 0.06666666666666667,
    "Space_Age": 0.06666666666666667,
    "List_of_Scottish_consorts": 0.06666666666666667,
    "List_of_Russian_consorts": 0.06666666666666667,
    "List_of_French_consorts": 0.06666666666666667,
    "List_of_Bohemian_consorts": 0.0625,
    "List_of_Albanian_consorts": 0.0625,
    "List_of_Aragonese_consorts": 0.0625,
    "List_of_Frankish_queens": 0.0625,
    "List_of_Aquitanian_consorts": 0.0625,
    "List_of_Austrian_consorts": 0.0625,
    "List_of_Serbian_consorts": 0.0625,
    "List_of_consorts_of_Lorraine": 0.0625,
    "List_of_Swedish_consorts": 0.0625,
    "List_of_consorts_of_W\u00fcrttemberg": 0.058823529411764705,
    "List_of_Sicilian_consorts": 0.058823529411764705,
    "List_of_consorts_of_Brittany": 0.05555555555555555,
    "Pestabola_Merdeka": 0.05263157894736842,
    "List_of_Burgundian_consorts": 0.047619047619047616,
    "List_of_consorts_of_Orl\u00e9ans": 0.03333333333333333,
    "List_of_Saxon_consorts": 0.022222222222222223
}