{
    "Stade_Toulousain": 1.0,
    "CA_Brive": 0.2222222222222222,
    "RC_Toulonnais": 0.2,
    "USA_Perpignan": 0.125,
    "Section_Paloise": 0.125,
    "Oyonnax_Rugby": 0.125,
    "Lyon_OU": 0.125,
    "Tarbes_Pyr\u00e9n\u00e9es_Rugby": 0.125,
    "AS_B\u00e9ziers_H\u00e9rault": 0.1111111111111111,
    "ASM_Clermont_Auvergne": 0.1111111111111111,
    "FC_Grenoble": 0.1111111111111111,
    "Montpellier_H\u00e9rault_Rugby": 0.1111111111111111,
    "Pays_d'Aix_RC": 0.1111111111111111,
    "Union_Bordeaux_B\u00e8gles": 0.1111111111111111,
    "Bradford_Bulls": 0.1,
    "Stade_Fran\u00e7ais": 0.1,
    "SU_Agen_Lot-et-Garonne": 0.1,
    "Aviron_Bayonnais": 0.1,
    "CS_Bourgoin-Jallieu": 0.1,
    "Castres_Olympique": 0.1,
    "AS_Monaco_FC": 0.1,
    "RC_Massy": 0.1,
    "Stade_Montois": 0.1,
    "Barbarian_Rugby_Club": 0.1,
    "Biarritz_Olympique": 0.09090909090909091,
    "Racing_M\u00e9tro_92": 0.09090909090909091,
    "Leicester_Tigers": 0.08333333333333333,
    "Northampton_Saints": 0.08333333333333333,
    "Munster_Rugby": 0.08333333333333333,
    "Bath_Rugby": 0.07692307692307693,
    "Ulster_Rugby": 0.07692307692307693,
    "Leinster_Rugby": 0.07692307692307693,
    "Saracens_F.C.": 0.07142857142857142,
    "London_Wasps": 0.07142857142857142
}