{
    "Miss_World_Talent": 1.0,
    "Miss_World": 1.0,
    "List_of_Miss_World_Continental_Queen_of_Beauty_winners": 1.0,
    "List_of_Miss_World_hosts_and_invited_artists": 1.0,
    "Miss_World_Beach_Beauty": 1.0,
    "Miss_World_Sports": 1.0,
    "Big_Four_international_beauty_pageants": 0.25,
    "Miss_Model_of_the_World": 0.2,
    "List_of_Miss_World_editions": 0.2,
    "Miss_Tourism_International": 0.2,
    "Miss_Tourism_International_country_rankings": 0.2,
    "Miss_International": 0.16666666666666666,
    "List_of_Miss_Earth_editions": 0.16666666666666666,
    "List_of_Miss_World_countries": 0.16666666666666666,
    "Reina_Mundial_del_Banano": 0.16666666666666666,
    "Miss_Earth": 0.16666666666666666,
    "Miss_Teen_International": 0.16666666666666666,
    "Miss_Am\u00e9rica_Latina": 0.14285714285714285,
    "Mrs._World": 0.14285714285714285,
    "List_of_Miss_World_titleholders": 0.14285714285714285,
    "Top_Model_of_the_World": 0.14285714285714285,
    "Ambrosian_Singers": 0.125,
    "Miss_Universe": 0.125,
    "Miss_World_2011": 0.125,
    "Miss_Switzerland": 0.1111111111111111,
    "University_College_Opera": 0.1111111111111111,
    "Miss_World_2009": 0.1111111111111111,
    "Reina_Hispanoamericana": 0.1111111111111111,
    "World_Miss_University": 0.1111111111111111,
    "Miss_Chinese_International_Pageant": 0.1,
    "Miss_Europe": 0.1,
    "Miss_Supranational": 0.08333333333333333,
    "Beauty_with_a_Purpose": 0.07142857142857142
}