{
    "England_national_rugby_union_team": 1.0,
    "England_at_the_Rugby_World_Cup": 0.16666666666666666,
    "RFU_Championship_XV": 0.16666666666666666,
    "England_Saxons": 0.16666666666666666,
    "South_Africa_national_rugby_union_team": 0.14285714285714285,
    "Portugal_national_rugby_union_team": 0.14285714285714285,
    "Wales_national_rugby_union_team": 0.14285714285714285,
    "Ireland_national_rugby_union_team": 0.14285714285714285,
    "France_national_rugby_union_team": 0.14285714285714285,
    "Italy_national_rugby_union_team": 0.14285714285714285,
    "Cyprus_national_rugby_union_team": 0.125,
    "New_Zealand_national_rugby_union_team": 0.125,
    "Spain_national_rugby_union_team": 0.125,
    "Russia_national_rugby_union_team": 0.125,
    "Germany_national_rugby_union_team": 0.125,
    "Belgium_national_rugby_union_team": 0.125,
    "Georgia_national_rugby_union_team": 0.125,
    "Malta_national_rugby_union_team": 0.125,
    "Serbia_national_rugby_union_team": 0.125,
    "Romania_national_rugby_union_team": 0.125,
    "Brazil_national_football_team": 0.1111111111111111,
    "India_national_cricket_team": 0.1111111111111111,
    "Spain_national_football_team": 0.1111111111111111,
    "Scotland_national_rugby_union_team": 0.1111111111111111,
    "Pakistan_national_cricket_team": 0.1111111111111111,
    "Greece_national_football_team": 0.1,
    "France_national_football_team": 0.09090909090909091,
    "Germany_national_football_team": 0.09090909090909091,
    "Exeter_Chiefs": 0.09090909090909091,
    "Italy_national_football_team": 0.09090909090909091,
    "Worcester_Warriors": 0.09090909090909091,
    "Stephanie_Gilmore": 0.08333333333333333,
    "Layne_Beachley": 0.07692307692307693,
    "Reading_F.C.": 0.07692307692307693,
    "Martin_Kaymer": 0.07142857142857142,
    "Sergio_Garc\u00eda": 0.0625,
    "Darren_Clarke": 0.05555555555555555,
    "Leicester_City_F.C.": 0.05555555555555555,
    "Michelle_Wie": 0.05555555555555555,
    "FC_Bayern_Munich": 0.05263157894736842,
    "Janica_Kosteli\u0107": 0.05263157894736842,
    "Six_Nations_Championship": 0.05,
    "Hermann_Maier": 0.05,
    "Valentino_Rossi": 0.047619047619047616,
    "Dan_Carter": 0.043478260869565216,
    "Lindsey_Vonn": 0.043478260869565216,
    "Dirk_Nowitzki": 0.041666666666666664,
    "Gary_Player": 0.04,
    "Annika_S\u00f6renstam": 0.038461538461538464,
    "Goran_Ivani\u0161evi\u0107": 0.038461538461538464,
    "Manchester_United_F.C.": 0.038461538461538464,
    "Justine_Henin": 0.03571428571428571,
    "Esther_Vergeer": 0.03571428571428571,
    "Sebastian_Vettel": 0.034482758620689655,
    "Marat_Safin": 0.03333333333333333,
    "Michael_Schumacher": 0.03125,
    "Tiger_Woods": 0.03125,
    "Vitali_Klitschko": 0.027777777777777776,
    "Roger_Federer": 0.02702702702702703,
    "Jenson_Button": 0.02631578947368421,
    "Vivian_Cheruiyot": 0.02631578947368421,
    "Billie_Jean_King": 0.02564102564102564,
    "Daniel_Ricciardo": 0.02564102564102564,
    "Michael_Phelps": 0.02564102564102564,
    "Usain_Bolt": 0.02564102564102564,
    "Yelena_Isinbayeva": 0.025,
    "Juan_Pablo_Montoya": 0.024390243902439025,
    "Cathy_Freeman": 0.023255813953488372,
    "Kelly_Holmes": 0.023255813953488372,
    "Serena_Williams": 0.020833333333333332,
    "Sebastian_Coe": 0.02040816326530612,
    "Oscar_Pistorius": 0.02,
    "Johan_Cruyff": 0.0196078431372549,
    "Marion_Jones": 0.019230769230769232,
    "Bobby_Charlton": 0.018518518518518517,
    "Franz_Beckenbauer": 0.01818181818181818,
    "Lionel_Messi": 0.015873015873015872
}