{
    "Chase_for_the_Sprint_Cup": 1.0,
    "List_of_NASCAR_Canadian_Tire_Series_Drivers": 0.14285714285714285,
    "Nationwide_Series": 0.09090909090909091,
    "List_of_all-time_NASCAR_Cup_Series_winners": 0.09090909090909091,
    "Sprint_Cup_Series": 0.08333333333333333,
    "World_Series": 0.07692307692307693,
    "AFC_Cup": 0.07692307692307693,
    "Supercopa_de_Espa\u00f1a_de_Baloncesto": 0.07692307692307693,
    "Camping_World_Truck_Series": 0.07692307692307693,
    "Winston_Million": 0.07692307692307693,
    "World_Long_Distance_Mountain_Running_Challenge": 0.07142857142857142,
    "Rally_di_Sardegna": 0.07142857142857142,
    "Montenegrin_First_League": 0.07142857142857142,
    "Manitoba_Liquor_&_Lotteries_Women's_Classic": 0.06666666666666667,
    "Seguros_Bol\u00edvar_Open_Medell\u00edn": 0.06666666666666667,
    "Prosperita_Open": 0.06666666666666667,
    "Alysheba_Stakes": 0.06666666666666667,
    "Virginia_Oaks": 0.06666666666666667,
    "Carolina_Challenge_Cup": 0.06666666666666667,
    "VTV_International_Women's_Volleyball_Cup": 0.06666666666666667,
    "Chinese_Grand_Prix": 0.06666666666666667,
    "Pozna\u0144_Open": 0.06666666666666667,
    "Udine_Half_Marathon": 0.06666666666666667,
    "Ukrainian_Super_Cup": 0.06666666666666667,
    "Tour_of_Flanders_for_Women": 0.0625,
    "Superstars_Series": 0.0625,
    "Asian_Indoor_Athletics_Championships": 0.0625,
    "Guangzhou_International_Women's_Open": 0.0625,
    "South_American_Under-23_Championships_in_Athletics": 0.0625,
    "List_of_South_American_Under-23_Championships_records": 0.0625,
    "Warsaw_Marathon": 0.0625,
    "Faysal_Bank_T20_Cup": 0.058823529411764705,
    "Thanksgiving_Day_Classic": 0.058823529411764705,
    "Intercontinental_Cup_(football)": 0.058823529411764705,
    "Korea_Open_(tennis)": 0.058823529411764705,
    "USA_Sevens": 0.058823529411764705,
    "List_of_NASCAR_Sprint_All-Star_Race_drivers": 0.05555555555555555,
    "Bahrain_Grand_Prix": 0.05555555555555555,
    "Liding\u00f6loppet": 0.05555555555555555,
    "Holland_Hills_Classic": 0.05263157894736842,
    "NFL_on_Thanksgiving_Day": 0.05263157894736842,
    "Stockholm_Open": 0.05263157894736842,
    "Vuelta_a_Espa\u00f1a": 0.05,
    "Berlin_Marathon": 0.043478260869565216
}