{
    "Iowa_Highway_1": 1.0,
    "Iowa_Highway_136": 0.18181818181818182,
    "Iowa_Highway_38": 0.15384615384615385,
    "Interstate_380_(Iowa)": 0.13333333333333333,
    "Iowa_Highway_163": 0.125,
    "U.S._Route_218": 0.125,
    "Iowa_Highway_150": 0.1111111111111111,
    "Iowa_Highway_17": 0.1111111111111111,
    "Iowa_Highway_5": 0.1111111111111111,
    "Iowa_Highway_4": 0.1111111111111111,
    "Iowa_Highway_10": 0.1111111111111111,
    "Iowa_Highway_64": 0.1111111111111111,
    "Iowa_Highway_21": 0.1111111111111111,
    "Iowa_Highway_2": 0.1,
    "Iowa_Highway_9": 0.09090909090909091,
    "Iowa_Highway_22": 0.09090909090909091,
    "List_of_Iowa_state_highways": 0.09090909090909091,
    "Iowa_Highway_3": 0.09090909090909091,
    "Iowa_Highway_149": 0.07692307692307693,
    "Avenue_of_the_Saints": 0.07692307692307693,
    "U.S._Route_151": 0.07407407407407407,
    "Easter_Week_2006_tornado_outbreak_sequence": 0.06666666666666667,
    "Iowa_Highway_14": 0.0625,
    "Iowa_Highway_141": 0.0625,
    "Iowa_Highway_92": 0.05555555555555555,
    "Iowa_Highway_175": 0.05263157894736842,
    "Interstate_80_in_Iowa": 0.043478260869565216,
    "U.S._Route_30_in_Iowa": 0.043478260869565216,
    "U.S._Route_6_in_Iowa": 0.043478260869565216
}