{
    "Seadrill": 1.0,
    "Vivox": 0.1111111111111111,
    "Challenger_LTD": 0.09090909090909091,
    "Cinebook": 0.09090909090909091,
    "Brookfield_Infrastructure_Partners": 0.08333333333333333,
    "OBX_Index": 0.08333333333333333,
    "RailAmerica": 0.0625,
    "Funcom": 0.0625,
    "Genesee_&_Wyoming": 0.0625,
    "Transocean": 0.058823529411764705,
    "Interxion": 0.058823529411764705,
    "Lee_Enterprises": 0.05555555555555555,
    "E._W._Scripps_Company": 0.05263157894736842,
    "SAS_Group": 0.047619047619047616,
    "Alstom": 0.043478260869565216,
    "Safeway_Inc.": 0.043478260869565216,
    "DreamWorks_Animation": 0.041666666666666664,
    "AOL": 0.04,
    "Red_Hat": 0.04
}