{
    "Florida_State_League": 1.0,
    "South_Atlantic_League": 0.2727272727272727,
    "California_League": 0.23076923076923078,
    "Midwest_League": 0.21428571428571427,
    "International_League": 0.16666666666666666,
    "New_York\u2013Penn_League": 0.10526315789473684,
    "Champions_Tour": 0.1,
    "Web.com_Tour": 0.1,
    "Major_professional_sports_teams_of_the_United_States_and_Canada": 0.09090909090909091,
    "Major_League_Lacrosse": 0.09090909090909091,
    "Street_League_Skateboarding": 0.09090909090909091,
    "Liga_Nacional_de_F\u00fatbol_de_Guatemala": 0.09090909090909091,
    "Florida_Collegiate_Summer_League": 0.08333333333333333,
    "Professional_Arena_Soccer_League": 0.08333333333333333,
    "Symetra_Tour": 0.08333333333333333,
    "Women's_National_Basketball_Association": 0.08333333333333333,
    "Atlantic_League_of_Professional_Baseball": 0.08333333333333333,
    "Gulf_Coast_League": 0.08333333333333333,
    "Eastern_Shore_League": 0.07692307692307693,
    "Atlantic_Coast_Professional_Basketball_League": 0.07692307692307693,
    "Leinster_Senior_League_(cricket)": 0.07692307692307693,
    "Independent_Basketball_Association": 0.07692307692307693,
    "PBA_Tour": 0.07692307692307693,
    "Martinique_Championnat_National": 0.07692307692307693,
    "Baloncesto_Superior_Nacional": 0.07692307692307693,
    "Intercounty_Baseball_League": 0.07142857142857142,
    "American_Basketball_Association_(2000\u2013present)": 0.07142857142857142,
    "Tobacco_Road_Basketball_League": 0.07142857142857142,
    "West_of_Scotland_Super_League_Premier_Division": 0.07142857142857142,
    "West_of_Scotland_Super_League_First_Division": 0.07142857142857142,
    "Arizona_Fall_League": 0.07142857142857142,
    "Southern_Professional_Hockey_League": 0.07142857142857142,
    "National_Lacrosse_League": 0.07142857142857142,
    "Ascenso_MX": 0.06666666666666667,
    "Welsh_Alliance_League": 0.06666666666666667,
    "Scottish_Junior_Football_East_Region_North_Division": 0.06666666666666667,
    "American_Hockey_League": 0.0625,
    "National_Hockey_League": 0.0625,
    "Blue_Ridge_League": 0.0625,
    "National_Basketball_Association": 0.058823529411764705,
    "USL_Pro": 0.058823529411764705,
    "Major_League_Baseball": 0.058823529411764705,
    "List_of_American_and_Canadian_cities_by_number_of_major_professional_sports_franchises": 0.058823529411764705,
    "NBA_Development_League": 0.058823529411764705,
    "Texas-Oklahoma_League": 0.05555555555555555,
    "Scottish_Junior_Football_East_Region_South_Division": 0.05263157894736842,
    "Arena_Football_League": 0.05263157894736842
}