{
    "Subway_400": 1.0,
    "Tyson_Holly_Farms_400": 0.3333333333333333,
    "First_Union_400": 0.3333333333333333,
    "Pop_Secret_Microwave_Popcorn_400": 0.2857142857142857,
    "Ford_Credit_125": 0.2,
    "Sylvania_300": 0.14285714285714285,
    "1988_Goodyear_NASCAR_500": 0.14285714285714285
}