{
    "The_Mitchell_Company_Tournament_of_Champions": 1.0,
    "Women's_Western_Open": 0.16666666666666666,
    "Azalea_Trail_Run": 0.16666666666666666,
    "GoDaddy.com_Bowl": 0.16666666666666666,
    "Senior_Bowl": 0.16666666666666666,
    "The_Mojo_6": 0.14285714285714285,
    "Safeco_Classic": 0.14285714285714285,
    "Wegmans_LPGA": 0.14285714285714285,
    "Florida's_Natural_Charity_Championship": 0.125,
    "J_Golf_Phoenix_LPGA_International": 0.1111111111111111,
    "1990_PGA_Championship": 0.1,
    "1984_PGA_Championship": 0.1,
    "ADT_Championship": 0.1,
    "Wendy's_3-Tour_Challenge": 0.09090909090909091,
    "Alabama_Miss_Basketball": 0.09090909090909091,
    "LPGA_Corning_Classic": 0.09090909090909091,
    "Samsung_World_Championship": 0.08333333333333333,
    "LPGA_KEB-HanaBank_Championship": 0.08333333333333333,
    "1962_Women's_Western_Open": 0.07692307692307693,
    "1957_Women's_Western_Open": 0.07692307692307693,
    "LPGA_State_Farm_Classic": 0.07692307692307693,
    "Sybase_Classic": 0.07692307692307693,
    "Web.com_Tour_Championship": 0.07142857142857142,
    "Titleholders_Championship": 0.0625,
    "Welch's_Championship": 0.05263157894736842
}