{
    "Big_Sky_Conference": 1.0,
    "W._J._Voit_Memorial_Trophy": 0.2,
    "Western_Conference_(NBA)": 0.2,
    "Great_Northwest_Athletic_Conference": 0.2,
    "Little_League_World_Series_(West_Region)": 0.16666666666666666,
    "American_League_West": 0.16666666666666666,
    "National_League_West": 0.16666666666666666,
    "Pacific_Coast_Sectional_Figure_Skating_Championships": 0.16666666666666666,
    "Little_League_World_Series_1957\u20132000_(West_Region)": 0.14285714285714285,
    "Pacific-12_Conference": 0.14285714285714285,
    "Little_League_World_Series_(Northwest_Region)": 0.125,
    "Southland_Conference": 0.125,
    "Mountain_West_Conference": 0.125,
    "Western_Athletic_Conference": 0.125,
    "West_Coast_Conference": 0.1111111111111111,
    "World_Boxing_Council": 0.1111111111111111,
    "K&N_Pro_Series_West": 0.1,
    "Sabah_FA": 0.1,
    "NFC_West": 0.07692307692307693,
    "AFC_West": 0.07692307692307693,
    "Pacific_Division_(NBA)": 0.05555555555555555,
    "2010\u201313_NCAA_conference_realignment": 0.025
}