{
    "Metro_Atlantic_Athletic_Conference": 1.0,
    "America_East_Conference": 0.2857142857142857,
    "Northeast_Conference": 0.2857142857142857,
    "Ivy_League": 0.25,
    "Patriot_League": 0.25,
    "Eastern_Sectional_Figure_Skating_Championships": 0.14285714285714285,
    "Blues_Music_Award": 0.14285714285714285,
    "National_Landmark_of_Soaring": 0.14285714285714285,
    "Little_League_World_Series_(East_Region)": 0.14285714285714285,
    "Colonial_Athletic_Association_Men's_Basketball_Tournament": 0.14285714285714285,
    "Northeastern_United_States": 0.14285714285714285,
    "National_Medal_of_Technology_and_Innovation": 0.125,
    "Big_East_Conference": 0.125,
    "Colonial_Athletic_Association": 0.125,
    "Atlantic_10_Conference": 0.125,
    "List_of_meeting_locations_of_the_Midwest_Regional_Conservation_Guild": 0.1111111111111111,
    "United_States_Secretary_of_Health_and_Human_Services": 0.1111111111111111,
    "Grammy_Award_for_Best_Male_Rock_Vocal_Performance": 0.1,
    "Ashoka:_Innovators_for_the_Public": 0.1,
    "Big_Ten_Conference": 0.1,
    "Mid-Eastern_Athletic_Conference": 0.1,
    "Big_South_Conference": 0.1,
    "Grammy_Award_for_Best_Jazz_Fusion_Performance": 0.1,
    "Grammy_Award_for_Best_Female_Rock_Vocal_Performance": 0.09090909090909091,
    "Edmonton_Radial_Railway_Society": 0.09090909090909091,
    "Latin_American_Integration_Association": 0.09090909090909091,
    "Vermont": 0.09090909090909091,
    "East_Coast_Conference_(Division_I)": 0.09090909090909091,
    "Big_East_Conference_(1979\u20132013)": 0.09090909090909091,
    "Largest_townships_in_New_Jersey": 0.08333333333333333,
    "Massachusetts": 0.08333333333333333,
    "AFC_East": 0.08333333333333333,
    "Maine": 0.08333333333333333,
    "New_Jersey": 0.08333333333333333,
    "Pennsylvania": 0.08333333333333333,
    "Rhode_Island": 0.07692307692307693,
    "Rust_Belt": 0.07692307692307693,
    "NFC_East": 0.07142857142857142,
    "Delaware": 0.07142857142857142,
    "American_Athletic_Conference": 0.05,
    "Atlantic_Division_(NBA)": 0.05,
    "Central_Division_(NBA)": 0.038461538461538464,
    "2010\u201313_NCAA_conference_realignment": 0.024390243902439025,
    "Northeast_Corridor": 0.018518518518518517
}