{
    "Insel_Air": 1.0,
    "Dutch_Antilles_Express": 0.2,
    "Aerol\u00ednea_de_Antioquia": 0.1111111111111111,
    "KrasAir": 0.1,
    "Qeshm_Airlines": 0.09090909090909091,
    "Shaheen_Air": 0.09090909090909091,
    "Astra_Airlines": 0.07692307692307693,
    "Eurowings": 0.07142857142857142
}