{
    "Sri_Lankan_cricket_team_in_New_Zealand_in_2006\u201307": 1.0,
    "South_African_cricket_team_in_Sri_Lanka_in_2006": 0.09090909090909091,
    "Zimbabwean_cricket_team_in_South_Africa_in_2006\u201307": 0.09090909090909091,
    "Bermudian_cricket_team_in_Kenya_in_2006\u201307": 0.0625
}