{
    "1985_Giro_d'Italia": 1.0,
    "1985_Tour_de_France": 0.2727272727272727,
    "1985_UCI_Road_World_Championships": 0.18181818181818182,
    "1985_European_Amateur_Boxing_Championships": 0.15384615384615385,
    "Italy_at_the_1985_Summer_Universiade": 0.1111111111111111,
    "1985_Monaco_Grand_Prix": 0.1,
    "1931_Giro_d'Italia": 0.1,
    "1938_Giro_d'Italia": 0.1,
    "1937_Giro_d'Italia": 0.1,
    "1936_Giro_d'Italia": 0.09090909090909091,
    "1933_Giro_d'Italia": 0.09090909090909091,
    "1934_Giro_d'Italia": 0.09090909090909091,
    "1930_Giro_d'Italia": 0.09090909090909091,
    "1935_Giro_d'Italia": 0.09090909090909091,
    "2005_Giro_d'Italia": 0.09090909090909091,
    "2009_Giro_d'Italia": 0.09090909090909091,
    "1940_Giro_d'Italia": 0.09090909090909091,
    "1939_Giro_d'Italia": 0.09090909090909091,
    "1924_Giro_d'Italia": 0.09090909090909091,
    "1923_Giro_d'Italia": 0.09090909090909091,
    "1929_Giro_d'Italia": 0.09090909090909091,
    "1928_Giro_d'Italia": 0.09090909090909091,
    "1927_Giro_d'Italia": 0.09090909090909091,
    "1925_Giro_d'Italia": 0.09090909090909091,
    "1926_Giro_d'Italia": 0.09090909090909091,
    "1922_Giro_d'Italia": 0.09090909090909091,
    "1913_Giro_d'Italia": 0.09090909090909091,
    "1921_Giro_d'Italia": 0.09090909090909091,
    "2011_Giro_d'Italia": 0.09090909090909091,
    "2012_Giro_d'Italia": 0.09090909090909091,
    "2004_Giro_d'Italia": 0.09090909090909091,
    "1991_Giro_d'Italia": 0.08333333333333333,
    "1990_Giro_d'Italia": 0.08333333333333333,
    "1989_Giro_d'Italia": 0.08333333333333333,
    "1998_Giro_d'Italia": 0.08333333333333333,
    "1999_Giro_d'Italia": 0.08333333333333333,
    "1978_Giro_d'Italia": 0.08333333333333333,
    "1992_Giro_d'Italia": 0.08333333333333333,
    "1993_Giro_d'Italia": 0.08333333333333333,
    "1994_Giro_d'Italia": 0.08333333333333333,
    "1995_Giro_d'Italia": 0.08333333333333333,
    "1997_Giro_d'Italia": 0.08333333333333333,
    "1932_Giro_d'Italia": 0.08333333333333333,
    "1966_Giro_d'Italia": 0.08333333333333333,
    "1968_Giro_d'Italia": 0.08333333333333333,
    "1947_Giro_d'Italia": 0.08333333333333333,
    "1910_Giro_d'Italia": 0.08333333333333333,
    "2008_Giro_d'Italia": 0.08333333333333333,
    "1911_Giro_d'Italia": 0.08333333333333333,
    "1946_Giro_d'Italia": 0.08333333333333333,
    "2010_Giro_d'Italia": 0.08333333333333333,
    "1912_Giro_d'Italia": 0.08333333333333333,
    "1919_Giro_d'Italia": 0.08333333333333333,
    "2013_Giro_d'Italia": 0.08333333333333333,
    "2014_Giro_d'Italia": 0.08333333333333333,
    "2003_Giro_d'Italia": 0.08333333333333333,
    "2006_Giro_d'Italia": 0.08333333333333333,
    "2001_Giro_d'Italia": 0.08333333333333333,
    "1988_Giro_d'Italia": 0.08333333333333333,
    "2000_Giro_d'Italia": 0.08333333333333333,
    "2007_Giro_d'Italia": 0.08333333333333333,
    "1977_Giro_d'Italia": 0.07692307692307693,
    "1982_Giro_d'Italia": 0.07692307692307693,
    "1983_Giro_d'Italia": 0.07692307692307693,
    "1986_Giro_d'Italia": 0.07692307692307693,
    "1974_Giro_d'Italia": 0.07692307692307693,
    "1973_Giro_d'Italia": 0.07692307692307693,
    "1987_Giro_d'Italia": 0.07692307692307693,
    "1949_Giro_d'Italia": 0.07692307692307693,
    "1948_Giro_d'Italia": 0.07692307692307693,
    "1984_Giro_d'Italia": 0.07692307692307693,
    "1981_Giro_d'Italia": 0.07692307692307693,
    "1980_Giro_d'Italia": 0.07692307692307693,
    "1985_IAAF_Grand_Prix_Final": 0.07142857142857142,
    "1996_Giro_d'Italia": 0.06666666666666667,
    "1985_Winter_Universiade": 0.06666666666666667,
    "2002_Giro_d'Italia": 0.06666666666666667,
    "1985_World_Table_Tennis_Championships": 0.0625
}