{
    "Parachutes_Tour": 1.0,
    "A_Rush_of_Blood_to_the_Head": 0.6,
    "X&Y": 0.4166666666666667,
    "Mylo_Xyloto": 0.2,
    "Viva_la_Vida_or_Death_and_All_His_Friends": 0.16666666666666666,
    "The_Haunted_Man_(album)": 0.16666666666666666,
    "Hello_Nasty": 0.16666666666666666,
    "Body_Language_(Kylie_Minogue_album)": 0.15384615384615385,
    "It's_Not_Me,_It's_You": 0.14285714285714285,
    "Milk_and_Honey_(album)": 0.13333333333333333,
    "Hail_to_the_Thief": 0.13333333333333333,
    "(What's_the_Story)_Morning_Glory?": 0.13333333333333333,
    "A_Kind_of_Magic": 0.125,
    "Fever_(Kylie_Minogue_album)": 0.11764705882352941,
    "Aphrodite_(album)": 0.10526315789473684,
    "X_(Kylie_Minogue_album)": 0.09523809523809523,
    "Gourmandises": 0.09090909090909091,
    "Two_Suns": 0.09090909090909091,
    "Charm_School_(Roxette_album)": 0.09090909090909091,
    "Valtari": 0.09090909090909091,
    "Country_Grammar": 0.09090909090909091,
    "One_Second_(Paradise_Lost_album)": 0.09090909090909091,
    "The_Cosmos_Rocks": 0.08333333333333333,
    "Forth_(album)": 0.08333333333333333,
    "Yes_(Pet_Shop_Boys_album)": 0.08333333333333333,
    "One_Life_Stand": 0.08333333333333333,
    "Youthanasia": 0.08333333333333333,
    "Cryptic_Writings": 0.08333333333333333,
    "These_Streets": 0.08333333333333333,
    "Very_(Pet_Shop_Boys_album)": 0.08333333333333333,
    "Schizophonic_(Geri_Halliwell_album)": 0.07692307692307693,
    "No_Name_Face": 0.07692307692307693,
    "Hybrid_Theory": 0.07692307692307693,
    "Listen_Without_Prejudice_Vol._1": 0.07692307692307693,
    "Grammy_Award_for_Best_Alternative_Music_Album": 0.07692307692307693,
    "Hopes_and_Fears": 0.07692307692307693,
    "The_Devil_You_Know_(Heaven_&_Hell_album)": 0.07692307692307693,
    "Pipes_of_Peace": 0.07692307692307693,
    "Off_the_Ground": 0.07692307692307693,
    "Need_You_Now_(Lady_Antebellum_album)": 0.07692307692307693,
    "Bon_Iver,_Bon_Iver": 0.07692307692307693,
    "Ronan_(album)": 0.07692307692307693,
    "The_Diving_Board": 0.07692307692307693,
    "That's_Why_God_Made_the_Radio": 0.07692307692307693,
    "Elysium_(Pet_Shop_Boys_album)": 0.07692307692307693,
    "Album_Title_Goes_Here": 0.07692307692307693,
    "Countdown_to_Extinction": 0.07692307692307693,
    "Innuendo_(album)": 0.07692307692307693,
    "Made_in_Heaven": 0.07692307692307693,
    "Nightlife_(Pet_Shop_Boys_album)": 0.07692307692307693,
    "Not_That_Kind": 0.07142857142857142,
    "Sounds_of_the_Universe": 0.07142857142857142,
    "Sigh_No_More_(Mumford_&_Sons_album)": 0.07142857142857142,
    "The_Colour_and_the_Shape": 0.07142857142857142,
    "Making_Mirrors": 0.07142857142857142,
    "Own_the_Night": 0.07142857142857142,
    "Whatever_People_Say_I_Am,_That's_What_I'm_Not": 0.07142857142857142,
    "The_Devil_Put_Dinosaurs_Here": 0.07142857142857142,
    "Time_(Rod_Stewart_album)": 0.07142857142857142,
    "Ice_on_the_Dune": 0.07142857142857142,
    "AM_(Arctic_Monkeys_album)": 0.07142857142857142,
    "Train_of_Thought_(Reflection_Eternal_album)": 0.07142857142857142,
    "Favourite_Worst_Nightmare": 0.07142857142857142,
    "Rockferry": 0.06666666666666667,
    "...Nothing_Like_the_Sun": 0.06666666666666667,
    "Wolfgang_Amadeus_Phoenix": 0.06666666666666667,
    "Lungs_(album)": 0.06666666666666667,
    "Reality_Killed_the_Video_Star": 0.06666666666666667,
    "Private_Party_Collectors_Edition": 0.06666666666666667,
    "Diva_(Annie_Lennox_album)": 0.06666666666666667,
    "Contrast_(Conor_Maynard_album)": 0.06666666666666667,
    "Twenty_Four_Seven_(Tina_Turner_album)": 0.06666666666666667,
    "Light_Years_(Kylie_Minogue_album)": 0.06666666666666667,
    "H.N.I.C._(Prodigy_album)": 0.06666666666666667,
    "Flaming_Pie": 0.0625,
    "Our_Version_of_Events": 0.0625,
    "Blur_(Blur_album)": 0.0625,
    "Time_on_Earth": 0.0625,
    "No_Angel": 0.058823529411764705,
    "Out_of_Time_(album)": 0.058823529411764705,
    "Whoa,_Nelly!": 0.05555555555555555,
    "Modern_Vampires_of_the_City": 0.05555555555555555,
    "13_(Blur_album)": 0.05555555555555555,
    "One_of_the_Boys_(Katy_Perry_album)": 0.05263157894736842,
    "Brothers_in_Arms_(Dire_Straits_album)": 0.05,
    "Think_Tank_(Blur_album)": 0.05,
    "MTV_Unplugged_in_New_York": 0.047619047619047616,
    "Prism_(Katy_Perry_album)": 0.047619047619047616,
    "Paid_tha_Cost_to_Be_da_Boss": 0.045454545454545456,
    "Teenage_Dream_(Katy_Perry_album)": 0.045454545454545456,
    "21_(Adele_album)": 0.043478260869565216,
    "The_Dark_Side_of_the_Moon": 0.041666666666666664,
    "Pet_Sounds": 0.03333333333333333,
    "The_Wall": 0.03225806451612903
}