{
    "Scarlets": 1.0,
    "Cardiff_Blues": 0.375,
    "Newport_Gwent_Dragons": 0.375,
    "Ospreys_(rugby_team)": 0.3333333333333333,
    "Pembrey_Circuit": 0.125,
    "Benetton_Rugby_Treviso": 0.1111111111111111,
    "Zebre": 0.1111111111111111,
    "Cardiff_RFC": 0.09090909090909091,
    "Aironi": 0.09090909090909091,
    "Munster_Rugby": 0.08333333333333333,
    "Ulster_Rugby": 0.07692307692307693,
    "Connacht_Rugby": 0.07692307692307693,
    "Leinster_Rugby": 0.07692307692307693
}