{
    "Weltklasse_Z\u00fcrich": 1.0,
    "Bislett_Games": 0.25,
    "Herculis": 0.25,
    "Memorial_Van_Damme": 0.23076923076923078,
    "Golden_Gala": 0.21428571428571427,
    "Meeting_Areva": 0.2,
    "DN_Galan": 0.14285714285714285,
    "Athletissima": 0.13333333333333333,
    "Internationales_Stadionfest": 0.13333333333333333,
    "IAAF_Golden_League": 0.13333333333333333,
    "London_Grand_Prix": 0.125,
    "Qatar_Athletic_Super_Grand_Prix": 0.125,
    "British_Grand_Prix_(athletics)": 0.125,
    "2007_IAAF_Golden_League": 0.1111111111111111,
    "2008_IAAF_Golden_League": 0.1111111111111111,
    "2009_IAAF_Golden_League": 0.1111111111111111,
    "Prefontaine_Classic": 0.1111111111111111,
    "2006_IAAF_Golden_League": 0.1111111111111111,
    "2005_IAAF_Golden_League": 0.1111111111111111,
    "2003_IAAF_Golden_League": 0.1111111111111111,
    "2011_IAAF_Diamond_League": 0.1111111111111111,
    "2012_IAAF_Diamond_League": 0.1111111111111111,
    "2013_IAAF_Diamond_League": 0.1111111111111111,
    "2010_IAAF_Diamond_League": 0.1,
    "Welsh_International": 0.09090909090909091,
    "UMB_World_Three-cushion_Championship": 0.09090909090909091,
    "IAAF_Diamond_League": 0.09090909090909091,
    "Singaporean_National_Badminton_Championships": 0.09090909090909091,
    "Scottish_Greyhound_Derby": 0.09090909090909091,
    "National_Games_of_Colombia": 0.08333333333333333,
    "Melbourne_Track_Classic": 0.08333333333333333,
    "Scurry_Gold_Cup": 0.08333333333333333,
    "FC_Z\u00fcrich": 0.08333333333333333,
    "Neuch\u00e2tel_International_Fantastic_Film_Festival": 0.07692307692307693,
    "Shanghai_Golden_Grand_Prix": 0.07692307692307693,
    "Fanny_Blankers-Koen_Games": 0.07692307692307693,
    "Giro_Media_Blenio": 0.07692307692307693,
    "Tunis_Grand_Prix": 0.07692307692307693,
    "IAAF_World_Athletics_Final": 0.07692307692307693,
    "Rallye_Sanremo": 0.07142857142857142,
    "Grande_Premio_Brasil_Caixa_de_Atletismo": 0.07142857142857142,
    "Gugl_Games": 0.07142857142857142,
    "Cesarewitch_(greyhounds)": 0.07142857142857142,
    "Josef_Odlo\u017eil_Memorial": 0.07142857142857142,
    "Meeting_de_Atletismo_Madrid": 0.07142857142857142,
    "St_Leger_(greyhounds)": 0.07142857142857142,
    "International_Ice_Hockey_Federation": 0.06666666666666667,
    "Han\u017eekovi\u0107_Memorial": 0.06666666666666667,
    "Notturna_di_Milano": 0.06666666666666667,
    "Memorial_Primo_Nebiolo": 0.06666666666666667,
    "Brothers_Znamensky_Memorial": 0.06666666666666667,
    "Osaka_Grand_Prix": 0.06666666666666667,
    "Whitney_Handicap": 0.06666666666666667,
    "2011_European_Karate_Championships": 0.06666666666666667,
    "Grasshopper_Club_Z\u00fcrich": 0.0625,
    "1998_IAAF_Grand_Prix_Final": 0.0625,
    "Rieti_Meeting": 0.0625,
    "Athens_Grand_Prix_Tsiklitiria": 0.0625,
    "Golden_Spike_Ostrava": 0.0625,
    "KBC_Night_of_Athletics": 0.0625,
    "Australian_Grand_Prix": 0.0625,
    "Tour_de_Suisse": 0.058823529411764705,
    "Greifenseelauf": 0.058823529411764705,
    "Adidas_Grand_Prix": 0.047619047619047616
}