{
    "British_League_Division_Two": 1.0,
    "Elite_League_(speedway)": 1.0,
    "Premier_League_(speedway)": 1.0,
    "British_League": 0.6666666666666666,
    "Premier_League_Four-Team_Championship": 0.5,
    "Premier_League_Pairs_Championship": 0.5,
    "Speedway_Premier_Trophy": 0.5,
    "National_League_(1932\u201364)": 0.5,
    "National_League_Four-Team_Championship": 0.5,
    "British_League_Division_Two_Pairs_Championship": 0.5,
    "London_Riders'_Championship": 0.3333333333333333,
    "Northern_Riders'_Championship": 0.3333333333333333,
    "British_Speedway_Championship": 0.16666666666666666,
    "1936_Individual_Speedway_World_Championship": 0.16666666666666666,
    "1937_Individual_Speedway_World_Championship": 0.16666666666666666,
    "1938_Individual_Speedway_World_Championship": 0.16666666666666666,
    "1950_Individual_Speedway_World_Championship": 0.16666666666666666,
    "1951_Individual_Speedway_World_Championship": 0.16666666666666666,
    "1952_Individual_Speedway_World_Championship": 0.16666666666666666,
    "1990_Individual_Speedway_World_Championship": 0.16666666666666666,
    "1981_Individual_Speedway_World_Championship": 0.16666666666666666,
    "1978_Individual_Speedway_World_Championship": 0.16666666666666666,
    "1975_Individual_Speedway_World_Championship": 0.16666666666666666,
    "1967_Individual_Speedway_World_Championship": 0.16666666666666666,
    "1965_Individual_Speedway_World_Championship": 0.16666666666666666,
    "1954_Individual_Speedway_World_Championship": 0.16666666666666666,
    "1949_Individual_Speedway_World_Championship": 0.14285714285714285,
    "1976_Individual_Speedway_World_Championship": 0.14285714285714285,
    "1955_Individual_Speedway_World_Championship": 0.14285714285714285
}