{
    "Pacific_States": 1.0,
    "Western_United_States": 0.23076923076923078,
    "Mountain_States": 0.16666666666666666,
    "West_North_Central_States": 0.15384615384615385,
    "Midwestern_United_States": 0.14285714285714285,
    "West_South_Central_States": 0.13333333333333333,
    "East_South_Central_States": 0.07692307692307693,
    "Southern_United_States": 0.07142857142857142,
    "Southwestern_United_States": 0.07142857142857142,
    "Northwestern_United_States": 0.07142857142857142,
    "Northeastern_United_States": 0.07142857142857142,
    "Front_Range_Urban_Corridor": 0.06666666666666667,
    "East_North_Central_States": 0.06666666666666667,
    "List_of_U.S._states_by_coastline": 0.0625,
    "Pacific_Northwest": 0.0625,
    "Southern_Rocky_Mountain_Front": 0.0625,
    "Geologic_timeline_of_Western_North_America": 0.058823529411764705,
    "Montana": 0.058823529411764705,
    "Wyoming": 0.058823529411764705,
    "West_Coast_Conference": 0.058823529411764705,
    "Hawaii": 0.05555555555555555,
    "Idaho": 0.05555555555555555,
    "Nevada": 0.05555555555555555,
    "Utah": 0.05555555555555555,
    "Great_Lakes_region": 0.05555555555555555,
    "Colorado": 0.05555555555555555,
    "Arizona": 0.05263157894736842,
    "California": 0.05,
    "Channel_Islands_of_California": 0.047619047619047616,
    "Gulf_Coast_of_the_United_States": 0.043478260869565216,
    "Alaska": 0.043478260869565216
}