{
    "2007_Detroit_Tigers_season": 1.0,
    "2007_Detroit_Indy_Grand_Prix": 0.2857142857142857,
    "2007_Major_League_Baseball_Draft": 0.2,
    "2007_Los_Angeles_Dodgers_season": 0.2,
    "2007_Major_League_Baseball_season": 0.2,
    "2007_Detroit_Lions_season": 0.16666666666666666,
    "List_of_Detroit_Tigers_seasons": 0.16666666666666666,
    "2007_Grand_Rapids_Rampage_season": 0.16666666666666666,
    "2007_Florida_Marlins_Draft": 0.16666666666666666,
    "2007_Western_Michigan_Broncos_football_team": 0.16666666666666666,
    "List_of_2007_Seattle_Mariners_draft_picks": 0.16666666666666666,
    "2007_Oakland_Athletics_season": 0.16666666666666666,
    "2007_Texas_Rangers_season": 0.16666666666666666,
    "2007_Washington_Nationals_season": 0.16666666666666666,
    "2007_Seattle_Mariners_season": 0.16666666666666666,
    "2007_Tampa_Bay_Devil_Rays_season": 0.16666666666666666,
    "2007_Baltimore_Orioles_season": 0.16666666666666666,
    "2007_Chicago_White_Sox_season": 0.16666666666666666,
    "2007_Minnesota_Twins_season": 0.16666666666666666,
    "2007_Kansas_City_Royals_season": 0.16666666666666666,
    "2007_San_Diego_Padres_season": 0.16666666666666666,
    "2007_San_Francisco_Giants_season": 0.16666666666666666,
    "2007_St._Louis_Cardinals_season": 0.16666666666666666,
    "2007_Florida_Marlins_season": 0.16666666666666666,
    "2007_Atlanta_Braves_season": 0.16666666666666666,
    "2007_Houston_Astros_season": 0.16666666666666666,
    "2007_Cincinnati_Reds_season": 0.16666666666666666,
    "2007_Milwaukee_Brewers_season": 0.16666666666666666,
    "2007_Pittsburgh_Pirates_season": 0.16666666666666666,
    "2007_Citizens_Bank_400": 0.14285714285714285,
    "2007\u201308_Detroit_Pistons_season": 0.14285714285714285,
    "2007_Toronto_Blue_Jays_Draft": 0.14285714285714285,
    "2007_3M_Performance_400": 0.14285714285714285,
    "1961_Detroit_Tigers_season": 0.14285714285714285,
    "1946_Detroit_Tigers_season": 0.14285714285714285,
    "2003_Detroit_Tigers_season": 0.14285714285714285,
    "1952_Detroit_Tigers_season": 0.14285714285714285,
    "1975_Detroit_Tigers_season": 0.14285714285714285,
    "2008_Detroit_Tigers_season": 0.14285714285714285,
    "1990_Detroit_Tigers_season": 0.14285714285714285,
    "2007_Michigan_State_Spartans_football_team": 0.14285714285714285,
    "1999_Detroit_Tigers_season": 0.14285714285714285,
    "1977_Detroit_Tigers_season": 0.14285714285714285,
    "1976_Detroit_Tigers_season": 0.14285714285714285,
    "1949_Detroit_Tigers_season": 0.14285714285714285,
    "1956_Detroit_Tigers_season": 0.14285714285714285,
    "1958_Detroit_Tigers_season": 0.14285714285714285,
    "1963_Detroit_Tigers_season": 0.14285714285714285,
    "1966_Detroit_Tigers_season": 0.14285714285714285,
    "1995_Detroit_Tigers_season": 0.14285714285714285,
    "1997_Detroit_Tigers_season": 0.14285714285714285,
    "1998_Detroit_Tigers_season": 0.14285714285714285,
    "2001_Detroit_Tigers_season": 0.14285714285714285,
    "2007\u201308_Oakland_Golden_Grizzlies_men's_basketball_team": 0.14285714285714285,
    "2007_Firestone_Indy_400": 0.14285714285714285,
    "2009_Detroit_Tigers_season": 0.14285714285714285,
    "2007_Detroit_Shock_season": 0.14285714285714285,
    "2010_Detroit_Tigers_season": 0.14285714285714285,
    "2007_Eastern_Michigan_Eagles_football_team": 0.14285714285714285,
    "2006\u201307_Detroit_Pistons_season": 0.14285714285714285,
    "2007_Big_Ten_Conference_Baseball_Tournament": 0.14285714285714285,
    "2007_Mid-American_Conference_Baseball_Tournament": 0.14285714285714285,
    "2007_Los_Angeles_Angels_of_Anaheim_season": 0.14285714285714285,
    "2007_Chicago_Cubs_season": 0.14285714285714285,
    "2007_Toronto_Blue_Jays_season": 0.14285714285714285,
    "2007_Cleveland_Indians_season": 0.14285714285714285,
    "2007_Michigan_Wolverines_football_team": 0.14285714285714285,
    "2007_Arizona_Diamondbacks_season": 0.14285714285714285,
    "2007_Philadelphia_Phillies_season": 0.14285714285714285,
    "2006_Detroit_Tigers_season": 0.125,
    "1987_Detroit_Tigers_season": 0.125,
    "2007\u201308_Michigan_State_Spartans_men's_basketball_team": 0.125,
    "2011_Detroit_Tigers_season": 0.125,
    "2006\u201307_Michigan_State_Spartans_men's_basketball_team": 0.125,
    "2007_Central_Michigan_Chippewas_football_team": 0.125,
    "2013_Detroit_Tigers_season": 0.125,
    "2014_Detroit_Tigers_season": 0.125,
    "2007_New_York_Yankees_season": 0.125,
    "2007_New_York_Mets_season": 0.125,
    "2007_Colorado_Rockies_season": 0.125,
    "2006\u201307_Detroit_Red_Wings_season": 0.125,
    "1935_Detroit_Tigers_season": 0.1111111111111111,
    "1945_Detroit_Tigers_season": 0.1111111111111111,
    "1984_Detroit_Tigers_season": 0.1111111111111111,
    "1968_Detroit_Tigers_season": 0.1111111111111111,
    "1936_Detroit_Tigers_season": 0.1111111111111111,
    "1941_Detroit_Tigers_season": 0.1111111111111111,
    "1947_Detroit_Tigers_season": 0.1111111111111111,
    "1948_Detroit_Tigers_season": 0.1111111111111111,
    "1955_Detroit_Tigers_season": 0.1111111111111111,
    "1962_Detroit_Tigers_season": 0.1111111111111111,
    "1964_Detroit_Tigers_season": 0.1111111111111111,
    "1965_Detroit_Tigers_season": 0.1111111111111111,
    "1967_Detroit_Tigers_season": 0.1111111111111111,
    "2012_Detroit_Tigers_season": 0.1111111111111111,
    "2007_Boston_Red_Sox_season": 0.1,
    "2007_Major_League_Baseball_All-Star_Game": 0.09090909090909091,
    "2007\u201308_Detroit_Red_Wings_season": 0.08333333333333333
}