{
    "Myanmar_Army": 1.0,
    "Tatmadaw": 0.25,
    "Salvadoran_Army": 0.2,
    "Qatar_Armed_Forces": 0.2,
    "Croatian_Army": 0.16666666666666666,
    "Royal_Cambodian_Army": 0.16666666666666666,
    "Indonesian_Army": 0.16666666666666666,
    "Paraguayan_Army": 0.16666666666666666,
    "Korean_People's_Air_Force": 0.16666666666666666,
    "Kuwaiti_Army": 0.16666666666666666,
    "Indonesian_National_Armed_Forces": 0.14285714285714285,
    "Mexican_Army": 0.14285714285714285,
    "Royal_Jordanian_Army": 0.14285714285714285,
    "Ukrainian_Ground_Forces": 0.14285714285714285,
    "Royal_Bhutan_Army": 0.125,
    "Royal_Bahraini_Army": 0.125,
    "Alaskan_Air_Command": 0.125,
    "Myanmar_Air_Force": 0.125,
    "Black_Army_of_Hungary": 0.1111111111111111,
    "Rhodesian_Security_Forces": 0.1111111111111111,
    "No._249_Squadron_RAF": 0.1111111111111111,
    "Afghan_National_Army": 0.1,
    "1st_Battalion,_Royal_Australian_Regiment": 0.1,
    "Royal_Scots_Army": 0.09090909090909091,
    "New_Model_Army": 0.08333333333333333
}