{
    "Liverpool_Street_station": 1.0,
    "Bank\u2013Monument_station": 0.21212121212121213,
    "Farringdon_station": 0.18181818181818182,
    "London_Victoria_station": 0.17777777777777778,
    "Stratford_station": 0.15789473684210525,
    "London_Paddington_station": 0.15384615384615385,
    "Euston_railway_station": 0.14705882352941177,
    "Tottenham_Hale_station": 0.12903225806451613,
    "London_station_group": 0.11538461538461539,
    "St_Pancras_railway_station": 0.1111111111111111,
    "Norwich_railway_station": 0.1,
    "Colchester_railway_station": 0.1,
    "Ealing_Broadway_station": 0.08108108108108109,
    "Wymondham_railway_station": 0.07142857142857142,
    "Ipswich_railway_station": 0.06896551724137931,
    "West_Hampstead_tube_station": 0.06896551724137931,
    "Ely_railway_station": 0.06451612903225806,
    "March_railway_station": 0.06451612903225806,
    "Ilford_railway_station": 0.06451612903225806,
    "Birmingham_New_Street_railway_station": 0.058823529411764705,
    "Cambridge_railway_station": 0.05405405405405406,
    "Leeds_railway_station": 0.05263157894736842,
    "Whitechapel_station": 0.05,
    "Highbury_&_Islington_station": 0.04878048780487805,
    "Manchester_Piccadilly_station": 0.047619047619047616,
    "Bristol_Temple_Meads_railway_station": 0.046511627906976744,
    "List_of_stations_in_London_fare_zone_1": 0.038461538461538464,
    "Totteridge_and_Whetstone_tube_station": 0.03125,
    "Local_government_in_Peterborough": 0.03125,
    "Gateshead_Interchange": 0.03125,
    "Edgware_tube_station": 0.03125,
    "Golders_Green_tube_station": 0.03125,
    "Clifton_Down_railway_station": 0.030303030303030304,
    "Guildford_(Surrey)_railway_station": 0.02857142857142857,
    "Peterborough_railway_station": 0.027777777777777776,
    "Clapham_Junction_railway_station": 0.027777777777777776,
    "Northwich_Victoria_F.C.": 0.02702702702702703,
    "Reading_railway_station": 0.02631578947368421,
    "Aston_Villa_F.C.": 0.02631578947368421,
    "Edinburgh_Waverley_railway_station": 0.02564102564102564,
    "York_railway_station": 0.025,
    "Newcastle_railway_station": 0.023809523809523808,
    "Glasgow_Central_station": 0.023809523809523808
}