{
    "2000_Cleveland_Indians_season": 1.0,
    "2000_Cincinnati_Reds_season": 0.4,
    "2000_Major_League_Baseball_Draft": 0.25,
    "2000_Major_League_Baseball_season": 0.25,
    "2000_Cleveland_Browns_season": 0.2,
    "2000_Los_Angeles_Dodgers_season": 0.2,
    "2006_Cleveland_Indians_season": 0.2,
    "2008_Cleveland_Indians_season": 0.2,
    "1970_Cleveland_Indians_season": 0.2,
    "1990_Cleveland_Indians_season": 0.2,
    "1968_Cleveland_Indians_season": 0.2,
    "1994_Cleveland_Indians_season": 0.2,
    "2002_Cleveland_Indians_season": 0.2,
    "2003_Cleveland_Indians_season": 0.2,
    "2004_Cleveland_Indians_season": 0.2,
    "2005_Cleveland_Indians_season": 0.2,
    "1901_Cleveland_Bluebirds_season": 0.2,
    "1961_Cleveland_Indians_season": 0.2,
    "1962_Cleveland_Indians_season": 0.2,
    "1963_Cleveland_Indians_season": 0.2,
    "1965_Cleveland_Indians_season": 0.2,
    "1966_Cleveland_Indians_season": 0.2,
    "2000_Cincinnati_Bengals_season": 0.2,
    "2009_Cleveland_Indians_season": 0.2,
    "2000_Ohio_State_Buckeyes_football_team": 0.2,
    "2010_Cleveland_Indians_season": 0.2,
    "2000_Cleveland_Rockers_season": 0.2,
    "2011_Cleveland_Indians_season": 0.2,
    "2012_Cleveland_Indians_season": 0.2,
    "List_of_2000_Seattle_Mariners_draft_picks": 0.2,
    "2013_Cleveland_Indians_season": 0.2,
    "2000_Colorado_Rockies_season": 0.16666666666666666,
    "2000_Toronto_Blue_Jays_season": 0.16666666666666666,
    "2000_Chicago_White_Sox_season": 0.16666666666666666,
    "1999_Cleveland_Indians_season": 0.16666666666666666,
    "2001_Cleveland_Indians_season": 0.16666666666666666,
    "1967_Cleveland_Indians_season": 0.16666666666666666,
    "1911_Cleveland_Naps_season": 0.16666666666666666,
    "2000_Cincinnati_Bearcats_football_team": 0.16666666666666666,
    "2000_Ohio_Bobcats_football_team": 0.16666666666666666,
    "2000_Toledo_Rockets_football_team": 0.16666666666666666,
    "2000_Mid-American_Conference_Baseball_Tournament": 0.16666666666666666,
    "2007_Cleveland_Indians_season": 0.16666666666666666,
    "2000\u201301_Columbus_Blue_Jackets_season": 0.14285714285714285,
    "2000_Miami_RedHawks_football_team": 0.14285714285714285,
    "2000_New_York_Mets_season": 0.125,
    "2000_New_York_Yankees_season": 0.1
}