{
    "2005_Philadelphia_Phillies_season": 1.0,
    "2005_Los_Angeles_Dodgers_season": 0.25,
    "2005_Major_League_Baseball_season": 0.25,
    "2005_Major_League_Baseball_Draft": 0.25,
    "2005_Philadelphia_Eagles_season": 0.2,
    "2005_Seattle_Mariners_season": 0.2,
    "2005_Philadelphia_Soul_season": 0.2,
    "2005_Texas_Rangers_season": 0.2,
    "2005_Baltimore_Orioles_season": 0.2,
    "2005_Washington_Nationals_season": 0.2,
    "2005_Milwaukee_Brewers_season": 0.2,
    "1962_Philadelphia_Phillies_season": 0.2,
    "1964_Philadelphia_Phillies_season": 0.2,
    "2003_Philadelphia_Phillies_season": 0.2,
    "2004_Philadelphia_Phillies_season": 0.2,
    "1949_Philadelphia_Phillies_season": 0.2,
    "1951_Philadelphia_Phillies_season": 0.2,
    "1952_Philadelphia_Phillies_season": 0.2,
    "1957_Philadelphia_Phillies_season": 0.2,
    "1960_Philadelphia_Phillies_season": 0.2,
    "1963_Philadelphia_Phillies_season": 0.2,
    "1965_Philadelphia_Phillies_season": 0.2,
    "1966_Philadelphia_Phillies_season": 0.2,
    "1967_Philadelphia_Phillies_season": 0.2,
    "1968_Philadelphia_Phillies_season": 0.2,
    "1994_Philadelphia_Phillies_season": 0.2,
    "1998_Philadelphia_Phillies_season": 0.2,
    "1947_Philadelphia_Phillies_season": 0.2,
    "1948_Philadelphia_Phillies_season": 0.2,
    "2005_Cleveland_Indians_season": 0.2,
    "List_of_2005_Seattle_Mariners_draft_picks": 0.2,
    "2005_Pittsburgh_Panthers_football_team": 0.2,
    "2012_Philadelphia_Phillies_season": 0.2,
    "2013_Philadelphia_Phillies_season": 0.2,
    "2005_Colorado_Rockies_season": 0.16666666666666666,
    "2005_Toronto_Blue_Jays_season": 0.16666666666666666,
    "2006_Philadelphia_Phillies_season": 0.16666666666666666,
    "1883_Philadelphia_Quakers_season": 0.16666666666666666,
    "1950_Philadelphia_Phillies_season": 0.16666666666666666,
    "2005_Boston_Red_Sox_season": 0.16666666666666666,
    "2005\u201306_Philadelphia_76ers_season": 0.16666666666666666,
    "2010_Philadelphia_Phillies_season": 0.16666666666666666,
    "2011_Philadelphia_Phillies_season": 0.16666666666666666,
    "2005_Villanova_Wildcats_football_team": 0.16666666666666666,
    "2007_Philadelphia_Phillies_season": 0.16666666666666666,
    "2005\u201306_Pittsburgh_Penguins_season": 0.14285714285714285,
    "1983_Philadelphia_Phillies_season": 0.14285714285714285,
    "2004\u201305_Philadelphia_Flyers_season": 0.14285714285714285,
    "2005\u201306_Philadelphia_Flyers_season": 0.14285714285714285,
    "2004\u201305_Pittsburgh_Penguins_season": 0.14285714285714285,
    "2009_Philadelphia_Phillies_season": 0.14285714285714285,
    "2005\u201306_Villanova_Wildcats_men's_basketball_team": 0.14285714285714285,
    "2005\u201306_Temple_Owls_men's_basketball_team": 0.14285714285714285,
    "2004\u201305_Temple_Owls_men's_basketball_team": 0.14285714285714285,
    "2005_Lafayette_Leopards_football_team": 0.14285714285714285,
    "2005_Temple_Owls_football_team": 0.14285714285714285,
    "2005_Penn_State_Nittany_Lions_football_team": 0.14285714285714285,
    "2005_New_York_Yankees_season": 0.125,
    "2005_Philadelphia_Barrage_season": 0.125,
    "2005_Chicago_White_Sox_season": 0.125,
    "1980_Philadelphia_Phillies_season": 0.125,
    "2008_Philadelphia_Phillies_season": 0.125
}