{
    "2006_Philadelphia_Phillies_season": 1.0,
    "2006_Philadelphia_Soul_season": 0.3333333333333333,
    "2006_Philadelphia_Eagles_season": 0.2857142857142857,
    "2006_Philadelphia_Barrage_season": 0.2222222222222222,
    "2006_Major_League_Baseball_season": 0.2,
    "2006_Major_League_Baseball_Draft": 0.2,
    "2006_Chicago_White_Sox_season": 0.16666666666666666,
    "2006_Los_Angeles_Dodgers_season": 0.16666666666666666,
    "2006_Seattle_Mariners_season": 0.16666666666666666,
    "2006_Chicago_Cubs_season": 0.16666666666666666,
    "2006_Cincinnati_Reds_season": 0.16666666666666666,
    "2006_Texas_Rangers_season": 0.16666666666666666,
    "2006_Kansas_City_Royals_season": 0.16666666666666666,
    "2006_Milwaukee_Brewers_season": 0.16666666666666666,
    "2006_Cleveland_Indians_season": 0.16666666666666666,
    "1962_Philadelphia_Phillies_season": 0.16666666666666666,
    "1964_Philadelphia_Phillies_season": 0.16666666666666666,
    "2003_Philadelphia_Phillies_season": 0.16666666666666666,
    "2004_Philadelphia_Phillies_season": 0.16666666666666666,
    "2005_Philadelphia_Phillies_season": 0.16666666666666666,
    "1949_Philadelphia_Phillies_season": 0.16666666666666666,
    "1951_Philadelphia_Phillies_season": 0.16666666666666666,
    "1952_Philadelphia_Phillies_season": 0.16666666666666666,
    "1957_Philadelphia_Phillies_season": 0.16666666666666666,
    "1960_Philadelphia_Phillies_season": 0.16666666666666666,
    "1963_Philadelphia_Phillies_season": 0.16666666666666666,
    "1965_Philadelphia_Phillies_season": 0.16666666666666666,
    "1966_Philadelphia_Phillies_season": 0.16666666666666666,
    "1967_Philadelphia_Phillies_season": 0.16666666666666666,
    "1968_Philadelphia_Phillies_season": 0.16666666666666666,
    "1994_Philadelphia_Phillies_season": 0.16666666666666666,
    "1998_Philadelphia_Phillies_season": 0.16666666666666666,
    "1947_Philadelphia_Phillies_season": 0.16666666666666666,
    "1948_Philadelphia_Phillies_season": 0.16666666666666666,
    "2006_Washington_Nationals_season": 0.16666666666666666,
    "List_of_2006_Seattle_Mariners_draft_picks": 0.16666666666666666,
    "2006_Pittsburgh_Panthers_football_team": 0.16666666666666666,
    "2012_Philadelphia_Phillies_season": 0.16666666666666666,
    "2013_Philadelphia_Phillies_season": 0.16666666666666666,
    "2006_Pittsburgh_Steelers_season": 0.16666666666666666,
    "2006_Los_Angeles_Angels_of_Anaheim_season": 0.16666666666666666,
    "2006_Colorado_Rockies_season": 0.14285714285714285,
    "2006_Boston_Red_Sox_season": 0.14285714285714285,
    "2006_Toronto_Blue_Jays_season": 0.14285714285714285,
    "1883_Philadelphia_Quakers_season": 0.14285714285714285,
    "1950_Philadelphia_Phillies_season": 0.14285714285714285,
    "2006\u201307_Philadelphia_76ers_season": 0.14285714285714285,
    "2005\u201306_Philadelphia_76ers_season": 0.14285714285714285,
    "2010_Philadelphia_Phillies_season": 0.14285714285714285,
    "2011_Philadelphia_Phillies_season": 0.14285714285714285,
    "2006\u201307_Temple_Owls_men's_basketball_team": 0.14285714285714285,
    "2006_Temple_Owls_football_team": 0.14285714285714285,
    "2006_Penn_State_Nittany_Lions_football_team": 0.14285714285714285,
    "2006_Minnesota_Twins_season": 0.14285714285714285,
    "2007_Philadelphia_Phillies_season": 0.14285714285714285,
    "2006_Detroit_Tigers_season": 0.125,
    "2006_Oakland_Athletics_season": 0.125,
    "2005\u201306_Pittsburgh_Penguins_season": 0.125,
    "1983_Philadelphia_Phillies_season": 0.125,
    "2005\u201306_Philadelphia_Flyers_season": 0.125,
    "2009_Philadelphia_Phillies_season": 0.125,
    "2005\u201306_Villanova_Wildcats_men's_basketball_team": 0.125,
    "2005\u201306_Temple_Owls_men's_basketball_team": 0.125,
    "2006_Lafayette_Leopards_football_team": 0.125,
    "2006\u201307_Pittsburgh_Penguins_season": 0.125,
    "2006\u201307_Philadelphia_Flyers_season": 0.125,
    "1980_Philadelphia_Phillies_season": 0.1111111111111111,
    "2008_Philadelphia_Phillies_season": 0.1111111111111111,
    "2006_New_York_Yankees_season": 0.1111111111111111
}