{
    "Plesiosauria": 1.0,
    "List_of_plesiosaur_genera": 0.07142857142857142,
    "Mosasaur": 0.06666666666666667,
    "Notosuchia": 0.058823529411764705
}