{
    "2008_Arizona_Diamondbacks_season": 1.0,
    "2008_Major_League_Baseball_Draft": 0.25,
    "2008_Cincinnati_Reds_season": 0.2,
    "2008_St._Louis_Cardinals_season": 0.2,
    "2008_Los_Angeles_Dodgers_season": 0.2,
    "2008_Kansas_City_Royals_season": 0.2,
    "2008_Cleveland_Indians_season": 0.2,
    "2008_Houston_Astros_season": 0.2,
    "2008_Baltimore_Orioles_season": 0.2,
    "2008_Minnesota_Twins_season": 0.2,
    "2008_Seattle_Mariners_season": 0.2,
    "2008_Florida_Marlins_season": 0.2,
    "2008_Atlanta_Braves_season": 0.2,
    "2008_Oakland_Athletics_season": 0.2,
    "2008_Milwaukee_Brewers_season": 0.2,
    "2008_Pittsburgh_Pirates_season": 0.2,
    "2008_Washington_Nationals_season": 0.2,
    "2008_San_Diego_Padres_season": 0.2,
    "2008_Texas_Rangers_season": 0.2,
    "2008_Arizona_State_Sun_Devils_football_team": 0.2,
    "2008_Phoenix_Mercury_season": 0.2,
    "2009_Arizona_Diamondbacks_season": 0.2,
    "2010_Arizona_Diamondbacks_season": 0.2,
    "List_of_2008_Seattle_Mariners_draft_picks": 0.2,
    "2012_Arizona_Diamondbacks_season": 0.2,
    "2013_Arizona_Diamondbacks_season": 0.2,
    "1998_Arizona_Diamondbacks_season": 0.16666666666666666,
    "2008_Boston_Red_Sox_season": 0.16666666666666666,
    "2008_Chicago_Cubs_season": 0.16666666666666666,
    "2008_Colorado_Rockies_season": 0.16666666666666666,
    "2008_Detroit_Tigers_season": 0.16666666666666666,
    "2008_Los_Angeles_Angels_of_Anaheim_season": 0.16666666666666666,
    "2008_Toronto_Blue_Jays_season": 0.16666666666666666,
    "2008_Chicago_White_Sox_season": 0.16666666666666666,
    "2008_San_Francisco_Giants_season": 0.16666666666666666,
    "2008_Arizona_Rattlers_season": 0.16666666666666666,
    "2008_Arizona_Wildcats_football_team": 0.16666666666666666,
    "2011_Arizona_Diamondbacks_season": 0.16666666666666666,
    "2007_Arizona_Diamondbacks_season": 0.16666666666666666,
    "2008_Tampa_Bay_Rays_season": 0.14285714285714285,
    "2008_New_York_Yankees_season": 0.14285714285714285,
    "2008_New_York_Mets_season": 0.14285714285714285,
    "2008_Arizona_Cardinals_season": 0.14285714285714285,
    "2008_Philadelphia_Phillies_season": 0.125,
    "Super_Bowl_XLII": 0.06666666666666667
}