{
    "1988_PGA_Tour": 1.0,
    "1988_Senior_PGA_Tour": 0.3333333333333333,
    "2005_PGA_Tour": 0.3333333333333333,
    "2008_PGA_Tour": 0.3333333333333333,
    "2004_PGA_Tour": 0.3333333333333333,
    "2003_PGA_Tour": 0.3333333333333333,
    "2002_PGA_Tour": 0.3333333333333333,
    "2001_PGA_Tour": 0.3333333333333333,
    "2000_PGA_Tour": 0.3333333333333333,
    "1999_PGA_Tour": 0.3333333333333333,
    "1998_PGA_Tour": 0.3333333333333333,
    "1997_PGA_Tour": 0.3333333333333333,
    "1996_PGA_Tour": 0.3333333333333333,
    "1995_PGA_Tour": 0.3333333333333333,
    "1994_PGA_Tour": 0.3333333333333333,
    "1993_PGA_Tour": 0.3333333333333333,
    "1990_PGA_Tour": 0.3333333333333333,
    "1992_PGA_Tour": 0.3333333333333333,
    "1991_PGA_Tour": 0.3333333333333333,
    "1989_PGA_Tour": 0.3333333333333333,
    "1987_PGA_Tour": 0.3333333333333333,
    "1986_PGA_Tour": 0.3333333333333333,
    "1985_PGA_Tour": 0.3333333333333333,
    "1984_PGA_Tour": 0.3333333333333333,
    "1983_PGA_Tour": 0.3333333333333333,
    "1982_PGA_Tour": 0.3333333333333333,
    "1981_PGA_Tour": 0.3333333333333333,
    "1980_PGA_Tour": 0.3333333333333333,
    "1979_PGA_Tour": 0.3333333333333333,
    "1978_PGA_Tour": 0.3333333333333333,
    "1977_PGA_Tour": 0.3333333333333333,
    "1976_PGA_Tour": 0.3333333333333333,
    "1975_PGA_Tour": 0.3333333333333333,
    "1974_PGA_Tour": 0.3333333333333333,
    "1973_PGA_Tour": 0.3333333333333333,
    "1972_PGA_Tour": 0.3333333333333333,
    "1971_PGA_Tour": 0.3333333333333333,
    "1970_PGA_Tour": 0.3333333333333333,
    "2009_PGA_Tour": 0.3333333333333333,
    "2010_PGA_Tour": 0.3333333333333333,
    "1988_European_Tour": 0.3333333333333333,
    "2011_PGA_Tour": 0.3333333333333333,
    "2012_PGA_Tour": 0.3333333333333333,
    "2013_PGA_Tour": 0.3333333333333333,
    "1960_PGA_Tour": 0.3333333333333333,
    "1961_PGA_Tour": 0.3333333333333333,
    "1962_PGA_Tour": 0.3333333333333333,
    "1963_PGA_Tour": 0.3333333333333333,
    "1964_PGA_Tour": 0.3333333333333333,
    "1965_PGA_Tour": 0.3333333333333333,
    "1966_PGA_Tour": 0.3333333333333333,
    "1967_PGA_Tour": 0.3333333333333333,
    "1968_PGA_Tour": 0.3333333333333333,
    "1969_PGA_Tour": 0.3333333333333333,
    "2006_PGA_Tour": 0.3333333333333333,
    "2007_PGA_Tour": 0.3333333333333333,
    "2014_PGA_Tour": 0.25,
    "1988_Dunhill_Cup": 0.2,
    "1988_Masters_Tournament": 0.16666666666666666,
    "1988_Open_Championship": 0.16666666666666666,
    "1988_PGA_Championship": 0.14285714285714285,
    "1988_U.S._Open_(golf)": 0.09090909090909091
}