{
    "Amusement_Today": 1.0,
    "Annenberg_Award_for_Excellence_in_Diplomacy": 0.16666666666666666,
    "Anne_Gould_Hauberg_Artist_Images_Award": 0.14285714285714285,
    "Nathan_Reingold_Prize": 0.14285714285714285,
    "William_E._Simon_Prize_for_Philanthropic_Leadership": 0.14285714285714285,
    "NOGI_Awards": 0.14285714285714285,
    "Klopsteg_Memorial_Award": 0.125,
    "Miss_World_United_States": 0.125,
    "Francis_Boyer_Award": 0.125,
    "Jefferson_Awards_for_Public_Service": 0.125,
    "The_Gielgud_Award": 0.125,
    "Paleontological_Society_Medal": 0.1111111111111111,
    "Miss_Latina_US": 0.1111111111111111,
    "Miss_United_States_International": 0.1111111111111111,
    "Twenty-five_Year_Award": 0.1111111111111111,
    "Robert_A._Millikan_award": 0.1111111111111111,
    "Warren_Alpert_Foundation_Prize": 0.1111111111111111,
    "Alternative_Press_Tour": 0.1,
    "Miss_Orlando": 0.1,
    "Marine_mammal_park": 0.1,
    "Pritzker_Architecture_Prize": 0.1,
    "National_Sweetheart": 0.09090909090909091,
    "Miss_Black_America": 0.09090909090909091,
    "Laetare_Medal": 0.09090909090909091,
    "Pro_Wrestling_Illustrated": 0.09090909090909091,
    "Miss_University_of_Florida": 0.09090909090909091,
    "Letelier-Moffitt_Human_Rights_Award": 0.09090909090909091,
    "Planet_Sound": 0.09090909090909091,
    "All-America_City_Award": 0.09090909090909091,
    "G._K._Gilbert_Award": 0.09090909090909091,
    "Golf_Magazine": 0.08333333333333333,
    "Dynamite_(magazine)": 0.08333333333333333,
    "National_Geographic_(magazine)": 0.08333333333333333,
    "Star_Trek:_The_Magazine": 0.08333333333333333,
    "Loubat_Prize": 0.08333333333333333,
    "Next_Generation_(magazine)": 0.07692307692307693,
    "Conservative_Political_Action_Conference": 0.07692307692307693,
    "Miss_America": 0.07692307692307693,
    "World_Aircraft_Information_Files": 0.07692307692307693,
    "List_of_Roger_W._Jones_Award_for_Executive_Leadership_recipients": 0.07692307692307693,
    "Buffy_the_Vampire_Slayer_Magazine_incorporating_Angel_Magazine": 0.07692307692307693,
    "Handel_Medallion": 0.07692307692307693,
    "Miss_USA": 0.07142857142857142,
    "Yen_Plus": 0.06666666666666667,
    "Adam_Film_World": 0.06666666666666667,
    "Juice_(magazine)": 0.0625,
    "Maxim_(magazine)": 0.0625,
    "The_Comics_Journal": 0.0625,
    "Film_Score_Monthly": 0.058823529411764705,
    "Vogue_(magazine)": 0.037037037037037035
}