{
    "International_organisations_in_Europe": 1.0,
    "Organization_for_Security_and_Co-operation_in_Europe_statistics": 0.5,
    "European_Cyclists'_Federation": 0.25,
    "_Europa_Nostra_Awards": 0.2,
    "Parliamentary_Assembly_of_the_Council_of_Europe": 0.16666666666666666,
    "CLUSTER": 0.16666666666666666,
    "CERN": 0.07692307692307693,
    "European_Union": 0.06666666666666667,
    "Nordic_Council": 0.058823529411764705,
    "Central_European_Free_Trade_Agreement": 0.045454545454545456
}