{
    "List_of_people_in_Playboy_2000\u201309": 1.0,
    "List_of_people_in_Playboy_2010\u201319": 0.42857142857142855,
    "List_of_people_in_Playboy_1953\u201359": 0.2857142857142857,
    "List_of_people_in_Playboy_1960\u201369": 0.2857142857142857,
    "List_of_people_in_Playboy_1980\u201389": 0.25,
    "List_of_people_in_Playboy_1970\u201379": 0.25,
    "List_of_people_in_Playboy_1990\u201399": 0.2222222222222222,
    "List_of_Playboy_(Brazil)_covers": 0.16666666666666666,
    "List_of_Sports_Illustrated_Swimsuit_Issue_cover_models": 0.14285714285714285,
    "List_of_Dancing_with_the_Stars_(U.S.)_competitors": 0.14285714285714285,
    "List_of_Proton_launches_(2000\u201309)": 0.14285714285714285,
    "List_of_covers_of_Time_magazine_(2000s)": 0.14285714285714285,
    "List_of_Playboy_Playmates_of_the_Month": 0.125,
    "List_of_wealthiest_non-inflated_historical_figures": 0.125,
    "List_of_people_on_the_cover_of_Attitude_magazine": 0.125,
    "Padma_Shri_Awards_(2000\u201309)": 0.125,
    "List_of_TV_Guide_covers_(1970s)": 0.125,
    "List_of_TV_Guide_covers_(1980s)": 0.125,
    "List_of_TV_Guide_covers_(1990s)": 0.125,
    "List_of_TV_Guide_covers_(2000s)": 0.125,
    "List_of_TV_Guide_covers_(1950s)": 0.125,
    "List_of_TV_Guide_covers_(1960s)": 0.125,
    "List_of_The_Apprentice_(U.S.)_candidates": 0.125,
    "List_of_TV_Guide_covers_(2010s)": 0.125,
    "List_of_covers_of_Time_magazine_(2010s)": 0.125,
    "Chronological_list_of_saints_and_blesseds_in_the_21st_century": 0.125,
    "Forbes_list_of_billionaires": 0.125,
    "List_of_human_spaceflights,_2001\u201310": 0.125,
    "List_of_21st-century_classical_composers": 0.125,
    "Forbes'_list_of_world's_highest-paid_athletes": 0.1111111111111111,
    "List_of_people_on_the_cover_of_FHM_(India)": 0.1111111111111111,
    "List_of_Grazia_(India)_cover_models": 0.1111111111111111,
    "List_of_spacewalks_since_2000": 0.1,
    "List_of_NASCAR_Canadian_Tire_Series_Drivers": 0.1,
    "March_2006_Consistory": 0.09090909090909091
}