{
    "List_of_Houston_Rockets_seasons": 1.0,
    "1996\u201397_Houston_Rockets_season": 0.5,
    "1998\u201399_Houston_Rockets_season": 0.5,
    "2002\u201303_Houston_Rockets_season": 0.5,
    "Houston_Rockets_all-time_roster": 0.3333333333333333,
    "2008\u201309_Houston_Rockets_season": 0.3333333333333333,
    "List_of_Houston_Rockets_statistics_and_records": 0.3333333333333333,
    "2009\u201310_Houston_Rockets_season": 0.3333333333333333,
    "2010\u201311_Houston_Rockets_season": 0.3333333333333333,
    "2012\u201313_Houston_Rockets_season": 0.3333333333333333,
    "List_of_Houston_Rockets_first_and_second_round_draft_picks": 0.25,
    "1985\u201386_Houston_Rockets_season": 0.25,
    "1993\u201394_Houston_Rockets_season": 0.2,
    "1994\u201395_Houston_Rockets_season": 0.2,
    "1967_NBA_Expansion_Draft": 0.16666666666666666
}