{
    "List_of_San_Antonio_Spurs_seasons": 1.0,
    "2007\u201308_San_Antonio_Spurs_season": 0.2,
    "1994\u201395_San_Antonio_Spurs_season": 0.2,
    "1997\u201398_San_Antonio_Spurs_season": 0.2,
    "1989\u201390_San_Antonio_Spurs_season": 0.2,
    "1976\u201377_San_Antonio_Spurs_season": 0.2,
    "1977\u201378_San_Antonio_Spurs_season": 0.2,
    "1981\u201382_San_Antonio_Spurs_season": 0.2,
    "2008\u201309_San_Antonio_Spurs_season": 0.2,
    "2009\u201310_San_Antonio_Spurs_season": 0.2,
    "2010\u201311_San_Antonio_Spurs_season": 0.2,
    "1990\u201391_San_Antonio_Spurs_season": 0.2,
    "1991\u201392_San_Antonio_Spurs_season": 0.2,
    "1992\u201393_San_Antonio_Spurs_season": 0.2,
    "2011\u201312_San_Antonio_Spurs_season": 0.2,
    "1978\u201379_San_Antonio_Spurs_season": 0.2,
    "1979\u201380_San_Antonio_Spurs_season": 0.2,
    "1982\u201383_San_Antonio_Spurs_season": 0.2,
    "1983\u201384_San_Antonio_Spurs_season": 0.2,
    "1984\u201385_San_Antonio_Spurs_season": 0.2,
    "1985\u201386_San_Antonio_Spurs_season": 0.2,
    "1986\u201387_San_Antonio_Spurs_season": 0.2,
    "1987\u201388_San_Antonio_Spurs_season": 0.2,
    "1988\u201389_San_Antonio_Spurs_season": 0.2,
    "1993\u201394_San_Antonio_Spurs_season": 0.2,
    "1995\u201396_San_Antonio_Spurs_season": 0.2,
    "1996\u201397_San_Antonio_Spurs_season": 0.2,
    "1999\u20132000_San_Antonio_Spurs_season": 0.2,
    "2000\u201301_San_Antonio_Spurs_season": 0.2,
    "2001\u201302_San_Antonio_Spurs_season": 0.2,
    "2012\u201313_San_Antonio_Spurs_season": 0.16666666666666666,
    "2002\u201303_San_Antonio_Spurs_season": 0.14285714285714285,
    "2004\u201305_San_Antonio_Spurs_season": 0.14285714285714285,
    "1998\u201399_San_Antonio_Spurs_season": 0.14285714285714285,
    "2006\u201307_San_Antonio_Spurs_season": 0.14285714285714285
}