{
    "Redline_Racing": 1.0,
    "West_Competition": 0.16666666666666666,
    "Qatar_World_Rally_Team": 0.16666666666666666,
    "Project_Four_Racing": 0.16666666666666666,
    "Rondel_Racing": 0.14285714285714285,
    "Reg_Parnell_Racing": 0.14285714285714285,
    "RAM_Racing": 0.125,
    "ISport_International": 0.125,
    "Simtek": 0.1111111111111111,
    "Hesketh_Racing": 0.1111111111111111,
    "Toleman": 0.1111111111111111,
    "Tom_Walkinshaw_Racing": 0.1111111111111111,
    "Rob_Walker_Racing_Team": 0.1111111111111111,
    "Ensign_Racing": 0.1,
    "Onyx_Grand_Prix": 0.1,
    "Embassy_Hill": 0.1,
    "Footwork_Arrows": 0.1,
    "Stewart_Grand_Prix": 0.09090909090909091,
    "JBW": 0.09090909090909091,
    "Bamboo_Engineering": 0.09090909090909091,
    "Frank_Williams_Racing_Cars_Grand_Prix_results": 0.09090909090909091,
    "Vanwall": 0.09090909090909091,
    "BBC_Radio_New_Comedy_Awards": 0.09090909090909091,
    "Jaguar_Racing": 0.08333333333333333,
    "Atech_Grand_Prix": 0.08333333333333333,
    "Connaught_Engineering": 0.07692307692307693,
    "Pacific_Racing": 0.07692307692307693,
    "March_Engineering": 0.07692307692307693,
    "British_American_Racing": 0.07692307692307693,
    "CRS_Racing": 0.07692307692307693,
    "Surtees": 0.07692307692307693,
    "Arrows_Grand_Prix_International": 0.07692307692307693,
    "Red_Bull_Racing": 0.07142857142857142,
    "Hersham_and_Walton_Motors": 0.07142857142857142,
    "British_Racing_Partnership": 0.07142857142857142,
    "Gilby_Engineering": 0.07142857142857142,
    "Manor_Motorsport": 0.07142857142857142,
    "Star_Trek_Magazine": 0.07142857142857142,
    "McLaren": 0.06666666666666667,
    "Maxim_(magazine)": 0.06666666666666667,
    "Super_Nova_Racing": 0.06666666666666667,
    "English_Racing_Automobiles": 0.0625,
    "British_Racing_Motors": 0.0625,
    "Benetton_Formula": 0.058823529411764705,
    "Brabham": 0.058823529411764705,
    "Shadow_Grand_Prix_results": 0.05555555555555555,
    "Lola_Cars": 0.05555555555555555,
    "Aston_Martin": 0.05,
    "DAMS": 0.047619047619047616
}