{
    "1994_Australian_FAI_Indycar_Grand_Prix": 1.0,
    "1994_Tooheys_1000": 0.25,
    "1994_James_Hardie_12_Hour": 0.25,
    "2007_V8_Supercar_Challenge": 0.2,
    "1994_Australian_Touring_Car_Championship": 0.2,
    "1994_Australian_Manufacturers'_Championship": 0.2,
    "2007_Lexmark_Indy_300": 0.2,
    "2005_Lexmark_Indy_300": 0.2,
    "2004_Lexmark_Indy_300": 0.2,
    "2003_Lexmark_Indy_300": 0.2,
    "2000_Honda_Indy_300": 0.2,
    "1999_Honda_Indy_300": 0.2,
    "1998_Honda_Indy_300": 0.2,
    "1997_Sunbelt_IndyCarnival": 0.2,
    "1996_Bartercard_Indycar_Australia": 0.2,
    "1995_Indycar_Australia": 0.2,
    "1994_Sandown_500": 0.2,
    "1992_Daikyo_IndyCar_Grand_Prix": 0.2,
    "1991_Gold_Coast_IndyCar_Grand_Prix": 0.2,
    "2008_Nikon_Indy_300": 0.2,
    "2006_Lexmark_Indy_300": 0.2,
    "2002_Honda_Indy_300": 0.16666666666666666,
    "2001_Honda_Indy_300": 0.16666666666666666,
    "1994_Australian_motorcycle_Grand_Prix": 0.16666666666666666,
    "1994_Australian_Touring_Car_season": 0.16666666666666666,
    "1993_Australian_FAI_IndyCar_Grand_Prix": 0.16666666666666666,
    "1994_IndyCar_season": 0.16666666666666666,
    "Nikon_Indy_300": 0.16666666666666666,
    "2009_V8_Supercar_Challenge": 0.16666666666666666,
    "1994_Atlantic_Championship_season": 0.16666666666666666,
    "1994_Indianapolis_500": 0.14285714285714285,
    "1994_Australian_Grand_Prix": 0.1,
    "Surfers_Paradise_Street_Circuit": 0.1
}