{
    "2007_Indiana_Fever_season": 1.0,
    "2007_San_Antonio_Silver_Stars_season": 0.25,
    "2008_Indiana_Fever_season": 0.2,
    "2007_Connecticut_Sun_season": 0.2,
    "2000_Indiana_Fever_season": 0.2,
    "2007_Los_Angeles_Sparks_season": 0.2,
    "2010_Indiana_Fever_season": 0.2,
    "2002_Indiana_Fever_season": 0.2,
    "2007_Houston_Comets_season": 0.2,
    "2004_Indiana_Fever_season": 0.2,
    "2007_Minnesota_Lynx_season": 0.2,
    "2001_Indiana_Fever_season": 0.2,
    "2003_Indiana_Fever_season": 0.2,
    "2007_Seattle_Storm_season": 0.2,
    "2007_Washington_Mystics_season": 0.2,
    "2007_Sacramento_Monarchs_season": 0.2,
    "2007_New_York_Liberty_season": 0.2,
    "2006_Indiana_Fever_season": 0.2,
    "2005_Indiana_Fever_season": 0.2,
    "2011_Indiana_Fever_season": 0.2,
    "2013_Indiana_Fever_season": 0.2,
    "2007_WNBA_draft": 0.2,
    "2007_MLS_SuperDraft": 0.2,
    "2007_Notre_Dame_Fighting_Irish_football_team": 0.2,
    "2007\u201308_Indiana_Pacers_season": 0.16666666666666666,
    "2007_Purdue_Boilermakers_football_team": 0.16666666666666666,
    "2007_Allstate_400_at_the_Brickyard": 0.16666666666666666,
    "2007_Ball_State_Cardinals_football_team": 0.16666666666666666,
    "2007_Detroit_Shock_season": 0.16666666666666666,
    "2009_Indiana_Fever_season": 0.16666666666666666,
    "2007_Indiana_Hoosiers_football_team": 0.16666666666666666,
    "2006\u201307_Indiana_Pacers_season": 0.16666666666666666,
    "2007_WNBA_season": 0.14285714285714285,
    "2007\u201308_Valparaiso_Crusaders_men's_basketball_team": 0.14285714285714285,
    "2007\u201308_Indiana_Hoosiers_men's_basketball_team": 0.14285714285714285,
    "2007\u201308_Notre_Dame_Fighting_Irish_men's_basketball_team": 0.14285714285714285,
    "2007_Phoenix_Mercury_season": 0.14285714285714285,
    "2007_Chicago_Sky_season": 0.14285714285714285,
    "2006\u201307_Indiana_Hoosiers_men's_basketball_team": 0.14285714285714285,
    "2012_Indiana_Fever_season": 0.14285714285714285,
    "2007_United_States_Grand_Prix": 0.125,
    "2007_Indianapolis_500": 0.125
}