{
    "Atlantic_Airways": 1.0,
    "Aerol\u00ednea_de_Antioquia": 0.1111111111111111,
    "Blue_Islands": 0.1111111111111111,
    "Lego_Club_Magazine": 0.1,
    "Binter_Canarias": 0.09090909090909091,
    "OLT_Express_destinations": 0.09090909090909091,
    "Astra_Airlines": 0.07692307692307693,
    "Eurowings": 0.07142857142857142,
    "Air_Southwest": 0.06666666666666667
}