{
    "Wushu_Tournament_Beijing_2008": 1.0,
    "2008_Summer_Olympics": 0.14285714285714285,
    "Demonstration_sport": 0.125,
    "2008_Summer_Paralympics": 0.125,
    "2008_Summer_Olympics_medal_table": 0.1111111111111111,
    "Chronological_summary_of_the_2008_Summer_Olympics": 0.1111111111111111,
    "2008_Summer_Olympics_on_NBC": 0.1111111111111111,
    "Olympic_records_at_the_2008_Summer_Olympics": 0.1111111111111111,
    "2008_Summer_Olympics_closing_ceremony_flag_bearers": 0.1111111111111111,
    "2008_Summer_Olympics_Parade_of_Nations": 0.1,
    "List_of_2008_Summer_Olympics_medal_winners": 0.1,
    "2008_in_Chinese_football": 0.09090909090909091,
    "2008_Asian_Taekwondo_Championships": 0.09090909090909091,
    "European_Wushu_Championships": 0.09090909090909091,
    "World_Wushu_Championships": 0.09090909090909091,
    "2008_UCI_BMX_World_Championships": 0.08333333333333333,
    "2008_Cup_of_China": 0.08333333333333333,
    "Baseball_at_the_1912_Summer_Olympics": 0.07692307692307693,
    "2008_AIBA_Women's_World_Boxing_Championships": 0.07692307692307693,
    "2007_World_Wushu_Championships": 0.07692307692307693,
    "2008_World_Cup_(men's_golf)": 0.07142857142857142,
    "Bids_for_the_2008_Summer_Olympics": 0.07142857142857142,
    "The_Olympic_Adventures_of_Fuwa": 0.06666666666666667,
    "2008_World_Mind_Sports_Games": 0.05555555555555555
}