{
    "List_of_England_national_rugby_union_team_results_1990\u201399": 1.0,
    "1997_British_Lions_tour_to_South_Africa": 0.05555555555555555,
    "1993_New_Zealand_rugby_union_tour_of_Britain": 0.05263157894736842,
    "1995_Samoa_rugby_union_tour_of_Great_Britain": 0.05263157894736842,
    "1997\u201398_Heineken_Cup": 0.05263157894736842,
    "1992_Wallabies_Spring_tour": 0.05,
    "List_of_England_national_rugby_union_team_results_2000\u201309": 0.047619047619047616,
    "List_of_England_national_rugby_union_team_results_2010\u201319": 0.047619047619047616,
    "1996_Wallabies_Spring_tour": 0.045454545454545456,
    "1996_Samoa_rugby_union_tour_of_British_Isles": 0.043478260869565216,
    "1991_Rugby_World_Cup": 0.041666666666666664,
    "1996_South_Africa_rugby_union_tour": 0.038461538461538464
}