{
    "List_of_stadiums_in_India": 1.0,
    "List_of_stadiums_in_South_Africa": 0.3333333333333333,
    "List_of_stadiums_in_New_Zealand": 0.3333333333333333,
    "List_of_stadiums_in_Japan": 0.25,
    "List_of_stadiums_in_Taiwan": 0.25,
    "Venues_of_the_2010_Commonwealth_Games": 0.2,
    "List_of_stadiums_in_Canada": 0.2,
    "List_of_football_stadiums_in_Spain": 0.16666666666666666,
    "List_of_stadiums_in_Singapore": 0.16666666666666666,
    "List_of_stadiums_in_China": 0.16666666666666666,
    "List_of_stadiums_in_Indonesia": 0.16666666666666666,
    "List_of_football_stadiums_in_Albania": 0.16666666666666666,
    "List_of_stadiums_in_Malaysia": 0.16666666666666666,
    "List_of_stadiums_in_England": 0.16666666666666666,
    "Stadiums_in_Bangladesh": 0.125
}