{
    "KrasAir": 1.0,
    "Domodedovo_Airlines": 0.42857142857142855,
    "Dalavia": 0.42857142857142855,
    "Taimyr_Air_Company": 0.1111111111111111,
    "Qeshm_Airlines": 0.1,
    "Coast_Air": 0.1,
    "Shaheen_Air": 0.1,
    "Insel_Air": 0.1,
    "ATRAN": 0.08333333333333333,
    "Eurowings": 0.07692307692307693,
    "Aeroflot": 0.05555555555555555
}