{
    "UCI_Road_World_Championships_\u2013_Women's_road_race": 1.0,
    "UCI_Road_World_Championships_\u2013_Women's_time_trial": 0.5,
    "UCI_Road_World_Championships_\u2013_Junior_women's_road_race": 0.3333333333333333,
    "UCI_Road_World_Championships_\u2013_Junior_women's_time_trial": 0.3333333333333333,
    "UCI_Road_World_Championships_\u2013_Men's_time_trial": 0.2857142857142857,
    "UCI_Road_World_Championships_\u2013_Junior_men's_road_race": 0.2857142857142857,
    "UCI_Road_World_Championships_\u2013_Junior_men's_time_trial": 0.2857142857142857,
    "UCI_Road_World_Championships_\u2013_Men's_under-23_time_trial": 0.25,
    "UCI_Road_World_Championships_\u2013_Men's_under-23_road_race": 0.25,
    "UCI_Road_World_Championships_\u2013_Men's_road_race": 0.25,
    "UCI_Road_World_Championships_\u2013_Men's_team_time_trial": 0.2222222222222222,
    "2007_UCI_Road_World_Championships_\u2013_Women's_road_race": 0.16666666666666666,
    "2008_UCI_Road_World_Championships_\u2013_Women's_road_race": 0.16666666666666666,
    "2005_UCI_Road_World_Championships_\u2013_Women's_road_race": 0.16666666666666666,
    "2004_UCI_Road_World_Championships_\u2013_Women's_road_race": 0.16666666666666666,
    "1999_UCI_Road_World_Championships_\u2013_Women's_road_race": 0.16666666666666666,
    "1998_UCI_Road_World_Championships_\u2013_Women's_road_race": 0.16666666666666666,
    "2010_UCI_Road_World_Championships_\u2013_Women's_road_race": 0.16666666666666666,
    "1996_UCI_Road_World_Championships_\u2013_Women's_road_race": 0.16666666666666666,
    "2012_UCI_Road_World_Championships_\u2013_Women's_road_race": 0.16666666666666666,
    "2013_UCI_Road_World_Championships_\u2013_Women's_road_race": 0.16666666666666666,
    "Tour_de_France_F\u00e9minin": 0.14285714285714285,
    "2006_UCI_Road_World_Championships_\u2013_Women's_road_race": 0.14285714285714285,
    "Th\u00fcringen_Rundfahrt_der_Frauen": 0.14285714285714285,
    "Parel_van_de_Veluwe": 0.14285714285714285,
    "List_of_women's_road_bicycle_races": 0.14285714285714285,
    "Tour_de_l'Aude_Cycliste_F\u00e9minin": 0.125,
    "Amstel_Cura\u00e7ao_Race": 0.125,
    "Profronde_van_Oostvoorne": 0.125,
    "Emakumeen_Euskal_Bira": 0.1111111111111111,
    "Women's_Challenge": 0.1111111111111111,
    "Giro_d'Italia_Femminile": 0.1111111111111111,
    "Prova_Cicl\u00edstica_9_de_Julho": 0.1111111111111111,
    "2006_Lowland_International_Rotterdam_Tour": 0.1111111111111111,
    "Profronde_van_Almelo": 0.1111111111111111,
    "Gouden_Pijl": 0.1111111111111111,
    "Acht_van_Chaam": 0.1111111111111111,
    "2013_Knokke-Heist_\u2013_Bredene": 0.1111111111111111,
    "Nature_Valley_Grand_Prix": 0.1111111111111111,
    "Ster_Zeeuwsche_Eilanden": 0.1,
    "Omloop_der_Kempen": 0.1,
    "2008_Omloop_der_Kempen": 0.1,
    "La_Fl\u00e8che_Wallonne_F\u00e9minine": 0.1,
    "Holland_Ladies_Tour": 0.09090909090909091,
    "International_Tour_de_Toona": 0.09090909090909091,
    "Ronde_van_Drenthe": 0.07692307692307693,
    "Gracia-Orlova": 0.07692307692307693,
    "Holland_Hills_Classic": 0.07692307692307693,
    "Liberty_Classic": 0.07142857142857142
}