{
    "2008\u201309_Football_League_Championship": 1.0,
    "2008\u201309_Football_League": 0.3333333333333333,
    "2008\u201309_Football_League_Two": 0.25,
    "2008\u201309_Football_League_One": 0.25,
    "2008\u201309_Segunda_Divisi\u00f3n": 0.14285714285714285,
    "2008\u201309_Eerste_Divisie": 0.14285714285714285,
    "2008\u201309_Cypriot_Second_Division": 0.14285714285714285,
    "2008\u201309_Ligue_2": 0.14285714285714285,
    "2008\u201309_Serie_B": 0.14285714285714285,
    "2008\u201309_2._Bundesliga": 0.14285714285714285,
    "2008\u201309_B_PFG": 0.14285714285714285,
    "2008\u201309_Swiss_Challenge_League": 0.14285714285714285,
    "2008\u201309_Danish_1st_Division": 0.14285714285714285,
    "2008\u201309_Premier_Reserve_League": 0.14285714285714285,
    "2008\u201309_Druga_HNL": 0.14285714285714285,
    "2008\u201309_Slovenian_Second_League": 0.14285714285714285,
    "2008\u201309_Ukrainian_First_League": 0.14285714285714285,
    "2008\u201309_Second_Macedonian_Football_League": 0.14285714285714285,
    "2008\u201309_Serbian_First_League": 0.14285714285714285,
    "2008\u201309_Pirveli_Liga": 0.14285714285714285,
    "2008\u201309_Moldovan_\"A\"_Division": 0.14285714285714285,
    "2008\u201309_Premier_League": 0.125,
    "2008\u201309_Scottish_First_Division": 0.125,
    "2008_Russian_First_Division": 0.125,
    "2008_Kazakhstan_First_Division": 0.125,
    "2008_Norwegian_First_Division": 0.125,
    "2008\u201309_Football_Conference": 0.125,
    "2009_Norwegian_First_Division": 0.125,
    "2009_Esiliiga": 0.125,
    "2009_Russian_First_Division": 0.125,
    "2009_Superettan": 0.125,
    "2008_Superettan": 0.125,
    "2009_Kazakhstan_First_Division": 0.125,
    "2009_Ykk\u00f6nen": 0.125,
    "2008_Ykk\u00f6nen": 0.125,
    "2008\u201309_Football_League_Cup": 0.1111111111111111,
    "2007\u201308_Football_League_Championship": 0.1111111111111111,
    "2009\u201310_Football_League_Championship": 0.1111111111111111,
    "2010\u201311_Football_League_Championship": 0.1111111111111111,
    "2004\u201305_Football_League_Championship": 0.1111111111111111,
    "2005\u201306_Football_League_Championship": 0.1111111111111111,
    "2011\u201312_Football_League_Championship": 0.1111111111111111,
    "2012\u201313_Football_League_Championship": 0.1111111111111111,
    "2013\u201314_Football_League_Championship": 0.1111111111111111
}