{
    "List_of_Ghana_governments": 1.0,
    "List_of_Mills_government_ministers": 0.42857142857142855,
    "List_of_Mahama_government_ministers": 0.2857142857142857,
    "Kufuor_government": 0.2222222222222222,
    "List_of_Scottish_Governments": 0.16666666666666666,
    "Human_rights_in_Ghana": 0.16666666666666666,
    "List_of_national_governments": 0.16666666666666666,
    "Nkrumah_government": 0.15384615384615385,
    "Minister_for_Foreign_Affairs_(Ghana)": 0.14285714285714285,
    "Cabinet_of_Denmark": 0.14285714285714285,
    "List_of_Cabinets_of_the_Philippines": 0.14285714285714285,
    "Minister_for_Defence_(Ghana)": 0.14285714285714285,
    "Minister_for_Finance_and_Economic_Planning": 0.14285714285714285,
    "Minister_for_the_Interior_(Ghana)": 0.14285714285714285,
    "Minister_for_Food_and_Agriculture_(Ghana)": 0.14285714285714285,
    "Attorney_General_of_Ghana": 0.14285714285714285,
    "Minister_for_Education_(Ghana)": 0.14285714285714285,
    "Minister_for_Information_(Ghana)": 0.14285714285714285,
    "List_of_cabinets_of_the_Netherlands": 0.14285714285714285,
    "Supreme_Military_Council_(Ghana)": 0.13333333333333333,
    "Minister_for_Health_(Ghana)": 0.125,
    "List_of_Welsh_governments": 0.1111111111111111,
    "First_Lady_of_Ghana": 0.1111111111111111,
    "List_of_Norwegian_governments": 0.1111111111111111,
    "List_of_rulers_of_Asante": 0.1111111111111111,
    "List_of_colonial_governors_of_the_Dutch_Gold_Coast": 0.1111111111111111,
    "National_Redemption_Council": 0.07692307692307693
}