{
    "Athletics_at_the_1996_Summer_Paralympics": 1.0,
    "1996_Decathlon_Year_Ranking": 0.2,
    "1996_Hammer_Throw_Year_Ranking": 0.2,
    "Archery_at_the_1996_Summer_Paralympics": 0.16666666666666666,
    "Powerlifting_at_the_1996_Summer_Paralympics": 0.16666666666666666,
    "1996_German_Athletics_Championships": 0.16666666666666666,
    "Athletics_at_the_2000_Summer_Paralympics": 0.14285714285714285,
    "Judo_at_the_1996_Summer_Paralympics": 0.14285714285714285,
    "Sailing_at_the_1996_Summer_Paralympics": 0.14285714285714285,
    "Shooting_at_the_1996_Summer_Paralympics": 0.14285714285714285,
    "Table_tennis_at_the_1996_Summer_Paralympics": 0.14285714285714285,
    "Athletics_at_the_1992_Summer_Paralympics": 0.14285714285714285,
    "Athletics_at_the_1988_Summer_Paralympics": 0.14285714285714285,
    "Athletics_at_the_1984_Summer_Paralympics": 0.14285714285714285,
    "Athletics_at_the_1980_Summer_Paralympics": 0.14285714285714285,
    "Athletics_at_the_1976_Summer_Paralympics": 0.14285714285714285,
    "Athletics_at_the_1972_Summer_Paralympics": 0.14285714285714285,
    "Athletics_at_the_1968_Summer_Paralympics": 0.14285714285714285,
    "Athletics_at_the_1964_Summer_Paralympics": 0.14285714285714285,
    "Athletics_at_the_Summer_Paralympics_\u2013_Marathon": 0.14285714285714285,
    "1996_European_Cup_(athletics)": 0.14285714285714285,
    "1996_European_Race_Walking_Cup": 0.14285714285714285,
    "Athletics_at_the_2008_Summer_Paralympics": 0.125,
    "Cycling_at_the_1996_Summer_Paralympics": 0.125,
    "1996_IAAF_World_Half_Marathon_Championships": 0.125,
    "1996_Central_American_and_Caribbean_Junior_Championships_in_Athletics": 0.125,
    "1996_CARIFTA_Games": 0.125,
    "1996_Oceania_Athletics_Championships": 0.125,
    "Athletics_at_the_1996_Summer_Olympics": 0.125,
    "Athletics_at_the_2004_Summer_Paralympics": 0.1111111111111111,
    "Swimming_at_the_1996_Summer_Paralympics": 0.1111111111111111,
    "Athletics_at_the_2012_Summer_Paralympics": 0.1111111111111111,
    "1996_South_American_Junior_Championships_in_Athletics": 0.1111111111111111,
    "1996_Ibero-American_Championships_in_Athletics": 0.1111111111111111,
    "1996_Oceania_Junior_Athletics_Championships": 0.1111111111111111,
    "1996_IAAF_Grand_Prix_Final": 0.1,
    "1996_World_Junior_Championships_in_Athletics": 0.1,
    "1996_African_Championships_in_Athletics": 0.1,
    "1996_European_Athletics_Indoor_Championships": 0.09090909090909091,
    "1996_South_American_Youth_Championships_in_Athletics": 0.09090909090909091,
    "1996_IAAF_World_Cross_Country_Championships": 0.09090909090909091,
    "1996_Asian_Junior_Athletics_Championships": 0.08333333333333333
}