{
    "Aquatics_at_the_2002_Commonwealth_Games": 1.0,
    "Aquatics_at_the_1994_Commonwealth_Games": 0.16666666666666666,
    "Aquatics_at_the_1986_Commonwealth_Games": 0.16666666666666666,
    "Aquatics_at_the_1982_Commonwealth_Games": 0.14285714285714285,
    "Aquatics_at_the_2010_Commonwealth_Games": 0.14285714285714285,
    "Aquatics_at_the_1990_Commonwealth_Games": 0.14285714285714285,
    "Aquatics_at_the_2006_Commonwealth_Games": 0.14285714285714285,
    "Cycling_at_the_2002_Commonwealth_Games": 0.1111111111111111,
    "Athletics_at_the_2002_Commonwealth_Games": 0.1111111111111111,
    "2002_European_Aquatics_Championships": 0.09090909090909091
}