{
    "1926_Imperial_Conference": 1.0,
    "1921_Imperial_Conference": 0.21052631578947367,
    "Imperial_Conference": 0.17647058823529413,
    "1902_Colonial_Conference": 0.15789473684210525,
    "1907_Imperial_Conference": 0.14285714285714285,
    "1911_Imperial_Conference": 0.13636363636363635,
    "British_Overseas_Territories": 0.1,
    "1957_Commonwealth_Prime_Ministers'_Conference": 0.1,
    "1965_Commonwealth_Prime_Ministers'_Conference": 0.1,
    "1962_Commonwealth_Prime_Ministers'_Conference": 0.1,
    "1964_Commonwealth_Prime_Ministers'_Conference": 0.1,
    "1897_Colonial_Conference": 0.09090909090909091,
    "1960_Commonwealth_Prime_Ministers'_Conference": 0.09090909090909091,
    "1944_Commonwealth_Prime_Ministers'_Conference": 0.08695652173913043,
    "1961_Commonwealth_Prime_Ministers'_Conference": 0.07692307692307693,
    "Shadow_Foreign_Secretary": 0.06666666666666667,
    "Crown_colony": 0.0625,
    "List_of_European_Council_meetings": 0.0625,
    "Committee_for_Regional_Development": 0.0625,
    "Agent-General": 0.0625,
    "ASEAN_Summit": 0.0625,
    "Under-Secretary_of_State_for_War_and_the_Colonies": 0.058823529411764705,
    "Member_states_of_the_Commonwealth_of_Nations": 0.058823529411764705,
    "Eurovision_Young_Dancers_2001": 0.058823529411764705,
    "Salute_state": 0.058823529411764705,
    "Parliamentary_Secretary_to_the_Local_Government_Board": 0.058823529411764705,
    "Secretary_of_State_for_Commonwealth_Relations": 0.05555555555555555,
    "African_Writers'_Evening": 0.05555555555555555,
    "Group_of_15": 0.05263157894736842,
    "Norwegian_continued_prohibition_referendum,_1926": 0.05263157894736842,
    "Annual_Meetings_of_the_International_Monetary_Fund_and_the_World_Bank_Group": 0.05263157894736842,
    "G7": 0.05,
    "Eurovision_Song_Contest_1977": 0.05,
    "Secretary_of_State_for_Dominion_Affairs": 0.05,
    "List_of_countries_that_have_gained_independence_from_the_United_Kingdom": 0.05,
    "Eurovision_Song_Contest_1963": 0.047619047619047616,
    "WWF_Capital_Carnage": 0.047619047619047616,
    "Eurovision_Song_Contest_1960": 0.045454545454545456,
    "Secretary_of_State_for_the_Colonies": 0.045454545454545456,
    "39th_G8_summit": 0.045454545454545456,
    "\u00c9vian_Conference": 0.043478260869565216,
    "British_Pacific_Fleet": 0.043478260869565216,
    "Ibero-American_Summit": 0.041666666666666664,
    "1894_Colonial_Conference": 0.041666666666666664,
    "United_Nations_Conference_on_Trade_and_Development": 0.041666666666666664,
    "High_Commissioner_for_Southern_Africa": 0.04,
    "List_of_Soviet_Union\u2013United_States_summits": 0.038461538461538464,
    "Places_in_Pakistan_with_Hindu_and_Sikh_populations_before_1947": 0.027777777777777776,
    "Anglo-Irish_Treaty": 0.02702702702702703
}