{
    "AFI's_100_Years...100_Movie_Quotes": 1.0,
    "AFI's_100_Years...100_Movies": 0.5,
    "AFI's_100_Years...100_Movies_(10th_Anniversary_Edition)": 0.5,
    "AFI's_100_Years...100_Songs": 0.4,
    "AFI's_100_Years...100_Laughs": 0.4,
    "AFI's_100_Years...100_Thrills": 0.4,
    "AFI's_100_Years...100_Passions": 0.4,
    "AFI's_100_Years_of_Film_Scores": 0.4,
    "AFI's_Greatest_Movie_Musicals": 0.4,
    "AFI's_10_Top_10": 0.3333333333333333,
    "AFI's_100_Years...100_Stars": 0.3333333333333333,
    "AFI's_100_Years...100_Heroes_&_Villains": 0.2857142857142857,
    "AFI's_100_Years...100_Cheers": 0.25
}