{
    "2009_Hull_Kingston_Rovers_season": 1.0,
    "2009_Bradford_Bulls_season": 0.3333333333333333,
    "2009_Wigan_Warriors_season": 0.3333333333333333,
    "2009_St_Helens_RLFC_season": 0.3333333333333333,
    "2009_Warrington_Wolves_season": 0.3333333333333333,
    "2009_Hull_FC_season": 0.3333333333333333,
    "2009_Salford_City_Reds_season": 0.3333333333333333,
    "2009_Castleford_Tigers_season": 0.3333333333333333,
    "2009_Wakefield_Trinity_Wildcats_season": 0.3333333333333333,
    "2009_Huddersfield_Giants_season": 0.3333333333333333,
    "2010_Hull_Kingston_Rovers_season": 0.3333333333333333,
    "2013_Hull_Kingston_Rovers_season": 0.3333333333333333,
    "2007_Hull_Kingston_Rovers_season": 0.25,
    "2009_Leeds_Rhinos_season": 0.25,
    "2009_Celtic_Crusaders_season": 0.25,
    "2009_Harlequins_Rugby_League_season": 0.25
}