{
    "Miss_Chinese_International_Pageant_2002": 1.0,
    "Miss_Chinese_International_Pageant_2008": 0.42857142857142855,
    "Miss_Chinese_International_Pageant_2009": 0.42857142857142855,
    "Miss_Chinese_International_Pageant_2007": 0.42857142857142855,
    "Miss_Chinese_International_Pageant_2010": 0.375,
    "Miss_Chinese_International_Pageant_2012": 0.2857142857142857,
    "Miss_Chinese_International_Pageant_2005": 0.25,
    "Miss_Chinese_International_Pageant_2006": 0.25,
    "Miss_Chinese_International_Pageant_2004": 0.25,
    "Miss_Chinese_International_Pageant_1988": 0.25,
    "Miss_Chinese_International_Pageant_2003": 0.25,
    "Miss_Chinese_International_Pageant_2001": 0.25,
    "Miss_Chinese_International_Pageant_1999": 0.25,
    "Miss_Chinese_International_Pageant_1998": 0.25,
    "Miss_Chinese_International_Pageant_1989": 0.25,
    "Miss_Chinese_International_Pageant_1991": 0.25,
    "Miss_Chinese_International_Pageant_1992": 0.25,
    "Miss_Chinese_International_Pageant_1993": 0.25,
    "Miss_Chinese_International_Pageant_2013": 0.2222222222222222,
    "Miss_Chinese_International_Pageant_2000": 0.2,
    "TVB_Music_Limited": 0.14285714285714285,
    "Miss_Venezuela_2002": 0.14285714285714285,
    "Jade_Solid_Gold_Best_Ten_Music_Awards_Presentation": 0.14285714285714285,
    "1992_Jade_Solid_Gold_Best_Ten_Music_Awards_Presentation": 0.14285714285714285,
    "1993_Jade_Solid_Gold_Best_Ten_Music_Awards_Presentation": 0.14285714285714285,
    "1994_Jade_Solid_Gold_Best_Ten_Music_Awards_Presentation": 0.14285714285714285,
    "1995_Jade_Solid_Gold_Best_Ten_Music_Awards_Presentation": 0.14285714285714285,
    "1996_Jade_Solid_Gold_Best_Ten_Music_Awards_Presentation": 0.14285714285714285,
    "1997_Jade_Solid_Gold_Best_Ten_Music_Awards_Presentation": 0.14285714285714285,
    "1998_Jade_Solid_Gold_Best_Ten_Music_Awards_Presentation": 0.14285714285714285,
    "1999_Jade_Solid_Gold_Best_Ten_Music_Awards_Presentation": 0.14285714285714285,
    "2000_Jade_Solid_Gold_Best_Ten_Music_Awards_Presentation": 0.14285714285714285,
    "2001_Jade_Solid_Gold_Best_Ten_Music_Awards_Presentation": 0.14285714285714285,
    "2002_Jade_Solid_Gold_Best_Ten_Music_Awards_Presentation": 0.14285714285714285,
    "2003_Jade_Solid_Gold_Best_Ten_Music_Awards_Presentation": 0.14285714285714285,
    "2004_Jade_Solid_Gold_Best_Ten_Music_Awards_Presentation": 0.14285714285714285,
    "2005_Jade_Solid_Gold_Best_Ten_Music_Awards_Presentation": 0.14285714285714285,
    "2006_Jade_Solid_Gold_Best_Ten_Music_Awards_Presentation": 0.14285714285714285,
    "2007_Jade_Solid_Gold_Best_Ten_Music_Awards_Presentation": 0.14285714285714285,
    "2008_Jade_Solid_Gold_Best_Ten_Music_Awards_Presentation": 0.14285714285714285,
    "2009_Jade_Solid_Gold_Best_Ten_Music_Awards_Presentation": 0.14285714285714285,
    "2010_Jade_Solid_Gold_Best_Ten_Music_Awards_Presentation": 0.14285714285714285,
    "Miss_Dominican_Republic_2002": 0.125,
    "1991_Jade_Solid_Gold_Best_Ten_Music_Awards_Presentation": 0.125,
    "Miss_International_2009": 0.125,
    "Miss_International_2011": 0.125,
    "TVB_Anniversary_Awards": 0.125,
    "Mister_World_2007": 0.125,
    "Miss_International_2010": 0.1111111111111111,
    "Miss_Chinese_(Vancouver)_Pageant": 0.1111111111111111,
    "Miss_International_2006": 0.1111111111111111,
    "Miss_America_2002": 0.1,
    "Miss_Universe_2002": 0.1,
    "Miss_Universe_China": 0.09090909090909091,
    "Miss_Chinese_International_Pageant": 0.09090909090909091,
    "Miss_Chinese_Toronto_Pageant": 0.09090909090909091,
    "Miss_New_York_Chinese_Pageant": 0.09090909090909091,
    "Onmy\u014d_Taisenki": 0.08333333333333333
}