{
    "Happy_Madison_Productions": 1.0,
    "Apatow_Productions": 0.4,
    "Dark_Castle_Entertainment": 0.3333333333333333,
    "MRB_Productions": 0.2857142857142857,
    "Broadway_Video": 0.2222222222222222,
    "MTV_Films": 0.18181818181818182,
    "Original_Film": 0.16666666666666666,
    "Flavor_Unit_Entertainment": 0.16666666666666666,
    "Imagine_Entertainment": 0.15384615384615385,
    "Twisted_Pictures": 0.14285714285714285,
    "Adelaide_Productions": 0.14285714285714285,
    "Worldview_Entertainment": 0.14285714285714285,
    "SCE_Santa_Monica_Studio": 0.13333333333333333,
    "Mirabai_Films": 0.125,
    "After_Dark_Films": 0.125,
    "Todd_Soundelux": 0.125,
    "Moving_Picture_Institute": 0.125,
    "Working_Title_Films": 0.11764705882352941,
    "Aardman_Animations": 0.11764705882352941,
    "Zero_Point_Zero_Production": 0.1111111111111111,
    "Williams_Street": 0.1111111111111111,
    "CalArts_Center_for_New_Performance": 0.1111111111111111,
    "Rabbit_Ears_Productions": 0.1,
    "Silver_Pictures": 0.1,
    "SomaFM": 0.1,
    "Red_Hour_Productions": 0.09090909090909091,
    "Warner_Premiere": 0.09090909090909091,
    "Warp_Films": 0.09090909090909091,
    "Coastal_Extreme_Brewing_Company": 0.09090909090909091,
    "Francisco_Partners": 0.09090909090909091,
    "Apprehensive_Films": 0.09090909090909091,
    "Universal_Cable_Productions": 0.09090909090909091,
    "Mission_Pictures_International": 0.09090909090909091,
    "Roc_Nation": 0.08695652173913043,
    "Interscope_Communications": 0.08333333333333333,
    "Duet_Movies": 0.08333333333333333,
    "Morgan_Creek_Productions": 0.08333333333333333,
    "Triumph_Films": 0.08333333333333333,
    "Fine_Line_Features": 0.07692307692307693,
    "It's_a_Laugh_Productions": 0.07692307692307693,
    "The_Ladd_Company": 0.07692307692307693,
    "CBS_Films": 0.07142857142857142,
    "Annapurna_Pictures": 0.07142857142857142,
    "Pacific_Street_Films": 0.07142857142857142,
    "Legendary_Pictures": 0.07142857142857142,
    "Orion_Pictures": 0.06896551724137931,
    "Hispanic_Heritage_Baseball_Museum": 0.06666666666666667,
    "Nickelodeon_Movies": 0.06666666666666667,
    "Disney_Television_Animation": 0.06666666666666667,
    "Walden_Media": 0.06666666666666667,
    "Universal_Animation_Studios": 0.06666666666666667,
    "Dimension_Films": 0.06666666666666667,
    "ImageMovers": 0.0625,
    "Screen_Gems": 0.0625,
    "Participant_Media": 0.0625,
    "Endemol": 0.0625,
    "The_Cannon_Group": 0.0625,
    "National_General_Pictures": 0.058823529411764705,
    "Relativity_Media": 0.058823529411764705,
    "Savoy_Pictures": 0.058823529411764705,
    "The_Asylum": 0.058823529411764705,
    "Caravan_Pictures": 0.05555555555555555,
    "Singapore_Broadcasting_Corporation": 0.05555555555555555,
    "MediaCorp_TV12": 0.05555555555555555,
    "Disney\u2013ABC_Television_Group": 0.05555555555555555,
    "American_Zoetrope": 0.05555555555555555,
    "Marvel_Animation": 0.05555555555555555,
    "DreamWorks_Television": 0.05555555555555555,
    "MediaCorp": 0.05555555555555555,
    "Amblin_Entertainment": 0.05263157894736842,
    "Roc-A-Fella_Records": 0.05263157894736842,
    "Carolco_Pictures": 0.05263157894736842,
    "Fox_Searchlight_Pictures": 0.05,
    "Universal_CityWalk": 0.047619047619047616,
    "Open_Road_Films": 0.047619047619047616,
    "Castle_Rock_Entertainment": 0.047619047619047616,
    "Hollywood_Pictures": 0.047619047619047616,
    "Lucasfilm": 0.047619047619047616,
    "Universal_Television": 0.045454545454545456,
    "DreamWorks_Animation": 0.043478260869565216,
    "Miramax_Collector's_Series": 0.041666666666666664,
    "Death_Battle": 0.041666666666666664,
    "American_International_Pictures": 0.04,
    "Republic_Pictures": 0.038461538461538464,
    "List_of_20th_Century_Fox_films": 0.038461538461538464,
    "Staples_Center": 0.02564102564102564
}