{
    "List_of_2009_motorsport_champions": 1.0,
    "List_of_Grand_Prix_motorcycle_racing_European_champions": 0.3333333333333333,
    "List_of_2007_motorsport_champions": 0.3333333333333333,
    "List_of_2008_motorsport_champions": 0.3333333333333333,
    "2009_Formula_Renault_seasons": 0.3333333333333333,
    "List_of_2006_motorsport_champions": 0.3333333333333333,
    "List_of_1995_motorsport_champions": 0.3333333333333333,
    "List_of_1994_motorsport_champions": 0.3333333333333333,
    "List_of_1993_motorsport_champions": 0.3333333333333333,
    "List_of_1992_motorsport_champions": 0.3333333333333333,
    "List_of_1991_motorsport_champions": 0.3333333333333333,
    "List_of_1986_motorsport_champions": 0.3333333333333333,
    "List_of_1990_motorsport_champions": 0.3333333333333333,
    "List_of_1989_motorsport_champions": 0.3333333333333333,
    "List_of_1987_motorsport_champions": 0.3333333333333333,
    "2009_International_GT_Open_season": 0.3333333333333333,
    "2009_Porsche_Supercup_season": 0.3333333333333333,
    "2009_Formul'Academy_Euro_Series_season": 0.3333333333333333,
    "2009_Eurocup_M\u00e9gane_Trophy_season": 0.3333333333333333,
    "List_of_2010_motorsport_champions": 0.3333333333333333,
    "List_of_350cc_Motorcycle_World_Champions": 0.3333333333333333,
    "List_of_2011_motorsport_champions": 0.3333333333333333,
    "List_of_2012_motorsport_champions": 0.3333333333333333,
    "List_of_2013_motorsport_champions": 0.3333333333333333,
    "2009_Red_Bull_MotoGP_Rookies_Cup_season": 0.3333333333333333,
    "List_of_German_Formula_Three_champions": 0.25,
    "2009_24_Hours_of_Le_Mans": 0.25,
    "2008\u201309_Speedcar_Series_season": 0.25,
    "2009_GP2_Series_season": 0.25,
    "2009_Red_Bull_Air_Race_World_Championship": 0.25,
    "2009_Swedish_Touring_Car_Championship_season": 0.25,
    "2009_FIA_Formula_Two_Championship_season": 0.25,
    "2009_TC_2000_season": 0.25,
    "2009_D1_Grand_Prix_season": 0.25,
    "2009_FIA_GT3_European_Championship_season": 0.25,
    "2009_Eurocup_Formula_Renault_2.0_season": 0.25,
    "2009_Euroseries_3000_season": 0.25,
    "2009_International_Formula_Master_season": 0.25,
    "List_of_2005_motorsport_champions": 0.25,
    "List_of_2004_motorsport_champions": 0.25,
    "List_of_2003_motorsport_champions": 0.25,
    "List_of_2002_motorsport_champions": 0.25,
    "List_of_2001_motorsport_champions": 0.25,
    "List_of_2000_motorsport_champions": 0.25,
    "List_of_1996_motorsport_champions": 0.25,
    "List_of_1999_motorsport_champions": 0.25,
    "List_of_1998_motorsport_champions": 0.25,
    "List_of_1997_motorsport_champions": 0.25,
    "2009_SEAT_Le\u00f3n_Eurocup_season": 0.25,
    "2009_FIM_Superstock_1000_Championship_season": 0.25,
    "2009_Dubai_24_Hour": 0.25,
    "2009_GT4_European_Cup_season": 0.25,
    "List_of_Formula_One_World_Constructors'_Champions": 0.25,
    "List_of_World_Rally_Championship_Constructors'_champions": 0.25,
    "2009_Formula_Renault_3.5_Series_season": 0.2,
    "2009_American_Le_Mans_Series_season": 0.2,
    "2009_Le_Mans_Series_season": 0.2,
    "2009_Superleague_Formula_season": 0.2,
    "2009_Race_of_Champions": 0.2,
    "2009_Formula_BMW_Europe_season": 0.2,
    "2009_Formula_Le_Mans_Cup_season": 0.2,
    "2009_Formula_BMW_Pacific_season": 0.2,
    "2009_European_Touring_Car_Cup": 0.2,
    "List_of_NASCAR_Sprint_Cup_Series_champions": 0.2,
    "List_of_NASCAR_Nationwide_Series_champions": 0.2,
    "List_of_NASCAR_Camping_World_Truck_Series_champions": 0.2,
    "2009_Formula_Renault_2.0_NEC_season": 0.2,
    "List_of_World_Rally_Championship_Drivers'_champions": 0.2,
    "List_of_Australian_Touring_Car_and_V8_Supercar_champions": 0.2,
    "2008\u201309_A1_Grand_Prix_season": 0.16666666666666666,
    "2008\u201309_GP2_Asia_Series_season": 0.16666666666666666,
    "List_of_American_Championship_Car_winners": 0.16666666666666666,
    "2009_Supersport_World_Championship_season": 0.16666666666666666,
    "2009\u201310_GP2_Asia_Series_season": 0.16666666666666666,
    "List_of_Formula_One_World_Drivers'_Champions": 0.14285714285714285,
    "2009_Indianapolis_500": 0.14285714285714285
}