{
    "Zhuang_people": 1.0,
    "Bouyei_people": 0.3333333333333333,
    "Tujia_people": 0.2,
    "Sui_people": 0.16666666666666666,
    "Manchu_people": 0.14285714285714285,
    "Russians_in_China": 0.14285714285714285,
    "Guangxi": 0.1111111111111111,
    "Miao_people": 0.1111111111111111,
    "Ahom_Dynasty": 0.1,
    "Nanai_people": 0.09090909090909091,
    "Evenks": 0.09090909090909091,
    "Huang_Xianfan": 0.03571428571428571
}