{
    "Bledisloe_Cup": 1.0,
    "New_South_Wales_Open_(golf)": 0.2,
    "Freedom_Cup": 0.18181818181818182,
    "Mandela_Challenge_Plate": 0.16666666666666666,
    "The_Rugby_Championship": 0.14285714285714285,
    "Seoul_International_Marathon": 0.09090909090909091,
    "River_Oaks_International_Tennis_Tournament": 0.09090909090909091,
    "History_of_rugby_union_matches_between_Australia_and_New_Zealand": 0.08333333333333333,
    "2003_Rugby_World_Cup": 0.08333333333333333,
    "Cook_Cup": 0.08333333333333333,
    "Troph\u00e9e_des_Bicentenaires": 0.08333333333333333,
    "Murray_Football_League": 0.08333333333333333,
    "Australian_Institute_of_Anatomy": 0.07692307692307693,
    "2011_Rugby_World_Cup": 0.07692307692307693
}