{
    "Tracks_Across_America_Tour_'82": 1.0,
    "Hot_Space_Tour": 0.3333333333333333,
    "Jump_Up_Tour": 0.3333333333333333,
    "Panic_of_Girls_Tour": 0.3333333333333333,
    "Physical_Tour": 0.3333333333333333,
    "Parallel_Lines_30th_Anniversary_Tour": 0.3333333333333333,
    "Controversy_Tour": 0.25,
    "1999_Tour": 0.25,
    "No_Exit_Tour": 0.25,
    "The_Rolling_Stones_European_Tour_1982": 0.25
}