{
    "List_of_ancient_Greek_philosophers": 1.0,
    "List_of_ancient_Platonists": 0.3333333333333333,
    "List_of_Epicurean_philosophers": 0.3333333333333333,
    "List_of_Cynic_philosophers": 0.3333333333333333,
    "List_of_contributors_to_Marxist_theory": 0.14285714285714285,
    "List_of_Muslim_philosophers": 0.14285714285714285,
    "List_of_Korean_philosophers": 0.14285714285714285,
    "List_of_existentialists": 0.125,
    "List_of_speakers_in_Plato's_dialogues": 0.125,
    "Eponymous_archon": 0.125,
    "List_of_works_by_Lucian": 0.1111111111111111,
    "Olympic_winners_of_the_Archaic_period": 0.1111111111111111,
    "List_of_ancient_Greek_cities": 0.1111111111111111
}