{
    "2010\u201311_Swiss_Challenge_League": 1.0,
    "2006\u201307_Swiss_Challenge_League": 0.2,
    "2007\u201308_Swiss_Challenge_League": 0.2,
    "2008\u201309_Swiss_Challenge_League": 0.2,
    "2010\u201311_Liga_II": 0.2,
    "2010\u201311_Liga_Leumit": 0.2,
    "2009\u201310_Swiss_Challenge_League": 0.2,
    "Swiss_Challenge_League_2003\u201304": 0.2,
    "2010\u201311_Ligue_2": 0.2,
    "2010\u201311_2._Bundesliga": 0.2,
    "2010\u201311_TFF_First_League": 0.2,
    "2010\u201311_Serie_B": 0.2,
    "2010\u201311_Eerste_Divisie": 0.2,
    "Swiss_Challenge_League_2004\u201305": 0.2,
    "2010\u201311_Liga_de_Honra": 0.2,
    "2010\u201311_Ukrainian_First_League": 0.2,
    "2005\u201306_Swiss_Challenge_League": 0.2,
    "2010\u201311_Druga_HNL": 0.2,
    "2010\u201311_Swiss_Super_League": 0.2,
    "2010\u201311_Football_League_(Greece)": 0.2,
    "2010\u201311_Danish_1st_Division": 0.2,
    "2010\u201311_Czech_2._Liga": 0.2,
    "2010\u201311_B_PFG": 0.2,
    "2010\u201311_Slovenian_Second_League": 0.2,
    "2010\u201311_Belgian_Second_Division": 0.2,
    "2010\u201311_Swiss_Cup": 0.2,
    "2010\u201311_Azerbaijan_First_Division": 0.2,
    "2010\u201311_Austrian_Football_First_League": 0.2,
    "2010\u201311_Montenegrin_Second_League": 0.2,
    "2010\u201311_Cypriot_Second_Division": 0.2,
    "2010\u201311_Serbian_First_League": 0.2,
    "2010\u201311_Moldovan_\"A\"_Division": 0.2,
    "2010\u201311_IFA_Championship": 0.2,
    "2011\u201312_Swiss_Challenge_League": 0.2,
    "2010\u201311_Pirveli_Liga": 0.2,
    "2012\u201313_Swiss_Challenge_League": 0.2,
    "2010\u201311_Second_Macedonian_Football_League": 0.2,
    "2013\u201314_Swiss_Challenge_League": 0.2,
    "2010_Norwegian_First_Division": 0.16666666666666666,
    "2010_Russian_First_Division": 0.16666666666666666,
    "2010_Esiliiga": 0.16666666666666666,
    "2010_Superettan": 0.16666666666666666,
    "2010_Belarusian_First_League": 0.16666666666666666,
    "2010\u201311_Segunda_Divisi\u00f3n": 0.16666666666666666,
    "2010_Kazakhstan_First_Division": 0.16666666666666666,
    "2010_Ykk\u00f6nen": 0.16666666666666666,
    "2011_Norwegian_First_Division": 0.16666666666666666,
    "2011_Ykk\u00f6nen": 0.16666666666666666,
    "2010\u201311_Albanian_First_Division": 0.16666666666666666,
    "2011_Superettan": 0.16666666666666666,
    "2011_Kazakhstan_First_Division": 0.16666666666666666,
    "2011_Belarusian_First_League": 0.16666666666666666,
    "2011_Esiliiga": 0.16666666666666666,
    "2010\u201311_Football_League_Championship": 0.14285714285714285,
    "2010_FIFA_Ballon_d'Or": 0.125,
    "UEFA_Euro_2012_qualifying_Group_G": 0.07692307692307693
}