{
    "2009\u201310_Syrian_Premier_League": 1.0,
    "2007\u201308_Syrian_Premier_League": 0.2,
    "2008\u201309_Syrian_Premier_League": 0.2,
    "2009\u201310_Hong_Kong_First_Division_League": 0.2,
    "2009\u201310_Iran_Pro_League": 0.2,
    "2009\u201310_Qatar_Stars_League": 0.2,
    "2009\u201310_Iraqi_Premier_League": 0.2,
    "2009\u201310_UAE_Pro-League": 0.2,
    "2009\u201310_Saudi_Professional_League": 0.2,
    "2009\u201310_Jordan_League": 0.2,
    "2009\u201310_Bahrain_First_Division_League": 0.2,
    "2009\u201310_Omani_League": 0.2,
    "2009\u201310_Yemeni_League": 0.2,
    "2009\u201310_Syrian_Cup": 0.2,
    "2010_Martyr's_Memorial_A-Division_League": 0.2,
    "2010\u201311_Syrian_Premier_League": 0.2,
    "2011\u201312_Syrian_Premier_League": 0.2,
    "2009_Chinese_Super_League": 0.16666666666666666,
    "2010_Chinese_Super_League": 0.16666666666666666,
    "2009_S.League": 0.16666666666666666,
    "2009_J._League_Division_1": 0.16666666666666666,
    "2009_K_League": 0.16666666666666666,
    "2009_Uzbek_League": 0.16666666666666666,
    "2009\u201310_I-League": 0.16666666666666666,
    "2009_Tajik_League": 0.16666666666666666,
    "2009\u201310_Indonesia_Super_League": 0.16666666666666666,
    "2009\u201310_Lebanese_Premier_League": 0.16666666666666666,
    "2010_S.League": 0.16666666666666666,
    "2010_J._League_Division_1": 0.16666666666666666,
    "2010_K_League": 0.16666666666666666,
    "2010_Uzbek_League": 0.16666666666666666,
    "2010_Malaysia_Super_League": 0.16666666666666666,
    "2010_V-League": 0.16666666666666666,
    "2010_Turkmenistan_League": 0.16666666666666666,
    "2009\u201310_A-League": 0.14285714285714285,
    "2013_Syrian_Premier_League": 0.14285714285714285
}