{
    "Governor_of_Massachusetts": 1.0,
    "President_of_the_Massachusetts_Senate": 0.3333333333333333,
    "List_of_colonial_governors_of_Massachusetts": 0.18181818181818182,
    "Treasurer_and_Receiver-General_of_Massachusetts": 0.16666666666666666,
    "List_of_Governors_of_Maryland": 0.14285714285714285,
    "Governor_of_Colorado": 0.14285714285714285,
    "List_of_Governors_of_Connecticut": 0.14285714285714285,
    "List_of_Governors_of_Hawaii": 0.14285714285714285,
    "List_of_Governors_of_Michigan": 0.14285714285714285,
    "List_of_Governors_of_New_Jersey": 0.14285714285714285,
    "List_of_Governors_of_Oklahoma": 0.14285714285714285,
    "List_of_current_United_States_first_spouses": 0.14285714285714285,
    "List_of_Governors_of_Delaware": 0.14285714285714285,
    "List_of_Governors_of_South_Dakota": 0.14285714285714285,
    "List_of_Governors_of_Oregon": 0.14285714285714285,
    "List_of_Governors_of_Idaho": 0.14285714285714285,
    "List_of_Governors_of_Wyoming": 0.14285714285714285,
    "List_of_Governors_of_Georgia": 0.14285714285714285,
    "List_of_Governors_of_Nebraska": 0.14285714285714285,
    "List_of_Governors_of_Vermont": 0.14285714285714285,
    "List_of_Governors_of_Nevada": 0.14285714285714285,
    "List_of_Governors_of_West_Virginia": 0.14285714285714285,
    "List_of_Governors_of_Maine": 0.14285714285714285,
    "List_of_Governors_of_Indiana": 0.14285714285714285,
    "List_of_Governors_of_Ohio": 0.14285714285714285,
    "List_of_Governors_of_Kentucky": 0.14285714285714285,
    "List_of_Governors_of_Pennsylvania": 0.14285714285714285,
    "List_of_mayors_of_Medford,_Massachusetts": 0.14285714285714285,
    "List_of_United_States_Representatives_from_Massachusetts": 0.14285714285714285,
    "List_of_United_States_Senators_from_Massachusetts": 0.14285714285714285,
    "Massachusetts_Attorney_General": 0.14285714285714285,
    "List_of_current_United_States_governors": 0.14285714285714285,
    "List_of_Governors_of_New_York": 0.14285714285714285,
    "List_of_Governors_of_California": 0.14285714285714285,
    "List_of_Governors_of_Texas": 0.14285714285714285,
    "List_of_Governors_of_Florida": 0.14285714285714285,
    "List_of_Governors_of_Alabama": 0.125,
    "List_of_Governors_of_Missouri": 0.125,
    "List_of_Governors_of_South_Carolina": 0.125,
    "List_of_Governors_of_Minnesota": 0.125,
    "List_of_Governors_of_Mississippi": 0.125,
    "List_of_governors_of_Tennessee": 0.125,
    "List_of_Governors_of_Arkansas": 0.125,
    "List_of_current_United_States_governors_by_age": 0.125,
    "List_of_Governors_of_Iowa": 0.125,
    "List_of_Governors_of_Wisconsin": 0.125,
    "List_of_Governors_of_North_Dakota": 0.125,
    "List_of_Governors_of_Utah": 0.125,
    "List_of_Governors_of_North_Carolina": 0.125,
    "List_of_Governors_of_Kansas": 0.125,
    "List_of_Governors_of_Illinois": 0.125,
    "List_of_Governors_of_New_Hampshire": 0.125,
    "List_of_Governors_of_Virginia": 0.125,
    "List_of_Governors_of_Rhode_Island": 0.125,
    "List_of_Governors_of_California_by_education": 0.125,
    "List_of_Governors_of_Utah_by_time_in_office": 0.125,
    "List_of_Speakers_of_the_Massachusetts_House_of_Representatives": 0.1111111111111111,
    "List_of_Governors_of_Arizona": 0.1111111111111111,
    "List_of_Governors_of_New_Mexico": 0.1111111111111111,
    "List_of_Governors_of_Washington": 0.1111111111111111,
    "List_of_Governors_of_Louisiana": 0.1111111111111111,
    "List_of_Governors_of_Alaska": 0.1111111111111111,
    "List_of_Governors_of_Montana": 0.1111111111111111,
    "List_of_female_governors_in_the_United_States": 0.1111111111111111,
    "United_States_congressional_delegations_from_Massachusetts": 0.1111111111111111,
    "List_of_mayors_of_Washington,_D.C.": 0.09090909090909091,
    "Edward_Everett": 0.02631578947368421
}