{
    "ASEAN\u2013China_Free_Trade_Area": 1.0,
    "ASEAN\u2013India_Free_Trade_Area": 0.2777777777777778,
    "European_Free_Trade_Association": 0.08333333333333333,
    "Economy_of_Malaysia": 0.05555555555555555,
    "Asian_Monetary_Unit": 0.05555555555555555,
    "Economy_of_the_Philippines": 0.05555555555555555,
    "Times_Higher_Education_World_University_Rankings": 0.05555555555555555,
    "ASEAN_Intergovernmental_Commission_on_Human_Rights": 0.05555555555555555,
    "Aviation_in_Singapore": 0.05555555555555555,
    "Filipino_seamen": 0.05555555555555555,
    "Economy_of_the_Arab_League": 0.05,
    "Straits_Times_Index": 0.05,
    "List_of_ASEAN_countries_by_GDP_(nominal)": 0.05,
    "National_Registration_Identity_Card_Number_(Malaysia)": 0.047619047619047616,
    "MIKT": 0.047619047619047616,
    "Economic_and_monetary_union": 0.045454545454545456,
    "Association_of_Southeast_Asian_Nations": 0.043478260869565216,
    "Latin_American_Integration_Association": 0.043478260869565216,
    "Bolivarian_Alliance_for_the_Americas": 0.043478260869565216,
    "Stock_Exchange_of_Thailand": 0.041666666666666664,
    "North_American_integration": 0.041666666666666664,
    "Trans-Pacific_Partnership": 0.04,
    "European_Union": 0.03225806451612903,
    "Caribbean_Community": 0.03125,
    "Asia-Pacific_Economic_Cooperation": 0.029411764705882353,
    "Central_European_Free_Trade_Agreement": 0.02631578947368421,
    "Economic_Cooperation_Organization": 0.02127659574468085
}