{
    "2005_New_York_Yankees_season": 1.0,
    "2006_New_York_Yankees_season": 0.5,
    "2008_New_York_Yankees_season": 0.375,
    "2007_New_York_Yankees_season": 0.375,
    "2011_New_York_Yankees_season": 0.3333333333333333,
    "2012_New_York_Yankees_season": 0.3333333333333333,
    "1976_New_York_Yankees_season": 0.3,
    "1977_New_York_Yankees_season": 0.2727272727272727,
    "1996_New_York_Yankees_season": 0.2727272727272727,
    "1999_New_York_Yankees_season": 0.2727272727272727,
    "2000_New_York_Yankees_season": 0.2727272727272727,
    "2009_New_York_Yankees_season": 0.2727272727272727,
    "1940_New_York_Yankees_season": 0.2222222222222222,
    "1946_New_York_Yankees_season": 0.2222222222222222,
    "1948_New_York_Yankees_season": 0.2222222222222222,
    "1954_New_York_Yankees_season": 0.2222222222222222,
    "1965_New_York_Yankees_season": 0.2222222222222222,
    "1966_New_York_Yankees_season": 0.2222222222222222,
    "1967_New_York_Yankees_season": 0.2222222222222222,
    "1968_New_York_Yankees_season": 0.2222222222222222,
    "1982_New_York_Yankees_season": 0.2222222222222222,
    "1986_New_York_Yankees_season": 0.2222222222222222,
    "2010_New_York_Yankees_season": 0.2222222222222222,
    "2013_New_York_Yankees_season": 0.2222222222222222,
    "2014_New_York_Yankees_season": 0.2222222222222222,
    "1926_New_York_Yankees_season": 0.2,
    "1955_New_York_Yankees_season": 0.2,
    "1957_New_York_Yankees_season": 0.2,
    "1963_New_York_Yankees_season": 0.2,
    "1964_New_York_Yankees_season": 0.2,
    "1942_New_York_Yankees_season": 0.2,
    "1927_New_York_Yankees_season": 0.18181818181818182,
    "1937_New_York_Yankees_season": 0.18181818181818182,
    "1938_New_York_Yankees_season": 0.18181818181818182,
    "1939_New_York_Yankees_season": 0.18181818181818182,
    "1947_New_York_Yankees_season": 0.18181818181818182,
    "1949_New_York_Yankees_season": 0.18181818181818182,
    "1950_New_York_Yankees_season": 0.18181818181818182,
    "1951_New_York_Yankees_season": 0.18181818181818182,
    "1952_New_York_Yankees_season": 0.18181818181818182,
    "1953_New_York_Yankees_season": 0.18181818181818182,
    "1956_New_York_Yankees_season": 0.18181818181818182,
    "1958_New_York_Yankees_season": 0.18181818181818182,
    "1961_New_York_Yankees_season": 0.18181818181818182,
    "1962_New_York_Yankees_season": 0.18181818181818182,
    "1941_New_York_Yankees_season": 0.18181818181818182,
    "2005_Los_Angeles_Dodgers_season": 0.14285714285714285,
    "2005_Major_League_Baseball_season": 0.14285714285714285,
    "2005_Major_League_Baseball_Draft": 0.14285714285714285,
    "1902_Baltimore_Orioles_season": 0.125,
    "2005_Seattle_Mariners_season": 0.125,
    "2005_Texas_Rangers_season": 0.125,
    "2005_Baltimore_Orioles_season": 0.125,
    "2005_Washington_Nationals_season": 0.125,
    "2005_Milwaukee_Brewers_season": 0.125,
    "2005_Philadelphia_Phillies_season": 0.125,
    "2005_Cleveland_Indians_season": 0.125,
    "List_of_2005_Seattle_Mariners_draft_picks": 0.125,
    "2005_New_York_Liberty_season": 0.125,
    "List_of_New_York_Yankees_seasons": 0.125,
    "2005_Colorado_Rockies_season": 0.1111111111111111,
    "2005_Toronto_Blue_Jays_season": 0.1111111111111111,
    "1997_Baltimore_Orioles_season": 0.1111111111111111,
    "2005_NFL_Draft": 0.1111111111111111,
    "2005_Boston_Red_Sox_season": 0.1111111111111111,
    "2010_Tampa_Bay_Rays_season": 0.1111111111111111,
    "1982_Milwaukee_Brewers_season": 0.1,
    "1991_Toronto_Blue_Jays_season": 0.1,
    "1989_Toronto_Blue_Jays_season": 0.1,
    "1985_Toronto_Blue_Jays_season": 0.1,
    "1971_Baltimore_Orioles_season": 0.1,
    "1987_Detroit_Tigers_season": 0.1,
    "2008_Tampa_Bay_Rays_season": 0.1,
    "1970_New_York_Giants_season": 0.1,
    "1986_Boston_Red_Sox_season": 0.09090909090909091,
    "1983_Baltimore_Orioles_season": 0.09090909090909091,
    "1970_Baltimore_Orioles_season": 0.09090909090909091,
    "2005_Chicago_White_Sox_season": 0.09090909090909091,
    "1984_Detroit_Tigers_season": 0.09090909090909091,
    "1967_New_York_Giants_season": 0.09090909090909091,
    "1968_New_York_Giants_season": 0.09090909090909091,
    "1969_New_York_Giants_season": 0.09090909090909091,
    "1971_New_York_Giants_season": 0.09090909090909091,
    "1972_New_York_Giants_season": 0.09090909090909091,
    "1993_Toronto_Blue_Jays_season": 0.08333333333333333,
    "1992_Toronto_Blue_Jays_season": 0.08333333333333333,
    "2005\u201306_New_York_Rangers_season": 0.08333333333333333,
    "2004\u201305_New_York_Rangers_season": 0.08333333333333333,
    "2013_Boston_Red_Sox_season": 0.08333333333333333,
    "2007_Boston_Red_Sox_season": 0.08333333333333333,
    "1960_Major_League_Baseball_All-Star_Game_(second_game)": 0.07692307692307693,
    "David_Cone's_perfect_game": 0.07692307692307693,
    "David_Wells'_perfect_game": 0.07692307692307693,
    "1977_Major_League_Baseball_All-Star_Game": 0.07142857142857142,
    "1973_New_York_Giants_season": 0.07142857142857142,
    "2012_Atlantic_10_Conference_Baseball_Tournament": 0.07142857142857142,
    "Monument_Park_(Yankee_Stadium)": 0.07142857142857142,
    "1962_NFL_Championship_Game": 0.0625,
    "Adidas_Grand_Prix": 0.05263157894736842
}