{
    "2010_Six_Nations_Championship_squads": 1.0,
    "2008_Six_Nations_Championship_squads": 0.3333333333333333,
    "2009_Six_Nations_Championship_squads": 0.3333333333333333,
    "2011_Six_Nations_Championship_squads": 0.3333333333333333,
    "2012_Six_Nations_Championship_squads": 0.3333333333333333,
    "2013_Six_Nations_Championship_squads": 0.3333333333333333,
    "2010_Six_Nations_Championship": 0.07142857142857142
}