{
    "List_of_first_overall_Major_League_Baseball_draft_picks": 1.0,
    "2007_Major_League_Baseball_Draft": 0.3333333333333333,
    "2004_Major_League_Baseball_Draft": 0.3333333333333333,
    "2003_Major_League_Baseball_Draft": 0.3333333333333333,
    "2002_Major_League_Baseball_Draft": 0.3333333333333333,
    "2001_Major_League_Baseball_Draft": 0.3333333333333333,
    "2000_Major_League_Baseball_Draft": 0.3333333333333333,
    "1965_Major_League_Baseball_Draft": 0.3333333333333333,
    "1966_Major_League_Baseball_Draft": 0.3333333333333333,
    "2008_Major_League_Baseball_Draft": 0.3333333333333333,
    "1977_Major_League_Baseball_Draft": 0.3333333333333333,
    "1985_Major_League_Baseball_Draft": 0.3333333333333333,
    "1995_Major_League_Baseball_Draft": 0.3333333333333333,
    "1990_Major_League_Baseball_Draft": 0.3333333333333333,
    "1999_Major_League_Baseball_Draft": 0.3333333333333333,
    "1998_Major_League_Baseball_Draft": 0.3333333333333333,
    "1997_Major_League_Baseball_Draft": 0.3333333333333333,
    "1996_Major_League_Baseball_Draft": 0.3333333333333333,
    "1986_Major_League_Baseball_Draft": 0.3333333333333333,
    "1967_Major_League_Baseball_Draft": 0.3333333333333333,
    "1968_Major_League_Baseball_Draft": 0.3333333333333333,
    "1969_Major_League_Baseball_Draft": 0.3333333333333333,
    "1979_Major_League_Baseball_Draft": 0.3333333333333333,
    "1993_Major_League_Baseball_Draft": 0.3333333333333333,
    "1992_Major_League_Baseball_Draft": 0.3333333333333333,
    "1991_Major_League_Baseball_Draft": 0.3333333333333333,
    "1994_Major_League_Baseball_Draft": 0.3333333333333333,
    "1975_Major_League_Baseball_Draft": 0.3333333333333333,
    "1984_Major_League_Baseball_Draft": 0.3333333333333333,
    "1983_Major_League_Baseball_Draft": 0.3333333333333333,
    "1982_Major_League_Baseball_Draft": 0.3333333333333333,
    "1981_Major_League_Baseball_Draft": 0.3333333333333333,
    "1980_Major_League_Baseball_Draft": 0.3333333333333333,
    "1970_Major_League_Baseball_Draft": 0.3333333333333333,
    "1971_Major_League_Baseball_Draft": 0.3333333333333333,
    "1972_Major_League_Baseball_Draft": 0.3333333333333333,
    "1973_Major_League_Baseball_Draft": 0.3333333333333333,
    "1974_Major_League_Baseball_Draft": 0.3333333333333333,
    "1976_Major_League_Baseball_Draft": 0.3333333333333333,
    "1989_Major_League_Baseball_Draft": 0.3333333333333333,
    "1988_Major_League_Baseball_Draft": 0.3333333333333333,
    "1987_Major_League_Baseball_Draft": 0.3333333333333333,
    "List_of_New_York_Yankees_first-round_draft_picks": 0.3333333333333333,
    "List_of_Toronto_Blue_Jays_first-round_draft_picks": 0.3333333333333333,
    "List_of_Seattle_Mariners_first-round_draft_picks": 0.3333333333333333,
    "List_of_New_York_Mets_first-round_draft_picks": 0.3333333333333333,
    "List_of_Tampa_Bay_Rays_first-round_draft_picks": 0.3333333333333333,
    "List_of_Boston_Red_Sox_first-round_draft_picks": 0.3333333333333333,
    "List_of_Houston_Astros_first-round_draft_picks": 0.3333333333333333,
    "List_of_Los_Angeles_Dodgers_first-round_draft_picks": 0.3333333333333333,
    "List_of_Los_Angeles_Angels_of_Anaheim_first-round_draft_picks": 0.3333333333333333,
    "List_of_Texas_Rangers_first-round_draft_picks": 0.3333333333333333,
    "List_of_Milwaukee_Brewers_first-round_draft_picks": 0.3333333333333333,
    "List_of_San_Diego_Padres_first-round_draft_picks": 0.3333333333333333,
    "List_of_Minnesota_Twins_first-round_draft_picks": 0.3333333333333333,
    "List_of_Detroit_Tigers_first-round_draft_picks": 0.3333333333333333,
    "List_of_Miami_Marlins_first-round_draft_picks": 0.3333333333333333,
    "List_of_Cleveland_Indians_first-round_draft_picks": 0.3333333333333333,
    "List_of_Chicago_Cubs_first-round_draft_picks": 0.3333333333333333,
    "List_of_Oakland_Athletics_first-round_draft_picks": 0.3333333333333333,
    "List_of_Arizona_Diamondbacks_first-round_draft_picks": 0.3333333333333333,
    "List_of_Colorado_Rockies_first-round_draft_picks": 0.3333333333333333,
    "List_of_Washington_Nationals_first-round_draft_picks": 0.3333333333333333,
    "List_of_Cincinnati_Reds_first-round_draft_picks": 0.3333333333333333,
    "List_of_Pittsburgh_Pirates_first-round_draft_picks": 0.3333333333333333,
    "List_of_Baltimore_Orioles_first-round_draft_picks": 0.3333333333333333,
    "List_of_Chicago_White_Sox_first-round_draft_picks": 0.3333333333333333,
    "List_of_Atlanta_Braves_first-round_draft_picks": 0.3333333333333333,
    "List_of_San_Francisco_Giants_first-round_draft_picks": 0.3333333333333333,
    "2006_Major_League_Baseball_Draft": 0.3333333333333333,
    "2005_Major_League_Baseball_Draft": 0.3333333333333333,
    "List_of_Philadelphia_Phillies_first-round_draft_picks": 0.25,
    "List_of_Kansas_City_Royals_first-round_draft_picks": 0.25,
    "List_of_St._Louis_Cardinals_first-round_draft_picks": 0.25,
    "Rule_5_draft_results": 0.25,
    "2009_Major_League_Baseball_Draft": 0.2,
    "2010_Major_League_Baseball_Draft": 0.2,
    "2011_Major_League_Baseball_Draft": 0.2,
    "2012_Major_League_Baseball_Draft": 0.2,
    "2013_Major_League_Baseball_Draft": 0.2
}