{
    "Paramount_leader": 1.0,
    "Politics_of_China": 0.16666666666666666,
    "Orders_of_precedence_in_the_People's_Republic_of_China": 0.14285714285714285,
    "Leadership_of_the_People's_Republic_of_China": 0.14285714285714285,
    "Superintendent_(education)": 0.14285714285714285,
    "Succession_of_power_in_the_People's_Republic_of_China": 0.125,
    "Vizier_(Ancient_Egypt)": 0.1111111111111111,
    "Generalissimo": 0.1111111111111111,
    "Hua_Guofeng": 0.10526315789473684,
    "List_of_leaders_of_North_Korea": 0.1,
    "Queen_regnant": 0.1,
    "Deputy_(legislator)": 0.09090909090909091,
    "Shirvanshah": 0.09090909090909091,
    "Monarch": 0.09090909090909091,
    "Prime_minister": 0.09090909090909091,
    "Cross-Strait_relations": 0.09090909090909091,
    "Speaker_(politics)": 0.08333333333333333,
    "Praetorian_prefect": 0.0625,
    "Xi_Jinping": 0.05555555555555555,
    "Mao_Zedong": 0.03636363636363636,
    "Josip_Broz_Tito": 0.025,
    "Deng_Xiaoping": 0.023255813953488372
}