{
    "Saskatchewan": 1.0,
    "Alberta": 0.6666666666666666,
    "Salmon_Arm": 0.125,
    "Ontario": 0.1111111111111111,
    "Canadian_Figure_Skating_Championships": 0.1111111111111111,
    "British_Columbia": 0.1,
    "10th_Canadian_Parliament": 0.09090909090909091,
    "Prince_Edward_Island": 0.07692307692307693,
    "Norway": 0.05555555555555555
}