{
    "Boxing_at_the_1964_Summer_Olympics": 1.0,
    "Boxing_at_the_Summer_Olympics": 0.16666666666666666,
    "Modern_pentathlon_at_the_1964_Summer_Olympics": 0.16666666666666666,
    "Boxing_at_the_1972_Summer_Olympics": 0.14285714285714285,
    "Boxing_at_the_1968_Summer_Olympics": 0.14285714285714285,
    "Boxing_at_the_1928_Summer_Olympics": 0.14285714285714285,
    "Boxing_at_the_1936_Summer_Olympics": 0.14285714285714285,
    "Boxing_at_the_1932_Summer_Olympics": 0.14285714285714285,
    "Boxing_at_the_1952_Summer_Olympics": 0.14285714285714285,
    "List_of_Olympic_venues_in_boxing": 0.14285714285714285,
    "Gymnastics_at_the_1964_Summer_Olympics": 0.14285714285714285,
    "Swimming_at_the_1964_Summer_Olympics": 0.14285714285714285,
    "List_of_Olympic_medalists_in_boxing": 0.14285714285714285,
    "Boxing_at_the_2008_Summer_Olympics": 0.14285714285714285,
    "Rowing_at_the_1964_Summer_Olympics": 0.14285714285714285,
    "Boxing_at_the_2004_Summer_Olympics": 0.14285714285714285,
    "Field_hockey_at_the_1964_Summer_Olympics": 0.125,
    "Boxing_at_the_2012_Summer_Olympics": 0.125,
    "Boxing_at_the_1948_Summer_Olympics": 0.125,
    "Shooting_at_the_1964_Summer_Olympics": 0.125,
    "Boxing_at_the_1956_Summer_Olympics": 0.125,
    "Boxing_at_the_2000_Summer_Olympics": 0.125,
    "Sailing_at_the_1964_Summer_Olympics": 0.125,
    "Boxing_at_the_1996_Summer_Olympics": 0.1111111111111111,
    "Athletics_at_the_1964_Summer_Olympics": 0.1111111111111111,
    "Boxing_at_the_1984_Summer_Olympics": 0.1111111111111111
}