{
    "List_of_doping_cases_in_athletics": 1.0,
    "List_of_doping_cases_in_cycling": 0.2,
    "List_of_largest_running_events": 0.2,
    "List_of_eligibility_transfers_in_athletics": 0.2,
    "List_of_Olympic_sweeps_in_Athletics": 0.2,
    "List_of_Major_League_Baseball_players_named_in_the_Mitchell_Report": 0.14285714285714285,
    "List_of_Olympic_venues_in_athletics": 0.14285714285714285,
    "List_of_doping_cases_in_sport": 0.14285714285714285,
    "List_of_Major_League_Baseball_players_suspended_for_performance-enhancing_drugs": 0.1111111111111111,
    "Tatyana_Chernova": 0.09090909090909091,
    "Anna_Alminova": 0.09090909090909091,
    "\u017divil\u0117_Bal\u010di\u016bnait\u0117": 0.09090909090909091,
    "Susan_Chepkemei": 0.08333333333333333,
    "Daniela_Yordanova": 0.08333333333333333,
    "Susen_Tiedtke": 0.07692307692307693,
    "Maksym_Mazuryk": 0.07692307692307693,
    "Denys_Yurchenko": 0.07142857142857142,
    "Venelina_Veneva-Mateeva": 0.07142857142857142,
    "Irina_Belova_(athlete)": 0.06666666666666667,
    "Hind_Dehiba": 0.06666666666666667,
    "Olena_Antonova": 0.06666666666666667,
    "Claudia_\u0218tef": 0.06666666666666667,
    "Pavel_Lyzhyn": 0.0625,
    "Sviatlana_Vusovich": 0.058823529411764705,
    "Ivan_Ukhov": 0.058823529411764705,
    "Aleksandr_Shustov": 0.05555555555555555,
    "Yelena_Slesarenko": 0.05555555555555555,
    "Zolt\u00e1n_K\u0151v\u00e1g\u00f3": 0.05555555555555555,
    "Kriszti\u00e1n_Pars": 0.05555555555555555,
    "Yekaterina_Grigoryeva": 0.05555555555555555,
    "Larbi_Bouraada": 0.05263157894736842,
    "Tibor_G\u00e9csek": 0.05263157894736842,
    "Yuliya_Gushchina": 0.05,
    "S\u00fcreyya_Ayhan": 0.047619047619047616,
    "Juan_N\u00fa\u00f1ez_(athlete)": 0.047619047619047616,
    "Liliya_Shobukhova": 0.047619047619047616,
    "Binnaz_Uslu": 0.045454545454545456,
    "LaVerne_Jones-Ferrette": 0.043478260869565216,
    "Hrysopiyi_Devetzi": 0.043478260869565216,
    "Nevin_Yan\u0131t": 0.041666666666666664,
    "Olga_Shishigina": 0.041666666666666664,
    "Jillian_Camarena-Williams": 0.041666666666666664,
    "Anna_Chicherova": 0.04,
    "Olga_Kaniskina": 0.04,
    "Tatyana_Kotova": 0.037037037037037035,
    "James_Beckford_(athlete)": 0.03571428571428571,
    "Grit_Breuer": 0.03571428571428571,
    "LaShawn_Merritt": 0.03571428571428571,
    "Christopher_Williams_(sprinter)": 0.03225806451612903,
    "Tyson_Gay": 0.03125,
    "Tetyana_Dorovskikh": 0.03125,
    "Dragutin_Topi\u0107": 0.03125,
    "Sandra_Farmer-Patrick": 0.03125,
    "Natalya_Antyukh": 0.030303030303030304,
    "Asafa_Powell": 0.030303030303030304,
    "Dwain_Chambers": 0.02564102564102564,
    "Tatyana_Lebedeva": 0.022727272727272728,
    "Marion_Jones": 0.02
}