{
    "2010\u201311_Regionalliga": 1.0,
    "1997\u201398_Regionalliga": 0.2,
    "2007\u201308_Regionalliga": 0.2,
    "1995\u201396_Regionalliga": 0.2,
    "2009\u201310_Regionalliga": 0.2,
    "1998\u201399_Regionalliga": 0.2,
    "1999\u20132000_Regionalliga": 0.2,
    "2001\u201302_Regionalliga": 0.2,
    "2010\u201311_Bundesliga": 0.2,
    "2008\u201309_Regionalliga": 0.2,
    "2005\u201306_Regionalliga": 0.2,
    "2004\u201305_Regionalliga": 0.2,
    "2003\u201304_Regionalliga": 0.2,
    "2010\u201311_2._Bundesliga": 0.2,
    "2010\u201311_3._Liga": 0.2,
    "2010\u201311_Championnat_de_France_amateur": 0.2,
    "2010\u201311_Lega_Pro_Seconda_Divisione": 0.2,
    "2010\u201311_Hoofdklasse": 0.2,
    "2011\u201312_Regionalliga": 0.2,
    "2010\u201311_Liga_IV": 0.2,
    "2000\u201301_Regionalliga": 0.2,
    "2012\u201313_Regionalliga": 0.2,
    "1963\u201364_Regionalliga": 0.2,
    "2013\u201314_Regionalliga": 0.2,
    "2006\u201307_Regionalliga": 0.2,
    "2010\u201311_Scottish_Third_Division": 0.16666666666666666,
    "2010\u201311_Bundesliga_(women)": 0.16666666666666666,
    "2010\u201311_Tercera_Divisi\u00f3n": 0.16666666666666666,
    "2010_Swedish_Football_Division_2": 0.16666666666666666,
    "2011_Swedish_Football_Division_2": 0.16666666666666666,
    "2010\u201311_Football_League_Two": 0.14285714285714285
}