{
    "RAF_Coastal_Command_order_of_battle_during_World_War_II": 1.0,
    "Order_of_battle_for_Convoy_SC_7": 0.5,
    "Convoy_ONS_5_order_of_battle": 0.5,
    "Flower-class_corvette": 0.3333333333333333,
    "Convoy_Battles_of_World_War_II": 0.2857142857142857,
    "Battle_of_the_Bismarck_Sea_order_of_battle": 0.25,
    "RAF_Fighter_Command_Order_of_Battle_1940": 0.2,
    "Convoy_OB_293": 0.2,
    "Luftwaffe_Order_of_Battle_April_1940": 0.2,
    "Order_of_battle_for_Convoy_PQ_17": 0.2,
    "Order_of_battle_for_Convoy_PQ_18": 0.2,
    "Convoy_HX_300": 0.2,
    "Convoy_HX_237": 0.2,
    "Convoy_TM_1": 0.2,
    "Convoy_ON_122": 0.2,
    "Axis_order_of_battle_for_the_invasion_of_Yugoslavia": 0.2,
    "Convoy_SC_20": 0.2,
    "Convoy_SL_78": 0.2,
    "Convoy_HX_133": 0.2,
    "Convoy_SC_67": 0.2,
    "Midway_order_of_battle": 0.2,
    "Luftwaffe_Order_of_Battle_August_1940": 0.16666666666666666,
    "Convoy_ONS_5": 0.16666666666666666,
    "Convoy_HX_79": 0.16666666666666666,
    "Convoy_HX_112": 0.16666666666666666,
    "Convoy_ON_166": 0.16666666666666666,
    "Convoy_SC_118": 0.16666666666666666,
    "Convoy_SC_94": 0.16666666666666666,
    "Convoy_ON_154": 0.16666666666666666,
    "Convoy_SC_107": 0.16666666666666666,
    "Convoy_SC_104": 0.16666666666666666,
    "Convoy_HX_156": 0.16666666666666666,
    "Convoy_ON_127": 0.16666666666666666,
    "Convoy_ON_67": 0.16666666666666666,
    "List_of_Allied_forces_in_the_Normandy_Campaign": 0.16666666666666666,
    "Convoy_HX_212": 0.16666666666666666,
    "Yugoslav_order_of_battle_for_the_invasion_of_Yugoslavia": 0.16666666666666666,
    "Convoy_ON_113": 0.16666666666666666,
    "Convoy_SC_19": 0.16666666666666666,
    "List_of_World_War_II_convoys": 0.15384615384615385,
    "Convoy_SC_121": 0.14285714285714285,
    "Convoy_HX_84": 0.14285714285714285,
    "Operation_Husky_order_of_battle": 0.14285714285714285,
    "Convoy_OB_318": 0.125,
    "RCAF_Eastern_Air_Command": 0.125,
    "Convoy_HX_126": 0.125,
    "Lloyd's_War_Medal_for_Bravery_at_Sea": 0.125,
    "List_of_Eastern_Fleet_ships": 0.1111111111111111,
    "Stalag_Luft_III_murders": 0.07692307692307693
}