{
    "Thirty-second_government_of_Israel": 1.0,
    "Thirty-third_government_of_Israel": 0.21052631578947367,
    "Thirty-first_government_of_Israel": 0.15,
    "Israeli_legislative_election,_2013": 0.11764705882352941,
    "Twenty-eighth_government_of_Israel": 0.09523809523809523,
    "Twenty-ninth_government_of_Israel": 0.09523809523809523,
    "Twenty-seventh_government_of_Israel": 0.09090909090909091,
    "Thirtieth_government_of_Israel": 0.09090909090909091,
    "Zimbabwe_Temporary_Cabinet_of_2009": 0.06666666666666667,
    "Juncker\u2013Asselborn_Ministry_II": 0.0625,
    "Second_United_Indonesia_Cabinet": 0.0625,
    "Zimbabwe_Government_of_National_Unity_of_2009": 0.058823529411764705,
    "Confirmations_of_Barack_Obama's_Cabinet": 0.058823529411764705,
    "Cabinet_of_Jadranka_Kosor": 0.058823529411764705,
    "Maltese_Government_2008\u201313": 0.058823529411764705,
    "Cabinet_of_Bidzina_Ivanishvili": 0.058823529411764705,
    "Government_of_National_Unity_(Kenya)": 0.05555555555555555,
    "Cabinet_of_Lars_L\u00f8kke_Rasmussen": 0.05555555555555555,
    "First_Dombrovskis_cabinet": 0.05555555555555555,
    "Fourteenth_government_of_Israel": 0.05263157894736842,
    "Sixteenth_government_of_Israel": 0.05263157894736842,
    "Qandil_Cabinet": 0.05263157894736842,
    "Eighth_government_of_Israel": 0.05,
    "Eleventh_government_of_Israel": 0.05,
    "Twentieth_government_of_Israel": 0.05,
    "Twenty-sixth_government_of_Israel": 0.05,
    "Israeli_general_election,_1999": 0.05,
    "Jebali_Cabinet": 0.05,
    "Second_Rudd_Ministry": 0.05,
    "Israeli_general_election,_1996": 0.047619047619047616,
    "Tenth_government_of_Israel": 0.047619047619047616,
    "Twelfth_government_of_Israel": 0.047619047619047616,
    "Nineteenth_government_of_Israel": 0.047619047619047616,
    "Twenty-fourth_government_of_Israel": 0.047619047619047616,
    "Second_Gillard_Ministry": 0.047619047619047616,
    "Thirteenth_government_of_Israel": 0.045454545454545456,
    "Seventeenth_government_of_Israel": 0.045454545454545456,
    "Twenty-third_government_of_Israel": 0.045454545454545456,
    "Twenty-fifth_government_of_Israel": 0.045454545454545456,
    "Twenty-first_government_of_Israel": 0.043478260869565216,
    "Twenty-second_government_of_Israel": 0.043478260869565216,
    "Eighteenth_government_of_Israel": 0.041666666666666664,
    "Fifteenth_government_of_Israel": 0.04
}