{
    "64th_Oregon_Legislative_Assembly": 1.0,
    "74th_Oregon_Legislative_Assembly": 0.14285714285714285,
    "35th_Oregon_Legislative_Assembly": 0.14285714285714285,
    "76th_Oregon_Legislative_Assembly": 0.14285714285714285,
    "77th_Oregon_Legislative_Assembly": 0.14285714285714285,
    "75th_Oregon_Legislative_Assembly": 0.1111111111111111
}