{
    "Illinois_statistical_areas": 1.0,
    "Wyoming_statistical_areas": 0.2,
    "Indiana_statistical_areas": 0.2,
    "New_Jersey_statistical_areas": 0.2,
    "Connecticut_statistical_areas": 0.2,
    "Tennessee_statistical_areas": 0.2,
    "Wisconsin_statistical_areas": 0.2,
    "Mississippi_statistical_areas": 0.2,
    "Montana_statistical_areas": 0.2,
    "Delaware_statistical_areas": 0.2,
    "District_of_Columbia_statistical_areas": 0.2,
    "Iowa_statistical_areas": 0.2,
    "Nevada_statistical_areas": 0.2,
    "Nebraska_statistical_areas": 0.2,
    "New_Hampshire_statistical_areas": 0.2,
    "North_Dakota_statistical_areas": 0.2,
    "Rhode_Island_census_statistical_areas": 0.2,
    "Washington_statistical_areas": 0.2,
    "Statistical_area": 0.2,
    "List_of_primary_statistical_areas_of_the_United_States": 0.2,
    "Colorado_statistical_areas": 0.16666666666666666,
    "Ohio_statistical_areas": 0.16666666666666666,
    "Pennsylvania_statistical_areas": 0.16666666666666666,
    "New_York_statistical_areas": 0.16666666666666666,
    "Michigan_statistical_areas": 0.16666666666666666,
    "Kentucky_statistical_areas": 0.16666666666666666,
    "Texas_statistical_areas": 0.16666666666666666,
    "Alaska_statistical_areas": 0.16666666666666666,
    "California_statistical_areas": 0.16666666666666666,
    "Alabama_statistical_areas": 0.16666666666666666,
    "Arkansas_statistical_areas": 0.16666666666666666,
    "Georgia_statistical_areas": 0.16666666666666666,
    "Idaho_statistical_areas": 0.16666666666666666,
    "Kansas_statistical_areas": 0.16666666666666666,
    "Virginia_statistical_areas": 0.16666666666666666,
    "Maryland_statistical_areas": 0.16666666666666666,
    "West_Virginia_statistical_areas": 0.16666666666666666,
    "Massachusetts_statistical_areas": 0.16666666666666666,
    "Missouri_statistical_areas": 0.16666666666666666,
    "Minnesota_statistical_areas": 0.16666666666666666,
    "New_Mexico_statistical_areas": 0.16666666666666666,
    "North_Carolina_statistical_areas": 0.16666666666666666,
    "Oklahoma_statistical_areas": 0.16666666666666666,
    "Oregon_statistical_areas": 0.16666666666666666,
    "South_Carolina_statistical_areas": 0.16666666666666666,
    "South_Dakota_statistical_areas": 0.16666666666666666,
    "Vermont_statistical_areas": 0.16666666666666666,
    "List_of_Illinois_townships": 0.16666666666666666,
    "List_of_cities_in_Illinois": 0.16666666666666666,
    "List_of_towns_and_villages_in_Illinois": 0.16666666666666666,
    "New_York_State_metropolitan_areas": 0.16666666666666666,
    "List_of_counties_in_Illinois": 0.16666666666666666,
    "Colorado_metropolitan_areas": 0.16666666666666666,
    "Arizona_census_statistical_areas": 0.14285714285714285,
    "Florida_statistical_areas": 0.14285714285714285,
    "Louisiana_statistical_areas": 0.14285714285714285,
    "Maine_statistical_areas": 0.14285714285714285,
    "Utah_statistical_areas": 0.14285714285714285,
    "Illinois_locations_by_per_capita_income": 0.14285714285714285,
    "Neighborhoods_in_Chicago": 0.14285714285714285,
    "List_of_protected_areas_of_Illinois": 0.14285714285714285,
    "List_of_crossings_of_the_Illinois_River": 0.14285714285714285,
    "Puerto_Rico_statistical_areas": 0.125,
    "Greater_St._Louis": 0.125,
    "Great_Lakes_census_statistical_areas": 0.09090909090909091,
    "Great_Lakes_Megalopolis": 0.09090909090909091,
    "Chicago_metropolitan_area": 0.08333333333333333
}