{
    "Nordderby": 1.0,
    "List_of_Werder_Bremen_head_coaches": 0.14285714285714285,
    "List_of_SV_Werder_Bremen_players": 0.14285714285714285,
    "SV_Werder_Bremen": 0.09090909090909091,
    "Hamburger_SV": 0.08333333333333333
}