{
    "2011_WNBA_season": 1.0,
    "2010_WNBA_season": 0.25,
    "2012_WNBA_season": 0.25,
    "2011_McDonald's_All-American_Girls_Game": 0.16666666666666666,
    "2010\u201311_ABA_season": 0.16666666666666666,
    "2011_WNBA_draft": 0.16666666666666666,
    "2011_San_Antonio_Silver_Stars_season": 0.16666666666666666,
    "WNBA's_Top_15_Players_of_All_Time": 0.16666666666666666,
    "2011\u201312_ABA_season": 0.16666666666666666,
    "List_of_WNBA_seasons": 0.14285714285714285,
    "2010\u201311_NBA_season": 0.14285714285714285,
    "2011_Chicago_Sky_season": 0.14285714285714285,
    "2011_Indiana_Fever_season": 0.14285714285714285,
    "2011_New_York_Liberty_season": 0.14285714285714285,
    "2011_Washington_Mystics_season": 0.14285714285714285,
    "2011_Los_Angeles_Sparks_season": 0.14285714285714285,
    "2011_Phoenix_Mercury_season": 0.14285714285714285,
    "2011_Tulsa_Shock_season": 0.14285714285714285,
    "2011\u201312_NBA_season": 0.14285714285714285,
    "2011_Atlanta_Dream_season": 0.125,
    "2011_Connecticut_Sun_season": 0.125,
    "2011_Seattle_Storm_season": 0.125,
    "2007_WNBA_season": 0.1111111111111111,
    "2008_WNBA_season": 0.1111111111111111,
    "2009_WNBA_season": 0.1111111111111111,
    "2011_Minnesota_Lynx_season": 0.1111111111111111,
    "2013_WNBA_season": 0.1111111111111111
}