{
    "List_of_municipalities_of_Greece_(2011)": 1.0,
    "2011_in_amusement_parks": 0.2,
    "List_of_municipalities_and_communities_in_Greece_(1997-2010)": 0.2,
    "Bloc_Qu\u00e9b\u00e9cois_candidates,_2011_Canadian_federal_election": 0.16666666666666666,
    "List_of_albums_released_in_2011": 0.16666666666666666,
    "List_of_horror_films_of_2011": 0.16666666666666666,
    "National_parks_of_Greece": 0.14285714285714285,
    "List_of_cities_in_Greece": 0.14285714285714285,
    "Prefectures_of_Greece": 0.14285714285714285,
    "List_of_ship_launches_in_2011": 0.14285714285714285,
    "List_of_World_Heritage_Sites_in_Greece": 0.14285714285714285,
    "ISO_3166-2:GR": 0.14285714285714285,
    "Tornadoes_in_the_April_25\u201328,_2011_tornado_outbreak": 0.125,
    "List_of_European_tornadoes_in_2011": 0.125,
    "List_of_animated_feature_films_of_2011": 0.125,
    "List_of_tornadoes_in_the_April_25\u201328,_2011_tornado_outbreak_(Part_1)": 0.125,
    "List_of_tornadoes_in_the_April_25\u201328,_2011_tornado_outbreak_(Part_2)": 0.125,
    "List_of_terrorist_incidents,_January\u2013June_2011": 0.1111111111111111,
    "List_of_presidential_trips_made_by_Barack_Obama_during_2011": 0.1111111111111111,
    "List_of_terrorist_incidents,_July\u2013December_2011": 0.1111111111111111,
    "List_of_animated_television_series_of_2011": 0.1111111111111111
}