{
    "2011_FIA_GT1_Zolder_round": 1.0,
    "2011_FIA_WTCC_Race_of_Belgium": 0.4,
    "2011_FIA_GT1_World_Championship_season": 0.25,
    "2011_FIA_GT1_Algarve_round": 0.25,
    "2011_FIA_GT1_Sachsenring_round": 0.25,
    "2011_FIA_GT1_Navarra_round": 0.25,
    "2011_FIA_GT1_Paul_Ricard_round": 0.25,
    "2011_FIA_GT1_Ordos_round": 0.25,
    "2011_FIA_GT1_Beijing_round": 0.25,
    "2008_Zolder_Superleague_Formula_round": 0.2,
    "2009_Zolder_Superleague_Formula_round": 0.2,
    "2011_FIA_GT1_Abu_Dhabi_round": 0.2,
    "2011_RAC_Tourist_Trophy": 0.2,
    "2011_Ypres_Rally": 0.2,
    "2011_24_Hours_of_Spa": 0.2,
    "2011_Spa-Francorchamps_GP2_Series_round": 0.2,
    "2011_FIA_GT1_San_Luis_round": 0.2,
    "2012_FIA_GT1_Zolder_round": 0.2,
    "1975_Belgian_Grand_Prix": 0.16666666666666666,
    "1976_Belgian_Grand_Prix": 0.16666666666666666,
    "1977_Belgian_Grand_Prix": 0.16666666666666666,
    "1979_Belgian_Grand_Prix": 0.16666666666666666,
    "1984_Belgian_Grand_Prix": 0.16666666666666666,
    "2007_Belgian_Champ_Car_Grand_Prix": 0.16666666666666666,
    "2010_FIA_WTCC_Race_of_Belgium": 0.16666666666666666,
    "2011_Belgian_Grand_Prix": 0.16666666666666666,
    "2011_1000_km_of_Spa": 0.16666666666666666,
    "1973_Belgian_Grand_Prix": 0.14285714285714285,
    "1978_Belgian_Grand_Prix": 0.14285714285714285,
    "1980_Belgian_Grand_Prix": 0.14285714285714285,
    "1981_Belgian_Grand_Prix": 0.14285714285714285,
    "1982_Belgian_Grand_Prix": 0.14285714285714285,
    "2002_UCI_Road_World_Championships_\u2013_Women's_time_trial": 0.14285714285714285,
    "2002_UCI_Road_World_Championships": 0.1111111111111111,
    "24_Hours_of_Zolder": 0.09090909090909091,
    "Belgian_Grand_Prix": 0.08333333333333333
}