{
    "2011_Crown_Royal_Presents_the_Matthew_and_Daniel_Hansen_400": 1.0,
    "2011_Goody's_Fast_Relief_500": 0.6,
    "2011_Tums_Fast_Relief_500": 0.3333333333333333,
    "2011_NASCAR_Sprint_Cup_Series": 0.2,
    "2011_Budweiser_Shootout": 0.16666666666666666,
    "2011_Gatorade_Duels": 0.16666666666666666,
    "2011_Virginia_Cavaliers_football_team": 0.16666666666666666,
    "2011_Virginia_Tech_Hokies_football_team": 0.16666666666666666,
    "2011_VMI_Keydets_football_team": 0.16666666666666666,
    "2011_Hampton_Pirates_football_team": 0.16666666666666666,
    "1988_Miller_High_Life_400_(September)": 0.16666666666666666,
    "2007_Crown_Royal_Presents_The_Jim_Stewart_400": 0.14285714285714285,
    "2006_Crown_Royal_400": 0.14285714285714285,
    "2007_Chevy_Rock_&_Roll_400": 0.14285714285714285,
    "2010_Crown_Royal_Presents_the_Heath_Calhoun_400": 0.14285714285714285,
    "2010_Air_Guard_400": 0.14285714285714285,
    "2011_Daytona_500": 0.14285714285714285,
    "2011_Ford_400": 0.14285714285714285,
    "2011_Coca-Cola_600": 0.14285714285714285,
    "2011_Subway_Fresh_Fit_500": 0.14285714285714285,
    "2011_Kobalt_Tools_400": 0.14285714285714285,
    "2011_Richmond_Kickers_season": 0.14285714285714285,
    "2011_Jeff_Byrd_500": 0.14285714285714285,
    "2011_Auto_Club_400": 0.14285714285714285,
    "2011_Indy_Grand_Prix_of_Alabama": 0.14285714285714285,
    "2011_Toyota_Grand_Prix_of_Long_Beach": 0.14285714285714285,
    "2011_James_Madison_Dukes_football_team": 0.14285714285714285,
    "2011_Richmond_Spiders_football_team": 0.14285714285714285,
    "2011_William_&_Mary_Tribe_football_team": 0.14285714285714285,
    "2011_Liberty_Flames_football_team": 0.14285714285714285,
    "2011_STP_400": 0.14285714285714285,
    "2011_Quaker_State_400": 0.14285714285714285,
    "2011_Lenox_Industrial_Tools_301": 0.14285714285714285,
    "2011_Brickyard_400": 0.14285714285714285,
    "2011_Pure_Michigan_400": 0.14285714285714285,
    "2011_AdvoCare_500": 0.14285714285714285,
    "2011_GEICO_400": 0.14285714285714285,
    "2011_Bank_of_America_500": 0.14285714285714285,
    "2011_Kobalt_Tools_500": 0.14285714285714285,
    "2012_Capital_City_400": 0.14285714285714285,
    "2012_Federated_Auto_Parts_400": 0.14285714285714285,
    "2013_Toyota_Owners_400": 0.14285714285714285,
    "Federated_Auto_Parts_400": 0.125,
    "2011_Masters_Tournament": 0.125,
    "2011_Family_Circle_Cup": 0.125,
    "2011_Old_Dominion_Monarchs_football_team": 0.125,
    "2011_Norfolk_State_Spartans_football_team": 0.125,
    "2009_Crown_Royal_400": 0.1111111111111111,
    "Toyota_Owners_400": 0.1111111111111111,
    "2010\u201311_VCU_Rams_men's_basketball_team": 0.1111111111111111,
    "2011_Boston_Marathon": 0.1111111111111111,
    "Toyota_Care_250": 0.1111111111111111,
    "2011_Kraft_Nabisco_Championship": 0.1,
    "2011_NCAA_Women's_Division_I_Basketball_Tournament": 0.1,
    "2013_Federated_Auto_Parts_400": 0.09090909090909091
}