{
    "Television_stations_in_Sonora": 1.0,
    "List_of_television_stations_in_Mexico": 0.3333333333333333,
    "List_of_Mexican_television_networks": 0.3333333333333333,
    "Television_stations_in_Nuevo_Le\u00f3n": 0.3333333333333333,
    "Television_stations_in_Coahuila": 0.3333333333333333,
    "Television_stations_in_Distrito_Federal": 0.3333333333333333,
    "Television_stations_in_the_State_of_Mexico": 0.3333333333333333,
    "Television_stations_in_Chihuahua": 0.3333333333333333,
    "Television_stations_in_Chiapas": 0.3333333333333333,
    "Television_stations_in_Guanajuato": 0.3333333333333333,
    "Television_stations_in_Guerrero": 0.3333333333333333,
    "Television_stations_in_Hidalgo": 0.3333333333333333,
    "Television_stations_in_Jalisco": 0.3333333333333333,
    "Television_stations_in_Oaxaca": 0.3333333333333333,
    "Television_stations_in_Veracruz": 0.3333333333333333,
    "Television_stations_in_Baja_California": 0.3333333333333333,
    "Television_stations_in_Baja_California_Sur": 0.3333333333333333,
    "Television_stations_in_Durango": 0.3333333333333333,
    "Television_stations_in_Tamaulipas": 0.3333333333333333
}