{
    "2011_Collegiate_Symphony_Tour": 1.0,
    "Riders_in_the_Sky_(band)": 0.07407407407407407,
    "King's_X": 0.07142857142857142,
    "Derek_Sherinian": 0.06451612903225806,
    "Evanescence": 0.06060606060606061,
    "Time_Tour": 0.058823529411764705,
    "Randy_Edelman": 0.05405405405405406,
    "Crack_the_Sky": 0.05263157894736842,
    "Mike_Portnoy": 0.04878048780487805,
    "Rahzel": 0.045454545454545456,
    "Meat_Loaf": 0.043478260869565216,
    "Showaddywaddy": 0.041666666666666664,
    "Chris_Rene": 0.04,
    "Focus_(band)": 0.038461538461538464,
    "Barrington_Levy": 0.037037037037037035,
    "Five_Star": 0.037037037037037035,
    "Donnie_Iris": 0.03571428571428571,
    "James_LaBrie": 0.03571428571428571,
    "Black_Veil_Brides": 0.03571428571428571,
    "Dosage_Tour_2012": 0.03571428571428571,
    "New_Riders_of_the_Purple_Sage": 0.034482758620689655,
    "Foghat": 0.03333333333333333,
    "Love_Deluxe_World_Tour": 0.03333333333333333,
    "Melanie_Amaro": 0.03333333333333333,
    "List_of_Kiss_concert_tours": 0.03333333333333333,
    "TLC_(group)": 0.03125,
    "Waking_Up_the_World_Tour": 0.03125,
    "Touring_into_Infinity": 0.03125,
    "Josh_Kelley": 0.030303030303030304,
    "Lynyrd_Skynyrd": 0.030303030303030304,
    "Pronounced_'L\u0115h-'n\u00e9rd_'Skin-'n\u00e9rd_Tour": 0.030303030303030304,
    "Second_Helping_Tour": 0.030303030303030304,
    "Gimme_Back_My_Bullets_Tour": 0.030303030303030304,
    "One_More_From_The_Road_Tour": 0.030303030303030304,
    "Brian_Austin_Green": 0.029411764705882353,
    "Kim_Burrell": 0.029411764705882353,
    "Second_National_Tour": 0.027777777777777776,
    "The_Jackson_5_Second_National_Tour": 0.027777777777777776,
    "Alex_Skolnick": 0.02702702702702703,
    "George_Strait": 0.02702702702702703,
    "Anthony_Hamilton_(musician)": 0.02702702702702703,
    "Miranda_Lambert": 0.02702702702702703,
    "John_Schneider_(screen_actor)": 0.02631578947368421,
    "Bonnie_McKee": 0.02564102564102564,
    "Miranda_Cosgrove": 0.025,
    "Chaka_Khan": 0.023255813953488372,
    "Maurice_Jarre": 0.023255813953488372,
    "Travis_Scott_(rapper)": 0.023255813953488372,
    "Chely_Wright": 0.021739130434782608,
    "European_Tour_(Stevie_Ray_Vaughan_tour)": 0.02127659574468085,
    "Nipsey_Hussle": 0.02127659574468085,
    "Cybill_Shepherd": 0.02127659574468085,
    "Love_Soul_Tour": 0.02040816326530612,
    "Love_&_Life_Tour": 0.02040816326530612,
    "The_Mary_Show_Tour": 0.02040816326530612,
    "No_More_Drama_Tour": 0.02040816326530612,
    "Bobby_Womack": 0.02040816326530612,
    "George_Duke": 0.02,
    "Joey_Lawrence": 0.02,
    "Anthony_Perkins": 0.0196078431372549,
    "Macy_Gray": 0.0196078431372549,
    "Raven-Symon\u00e9": 0.018867924528301886,
    "Rza": 0.018518518518518517,
    "Buddy_Guy": 0.018518518518518517,
    "Irene_Dunne": 0.01818181818181818,
    "Judy_Collins": 0.017543859649122806,
    "James_Horner": 0.017241379310344827,
    "Tina_Arena": 0.01694915254237288,
    "30_Musical_Years_Tour": 0.01639344262295082,
    "Olivia_Newton-John_2006_World_Tour": 0.01639344262295082,
    "An_Evening_with_Olivia_Newton-John": 0.01639344262295082,
    "Jack_Lemmon": 0.015625,
    "Carole_King": 0.014705882352941176,
    "Nicole_Scherzinger": 0.014492753623188406,
    "Sinful_Attraction_Tour": 0.014084507042253521,
    "John_Williams": 0.012345679012345678,
    "Elton_John_discography": 0.011111111111111112,
    "Michael_Jackson": 0.010526315789473684
}