{
    "2011\u201312_NBL_season": 1.0,
    "2010\u201311_NBL_season": 0.2,
    "2012\u201313_NBL_season": 0.2,
    "2012_New_Zealand_NBL_season": 0.14285714285714285,
    "1982_NBL_season": 0.125,
    "1980_NBL_season": 0.125,
    "1981_NBL_season": 0.125,
    "2000\u201301_NBL_season": 0.125,
    "2012\u201313_New_Zealand_Breakers_season": 0.1111111111111111,
    "2008\u201309_NBL_season": 0.09090909090909091,
    "2006\u201307_NBL_season": 0.09090909090909091,
    "2005\u201306_NBL_season": 0.09090909090909091,
    "2004\u201305_NBL_season": 0.09090909090909091,
    "2003\u201304_NBL_season": 0.09090909090909091,
    "2007\u201308_NBL_season": 0.09090909090909091
}