{
    "Caribbean_Football_Union": 1.0,
    "Atlantic_Sun_Conference": 0.1111111111111111,
    "NCAA_Division_I_FBS_independent_schools": 0.1,
    "CFU_Club_Championship": 0.09090909090909091,
    "Worldloppet_Ski_Federation": 0.08333333333333333,
    "Massachusetts_Interscholastic_Athletic_Association": 0.07692307692307693,
    "South_shore_league": 0.07692307692307693,
    "CONCACAF": 0.07142857142857142
}