{
    "Arrondissement_of_Albertville": 1.0,
    "Arrondissement_of_Chamb\u00e9ry": 0.3333333333333333,
    "Arrondissement_of_Saint-Jean-de-Maurienne": 0.3333333333333333
}