{
    "2012_Kansas_City_Royals_season": 1.0,
    "2012_St._Louis_Cardinals_season": 0.5,
    "2012_Major_League_Baseball_season": 0.25,
    "2012_Los_Angeles_Dodgers_season": 0.25,
    "2006_Kansas_City_Royals_season": 0.2,
    "1989_Kansas_City_Royals_season": 0.2,
    "2008_Kansas_City_Royals_season": 0.2,
    "2009_Kansas_City_Royals_season": 0.2,
    "2012_Major_League_Baseball_All-Star_Game": 0.2,
    "2010_Kansas_City_Royals_season": 0.2,
    "2011_Kansas_City_Royals_season": 0.2,
    "2012_Miami_Marlins_season": 0.2,
    "2012_Los_Angeles_Angels_of_Anaheim_season": 0.2,
    "2012_Cleveland_Indians_season": 0.2,
    "2012_Pittsburgh_Pirates_season": 0.2,
    "2012_Texas_Rangers_season": 0.2,
    "2012_Baltimore_Orioles_season": 0.2,
    "2012_Philadelphia_Phillies_season": 0.2,
    "2012_Tampa_Bay_Rays_season": 0.2,
    "2012_Chicago_White_Sox_season": 0.2,
    "2012_Minnesota_Twins_season": 0.2,
    "2012_Atlanta_Braves_season": 0.2,
    "2012_Chicago_Cubs_season": 0.2,
    "2012_Houston_Astros_season": 0.2,
    "2012_Milwaukee_Brewers_season": 0.2,
    "2012_Arizona_Diamondbacks_season": 0.2,
    "2012_San_Diego_Padres_season": 0.2,
    "2012_St._Louis_Rams_season": 0.2,
    "2012_Missouri_Tigers_football_team": 0.2,
    "2012_Kansas_City_Chiefs_season": 0.2,
    "2012_Missouri_State_Bears_football_team": 0.2,
    "2012_Southeast_Missouri_State_Redhawks_football_team": 0.2,
    "2013_Kansas_City_Royals_season": 0.2,
    "2007_Kansas_City_Royals_season": 0.2,
    "1969_Kansas_City_Royals_season": 0.16666666666666666,
    "2011\u201312_Lindenwood_Lady_Lions_ice_hockey_season": 0.16666666666666666,
    "2012_Major_League_Baseball_Draft": 0.16666666666666666,
    "2012_Boston_Red_Sox_season": 0.16666666666666666,
    "2012_Toronto_Blue_Jays_season": 0.16666666666666666,
    "2012_Seattle_Mariners_season": 0.16666666666666666,
    "2012_Washington_Nationals_season": 0.16666666666666666,
    "2012_Cincinnati_Reds_season": 0.16666666666666666,
    "2012_Colorado_Rockies_season": 0.16666666666666666,
    "2012\u201313_Lindenwood_Lady_Lions_ice_hockey_season": 0.16666666666666666,
    "1980_Kansas_City_Royals_season": 0.14285714285714285,
    "2011\u201312_St._Louis_Blues_season": 0.14285714285714285,
    "2011\u201312_Missouri_Mavericks_season": 0.14285714285714285,
    "2012_Oakland_Athletics_season": 0.14285714285714285,
    "2012_New_York_Mets_season": 0.14285714285714285,
    "2012\u201313_St._Louis_Blues_season": 0.14285714285714285,
    "2012\u201313_Missouri_Mavericks_season": 0.14285714285714285,
    "2012_San_Francisco_Giants_season": 0.125,
    "2012_New_York_Yankees_season": 0.125,
    "2012_Detroit_Tigers_season": 0.125
}