{
    "2011_NEAFL_season": 1.0,
    "2011_TSL_season": 0.3333333333333333,
    "2011_Australian_Football_International_Cup": 0.3333333333333333,
    "2012_NEAFL_season": 0.3333333333333333,
    "2011_Foxtel_Cup": 0.3333333333333333,
    "2011_AFL_season": 0.25,
    "List_of_AFL_debuts_in_2011": 0.2,
    "2011_Australian_football_code_crowds": 0.16666666666666666
}