{
    "Mumbai_Marines": 1.0,
    "Pune_Strykers": 0.4,
    "Delhi_Wizards": 0.3333333333333333,
    "Chennai_Cheetahs": 0.3333333333333333,
    "Karnataka_Lions": 0.16666666666666666,
    "Chandigarh_Comets": 0.14285714285714285,
    "Bhopal_Badshahs": 0.1111111111111111
}