{
    "Sher-e-Punjab": 1.0,
    "Misl": 0.2,
    "K._S._Makhan": 0.0625,
    "Qila_Mubarak": 0.05263157894736842,
    "Jean-Pierre_Melville": 0.05,
    "Uttam_Singh": 0.05,
    "Mahi_Gill": 0.047619047619047616,
    "Lehmber_Hussainpuri": 0.047619047619047616,
    "Stelvio_Cipriani": 0.045454545454545456,
    "Madan_Mohan_(music_director)": 0.045454545454545456,
    "Bobby_Deol": 0.043478260869565216,
    "Herbert_Taylor_(British_Army_officer)": 0.043478260869565216,
    "Jaswinder_Bhalla": 0.043478260869565216,
    "Mona_Singh": 0.043478260869565216,
    "Jimmy_Shergill": 0.041666666666666664,
    "George_Campbell,_6th_Duke_of_Argyll": 0.041666666666666664,
    "Luigi_Romanelli": 0.041666666666666664,
    "Abhay_Deol": 0.041666666666666664,
    "Wally_Wales": 0.038461538461538464,
    "Poonam_Kaur": 0.038461538461538464,
    "Luigi_Taveri": 0.038461538461538464,
    "Geraldine_McEwan": 0.037037037037037035,
    "Howard_McNear": 0.037037037037037035,
    "Jagjit_Singh": 0.03571428571428571,
    "Edward_Clive,_1st_Earl_of_Powis": 0.034482758620689655,
    "Suraiya": 0.03333333333333333,
    "Roberts_Blossom": 0.03333333333333333,
    "Mika_Singh": 0.03333333333333333,
    "Neha_Dhupia": 0.03333333333333333,
    "Jack_Kelly_(actor)": 0.03225806451612903,
    "Rahul_Dev": 0.03225806451612903,
    "Arthur_Lowe": 0.03125,
    "German_Moreno": 0.03125,
    "Samuel_Smith_(Maryland)": 0.030303030303030304,
    "Navaneet_Kaur": 0.029411764705882353,
    "Duncan_McArthur": 0.029411764705882353,
    "Sir_Thomas_Frankland_Lewis,_1st_Baronet": 0.029411764705882353,
    "Richard_Temple-Nugent-Brydges-Chandos-Grenville,_1st_Duke_of_Buckingham_and_Chandos": 0.02857142857142857,
    "William_Woodbridge": 0.02857142857142857,
    "Thomas_Hamilton,_9th_Earl_of_Haddington": 0.02857142857142857,
    "Alleyne_FitzHerbert,_1st_Baron_St_Helens": 0.027777777777777776,
    "Kirron_Kher": 0.027777777777777776,
    "Dara_Singh": 0.02702702702702703,
    "Savitri_(actress)": 0.02702702702702703,
    "Cary_Grant": 0.02564102564102564,
    "Gulzar": 0.025,
    "Elmore_Leonard": 0.025,
    "John_Forsyth_(Georgia)": 0.025,
    "Lawrence_Dundas,_1st_Earl_of_Zetland": 0.025,
    "Henry_Petty-Fitzmaurice,_3rd_Marquess_of_Lansdowne": 0.024390243902439025,
    "Lord_William_Bentinck": 0.023255813953488372,
    "William_Adam_of_Blair_Adam": 0.02127659574468085,
    "Film_career_of_Grace_Kelly": 0.02127659574468085,
    "Grace_Kelly": 0.02127659574468085,
    "Cloris_Leachman": 0.02127659574468085,
    "John_Churchill,_1st_Duke_of_Marlborough": 0.020833333333333332,
    "Lauren_Bacall": 0.020833333333333332,
    "Manmohan_Singh": 0.02,
    "Richard_Mentor_Johnson": 0.02,
    "H._H._Asquith": 0.01639344262295082,
    "Margaret_Thatcher": 0.010416666666666666
}