{
    "2._Bundesliga": 1.0,
    "Under_19_Bayernliga": 0.25,
    "Austrian_Football_First_League": 0.2,
    "2._Bundesliga_South_(1974\u201381)": 0.2,
    "Bundesliga": 0.2,
    "3._Liga": 0.2,
    "2._Bundesliga_North_(1974\u201381)": 0.1875,
    "Promotion_to_the_2._Bundesliga": 0.14285714285714285,
    "Oberliga_Nord": 0.14285714285714285,
    "List_of_clubs_in_the_2._Bundesliga": 0.14285714285714285,
    "Verbandsliga": 0.125,
    "Landesliga": 0.125,
    "Armenian_First_League": 0.125,
    "Albanian_First_Division": 0.125,
    "Cypriot_Second_Division": 0.125,
    "Oberliga_(football)": 0.125,
    "Liga_e_Par\u00eb": 0.125,
    "Pirveli_Liga": 0.125,
    "Luxembourg_Division_of_Honour": 0.125,
    "Handball-Bundesliga": 0.125,
    "Basketball_Bundesliga": 0.125,
    "Latvian_First_League": 0.125,
    "Kazakhstan_First_Division": 0.125,
    "Serbian_First_League": 0.1111111111111111,
    "Esiliiga": 0.1111111111111111,
    "Azerbaijan_First_Division": 0.1111111111111111,
    "Druga_HNL": 0.1111111111111111,
    "Bundesliga_(shooting)": 0.1111111111111111,
    "Saarland_Cup": 0.1111111111111111,
    "Russian_National_Football_League": 0.1111111111111111,
    "Danish_1st_Division": 0.1111111111111111,
    "Belarusian_First_League": 0.1111111111111111,
    "Ligue_2": 0.1,
    "Slovenian_Second_League": 0.1,
    "Adeccoligaen": 0.1,
    "Moldovan_\"A\"_Division": 0.1,
    "German_Football_League_2": 0.1,
    "Iraqi_Premier_League": 0.1,
    "Segunda_Divisi\u00f3n": 0.1,
    "Swiss_Challenge_League": 0.1,
    "Deutsche_Eishockey_Liga": 0.1,
    "Minnesota_Junior_Hockey_League": 0.09090909090909091,
    "Superettan": 0.09090909090909091,
    "Eerste_Divisie": 0.09090909090909091,
    "Ontario_Hockey_League": 0.09090909090909091,
    "TFF_First_League": 0.09090909090909091,
    "Serie_B": 0.09090909090909091,
    "List_of_Ontario_Hockey_League_head_coaches": 0.09090909090909091,
    "Czech_2._Liga": 0.09090909090909091,
    "Segunda_Liga": 0.09090909090909091,
    "Rugby-Bundesliga": 0.08333333333333333,
    "Austrian_Football_Bundesliga": 0.08333333333333333,
    "Cabinet_Schmidt_I": 0.08333333333333333,
    "Ukrainian_First_League": 0.08333333333333333,
    "Scottish_Championship": 0.08333333333333333,
    "Cymru_Alliance": 0.08333333333333333,
    "German_Football_League": 0.08333333333333333,
    "Football_League_Championship": 0.07692307692307693,
    "League_of_Ireland_First_Division": 0.07692307692307693
}