{
    "2012_Carolina_RailHawks_FC_season": 1.0,
    "2012_Fort_Lauderdale_Strikers_season": 0.3333333333333333,
    "2012_Puerto_Rico_Islanders_season": 0.3333333333333333,
    "2012_Atlanta_Silverbacks_season": 0.3333333333333333,
    "2012_Minnesota_Stars_FC_season": 0.3333333333333333,
    "2012_Tampa_Bay_Rowdies_season": 0.2857142857142857,
    "2012_D.C._United_season": 0.16666666666666666,
    "2012_Real_Salt_Lake_season": 0.16666666666666666,
    "2012_Colorado_Rapids_season": 0.16666666666666666,
    "2012_Seattle_Sounders_FC_season": 0.16666666666666666,
    "2012_Chivas_USA_season": 0.16666666666666666,
    "2012_Philadelphia_Union_season": 0.16666666666666666,
    "2012_North_American_Soccer_League_season": 0.16666666666666666,
    "2012_North_Carolina_Tar_Heels_football_team": 0.16666666666666666,
    "2012_Wake_Forest_Demon_Deacons_football_team": 0.16666666666666666,
    "2012_NC_State_Wolfpack_football_team": 0.16666666666666666,
    "2012_Boston_Breakers_season": 0.16666666666666666,
    "2012_Gardner\u2013Webb_Runnin'_Bulldogs_football_team": 0.16666666666666666,
    "2012_Campbell_Fighting_Camels_football_team": 0.16666666666666666,
    "2012_Elon_Phoenix_football_team": 0.16666666666666666,
    "2012_Western_Carolina_Catamounts_football_team": 0.16666666666666666,
    "2012_North_Carolina_Central_Eagles_football_team": 0.16666666666666666,
    "2012_Charlotte_Eagles_season": 0.16666666666666666,
    "2011_Carolina_RailHawks_FC_season": 0.14285714285714285,
    "2011\u201312_Charlotte_Bobcats_season": 0.14285714285714285,
    "2012_Sporting_Kansas_City_season": 0.14285714285714285,
    "2012_Chicago_Fire_season": 0.14285714285714285,
    "2012_Houston_Dynamo_season": 0.14285714285714285,
    "2012_Columbus_Crew_season": 0.14285714285714285,
    "2011\u201312_East_Carolina_Pirates_men's_basketball_team": 0.14285714285714285,
    "2012_New_York_Red_Bulls_season": 0.14285714285714285,
    "2011\u201312_Western_Carolina_Catamounts_men's_basketball_team": 0.14285714285714285,
    "2012_Charleston_Battery_season": 0.14285714285714285,
    "2012_Orlando_City_S.C._season": 0.14285714285714285,
    "2012_Richmond_Kickers_season": 0.14285714285714285,
    "2012_Rochester_Rhinos_season": 0.14285714285714285,
    "2012_Los_Angeles_Blues_season": 0.14285714285714285,
    "2012_Dayton_Dutch_Lions_season": 0.14285714285714285,
    "2012_Duke_Blue_Devils_football_team": 0.14285714285714285,
    "2012_East_Carolina_Pirates_football_team": 0.14285714285714285,
    "2012_Davidson_Wildcats_football_team": 0.14285714285714285,
    "2012_Big_South_Conference_Baseball_Tournament": 0.14285714285714285,
    "2012_Coca-Cola_600": 0.14285714285714285,
    "2012\u201313_Charlotte_Bobcats_season": 0.14285714285714285,
    "2012_Bank_of_America_500": 0.14285714285714285,
    "2012_Lenoir\u2013Rhyne_Bears_football_team": 0.14285714285714285,
    "2011\u201312_Carolina_Hurricanes_season": 0.125,
    "2011\u201312_North_Carolina_Tar_Heels_men's_basketball_team": 0.125,
    "2012_Portland_Timbers_season": 0.125,
    "2012_Los_Angeles_Galaxy_season": 0.125,
    "2012_New_England_Revolution_season": 0.125,
    "2011\u201312_Duke_Blue_Devils_men's_basketball_team": 0.125,
    "2012_San_Jose_Earthquakes_season": 0.125,
    "2012_NASCAR_Sprint_All-Star_Race": 0.125,
    "2012\u201313_Carolina_Hurricanes_season": 0.125,
    "2012_Appalachian_State_Mountaineers_football_team": 0.1111111111111111
}