{
    "Currie_Cup": 1.0,
    "Sunfoil_Series": 0.14285714285714285,
    "ITM_Cup": 0.14285714285714285,
    "Ranfurly_Shield": 0.14285714285714285,
    "South_African_Premier_Division": 0.125,
    "Super_Rugby": 0.1,
    "Campeonato_Argentino": 0.09090909090909091,
    "South_African_Open_(tennis)": 0.06666666666666667,
    "List_of_South_African_Open_men's_singles_champions": 0.06666666666666667,
    "List_of_South_African_Open_women's_singles_champions": 0.06666666666666667,
    "Pro_12": 0.05263157894736842
}