{
    "2012_Bojangles'_Southern_500": 1.0,
    "2012_Southern_Conference_Baseball_Tournament": 0.3333333333333333,
    "2012_Aaron's_499": 0.3333333333333333,
    "2012_Coca-Cola_600": 0.3333333333333333,
    "2012_NASCAR_Sprint_All-Star_Race": 0.2857142857142857,
    "2012_NASCAR_Sprint_Cup_Series": 0.2,
    "2010_Showtime_Southern_500": 0.16666666666666666,
    "2012_The_Citadel_Bulldogs_football_team": 0.16666666666666666,
    "2012_Charleston_Southern_Buccaneers_football_team": 0.16666666666666666,
    "2012_South_Carolina_State_Bulldogs_football_team": 0.16666666666666666,
    "2012_North_Greenville_Crusaders_football_team": 0.16666666666666666,
    "2007_Dodge_Avenger_500": 0.14285714285714285,
    "2011\u201312_The_Citadel_Bulldogs_basketball_team": 0.14285714285714285,
    "2012\u201313_The_Citadel_Bulldogs_basketball_team": 0.14285714285714285,
    "2011\u201312_College_of_Charleston_Cougars_men's_basketball_team": 0.14285714285714285,
    "2012_Daytona_500": 0.14285714285714285,
    "2012_Charleston_Battery_season": 0.14285714285714285,
    "2012_Budweiser_Shootout": 0.14285714285714285,
    "2012_Gatorade_Duels": 0.14285714285714285,
    "2012_South_Carolina_Gamecocks_football_team": 0.14285714285714285,
    "2012_Subway_Fresh_Fit_500": 0.14285714285714285,
    "2012_Kobalt_Tools_400": 0.14285714285714285,
    "2012_Food_City_500": 0.14285714285714285,
    "2012_Auto_Club_400": 0.14285714285714285,
    "2012_Clemson_Tigers_football_team": 0.14285714285714285,
    "2012_Goody's_Fast_Relief_500": 0.14285714285714285,
    "2012_Big_Ten_Conference_Baseball_Tournament": 0.14285714285714285,
    "2012_Presbyterian_Blue_Hose_football_team": 0.14285714285714285,
    "2012_STP_400": 0.14285714285714285,
    "2012_Capital_City_400": 0.14285714285714285,
    "2012_Kentucky_Derby": 0.14285714285714285,
    "2012_Big_South_Conference_Baseball_Tournament": 0.14285714285714285,
    "2012_Atlantic_Sun_Conference_Baseball_Tournament": 0.14285714285714285,
    "2012_Furman_Paladins_football_team": 0.14285714285714285,
    "1988_Southern_500": 0.14285714285714285,
    "2012_FedEx_400": 0.14285714285714285,
    "2012_Mid-American_Conference_Baseball_Tournament": 0.14285714285714285,
    "2012_Pocono_400": 0.14285714285714285,
    "2012_Quaker_State_400": 0.14285714285714285,
    "2012_Coke_Zero_400": 0.14285714285714285,
    "2012_Lenox_Industrial_Tools_301": 0.14285714285714285,
    "2012_Brickyard_400": 0.14285714285714285,
    "2012_Pennsylvania_400": 0.14285714285714285,
    "2012_Finger_Lakes_355_at_The_Glen": 0.14285714285714285,
    "2012_Pure_Michigan_400": 0.14285714285714285,
    "2012_Federated_Auto_Parts_400": 0.14285714285714285,
    "2012_GEICO_400": 0.14285714285714285,
    "2012_AAA_400": 0.14285714285714285,
    "2012_Good_Sam_Roadside_Assistance_500": 0.14285714285714285,
    "2012_Bank_of_America_500": 0.14285714285714285,
    "2012_Hollywood_Casino_400": 0.14285714285714285,
    "2012_Tums_Fast_Relief_500": 0.14285714285714285,
    "1997_Mountain_Dew_Southern_500": 0.14285714285714285,
    "2013_Bojangles'_Southern_500": 0.14285714285714285,
    "Bojangles'_Southern_500": 0.125,
    "Southern_500_(1950\u20132004)": 0.125,
    "2012_Indianapolis_500": 0.125,
    "2012_South_Carolina_Gamecocks_baseball_team": 0.125,
    "2012_Players_Championship": 0.125,
    "2012_Wofford_Terriers_football_team": 0.125,
    "2012_Southland_Conference_Baseball_Tournament": 0.125,
    "2012_AAA_Texas_500": 0.125,
    "2006_Dodge_Charger_500": 0.1111111111111111,
    "2012_Family_Circle_Cup": 0.1111111111111111,
    "2012_Coastal_Carolina_Chanticleers_football_team": 0.1111111111111111,
    "2012_NCAA_Division_I_Men's_Golf_Championship": 0.1111111111111111,
    "2012_Sylvania_300": 0.1,
    "2012_Big_East_Conference_Baseball_Tournament": 0.08333333333333333,
    "2012_Atlantic_10_Conference_Baseball_Tournament": 0.08333333333333333
}