{
    "Mountain_peaks_of_the_United_States": 1.0,
    "Table_of_the_highest_major_summits_of_the_United_States": 0.6,
    "List_of_Ultras_of_the_United_States": 0.6,
    "Table_of_the_most_isolated_major_summits_of_the_United_States": 0.6,
    "Table_of_the_most_prominent_summits_of_the_United_States": 0.6,
    "Table_of_the_major_4000_meter_summits_of_the_United_States": 0.6,
    "Fourteener": 0.6,
    "Mountain_peaks_of_California": 0.5714285714285714,
    "Mountain_peaks_of_Alaska": 0.5714285714285714,
    "Highest_mountain_peaks_of_California": 0.5714285714285714,
    "Highest_mountain_peaks_of_Alaska": 0.5714285714285714,
    "List_of_highest_mountain_peaks_in_Washington": 0.5714285714285714,
    "Most_prominent_mountain_peaks_of_Alaska": 0.5714285714285714,
    "Mountain_peaks_of_Hawaii": 0.5714285714285714,
    "Mountain_peaks_of_Colorado": 0.4444444444444444,
    "Mountain_peaks_of_the_Rocky_Mountains": 0.4444444444444444,
    "Mountain_peaks_of_Canada": 0.375,
    "Mountain_peaks_of_North_America": 0.375,
    "Mountain_peaks_of_Mexico": 0.375,
    "Mountain_peaks_of_Central_America": 0.3333333333333333,
    "Mountain_peaks_of_the_Caribbean": 0.3333333333333333,
    "New_England_Fifty_Finest": 0.3333333333333333,
    "Highest_mountain_peaks_of_Africa": 0.2857142857142857,
    "Table_of_the_most_prominent_summits_of_Colorado": 0.25,
    "List_of_mountains_in_Ireland": 0.2222222222222222,
    "List_of_Colorado_fourteeners": 0.2222222222222222,
    "List_of_California_fourteeners": 0.2222222222222222,
    "Table_of_the_highest_major_summits_of_Colorado": 0.2,
    "List_of_peaks_by_prominence": 0.16666666666666666,
    "List_of_ultras_of_Northeast_Asia": 0.16666666666666666,
    "List_of_Ultras_of_Malay_Archipelago": 0.16666666666666666,
    "List_of_Ultras_of_Southeast_Asia": 0.16666666666666666,
    "List_of_mountains_of_Switzerland": 0.16666666666666666,
    "List_of_Alpine_peaks_by_prominence": 0.16666666666666666,
    "List_of_ribus": 0.16666666666666666,
    "List_of_mountains_of_the_Alps_(2500\u20132999_m)": 0.16666666666666666,
    "List_of_highest_mountains_of_Switzerland": 0.16666666666666666,
    "List_of_highest_mountains": 0.14285714285714285,
    "List_of_European_ultra_prominent_peaks": 0.14285714285714285,
    "List_of_Ultras_of_Antarctica": 0.14285714285714285,
    "List_of_Ultras_of_Oceania": 0.14285714285714285,
    "List_of_Ultras_of_Africa": 0.14285714285714285,
    "List_of_mountains_of_the_Alps": 0.14285714285714285,
    "List_of_Ultras_of_Central_Asia": 0.14285714285714285,
    "List_of_Ultras_of_Japan": 0.14285714285714285,
    "List_of_Ultras_of_the_Western_Himalayas": 0.14285714285714285,
    "List_of_Ultras_of_the_Eastern_Himalayas": 0.14285714285714285,
    "List_of_mountains_in_the_Andes": 0.14285714285714285,
    "List_of_mountains_in_South_Dakota": 0.14285714285714285,
    "Mountain_peaks_of_Texas": 0.14285714285714285,
    "List_of_mountains_of_Queen_Maud_Land": 0.14285714285714285,
    "List_of_mountains_of_the_Alps_above_3000_m": 0.14285714285714285,
    "List_of_mountains_of_Mac._Robertson_Land": 0.14285714285714285,
    "New_England_Hundred_Highest": 0.14285714285714285,
    "Table_of_the_highest_major_summits_of_North_America": 0.125,
    "Topographic_isolation": 0.125,
    "List_of_the_most_prominent_summits_of_North_America": 0.125,
    "Table_of_the_most_isolated_major_summits_of_North_America": 0.125,
    "List_of_summits_of_the_San_Francisco_Bay_Area": 0.125,
    "Most_isolated_mountain_peaks_of_Canada": 0.125,
    "Highest_mountain_peaks_of_Canada": 0.125,
    "List_of_Ultras_of_Greenland": 0.125,
    "List_of_mountains_of_New_Hampshire": 0.125,
    "List_of_mountains_of_Vermont": 0.125,
    "List_of_mountains_of_Maine": 0.125,
    "List_of_Ultras_of_Canada": 0.125,
    "List_of_highest_mountains_of_Germany": 0.125,
    "List_of_Ultras_of_North_America": 0.125,
    "List_of_mountains_by_elevation": 0.125,
    "List_of_Ultras_of_Mexico": 0.125,
    "Table_of_the_major_100_km_summits_of_North_America": 0.125,
    "Three-thousanders_(in_Japan)": 0.125,
    "List_of_mountains_of_West_Virginia": 0.125,
    "Highest_mountains_of_Tasmania": 0.125,
    "List_of_Ultras_of_Central_America": 0.1111111111111111,
    "List_of_French_mountains_by_prominence": 0.1111111111111111,
    "List_of_U.S._states_by_elevation": 0.1,
    "List_of_Ultras_of_West_Asia": 0.1,
    "List_of_highest_mountains_of_New_Guinea": 0.1,
    "List_of_highest_points_of_Norwegian_counties": 0.09090909090909091
}