{
    "2012_NCAA_Division_I_Baseball_Tournament": 1.0,
    "2007_NCAA_Division_I_Baseball_Tournament": 0.4,
    "2006_NCAA_Division_I_Baseball_Tournament": 0.3333333333333333,
    "2005_NCAA_Division_I_Baseball_Tournament": 0.3333333333333333,
    "2004_NCAA_Division_I_Baseball_Tournament": 0.3333333333333333,
    "2003_NCAA_Division_I_Baseball_Tournament": 0.3333333333333333,
    "2002_NCAA_Division_I_Baseball_Tournament": 0.3333333333333333,
    "2011_NCAA_Division_I_Baseball_Tournament": 0.2857142857142857,
    "2012_NCAA_Division_I_baseball_season": 0.25,
    "2012_NCAA_Division_I_baseball_rankings": 0.2,
    "2012_College_Baseball_All-America_Team": 0.2,
    "2013_NCAA_Division_I_Baseball_Tournament": 0.16666666666666666,
    "2004_Conference_USA_Baseball_Tournament": 0.09090909090909091,
    "Houston_College_Classic": 0.08333333333333333
}