{
    "List_of_London_railway_stations": 1.0,
    "List_of_closed_railway_stations_in_London": 0.3333333333333333,
    "List_of_London_Underground_stations": 0.2857142857142857,
    "List_of_former_and_unopened_London_Underground_stations": 0.25,
    "London_Underground_stations_that_are_listed_buildings": 0.25,
    "List_of_Docklands_Light_Railway_stations": 0.25,
    "Locomotives_of_the_Southern_Railway": 0.16666666666666666,
    "List_of_GWR_4073_Class_locomotives": 0.16666666666666666,
    "List_of_GWR_4900_Class_locomotives": 0.16666666666666666,
    "List_of_private_railway_stations_in_Great_Britain": 0.16666666666666666,
    "Railways_of_Shropshire": 0.16666666666666666,
    "List_of_GWR_7800_Class_locomotives": 0.16666666666666666,
    "List_of_closed_railway_stations_in_Britain:_W-Z": 0.16666666666666666,
    "List_of_busiest_railway_stations_in_Great_Britain": 0.16666666666666666,
    "List_of_stations_in_London_fare_zone_1": 0.16666666666666666,
    "List_of_GWR_6959_Class_locomotives": 0.16666666666666666,
    "Class_47_renumbering": 0.16666666666666666,
    "List_of_the_busiest_London_Underground_stations": 0.16666666666666666,
    "List_of_closed_railway_stations_in_Britain:_A": 0.16666666666666666,
    "List_of_closed_railway_stations_in_Britain:_B": 0.16666666666666666,
    "List_of_closed_railway_stations_in_Britain:_C": 0.16666666666666666,
    "List_of_closed_railway_stations_in_Britain:_D-F": 0.16666666666666666,
    "List_of_closed_railway_stations_in_Britain:_G": 0.16666666666666666,
    "List_of_closed_railway_stations_in_Britain:_H-J": 0.16666666666666666,
    "List_of_closed_railway_stations_in_Britain:_K-L": 0.16666666666666666,
    "List_of_closed_railway_stations_in_Britain:_M-O": 0.16666666666666666,
    "List_of_closed_railway_stations_in_Britain:_P-R": 0.16666666666666666,
    "List_of_closed_railway_stations_in_Britain:_S": 0.16666666666666666,
    "List_of_closed_railway_stations_in_Britain:_T-V": 0.16666666666666666,
    "List_of_British_Rail_modern_traction_locomotive_classes": 0.16666666666666666,
    "List_of_British_Rail_diesel_multiple_unit_classes": 0.16666666666666666,
    "List_of_railway_stations_in_Greater_Manchester": 0.14285714285714285,
    "List_of_railway_stations_in_the_West_Midlands": 0.14285714285714285,
    "List_of_named_passenger_trains_of_the_United_Kingdom": 0.14285714285714285,
    "List_of_closed_railway_stations_in_the_West_Midlands": 0.14285714285714285,
    "List_of_railway_stations_in_Essex": 0.14285714285714285,
    "List_of_rolling_stock_items_in_the_UK_National_Collection": 0.14285714285714285,
    "List_of_railway_stations_in_Worcestershire": 0.14285714285714285,
    "List_of_British_railway-owned_locomotive_builders": 0.14285714285714285,
    "List_of_railway_stations_in_Kent": 0.14285714285714285,
    "BR_Class_37_renumbering": 0.14285714285714285,
    "List_of_railway_stations_in_Merseyside": 0.14285714285714285,
    "Locomotives_of_the_Great_Western_Railway": 0.125,
    "Locomotives_of_the_London_and_North_Eastern_Railway": 0.125,
    "List_of_BR_'Clan'_Class_locomotives": 0.125,
    "List_of_BR_'Britannia'_Class_locomotives": 0.125,
    "List_of_railway_stations_in_Wales": 0.125,
    "List_of_eponymous_roads_in_London": 0.125,
    "List_of_LB&SCR_A1_class_locomotives": 0.125,
    "List_of_closed_railway_stations_in_Norfolk": 0.125,
    "List_of_LB&SCR_D1_class_locomotives": 0.125,
    "List_of_LB&SCR_B1_class_locomotives": 0.125,
    "List_of_British_Railways_shed_codes": 0.125,
    "List_of_railway_stations_in_Cornwall": 0.125,
    "List_of_bus_and_coach_stations_in_London": 0.125,
    "List_of_British_Rail_TOPS_depot_codes": 0.125,
    "List_of_Peckett_and_Sons_railway_locomotives": 0.125,
    "List_of_LNER_Class_D49_locomotives": 0.125,
    "List_of_tramroads_in_South_Wales": 0.125,
    "List_of_companies_operating_trains_in_the_United_Kingdom": 0.125,
    "Locomotives_of_the_Midland_Railway": 0.125,
    "List_of_Midland_Metro_stations": 0.125,
    "List_of_British_Rail_electric_multiple_unit_classes": 0.125,
    "List_of_Isle_of_Wight-based_O2_Class_locomotives": 0.1111111111111111,
    "List_of_stations_and_halts_on_the_Talyllyn_Railway": 0.1111111111111111,
    "List_of_stations_and_halts_on_the_Ffestiniog_Railway": 0.1111111111111111,
    "List_of_British_Rail_Class_87_locomotives": 0.1111111111111111,
    "Locomotives_of_the_London_and_North_Western_Railway": 0.1111111111111111,
    "List_of_railway_stations_in_Cardiff": 0.1111111111111111,
    "List_of_SECR_K_and_SR_K1_class_locomotives": 0.1111111111111111,
    "Named_LNWR_\"Prince_of_Wales\"_Class_locomotives": 0.1111111111111111,
    "Locomotives_of_the_Great_North_of_Scotland_Railway": 0.1111111111111111,
    "List_of_SR_Merchant_Navy_class_locomotives": 0.1,
    "List_of_King_Arthur_class_locomotives": 0.1,
    "Locomotives_of_the_North_British_Railway": 0.1,
    "List_of_tunnels_in_the_United_Kingdom": 0.1,
    "List_of_shipping_facilities_of_the_London,_Midland_and_Scottish_Railway": 0.1,
    "List_of_London_and_North_Western_Railway_ships": 0.1,
    "List_of_bridges_in_London": 0.1,
    "Locomotives_of_the_Great_Eastern_Railway": 0.1,
    "Locomotives_of_the_North_Eastern_Railway": 0.1,
    "Locomotives_of_the_Great_Northern_Railway_(Great_Britain)": 0.09090909090909091,
    "List_of_SR_West_Country_and_Battle_of_Britain_class_locomotives": 0.08333333333333333,
    "List_of_stations_in_London_fare_zones_7\u2013W": 0.07692307692307693,
    "List_of_bus_routes_in_London": 0.023809523809523808
}