{
    "List_of_auto_racing_tracks_in_Canada": 1.0,
    "List_of_auto_racing_tracks_in_Mexico": 0.2857142857142857,
    "List_of_V8SuperTourer_races": 0.2,
    "List_of_BTCC_champions": 0.2,
    "List_of_Superbike_World_Championship_circuits": 0.16666666666666666,
    "List_of_AMA_Superbike_Championship_circuits": 0.16666666666666666,
    "List_of_Australian_motor_racing_series": 0.16666666666666666,
    "List_of_Superleague_Formula_circuits": 0.16666666666666666,
    "List_of_European_Le_Mans_Series_circuits": 0.16666666666666666,
    "List_of_motor_racing_venues_by_capacity": 0.16666666666666666,
    "List_of_World_Sportscar_Championship_circuits": 0.16666666666666666,
    "List_of_Intercontinental_Rally_Challenge_rallies": 0.16666666666666666,
    "List_of_24_Hours_of_Le_Mans_winners": 0.16666666666666666,
    "List_of_Audi_Sport_Factory_Race_Cars": 0.16666666666666666,
    "List_of_Reynard_Motorsport_cars": 0.16666666666666666,
    "List_of_Dallara_cars": 0.16666666666666666,
    "List_of_N\u00fcrburgring_Nordschleife_lap_times": 0.16666666666666666,
    "List_of_German_Formula_Three_champions": 0.14285714285714285,
    "List_of_A1_Grand_Prix_circuits": 0.14285714285714285,
    "List_of_auto_racing_tracks_in_the_United_States": 0.14285714285714285,
    "List_of_Grand_Prix_motorcycle_circuits": 0.14285714285714285,
    "List_of_Group_C_sports_cars": 0.14285714285714285,
    "List_of_2005_motorsport_champions": 0.14285714285714285,
    "List_of_2004_motorsport_champions": 0.14285714285714285,
    "List_of_2003_motorsport_champions": 0.14285714285714285,
    "List_of_2002_motorsport_champions": 0.14285714285714285,
    "List_of_2001_motorsport_champions": 0.14285714285714285,
    "List_of_2000_motorsport_champions": 0.14285714285714285,
    "List_of_1996_motorsport_champions": 0.14285714285714285,
    "List_of_1999_motorsport_champions": 0.14285714285714285,
    "List_of_1998_motorsport_champions": 0.14285714285714285,
    "List_of_1997_motorsport_champions": 0.14285714285714285,
    "List_of_Formula_One_circuits": 0.14285714285714285,
    "List_of_24_hours_of_Le_Mans_records": 0.14285714285714285,
    "List_of_Deutsche_Tourenwagen_Masters_records": 0.14285714285714285,
    "List_of_Champ_Car_circuits": 0.125,
    "List_of_Canadian_Football_stadiums_by_capacity": 0.125,
    "List_of_American_Le_Mans_Series_circuits": 0.125,
    "List_of_IMSA_GT_Championship_circuits": 0.125,
    "List_of_IndyCar_Series_racetracks": 0.125,
    "Canadian_Superbike_Championship": 0.125,
    "List_of_indoor_arenas_in_Canada": 0.125,
    "List_of_NASCAR_tracks": 0.125,
    "List_of_stadiums_in_Canada": 0.125,
    "List_of_24_Hours_of_Le_Mans_fatal_accidents": 0.1111111111111111,
    "List_of_international_auto_racing_colors": 0.1111111111111111,
    "Molson_Indy_Vancouver": 0.1111111111111111,
    "Circuit_Trois-Rivi\u00e8res": 0.09090909090909091,
    "CASCAR_Super_Series": 0.09090909090909091,
    "Canadian_Motorsport_Hall_of_Fame": 0.08333333333333333,
    "Canadian_Tire_Motorsport_Park": 0.045454545454545456
}