{
    "Superintendent_(education)": 1.0,
    "Vizier_(Ancient_Egypt)": 0.2,
    "Generalissimo": 0.2,
    "List_of_leaders_of_North_Korea": 0.16666666666666666,
    "Queen_regnant": 0.16666666666666666,
    "Deputy_(legislator)": 0.14285714285714285,
    "Shirvanshah": 0.14285714285714285,
    "Monarch": 0.14285714285714285,
    "Prime_minister": 0.14285714285714285,
    "Paramount_leader": 0.14285714285714285,
    "Speaker_(politics)": 0.125,
    "Praetorian_prefect": 0.08333333333333333
}