{
    "List_of_animated_feature_films_of_2010": 1.0,
    "List_of_animated_feature_films_of_2012": 0.25,
    "List_of_animated_feature_films_of_2011": 0.25,
    "List_of_animated_feature_films_of_2013": 0.25,
    "List_of_animated_feature_films_of_2014": 0.25,
    "List_of_animated_television_series_of_2010": 0.2222222222222222,
    "List_of_countries_by_population_in_2010": 0.16666666666666666,
    "List_of_albums_released_in_2010": 0.14285714285714285,
    "List_of_horror_films_of_2010": 0.14285714285714285,
    "2010_in_anime": 0.14285714285714285,
    "List_of_ship_launches_in_2010": 0.125,
    "List_of_MPs_elected_in_the_United_Kingdom_general_election,_2010": 0.125,
    "List_of_lesbian,_gay,_bisexual_or_transgender-related_films_of_2010": 0.125,
    "List_of_animated_feature_films_of_2000": 0.1111111111111111,
    "List_of_animated_feature_films_of_2002": 0.1111111111111111,
    "List_of_animated_feature_films_of_2003": 0.1111111111111111,
    "List_of_animated_feature_films_of_2001": 0.1111111111111111,
    "List_of_animated_feature_films_of_2005": 0.1111111111111111,
    "List_of_animated_feature_films_of_2006": 0.1111111111111111,
    "List_of_animated_feature_films_of_2004": 0.1111111111111111,
    "List_of_animated_feature_films_of_2007": 0.1111111111111111,
    "List_of_animated_feature_films_of_2009": 0.1111111111111111,
    "List_of_animated_feature_films_of_2008": 0.1111111111111111,
    "List_of_European_tornadoes_in_2010": 0.1111111111111111,
    "List_of_animated_feature_films_of_1980": 0.1111111111111111,
    "List_of_animated_feature_films_of_1981": 0.1111111111111111,
    "List_of_animated_feature_films_of_1982": 0.1111111111111111,
    "List_of_animated_feature_films_of_1983": 0.1111111111111111,
    "List_of_animated_feature_films_of_1984": 0.1111111111111111,
    "List_of_animated_feature_films_of_1985": 0.1111111111111111,
    "List_of_animated_feature_films_of_1986": 0.1111111111111111,
    "List_of_animated_feature_films_of_1987": 0.1111111111111111,
    "List_of_animated_feature_films_of_1988": 0.1111111111111111,
    "List_of_animated_feature_films_of_1989": 0.1111111111111111,
    "List_of_animated_feature_films_of_1990": 0.1111111111111111,
    "List_of_animated_feature_films_of_1991": 0.1111111111111111,
    "List_of_animated_feature_films_of_1992": 0.1111111111111111,
    "List_of_animated_feature_films_of_1993": 0.1111111111111111,
    "List_of_animated_feature_films_of_1994": 0.1111111111111111,
    "List_of_animated_feature_films_of_1995": 0.1111111111111111,
    "List_of_animated_feature_films_of_1996": 0.1111111111111111,
    "List_of_animated_feature_films_of_1997": 0.1111111111111111,
    "List_of_animated_feature_films_of_1998": 0.1111111111111111,
    "List_of_animated_feature_films_of_1999": 0.1111111111111111,
    "List_of_presidential_trips_made_by_Barack_Obama_during_2010": 0.1,
    "List_of_terrorist_incidents,_2010": 0.09090909090909091
}