{
    "2012_AFL_Draft": 1.0,
    "2013_AFL_Draft": 0.5,
    "2010_AFL_Draft": 0.4,
    "1995_AFL_Draft": 0.25,
    "1996_AFL_Draft": 0.25,
    "1991_AFL_Draft": 0.25,
    "1990_AFL_Draft": 0.25,
    "1989_VFL_Draft": 0.25,
    "2010_Armor_All_Gold_Coast_600": 0.25,
    "2011_Armor_All_Gold_Coast_600": 0.25,
    "2012_Carlton_Football_Club_season": 0.25,
    "2012_Geelong_Football_Club_season": 0.25,
    "1998_AFL_Draft": 0.25,
    "2005_AFL_Draft": 0.25,
    "2012_Essendon_Football_Club_season": 0.25,
    "2012_AFL_Rising_Star": 0.25,
    "2012_Greater_Western_Sydney_Football_Club_season": 0.25,
    "2012_Hawthorn_Football_Club_season": 0.25,
    "2012_Gold_Coast_Football_Club_season": 0.25,
    "2012_Melbourne_Football_Club_season": 0.25,
    "2004_AFL_Draft": 0.25,
    "2003_AFL_Draft": 0.25,
    "2001_AFL_Draft": 0.25,
    "2002_AFL_Draft": 0.25,
    "1999_AFL_Draft": 0.25,
    "1994_AFL_Draft": 0.25,
    "1988_VFL_Draft": 0.25,
    "2007_V8_Supercar_Challenge": 0.2,
    "2008_AFL_Draft": 0.2,
    "2009_AFL_Draft": 0.2,
    "2011_AFL_Draft": 0.2,
    "2012_AFL_season": 0.2,
    "2012_Western_Bulldogs_season": 0.2,
    "List_of_AFL_debuts_in_2012": 0.2,
    "History_of_Australian_rules_football_on_the_Gold_Coast": 0.2,
    "2006_AFL_Draft": 0.2,
    "2007_AFL_Draft": 0.2,
    "Nikon_Indy_300": 0.16666666666666666,
    "1954_Australian_Grand_Prix": 0.16666666666666666,
    "2009_V8_Supercar_Challenge": 0.16666666666666666,
    "List_of_players_drafted_to_the_Australian_Football_League_under_the_father-son_rule": 0.16666666666666666,
    "Gold_Coast_600": 0.14285714285714285,
    "Australian_Football_League_Draft": 0.14285714285714285,
    "Queensland_Australian_Football_League": 0.14285714285714285,
    "1975_Australian_Grand_Prix": 0.125,
    "Quiksilver_Pro_Gold_Coast": 0.125,
    "QClash": 0.1111111111111111,
    "Roxy_Pro_Gold_Coast": 0.1111111111111111
}