{
    "2012_Colonial_Square_Ladies_Classic": 1.0,
    "2012_Tim_Hortons_Brier": 0.6,
    "2012_Point_Optical_Curling_Classic": 0.5,
    "2012_Pomeroy_Inn_&_Suites_Prairie_Showdown": 0.25,
    "2012_Canadian_Senior_Curling_Championships_\u2013_Women's_tournament": 0.25,
    "2012_Canadian_Senior_Curling_Championships_\u2013_Men's_tournament": 0.25,
    "2012_Prestige_Hotels_&_Resorts_Curling_Classic": 0.25,
    "2012_The_Shoot-Out": 0.25,
    "2012_Courtesy_Freight_Northern_Ontario_Superspiel": 0.25,
    "2012_Original_16_WCT_Bonspiel": 0.25,
    "2012_Wainwright_Roaming_Buffalo_Classic": 0.25,
    "2012_Victoria_Curling_Classic_Invitational": 0.2,
    "2012_Curlers_Corner_Autumn_Gold_Curling_Classic": 0.2,
    "2012_Royal_LePage_OVCA_Women's_Fall_Classic": 0.2,
    "2012_AMJ_Campbell_Shorty_Jenkins_Classic": 0.2,
    "2012_Westcoast_Curling_Classic": 0.2,
    "2012\u201313_Ontario_Curling_Tour": 0.2,
    "2012_OCT_Championships": 0.2,
    "2012_Valley_First_Crown_of_Curling": 0.2,
    "2012_Challenge_Chateau_Cartier_de_Gatineau": 0.2,
    "2012_Red_Deer_Curling_Classic": 0.2,
    "2012_Dauphin_Clinic_Pharmacy_Classic": 0.2,
    "2012_Canadian_Senior_Curling_Championships": 0.16666666666666666,
    "2012_Cloverdale_Cash_Spiel": 0.16666666666666666,
    "2012_Manitoba_Lotteries_Women's_Curling_Classic": 0.16666666666666666,
    "2012_StuSells_Toronto_Tankard": 0.16666666666666666,
    "2012_Moosehead_Fall_Open": 0.16666666666666666,
    "2012_KW_Fall_Classic": 0.16666666666666666,
    "2012_Atkins_Curling_Supplies_Women's_Classic": 0.16666666666666666,
    "2012_Meyers_Norris_Penny_Charity_Classic": 0.16666666666666666,
    "2012_Canad_Inns_Prairie_Classic": 0.16666666666666666,
    "2012_Cactus_Pheasant_Classic": 0.16666666666666666,
    "2012_Vancouver_Island_Shootout": 0.16666666666666666,
    "2012_Canadian_Open_of_Curling": 0.16666666666666666,
    "2012_Vic_Open": 0.16666666666666666,
    "2000_Labatt_Brier": 0.16666666666666666,
    "2012_Canadian_Junior_Curling_Championships": 0.14285714285714285,
    "2012_Canadian_Masters_Curling_Championships": 0.14285714285714285,
    "2011_Colonial_Square_Ladies_Classic": 0.14285714285714285,
    "1989_Labatt_Brier": 0.14285714285714285,
    "2012_Shamrock_Shotgun": 0.14285714285714285,
    "2004_Nokia_Brier": 0.14285714285714285,
    "1991_Scott_Tournament_of_Hearts": 0.125,
    "2012_Continental_Cup_of_Curling": 0.125,
    "2012_Canadian_Wheelchair_Curling_Championship": 0.125,
    "2012_The_National": 0.125,
    "2012_The_Dominion_Curling_Club_Championship": 0.125,
    "2013_Canadian_Mixed_Curling_Championship": 0.125,
    "2012_Boundary_Ford_Curling_Classic": 0.1111111111111111,
    "List_of_teams_on_the_2012\u201313_Ontario_Curling_Tour": 0.1111111111111111,
    "2012_Ford_World_Women's_Curling_Championship": 0.07692307692307693
}