{
    "List_of_Asian_Games_medalists_in_table_tennis": 1.0,
    "List_of_ITTF_Pro_Tour_winners": 0.2,
    "List_of_Asian_Games_medalists_in_wrestling": 0.16666666666666666,
    "List_of_World_Table_Tennis_Championships_medalists": 0.16666666666666666,
    "List_of_Asian_Table_Tennis_Championships_medalists": 0.16666666666666666,
    "List_of_World_Junior_Table_Tennis_Championships_medalists": 0.16666666666666666,
    "Table_tennis_at_the_2002_Asian_Games": 0.14285714285714285,
    "Table_tennis_at_the_Asian_Games": 0.14285714285714285,
    "Gymnastics_at_the_Asian_Games_\u2013_Women's_team_all-around": 0.14285714285714285,
    "Gymnastics_at_the_Asian_Games_\u2013_Women's_individual_all-around": 0.14285714285714285,
    "Gymnastics_at_the_Asian_Games_\u2013_Women's_vault": 0.14285714285714285,
    "Gymnastics_at_the_Asian_Games_\u2013_Women's_floor": 0.14285714285714285,
    "Gymnastics_at_the_Asian_Games_\u2013_Women's_balance_beam": 0.14285714285714285,
    "Gymnastics_at_the_Asian_Games_\u2013_Women's_uneven_bars": 0.14285714285714285,
    "List_of_ITTF_World_Tour_Grand_Finals_medalists": 0.14285714285714285,
    "List_of_Asian_Games_medalists_in_boxing": 0.14285714285714285,
    "List_of_Olympic_medalists_in_table_tennis": 0.14285714285714285,
    "Table_tennis_at_the_2006_Asian_Games": 0.14285714285714285,
    "Table_tennis_at_the_2010_Asian_Games": 0.125,
    "Table_tennis_at_the_1998_Asian_Games": 0.125,
    "Table_tennis_at_the_1958_Asian_Games": 0.125,
    "Table_tennis_at_the_1994_Asian_Games": 0.125,
    "Table_tennis_at_the_1990_Asian_Games": 0.125,
    "Sun_Beibei": 0.05,
    "Wang_Nan_(table_tennis)": 0.037037037037037035,
    "Wang_Yuegu": 0.03125,
    "Li_Jiawei": 0.022727272727272728,
    "Feng_Tianwei": 0.02040816326530612
}