{
    "2007_Dutch_National_Track_Championships": 1.0,
    "2009_Dutch_National_Track_Championships": 0.25,
    "2006_Dutch_National_Track_Championships": 0.25,
    "2007\u201308_A1_Grand_Prix_of_Nations,_Netherlands": 0.16666666666666666,
    "Dutch_National_Track_Championships": 0.16666666666666666,
    "Dutch_National_Track_Championships_\u2013_Women's_omnium": 0.16666666666666666,
    "2007_UEC_European_Track_Championships": 0.14285714285714285,
    "Dutch_National_Track_Championships_\u2013_Women's_individual_pursuit": 0.14285714285714285,
    "Dutch_National_Track_Championships_\u2013_Women's_points_race": 0.14285714285714285,
    "2007_Omloop_van_Borsele": 0.14285714285714285,
    "2007_Novilon_Internationale_Damesronde_van_Drenthe": 0.14285714285714285,
    "2007_Amstel_Gold_Race": 0.14285714285714285,
    "2007_Eneco_Tour": 0.125,
    "2007_Asian_Cycling_Championships": 0.1111111111111111,
    "2007_European_Women's_Artistic_Gymnastics_Championships": 0.1111111111111111,
    "2007_Ronde_van_Drenthe_World_Cup": 0.1111111111111111,
    "2011_Dutch_National_Track_Championships": 0.1111111111111111,
    "2008_Dutch_National_Track_Championships": 0.1111111111111111,
    "2012_Dutch_National_Track_Championships": 0.1111111111111111,
    "Essent_Cup_2006\u201307": 0.1,
    "2007_UCI_Track_Cycling_World_Championships": 0.09090909090909091,
    "2007_European_Athletics_Junior_Championships": 0.09090909090909091,
    "Cycling_at_the_2007_Pan_American_Games": 0.08333333333333333,
    "2007_Holland_Ladies_Tour": 0.058823529411764705
}