{
    "1987_NFL_Draft": 1.0,
    "List_of_first_overall_National_Football_League_draft_picks": 0.25,
    "1987_NFL_season": 0.2,
    "1984_NFL_supplemental_draft_of_USFL_and_CFL_players": 0.2,
    "1950_AAFC_dispersal_draft": 0.2,
    "1944_NFL_Draft": 0.2,
    "1943_NFL_Draft": 0.2,
    "1945_NFL_Draft": 0.2,
    "1946_NFL_Draft": 0.2,
    "1947_NFL_Draft": 0.2,
    "1948_NFL_Draft": 0.2,
    "1949_NFL_Draft": 0.2,
    "1950_NFL_Draft": 0.2,
    "1951_NFL_Draft": 0.2,
    "1952_NFL_Draft": 0.2,
    "1953_NFL_Draft": 0.2,
    "1955_NFL_Draft": 0.2,
    "1956_NFL_Draft": 0.2,
    "1957_NFL_Draft": 0.2,
    "1958_NFL_Draft": 0.2,
    "1959_NFL_Draft": 0.2,
    "1960_NFL_Draft": 0.2,
    "1942_NFL_Draft": 0.2,
    "1941_NFL_Draft": 0.2,
    "1939_NFL_Draft": 0.2,
    "1938_NFL_Draft": 0.2,
    "1964_NFL_Draft": 0.2,
    "1983_NFL_Draft": 0.16666666666666666,
    "40-yard_dash": 0.16666666666666666,
    "1961_NFL_Draft": 0.16666666666666666,
    "1965_NFL_Draft": 0.16666666666666666,
    "1966_NFL_Draft": 0.16666666666666666,
    "1954_NFL_Draft": 0.16666666666666666,
    "1937_NFL_Draft": 0.16666666666666666,
    "1940_NFL_Draft": 0.16666666666666666,
    "National_Football_League_draft": 0.16666666666666666,
    "1962_NFL_Draft": 0.16666666666666666,
    "1963_NFL_Draft": 0.16666666666666666,
    "2008_NFL_Draft": 0.14285714285714285,
    "1967_American_Football_League_Draft": 0.14285714285714285,
    "1968_American_Football_League_Draft": 0.14285714285714285,
    "2005_NFL_Draft": 0.14285714285714285,
    "2013_NFL_Draft": 0.14285714285714285,
    "1986_NFL_Draft": 0.14285714285714285,
    "1990_NFL_Draft": 0.14285714285714285,
    "1991_NFL_Draft": 0.14285714285714285,
    "1992_NFL_Draft": 0.14285714285714285,
    "1993_NFL_Draft": 0.14285714285714285,
    "1994_NFL_Draft": 0.14285714285714285,
    "1989_NFL_Draft": 0.14285714285714285,
    "1988_NFL_Draft": 0.14285714285714285,
    "1985_NFL_Draft": 0.14285714285714285,
    "1984_NFL_Draft": 0.14285714285714285,
    "1982_NFL_Draft": 0.14285714285714285,
    "1981_NFL_Draft": 0.14285714285714285,
    "1980_NFL_Draft": 0.14285714285714285,
    "1979_NFL_Draft": 0.14285714285714285,
    "1978_NFL_Draft": 0.14285714285714285,
    "1977_NFL_Draft": 0.14285714285714285,
    "1976_NFL_Draft": 0.14285714285714285,
    "1975_NFL_Draft": 0.14285714285714285,
    "1974_NFL_Draft": 0.14285714285714285,
    "1968_NFL_Draft": 0.14285714285714285,
    "1967_NFL_Draft": 0.14285714285714285,
    "1970_NFL_Draft": 0.14285714285714285,
    "2007_NFL_Draft": 0.14285714285714285,
    "1971_NFL_Draft": 0.14285714285714285,
    "1972_NFL_Draft": 0.14285714285714285,
    "1973_NFL_Draft": 0.14285714285714285,
    "2004_NFL_Draft": 0.14285714285714285,
    "2009_NFL_Draft": 0.125,
    "2010_NFL_Draft": 0.125,
    "2011_NFL_Draft": 0.125,
    "2002_NFL_Draft": 0.125,
    "Mr._Irrelevant": 0.125,
    "2012_NFL_Draft": 0.125,
    "2003_NFL_Draft": 0.125,
    "1995_NFL_Draft": 0.125,
    "1996_NFL_Draft": 0.125,
    "1997_NFL_Draft": 0.125,
    "1998_NFL_Draft": 0.125,
    "1999_NFL_Draft": 0.125,
    "2000_NFL_Draft": 0.125,
    "2001_NFL_Draft": 0.125,
    "1969_NFL_Draft": 0.125,
    "1986\u201387_New_York_Rangers_season": 0.1,
    "1987\u201388_New_York_Rangers_season": 0.1,
    "List_of_NFL_Draft_broadcasters": 0.1,
    "2006_NFL_Draft": 0.08333333333333333,
    "Super_Bowl_XXI": 0.07692307692307693,
    "Super_Bowl_XXII": 0.07692307692307693,
    "1987_National_Invitation_Tournament": 0.07692307692307693
}