{
    "Sunrisers_Hyderabad": 1.0,
    "Deccan_Chargers": 0.38461538461538464,
    "Delhi_Daredevils": 0.18181818181818182,
    "Chennai_Super_Kings": 0.15384615384615385,
    "Kolkata_Knight_Riders": 0.15384615384615385,
    "Mumbai_Indians": 0.14285714285714285,
    "Kochi_Tuskers_Kerala": 0.125,
    "Pune_Warriors_India": 0.11764705882352941,
    "Rajasthan_Royals": 0.08333333333333333,
    "Kings_XI_Punjab": 0.08333333333333333,
    "Royal_Challengers_Bangalore": 0.07142857142857142,
    "Uva_Next": 0.07142857142857142,
    "Sun_Pictures": 0.06666666666666667,
    "Nagenahira_Nagas": 0.0625,
    "Duronto_Rajshahi": 0.0625
}