{
    "Alabama_Senate": 1.0,
    "Alabama_House_of_Representatives": 0.3333333333333333,
    "Alaska_Senate": 0.2,
    "Senate_of_Virginia": 0.2,
    "Pennsylvania_State_Senate": 0.2,
    "West_Virginia_Senate": 0.2,
    "New_Mexico_Senate": 0.2,
    "Delaware_Senate": 0.2,
    "Minnesota_Senate": 0.2,
    "Kentucky_Senate": 0.2,
    "Virginia_state_senate_delegations": 0.2,
    "Rhode_Island_Senate": 0.2,
    "Maine_Senate": 0.2,
    "North_Carolina_Senate": 0.2,
    "Wisconsin_State_Senate": 0.2,
    "Missouri_Senate": 0.2,
    "Kansas_Senate": 0.2,
    "North_Dakota_Senate": 0.2,
    "Utah_State_Senate": 0.2,
    "Louisiana_State_Senate": 0.2,
    "Hawaii_Senate": 0.2,
    "Idaho_Senate": 0.2,
    "Tennessee_Senate": 0.2,
    "South_Carolina_Senate": 0.2,
    "Georgia_State_Senate": 0.2,
    "Montana_Senate": 0.2,
    "Arizona_Senate": 0.16666666666666666,
    "Washington_State_Senate": 0.16666666666666666,
    "California_State_Senate": 0.16666666666666666,
    "Nevada_Senate": 0.16666666666666666,
    "South_Dakota_Senate": 0.16666666666666666,
    "Vermont_Senate": 0.16666666666666666,
    "Wyoming_Senate": 0.16666666666666666,
    "Ohio_Senate": 0.16666666666666666,
    "Illinois_Senate": 0.16666666666666666,
    "Mississippi_State_Senate": 0.16666666666666666,
    "New_York_State_Senate": 0.14285714285714285,
    "Florida_Senate": 0.14285714285714285,
    "Arkansas_Senate": 0.14285714285714285,
    "New_Hampshire_Senate": 0.14285714285714285,
    "Indiana_Senate": 0.14285714285714285,
    "Colorado_Senate": 0.14285714285714285,
    "Michigan_Senate": 0.14285714285714285,
    "Connecticut_Senate": 0.125,
    "United_States_congressional_delegations_from_Alabama": 0.125,
    "Texas_Senate": 0.1111111111111111
}