{
    "2013_Queensland_Cup_season": 1.0,
    "2007_Queensland_Cup_season": 0.3333333333333333,
    "2008_Queensland_Cup_season": 0.3333333333333333,
    "2009_Queensland_Cup_season": 0.3333333333333333,
    "2010_Queensland_Cup_season": 0.3333333333333333,
    "2011_Queensland_Cup_season": 0.3333333333333333,
    "2013_State_of_Origin_series": 0.3333333333333333,
    "1996_Queensland_Cup_season": 0.25,
    "2013_Australian_football_code_crowds": 0.16666666666666666,
    "Queensland_Cup": 0.14285714285714285,
    "2013_World_Club_Challenge": 0.125,
    "2013_ANZAC_Test": 0.1111111111111111
}