{
    "2011_FIA_WTCC_Race_of_Portugal": 1.0,
    "2011_World_Touring_Car_Championship_season": 0.5,
    "2011_FIA_GT1_Algarve_round": 0.3333333333333333,
    "2011_FIA_WTCC_Race_of_China": 0.3333333333333333,
    "2011_FIA_WTCC_Race_of_Italy": 0.3333333333333333,
    "2011_FIA_WTCC_Race_of_the_Czech_Republic": 0.3333333333333333,
    "2011_FIA_WTCC_Race_of_UK": 0.3333333333333333,
    "2011_FIA_WTCC_Race_of_Germany": 0.3333333333333333,
    "2011_FIA_WTCC_Race_of_Spain": 0.3333333333333333,
    "2011_FIA_WTCC_Race_of_Japan": 0.3333333333333333,
    "2011_FIA_WTCC_Race_of_Brazil": 0.25,
    "2011_Portim\u00e3o_Superbike_World_Championship_round": 0.25,
    "2011_FIA_WTCC_Race_of_Hungary": 0.25,
    "2011_Portuguese_motorcycle_Grand_Prix": 0.2,
    "2011_FIA_WTCC_Race_of_Belgium": 0.2,
    "2011_Guia_Race_of_Macau": 0.2
}