{
    "2013_Japan_Golf_Tour": 1.0,
    "2013_ISU_World_Team_Trophy_in_Figure_Skating": 0.25,
    "2013_PGA_Tour": 0.25,
    "2013_European_Tour": 0.25,
    "2013_in_golf": 0.25,
    "2013_Sunshine_Tour": 0.25,
    "2013_Champions_Tour": 0.25,
    "2013_Web.com_Tour": 0.25,
    "2013_European_Seniors_Tour": 0.25,
    "2013_FedEx_Cup_Playoffs": 0.25,
    "2007_Japan_Golf_Tour": 0.2,
    "2008_Japan_Golf_Tour": 0.2,
    "2009_Japan_Golf_Tour": 0.2,
    "2010_Japan_Golf_Tour": 0.2,
    "2011_Japan_Golf_Tour": 0.2,
    "2012_Japan_Golf_Tour": 0.2,
    "2012_PGA_Tour_Qualifying_School_graduates": 0.2,
    "2012_European_Tour_Qualifying_School_graduates": 0.2,
    "2014_PGA_Tour": 0.2,
    "2013_Japan_Championships_in_Athletics": 0.2,
    "Japan_Golf_Tour": 0.16666666666666666,
    "2013_PGA_Tour_of_Australasia": 0.16666666666666666,
    "2013_WGC-Bridgestone_Invitational": 0.16666666666666666,
    "2013_Four_Continents_Figure_Skating_Championships": 0.14285714285714285,
    "2013_Masters_Tournament": 0.14285714285714285,
    "2013_Open_Championship": 0.14285714285714285,
    "2013_WGC-HSBC_Champions": 0.14285714285714285,
    "2013_Players_Championship": 0.14285714285714285,
    "2013_Volvo_World_Match_Play_Championship": 0.14285714285714285,
    "2013_BMW_PGA_Championship": 0.14285714285714285,
    "2013_U.S._Open_(golf)": 0.125,
    "2013_WGC-Accenture_Match_Play_Championship": 0.125,
    "2013_WGC-Cadillac_Championship": 0.125,
    "2013_Presidents_Cup": 0.1111111111111111,
    "2013_PGA_Championship": 0.1111111111111111,
    "2013_NCAA_Division_I_Men's_Golf_Championship": 0.1111111111111111,
    "2013\u201314_Grand_Prix_of_Figure_Skating_Final": 0.1111111111111111,
    "2013_Asian_Tour": 0.1,
    "2013_World_Baseball_Classic": 0.06666666666666667
}