{
    "2013_Auto_Club_400": 1.0,
    "2013_Subway_Fresh_Fit_500": 0.3333333333333333,
    "2013_Kobalt_Tools_400": 0.3333333333333333,
    "2013_Food_City_500": 0.3333333333333333,
    "2013_NASCAR_Sprint_Cup_Series": 0.2,
    "2013_San_Diego_Padres_season": 0.16666666666666666,
    "2013_Los_Angeles_Angels_of_Anaheim_season": 0.16666666666666666,
    "2013_California_Golden_Bears_football_team": 0.16666666666666666,
    "2013_Los_Angeles_Sparks_season": 0.16666666666666666,
    "2013_American_Le_Mans_Series_at_Long_Beach": 0.16666666666666666,
    "2013_San_Jose_State_Spartans_football_team": 0.16666666666666666,
    "2013_San_Diego_Toreros_football_team": 0.16666666666666666,
    "2013_Cal_Poly_Mustangs_football_team": 0.16666666666666666,
    "1997_California_500": 0.16666666666666666,
    "2013_American_Le_Mans_Monterey": 0.16666666666666666,
    "2013_Sacramento_State_Hornets_football_team": 0.16666666666666666,
    "2013_UC_Davis_Aggies_football_team": 0.16666666666666666,
    "2007_Sharp_AQUOS_500": 0.14285714285714285,
    "2010_Auto_Club_500": 0.14285714285714285,
    "2010_Pepsi_Max_400": 0.14285714285714285,
    "2011_Auto_Club_400": 0.14285714285714285,
    "2012_Auto_Club_400": 0.14285714285714285,
    "2013_Los_Angeles_Galaxy_season": 0.14285714285714285,
    "2012\u201313_Los_Angeles_Lakers_season": 0.14285714285714285,
    "2012\u201313_Sacramento_Kings_season": 0.14285714285714285,
    "2012\u201313_Golden_State_Warriors_season": 0.14285714285714285,
    "2012\u201313_Fresno_State_Bulldogs_men's_basketball_team": 0.14285714285714285,
    "2012\u201313_UC_Santa_Barbara_Gauchos_men's_basketball_team": 0.14285714285714285,
    "2012\u201313_San_Jose_State_Spartans_men's_basketball_team": 0.14285714285714285,
    "2013_San_Francisco_Giants_season": 0.14285714285714285,
    "2013_Sprint_Unlimited": 0.14285714285714285,
    "2013_San_Diego_State_Aztecs_football_team": 0.14285714285714285,
    "2013_Oakland_Raiders_season": 0.14285714285714285,
    "2013_Daytona_500": 0.14285714285714285,
    "2013_Chivas_USA_season": 0.14285714285714285,
    "2013_San_Jose_Earthquakes_season": 0.14285714285714285,
    "2013_UCLA_Bruins_football_team": 0.14285714285714285,
    "2013_USC_Trojans_football_team": 0.14285714285714285,
    "2013_Stanford_Cardinal_football_team": 0.14285714285714285,
    "2013_12_Hours_of_Sebring": 0.14285714285714285,
    "2013_Budweiser_Duels": 0.14285714285714285,
    "2013_STP_Gas_Booster_500": 0.14285714285714285,
    "2013_STP_400": 0.14285714285714285,
    "2013_Toyota_Owners_400": 0.14285714285714285,
    "2013_Aaron's_499": 0.14285714285714285,
    "2013_Bojangles'_Southern_500": 0.14285714285714285,
    "2013_Coca-Cola_600": 0.14285714285714285,
    "2013_Tour_of_California": 0.14285714285714285,
    "2013_FedEx_400": 0.14285714285714285,
    "2013\u201314_San_Jose_State_Spartans_men's_basketball_team": 0.14285714285714285,
    "2013_Fresno_State_Bulldogs_football_team": 0.14285714285714285,
    "2013_Party_in_the_Poconos_400": 0.14285714285714285,
    "2013_Quicken_Loans_400": 0.14285714285714285,
    "2013_Quaker_State_400": 0.14285714285714285,
    "2013_Coke_Zero_400": 0.14285714285714285,
    "2013_Camping_World_RV_Sales_301": 0.14285714285714285,
    "2013_Brickyard_400": 0.14285714285714285,
    "2013_Gobowling.com_400": 0.14285714285714285,
    "2013\u201314_Los_Angeles_Lakers_season": 0.14285714285714285,
    "2013_Cheez-It_355_at_The_Glen": 0.14285714285714285,
    "2013\u201314_Golden_State_Warriors_season": 0.14285714285714285,
    "2013_Irwin_Tools_Night_Race": 0.14285714285714285,
    "2013_Pure_Michigan_400": 0.14285714285714285,
    "2013_AdvoCare_500_(Atlanta)": 0.14285714285714285,
    "2013_GEICO_400": 0.14285714285714285,
    "2013_Sylvania_300": 0.14285714285714285,
    "2013_AAA_400": 0.14285714285714285,
    "2013_Camping_World_RV_Sales_500": 0.14285714285714285,
    "2013\u201314_Sacramento_Kings_season": 0.14285714285714285,
    "2006_Auto_Club_500": 0.14285714285714285,
    "2007_Auto_Club_500": 0.14285714285714285,
    "Auto_Club_400": 0.125,
    "2012\u201313_Anaheim_Ducks_season": 0.125,
    "2012\u201313_San_Jose_Sharks_season": 0.125,
    "2012\u201313_Los_Angeles_Kings_season": 0.125,
    "2012\u201313_California_Golden_Bears_men's_basketball_team": 0.125,
    "2013_Oakland_Athletics_season": 0.125,
    "2013_Honda_Grand_Prix_of_St._Petersburg": 0.125,
    "2013_NASCAR_Sprint_All-Star_Race": 0.125,
    "2013_Cal_State_Fullerton_Titans_baseball_team": 0.125,
    "2013\u201314_Anaheim_Ducks_season": 0.125,
    "2013\u201314_San_Jose_Sharks_season": 0.125,
    "2013_United_States_motorcycle_Grand_Prix": 0.125,
    "2009_Pepsi_500": 0.1111111111111111,
    "2013_BNP_Paribas_Open": 0.1111111111111111,
    "2013_WGC-Cadillac_Championship": 0.1111111111111111,
    "2013_NRA_500": 0.1111111111111111,
    "2013_Kraft_Nabisco_Championship": 0.1111111111111111,
    "2013_UCLA_Bruins_baseball_team": 0.1111111111111111,
    "X_Games_Los_Angeles_2013": 0.1111111111111111,
    "2013\u201314_Los_Angeles_Kings_season": 0.09090909090909091,
    "2013_Federated_Auto_Parts_400": 0.09090909090909091,
    "2013_NCAA_Women's_Division_I_Basketball_Tournament": 0.08333333333333333
}