{
    "2011_Guia_Race_of_Macau": 1.0,
    "2011_Macau_Grand_Prix_Formula_Three": 0.6,
    "2011_FIA_WTCC_Race_of_China": 0.5,
    "2011_World_Touring_Car_Championship_season": 0.25,
    "2011_FIA_GT1_Ordos_round": 0.2,
    "2011_FIA_GT1_Beijing_round": 0.2,
    "2011_FIA_WTCC_Race_of_Italy": 0.2,
    "2011_FIA_WTCC_Race_of_the_Czech_Republic": 0.2,
    "2011_FIA_WTCC_Race_of_Portugal": 0.2,
    "2011_FIA_WTCC_Race_of_UK": 0.2,
    "2011_FIA_WTCC_Race_of_Germany": 0.2,
    "2011_FIA_WTCC_Race_of_Spain": 0.2,
    "2011_FIA_WTCC_Race_of_Japan": 0.2,
    "Macau_Grand_Prix": 0.16666666666666666,
    "2011_FIA_WTCC_Race_of_Brazil": 0.16666666666666666,
    "2011_6_Hours_of_Zhuhai": 0.16666666666666666,
    "1994_Guia_Race_of_Macau": 0.16666666666666666,
    "2011_FIA_WTCC_Race_of_Hungary": 0.16666666666666666,
    "Guia_Race_of_Macau": 0.16666666666666666,
    "2009_Macau_Grand_Prix_Formula_Three": 0.14285714285714285,
    "2011_Chinese_Grand_Prix": 0.14285714285714285,
    "2010_Macau_Grand_Prix_Formula_Three": 0.14285714285714285,
    "2011_FIA_WTCC_Race_of_Belgium": 0.14285714285714285,
    "2005_Guia_Race_of_Macau": 0.14285714285714285,
    "2011_Formula_Pilota_China_season": 0.14285714285714285,
    "2007_Macau_Grand_Prix_Formula_Three": 0.14285714285714285,
    "2012_Macau_Grand_Prix_Formula_Three": 0.14285714285714285,
    "2006_Macau_Grand_Prix_Formula_Three": 0.14285714285714285,
    "2005_Macau_Grand_Prix_Formula_Three": 0.14285714285714285,
    "2013_Macau_Grand_Prix_Formula_Three": 0.14285714285714285
}