{
    "U.S._Route_23_in_Michigan": 1.0,
    "M-13_(Michigan_highway)": 0.3,
    "Interstate_75_in_Michigan": 0.27586206896551724,
    "M-33_(Michigan_highway)": 0.14285714285714285,
    "U.S._Route_31_in_Michigan": 0.13333333333333333,
    "M-61_(Michigan_highway)": 0.1,
    "U.S._Route_24_in_Michigan": 0.1,
    "U.S._Route_10_in_Michigan": 0.08695652173913043,
    "M-52_(Michigan_highway)": 0.08695652173913043,
    "M-25_(Michigan_highway)": 0.08695652173913043,
    "Saginaw_Trail": 0.08333333333333333,
    "U.S._Route_12_in_Michigan": 0.08,
    "U.S._Route_127_in_Michigan": 0.07407407407407407,
    "List_of_U.S._Highways_in_Michigan": 0.058823529411764705,
    "M-39_(Michigan_highway)": 0.05263157894736842,
    "M-59_(Michigan_highway)": 0.05,
    "M-76_(Michigan_highway)": 0.047619047619047616,
    "Interstate_275_(Michigan)": 0.047619047619047616,
    "M-31_(Michigan_highway)": 0.047619047619047616,
    "M-32_(Michigan_highway)": 0.047619047619047616,
    "M-53_(Michigan_highway)": 0.045454545454545456,
    "M-72_(Michigan_highway)": 0.045454545454545456,
    "U.S._Route_23_in_Virginia": 0.045454545454545456,
    "M-21_(Michigan_highway)": 0.045454545454545456,
    "M-20_(Michigan_highway)": 0.043478260869565216,
    "M-55_(Michigan_highway)": 0.043478260869565216,
    "U.S._Route_23_in_North_Carolina": 0.043478260869565216,
    "M-50_(Michigan_highway)": 0.043478260869565216,
    "M-46_(Michigan_highway)": 0.043478260869565216,
    "Great_Smoky_Mountains_Expressway": 0.041666666666666664,
    "St._Joseph_Valley_Parkway": 0.041666666666666664,
    "U.S._Route_123": 0.041666666666666664,
    "Interstate_69_in_Michigan": 0.04,
    "U.S._Route_41_in_Michigan": 0.038461538461538464,
    "U.S._Route_2_in_Michigan": 0.038461538461538464,
    "U.S._Route_141": 0.037037037037037035,
    "Interstate_94_in_Michigan": 0.037037037037037035,
    "Georgia_State_Route_13": 0.034482758620689655,
    "U.S._Route_8": 0.03333333333333333,
    "Florida_State_Road_15": 0.02631578947368421
}