{
    "2003_WNBA_draft": 1.0,
    "List_of_first_overall_WNBA_draft_picks": 0.5,
    "WNBA_Expansion_Draft_History": 0.5,
    "2008_WNBA_draft": 0.3333333333333333,
    "2003_San_Antonio_Silver_Stars_season": 0.3333333333333333,
    "2009_WNBA_draft": 0.3333333333333333,
    "2010_WNBA_draft": 0.3333333333333333,
    "2011_WNBA_draft": 0.3333333333333333,
    "2012_WNBA_draft": 0.3333333333333333,
    "2013_WNBA_draft": 0.3333333333333333,
    "1997_WNBA_draft": 0.3333333333333333,
    "1998_WNBA_draft": 0.3333333333333333,
    "1999_WNBA_draft": 0.3333333333333333,
    "2000_WNBA_draft": 0.3333333333333333,
    "2001_WNBA_draft": 0.3333333333333333,
    "2002_WNBA_draft": 0.3333333333333333,
    "2004_WNBA_draft": 0.3333333333333333,
    "2006_WNBA_draft": 0.3333333333333333,
    "2003_Connecticut_Sun_season": 0.25,
    "2003_Houston_Comets_season": 0.25,
    "2003_Minnesota_Lynx_season": 0.25,
    "2003_Phoenix_Mercury_season": 0.25,
    "2003_Cleveland_Rockers_season": 0.25,
    "2003_Charlotte_Sting_season": 0.25,
    "2003_Seattle_Storm_season": 0.25,
    "2003_Indiana_Fever_season": 0.25,
    "2003_New_York_Liberty_season": 0.25,
    "2003_Washington_Mystics_season": 0.25,
    "WNBA_draft": 0.25,
    "2007_WNBA_draft": 0.25,
    "2003_Los_Angeles_Sparks_season": 0.2,
    "2005_WNBA_draft": 0.2,
    "2003_Detroit_Shock_season": 0.16666666666666666
}