{
    "2013_European_Shooting_Championships": 1.0,
    "2013_European_Fencing_Championships": 0.16666666666666666,
    "2006_ISSF_World_Shooting_Championships": 0.15384615384615385,
    "Shooting_at_the_2013_Asian_Youth_Games": 0.14285714285714285,
    "Croatia_at_the_2013_Mediterranean_Games": 0.125,
    "Shooting_at_the_2013_Summer_Universiade": 0.125,
    "Shooting_at_the_2013_Island_Games": 0.125,
    "2011\u201312_Croatian_Premier_League_(handball)": 0.1111111111111111,
    "European_Shooting_Championships": 0.1111111111111111,
    "2005_ICF_Canoe_Sprint_World_Championships": 0.1,
    "2008_European_Short_Course_Swimming_Championships": 0.09090909090909091,
    "2013_European_10_m_Events_Championships": 0.09090909090909091,
    "2004_European_Amateur_Boxing_Championships": 0.09090909090909091,
    "NK_Osijek": 0.08333333333333333,
    "2013_European_Figure_Skating_Championships": 0.08333333333333333,
    "2011_European_Shooting_Championships": 0.08333333333333333,
    "2009_European_Karate_Championships": 0.07692307692307693,
    "2000_World_Rowing_Championships": 0.07692307692307693,
    "2012_Canoe_Sprint_European_Championships": 0.07692307692307693,
    "2013_European_Shotgun_Championships": 0.07692307692307693,
    "2013_World_Shotgun_Championships": 0.07692307692307693,
    "1999_Military_World_Games": 0.07142857142857142
}