{
    "Hoosier_Hundred": 1.0,
    "U.S._500": 0.25,
    "Hawaiian_Super_Prix": 0.2,
    "NHRA_U.S._Nationals": 0.14285714285714285,
    "2007_United_States_Grand_Prix": 0.125,
    "2000_United_States_Grand_Prix": 0.125,
    "2001_United_States_Grand_Prix": 0.125,
    "2002_United_States_Grand_Prix": 0.125,
    "2004_United_States_Grand_Prix": 0.125,
    "2006_United_States_Grand_Prix": 0.125,
    "2003_United_States_Grand_Prix": 0.125,
    "Monterey_Grand_Prix": 0.1,
    "Firestone_Freedom_100": 0.1,
    "2005_United_States_Grand_Prix": 0.08333333333333333,
    "Honda_Indy_Toronto": 0.07692307692307693,
    "XM_Satellite_Radio_Indy_200": 0.05555555555555555
}