{
    "Flagship_(broadcasting)": 1.0,
    "Mid-season_replacement": 0.25,
    "Colorburst": 0.2,
    "CSN_International_translators": 0.2,
    "List_of_programming_syndicated_by_Clear_Channel": 0.2,
    "List_of_lost_television_broadcasts": 0.2,
    "Fashion_One": 0.2,
    "Rejoice_Broadcast_Network": 0.2,
    "100_episodes": 0.2,
    "Froggy_(brand)": 0.2,
    "Pay-per-view": 0.16666666666666666,
    "Omnibus_(broadcast)": 0.16666666666666666,
    "Prequel": 0.16666666666666666,
    "Second_screen": 0.16666666666666666,
    "KISS-FM_(brand)": 0.16666666666666666,
    "Calvary_Radio_Network": 0.16666666666666666,
    "Television_licence": 0.16666666666666666,
    "Friday_night_death_slot": 0.16666666666666666,
    "Superstation": 0.14285714285714285,
    "Radio_74": 0.14285714285714285,
    "Radio_frequency": 0.14285714285714285,
    "News_magazine": 0.14285714285714285,
    "VCY_America": 0.14285714285714285,
    "Colorado_Public_Radio": 0.14285714285714285,
    "Wyoming_Public_Radio": 0.14285714285714285,
    "Smile_FM": 0.14285714285714285,
    "Effect_Radio": 0.125,
    "PAL": 0.125,
    "The_Life_FM": 0.125,
    "Fundamental_Broadcasting_Network": 0.125,
    "CSN_International": 0.125,
    "Westwood_One_(current)": 0.125,
    "Good_News_Network": 0.1111111111111111,
    "Nielsen_ratings": 0.1111111111111111,
    "Bible_Broadcasting_Network": 0.1111111111111111,
    "Prairie_Public_Radio": 0.1111111111111111,
    "Moody_Radio": 0.1,
    "Your_Network_of_Praise": 0.1,
    "Wisconsin_Public_Radio": 0.09090909090909091,
    "Relevant_Radio": 0.09090909090909091,
    "Yellowstone_Public_Radio": 0.09090909090909091,
    "Family_Radio": 0.08333333333333333,
    "Family_Life_Radio": 0.08333333333333333,
    "Reboot_(fiction)": 0.07692307692307693,
    "Oregon_Public_Broadcasting": 0.07692307692307693,
    "HDMI": 0.0625,
    "Radio_Disney": 0.037037037037037035,
    "Radio_Maria": 0.02
}