{
    "Grand_Tour_(cycling)": 1.0,
    "Points_classification": 0.6,
    "King_of_the_Mountains": 0.5,
    "Triple_Crown_of_Cycling": 0.4,
    "Ruban_Jaune": 0.2857142857142857,
    "Classic_cycle_races": 0.16666666666666666,
    "Pink_jersey_statistics": 0.16666666666666666,
    "Vuelta_a_Espa\u00f1a_records_and_statistics": 0.16666666666666666,
    "Ladies_Professional_Racquetball_Tour": 0.16666666666666666,
    "European_Racquetball_Tour": 0.16666666666666666,
    "List_of_Grand_Tour_general_classification_winners": 0.16666666666666666,
    "Yellow_jersey_statistics": 0.16666666666666666,
    "Hors_cat\u00e9gorie": 0.14285714285714285,
    "Rhythmic_Gymnastics_Grand_Prix_Series": 0.14285714285714285,
    "Tour_de_France_records_and_statistics": 0.14285714285714285,
    "Premier_Calendar": 0.125,
    "FIVB_Beach_Volleyball_World_Tour": 0.125,
    "ITU_Triathlon_World_Championships": 0.125,
    "Peperbus_Profspektakel": 0.125,
    "Junior_Tour_of_Wales": 0.125,
    "Freeride_World_Tour": 0.125,
    "World_Junior_Squash_Circuit": 0.125,
    "Parel_van_de_Veluwe": 0.125,
    "Hour_record": 0.125,
    "Cl\u00e1sica_del_Oeste-Doble_Bragado": 0.125,
    "UCI_Road_World_Championships_\u2013_Men's_time_trial": 0.1111111111111111,
    "IRB_Sevens_World_Series": 0.1111111111111111,
    "Rainbow_jersey": 0.1111111111111111,
    "Trittico_di_Autunno": 0.1111111111111111,
    "Red_Bull_Cliff_Diving_World_Series": 0.1111111111111111,
    "Amstel_Cura\u00e7ao_Race": 0.1111111111111111,
    "Profronde_van_Oostvoorne": 0.1111111111111111,
    "Trittico_Lombardo": 0.1,
    "UCI_Road_World_Championships_\u2013_Men's_under-23_time_trial": 0.1,
    "UCI_Road_World_Championships_\u2013_Men's_under-23_road_race": 0.1,
    "UCI_Road_World_Championships_\u2013_Men's_road_race": 0.1,
    "Profronde_van_Almelo": 0.1,
    "Gouden_Pijl": 0.1,
    "Acht_van_Chaam": 0.1,
    "UCI_Road_World_Championships_\u2013_Men's_team_time_trial": 0.09090909090909091,
    "Omloop_der_Kempen": 0.09090909090909091,
    "2008_Omloop_der_Kempen": 0.09090909090909091,
    "International_Tour_de_Toona": 0.08333333333333333,
    "Giro_di_Puglia": 0.08333333333333333,
    "Vuelta_a_Espa\u00f1a": 0.06666666666666667,
    "Giro_d'Italia": 0.0625
}