{
    "Texas_Senate,_District_12": 1.0,
    "Texas_Senate,_District_10": 0.6666666666666666,
    "Texas_Senate,_District_9": 0.5,
    "Texas's_26th_congressional_district": 0.4,
    "Texas_Senate,_District_2": 0.3333333333333333,
    "Texas_Senate,_District_3": 0.3333333333333333,
    "Texas_Senate,_District_6": 0.25,
    "Texas_Senate,_District_7": 0.25,
    "Texas_Senate,_District_15": 0.25,
    "Texas_Senate,_District_16": 0.25,
    "Texas_Senate,_District_23": 0.25,
    "Texas_Senate,_District_26": 0.25,
    "Texas_Senate,_District_8": 0.2,
    "Texas_Senate,_District_13": 0.2,
    "Texas_Senate,_District_14": 0.2,
    "Texas_Senate,_District_11": 0.16666666666666666,
    "Texas_Senate,_District_17": 0.16666666666666666,
    "Texas_Senate,_District_22": 0.16666666666666666,
    "Texas_Senate,_District_20": 0.14285714285714285,
    "Texas_Senate,_District_4": 0.125,
    "Texas_Senate,_District_30": 0.125,
    "Texas_Senate,_District_27": 0.125,
    "Texas_Senate,_District_29": 0.125,
    "Texas_Senate": 0.125,
    "Tarrant_County,_Texas": 0.125,
    "Texas_Senate,_District_25": 0.1111111111111111,
    "Texas_Senate,_District_5": 0.07692307692307693,
    "Texas_Senate,_District_1": 0.05,
    "Texas_Senate,_District_19": 0.05,
    "Texas_Senate,_District_24": 0.05,
    "Texas_Senate,_District_21": 0.047619047619047616,
    "Texas_Senate,_District_18": 0.041666666666666664,
    "Texas_Senate,_District_31": 0.025,
    "Texas_Senate,_District_28": 0.018518518518518517
}