{
    "Super_Nova_Racing": 1.0,
    "Manor_Motorsport": 0.23529411764705882,
    "DAMS": 0.21739130434782608,
    "ART_Grand_Prix": 0.19047619047619047,
    "Status_Grand_Prix": 0.1875,
    "Atech_Grand_Prix": 0.1875,
    "West_Competition": 0.18181818181818182,
    "Trident_Racing": 0.17647058823529413,
    "Enzo_Coloni_Racing_Car_Systems": 0.15789473684210525,
    "Scuderia_Coloni": 0.15789473684210525,
    "ISport_International": 0.15384615384615385,
    "Tom_Walkinshaw_Racing": 0.14285714285714285,
    "Onyx_Grand_Prix": 0.13333333333333333,
    "Footwork_Arrows": 0.13333333333333333,
    "Addax_Team": 0.125,
    "Bamboo_Engineering": 0.125,
    "Jenzer_Motorsport": 0.11764705882352941,
    "Draco_Racing": 0.11764705882352941,
    "Pacific_Racing": 0.1111111111111111,
    "CRS_Racing": 0.1111111111111111,
    "Qatar_World_Rally_Team": 0.08333333333333333,
    "Project_Four_Racing": 0.08333333333333333,
    "Rondel_Racing": 0.07692307692307693,
    "Reg_Parnell_Racing": 0.07692307692307693,
    "RAM_Racing": 0.07142857142857142,
    "Red_Bull_Junior_Team": 0.07142857142857142,
    "Simtek": 0.06666666666666667,
    "Redline_Racing": 0.06666666666666667,
    "British_Student_Korfball_Nationals": 0.06666666666666667,
    "Hesketh_Racing": 0.06666666666666667,
    "Toleman": 0.06666666666666667,
    "Rob_Walker_Racing_Team": 0.06666666666666667,
    "Ensign_Racing": 0.0625,
    "Embassy_Hill": 0.0625,
    "Stewart_Grand_Prix": 0.058823529411764705,
    "JBW": 0.058823529411764705,
    "Racing_Engineering": 0.058823529411764705,
    "Pons_Racing": 0.058823529411764705,
    "Frank_Williams_Racing_Cars_Grand_Prix_results": 0.058823529411764705,
    "Vanwall": 0.058823529411764705,
    "Jaguar_Racing": 0.05555555555555555,
    "Forti": 0.05555555555555555,
    "Power_Slam": 0.05555555555555555,
    "Connaught_Engineering": 0.05263157894736842,
    "March_Engineering": 0.05263157894736842,
    "British_American_Racing": 0.05263157894736842,
    "Surtees": 0.05263157894736842,
    "Alan_Docking_Racing": 0.05263157894736842,
    "Amiga_Power": 0.05263157894736842,
    "Arrows_Grand_Prix_International": 0.05263157894736842,
    "Red_Bull_Racing": 0.05,
    "Automobiles_Gonfaronnaises_Sportives": 0.05,
    "Hersham_and_Walton_Motors": 0.05,
    "British_Racing_Partnership": 0.05,
    "Gilby_Engineering": 0.05,
    "McLaren": 0.047619047619047616,
    "English_Racing_Automobiles": 0.045454545454545456,
    "British_Racing_Motors": 0.045454545454545456,
    "Benetton_Formula": 0.043478260869565216,
    "Brabham": 0.043478260869565216,
    "Shadow_Grand_Prix_results": 0.041666666666666664,
    "Lola_Cars": 0.041666666666666664,
    "Aston_Martin": 0.038461538461538464
}