{
    "1964_state_highway_renumbering_(Washington)": 1.0,
    "List_of_state_routes_in_Washington": 0.2857142857142857,
    "1964_state_highway_renumbering_(California)": 0.2,
    "State_highways_in_Washington": 0.14285714285714285,
    "Washington_State_Route_16": 0.1111111111111111,
    "Washington_State_Route_3": 0.1111111111111111,
    "Washington_State_Route_509": 0.1111111111111111,
    "List_of_ship_launches_in_1964": 0.1111111111111111,
    "1927_New_Jersey_state_highway_renumbering": 0.1,
    "1953_New_Jersey_state_highway_renumbering": 0.1,
    "Washington_State_Route_9": 0.1,
    "1932_state_highway_renumbering_(Connecticut)": 0.09090909090909091,
    "1955_Louisiana_Highway_renumbering": 0.09090909090909091,
    "1927_Ohio_state_highway_renumbering": 0.09090909090909091,
    "Washington_State_Route_167": 0.09090909090909091,
    "1930_state_highway_renumbering_(New_York)": 0.09090909090909091,
    "Washington_State_Route_21": 0.09090909090909091,
    "Washington_State_Route_104": 0.09090909090909091,
    "1945_Florida_State_Road_renumbering": 0.08333333333333333,
    "Washington_State_Route_99": 0.08333333333333333,
    "1940_Virginia_state_highway_renumbering": 0.08333333333333333,
    "1933_Virginia_state_highway_renumbering": 0.08333333333333333,
    "1928_Virginia_state_highway_renumbering": 0.08333333333333333,
    "1977_Utah_state_route_renumbering": 0.07692307692307693,
    "Washington_State_Route_14": 0.07692307692307693,
    "Washington_State_Route_17": 0.07692307692307693,
    "Washington_State_Route_520": 0.07692307692307693,
    "Washington_State_Route_522": 0.07692307692307693,
    "Washington_State_Route_410": 0.07142857142857142,
    "Washington_State_Route_20": 0.05555555555555555
}