{
    "Bayshore_Freeway": 1.0,
    "California's_22nd_State_Assembly_district": 0.3076923076923077,
    "California's_14th_congressional_district": 0.27586206896551724,
    "California_State_Route_82": 0.18181818181818182,
    "California_State_Route_35": 0.16666666666666666,
    "Interstate_280_(California)": 0.15384615384615385,
    "California's_18th_congressional_district": 0.12121212121212122,
    "California_State_Route_17": 0.11538461538461539,
    "U.S._Route_101_in_California": 0.10256410256410256,
    "California_State_Route_1": 0.1,
    "California_State_Route_92": 0.08695652173913043,
    "Hollywood_Freeway": 0.08333333333333333,
    "California_State_Route_84": 0.08,
    "California_State_Route_9": 0.07692307692307693,
    "Interstate_680_(California)": 0.07407407407407407,
    "Ventura_Freeway": 0.06666666666666667,
    "Interstate_80_in_California": 0.06060606060606061,
    "Harbor_Boulevard": 0.043478260869565216,
    "California_State_Route_37": 0.041666666666666664,
    "San_Jose_International_Airport": 0.04,
    "List_of_bridges_on_U.S._Route_101_in_Oregon": 0.04,
    "Brisbane,_California": 0.038461538461538464,
    "California_State_Route_29": 0.038461538461538464,
    "Socialist_Labor_Party_of_America": 0.038461538461538464,
    "California_State_Route_113": 0.037037037037037035,
    "California_State_Route_42": 0.037037037037037035,
    "Mountain_View,_California": 0.03571428571428571,
    "California_State_Route_4": 0.03571428571428571,
    "U.S._Route_101_in_Washington": 0.034482758620689655,
    "California_State_Route_160": 0.034482758620689655,
    "California_State_Route_12": 0.03333333333333333,
    "U.S._Route_101_in_Oregon": 0.03333333333333333,
    "Interstate_580_(California)": 0.03333333333333333,
    "California_State_Route_152": 0.03333333333333333,
    "Interstate_210_and_State_Route_210_(California)": 0.03225806451612903,
    "Arroyo_Seco_Parkway": 0.02564102564102564
}