{
    "United_States_Senate_elections,_1948": 1.0,
    "United_States_House_of_Representatives_elections,_1948": 0.3333333333333333,
    "United_States_presidential_election,_1948": 0.16666666666666666
}