{
    "Megacity": 1.0,
    "Megalopolis_(city_type)": 0.3333333333333333,
    "Unincorporated_area": 0.14285714285714285,
    "Infant_mortality": 0.14285714285714285,
    "Fashion_capital": 0.14285714285714285,
    "Electronic_signage": 0.125,
    "Megaregions_of_the_United_States": 0.125,
    "List_of_wars_and_anthropogenic_disasters_by_death_toll": 0.125,
    "Refugee": 0.1111111111111111,
    "Blue_Banana": 0.1111111111111111,
    "World_Habitat_Day": 0.1,
    "Skyway": 0.1,
    "Mortality_rate": 0.08333333333333333,
    "Global_city": 0.07692307692307693,
    "List_of_largest_shopping_malls_in_the_world": 0.07142857142857142
}