{
    "List_of_current_and_former_capitals_of_subdivisions_of_China": 1.0,
    "List_of_capitals_in_the_People's_Republic_of_China": 0.3333333333333333,
    "List_of_prefectural_capitals_in_Japan": 0.16666666666666666,
    "List_of_purpose-built_capitals_of_country_subdivisions": 0.16666666666666666,
    "Zhengzhou": 0.14285714285714285,
    "ISO_3166-2:CN": 0.14285714285714285,
    "Sub-provincial_divisions_in_the_People's_Republic_of_China": 0.14285714285714285,
    "Leagues_of_Inner_Mongolia": 0.14285714285714285,
    "Harbin": 0.125,
    "List_of_state_and_union_territory_capitals_in_India": 0.125,
    "Fuzhou": 0.125,
    "List_of_capitals_of_states_of_Nigeria": 0.125,
    "Taiyuan": 0.125,
    "List_of_regions_of_China": 0.125,
    "List_of_capitals_in_the_United_States": 0.1111111111111111,
    "List_of_national_capitals_in_East,_South,_and_Southeast_Asia": 0.1111111111111111,
    "Shijiazhuang": 0.1111111111111111,
    "List_of_capitals_in_Malaysia": 0.1,
    "List_of_Chinese_administrative_divisions_by_population_density": 0.1,
    "Provinces_of_China": 0.1,
    "Sri_Jayawardenepura_Kotte": 0.1,
    "Tehran": 0.1,
    "List_of_World_Heritage_Sites_in_China": 0.09090909090909091,
    "Chengdu": 0.09090909090909091,
    "Shenyang": 0.09090909090909091,
    "Beijing": 0.09090909090909091,
    "List_of_cities_in_China": 0.09090909090909091,
    "Bandar_Seri_Begawan": 0.09090909090909091,
    "Kunming": 0.08333333333333333,
    "Tashkent": 0.08333333333333333,
    "Metro_Manila": 0.08333333333333333,
    "Kuala_Lumpur": 0.07142857142857142,
    "Manila": 0.07142857142857142,
    "Baku": 0.06666666666666667,
    "Wuhan": 0.06666666666666667,
    "Delhi": 0.0625,
    "Sukhumi": 0.0625,
    "Guangzhou": 0.05263157894736842
}