{
    "Precision_Air": 1.0,
    "Air_Tanzania_Corporation": 0.25,
    "Auric_Air": 0.16666666666666666,
    "Proflight_Zambia": 0.14285714285714285,
    "Eritrean_Airlines": 0.125,
    "Mahan_Air": 0.125,
    "TunisAir_Express": 0.1111111111111111
}