{
    "Employment_Non-Discrimination_Act": 1.0,
    "Matthew_Shepard_and_James_Byrd,_Jr._Hate_Crimes_Prevention_Act": 0.3181818181818182,
    "Fire_Sprinkler_Incentive_Act": 0.2857142857142857,
    "Uniting_American_Families_Act": 0.26666666666666666,
    "Healthy_Americans_Act": 0.13333333333333333,
    "List_of_U.S._ballot_initiatives_to_repeal_LGBT_anti-discrimination_laws": 0.125,
    "List_of_bills_in_the_113th_United_States_Congress": 0.07692307692307693,
    "List_of_lesbian,_gay,_bisexual_or_transgender-related_films_of_2009": 0.06666666666666667,
    "List_of_lesbian,_gay,_bisexual_or_transgender-related_films_of_2007": 0.06666666666666667,
    "21st_Lambda_Literary_Awards": 0.06666666666666667,
    "19th_Lambda_Literary_Awards": 0.06666666666666667,
    "Maine_Question_1,_2012": 0.0625,
    "Washington_Referendum_74": 0.058823529411764705,
    "Maryland_Question_6": 0.05555555555555555,
    "Don't_Ask,_Don't_Tell_Repeal_Act_of_2010": 0.05
}