{
    "Texaco_Footballer_of_the_Year": 1.0,
    "Texaco_Hurler_of_the_Year": 0.375,
    "Tidy_Towns_(Ireland)": 0.25,
    "GAA_Football_Team_of_the_Century": 0.14285714285714285,
    "List_of_All_Stars_Awards_winners_(football)": 0.125,
    "GPA_Gaelic_Team_of_the_Year": 0.125,
    "Sutherland_Trophy": 0.1111111111111111,
    "Rose_of_Tralee_(festival)": 0.1111111111111111,
    "Kerala_Sahitya_Akademi_Award": 0.1111111111111111,
    "Donegal_International_Rally": 0.1,
    "Hungarian_Sportspeople_of_the_Year": 0.1,
    "PFAI_Players'_Player_of_the_Year": 0.09090909090909091,
    "Bulgarian_Sportsperson_of_the_Year": 0.09090909090909091,
    "Great_Ireland_Run": 0.09090909090909091,
    "Blue_Ribbon_Award_(railway)": 0.09090909090909091,
    "Dublin_Marathon": 0.08333333333333333,
    "National_Ploughing_Championships": 0.07692307692307693,
    "Louisiana_Sports_Hall_of_Fame": 0.07142857142857142,
    "Mick_O'Dwyer": 0.07142857142857142,
    "P\u00e1draic_Joyce": 0.0625,
    "Alan_Brogan": 0.0625,
    "Cincinnati_Reds_Hall_of_Fame_and_Museum": 0.0625,
    "Bernard_Brogan_(junior)": 0.058823529411764705,
    "Billy_Morgan_(Gaelic_footballer)": 0.045454545454545456,
    "Davey_Allison": 0.04
}