{
    "List_of_corporate_collapses_and_scandals": 1.0,
    "Accounting_scandals": 0.3333333333333333,
    "Federal_Trade_Commission": 0.1111111111111111,
    "Ukrainian_presidential_election,_2004": 0.08333333333333333,
    "New_England_Compounding_Center_meningitis_outbreak": 0.07692307692307693
}