{
    "List_of_postal_codes": 1.0,
    "UBIGEO": 0.2,
    "Land_use_statistics_by_country": 0.2,
    "List_of_national_postal_services": 0.2,
    "Natural_gas_by_country": 0.2,
    "Irreligion_by_country": 0.2,
    "List_of_postal_codes_in_Guatemala": 0.2,
    "Application_of_sharia_by_country": 0.2,
    "UN_M.49": 0.2,
    "Federal_Information_Processing_Standard_state_code": 0.2,
    "Bribe_Payers_Index": 0.2,
    "Use_of_capital_punishment_by_country": 0.2,
    "List_of_postal_codes_in_Austria": 0.16666666666666666,
    "Community_Identification_Number": 0.16666666666666666,
    "List_of_UMTS_networks": 0.16666666666666666,
    "List_of_postcode_districts_in_the_United_Kingdom": 0.16666666666666666,
    "List_of_stock_exchanges": 0.16666666666666666,
    "Express_mail": 0.16666666666666666,
    "List_of_legislatures_by_number_of_members": 0.16666666666666666,
    "List_of_postal_codes_in_Bangladesh": 0.16666666666666666,
    "List_of_oil_refineries": 0.16666666666666666,
    "2009_Flu_Pandemic_Summary": 0.16666666666666666,
    "Table_of_voting_systems_by_country": 0.16666666666666666,
    "Importance_of_religion_by_country": 0.16666666666666666,
    "List_of_countries_by_cremation_rate": 0.16666666666666666,
    "List_of_countries_by_rail_transport_network_size": 0.16666666666666666,
    "List_of_LTE_networks": 0.16666666666666666,
    "Rail_usage_statistics_by_country": 0.16666666666666666,
    "List_of_legislatures_by_country": 0.16666666666666666,
    "Nomenclature_of_Territorial_Units_for_Statistics": 0.16666666666666666,
    "List_of_national_identity_card_policies_by_country": 0.16666666666666666,
    "ONS_coding_system": 0.16666666666666666,
    "List_of_postal_codes_in_South_Africa": 0.16666666666666666,
    "National_Identification_Card": 0.16666666666666666,
    "List_of_postal_codes_in_Nepal": 0.16666666666666666,
    "List_of_stock_exchange_opening_times": 0.16666666666666666,
    "List_of_postal_codes_in_Italy": 0.14285714285714285,
    "List_of_statutory_minimum_employment_leave_by_country": 0.14285714285714285,
    "List_of_postal_codes_in_Bulgaria": 0.14285714285714285,
    "List_of_postcode_areas_in_the_United_Kingdom": 0.14285714285714285,
    "List_of_postal_codes_in_Spain": 0.14285714285714285,
    "List_of_postal_codes_in_Serbia": 0.125,
    "Urbanization_by_country": 0.125,
    "Postal_codes_in_Serbia": 0.125,
    "List_of_tallest_buildings_in_the_world_by_country": 0.125,
    "Mobile_country_code": 0.125,
    "Postcodes_in_the_United_Kingdom": 0.125,
    "List_of_countries_by_tomato_production": 0.1111111111111111,
    "List_of_countries'_copyright_lengths": 0.1111111111111111
}