{
    "Protection_of_Military_Remains_Act_1986": 1.0,
    "List_of_designations_under_the_Protection_of_Wrecks_Act": 0.23076923076923078,
    "Concorde_aircraft_histories": 0.08333333333333333,
    "Under-Secretary_of_State_for_Air": 0.08333333333333333,
    "List_of_aviation_pioneers": 0.07692307692307693,
    "McDonnell_Douglas_F-4_Phantom_II_in_UK_service": 0.07142857142857142,
    "Women's_Auxiliary_Air_Force": 0.0625,
    "Whitefish_Point_Underwater_Preserve": 0.05555555555555555,
    "Bay_of_Bengal": 0.05,
    "Yellow_Fleet": 0.043478260869565216
}