{
    "1989_Superbike_World_Championship_season": 1.0,
    "1999_Superbike_World_Championship_season": 0.3333333333333333,
    "1990_Superbike_World_Championship_season": 0.3333333333333333,
    "2004_Superbike_World_Championship_season": 0.3333333333333333,
    "2003_Superbike_World_Championship_season": 0.3333333333333333,
    "2002_Superbike_World_Championship_season": 0.3333333333333333,
    "1991_Superbike_World_Championship_season": 0.3333333333333333,
    "2001_Superbike_World_Championship_season": 0.3333333333333333,
    "1992_Superbike_World_Championship_season": 0.3333333333333333,
    "1993_Superbike_World_Championship_season": 0.3333333333333333,
    "1994_Superbike_World_Championship_season": 0.3333333333333333,
    "1995_Superbike_World_Championship_season": 0.3333333333333333,
    "1996_Superbike_World_Championship_season": 0.3333333333333333,
    "1997_Superbike_World_Championship_season": 0.3333333333333333,
    "1998_Superbike_World_Championship_season": 0.3333333333333333,
    "2000_Superbike_World_Championship_season": 0.3333333333333333,
    "List_of_1989_motorsport_champions": 0.3333333333333333,
    "2005_Superbike_World_Championship_season": 0.25,
    "2008_Superbike_World_Championship_season": 0.25,
    "2009_Superbike_World_Championship_season": 0.25,
    "2010_Superbike_World_Championship_season": 0.25,
    "2011_Superbike_World_Championship_season": 0.25,
    "2012_Superbike_World_Championship_season": 0.25,
    "2013_Superbike_World_Championship_season": 0.25,
    "1989_World_Sportscar_Championship_season": 0.25,
    "2006_Superbike_World_Championship_season": 0.25,
    "1988_Superbike_World_Championship_season": 0.25,
    "2007_Superbike_World_Championship_season": 0.25,
    "1989_Monaco_Grand_Prix_Formula_Three": 0.16666666666666666
}