{
    "Warren_Spahn_Award": 1.0,
    "Hank_Aaron_Award": 0.3333333333333333,
    "The_Sporting_News_Pitcher_of_the_Year_Award": 0.2857142857142857,
    "Rolaids_Relief_Man_Award": 0.2857142857142857,
    "The_Sporting_News_Reliever_of_the_Year_Award": 0.2857142857142857,
    "Major_League_Baseball_All-Century_Team": 0.25,
    "Players_Choice_Awards": 0.16666666666666666,
    "Hutch_Award": 0.16666666666666666,
    "List_of_Gold_Glove_Award_winners_at_pitcher": 0.16666666666666666,
    "Commissioner's_Historic_Achievement_Award": 0.16666666666666666,
    "Marvin_Miller_Man_of_the_Year_Award": 0.16666666666666666,
    "WOMEX_Awards": 0.16666666666666666,
    "Roberto_Clemente_Award": 0.14285714285714285,
    "Major_League_Baseball_All-Star_Game_Most_Valuable_Player_Award": 0.14285714285714285,
    "WNBA_All-Star_Game_Most_Valuable_Player_Award": 0.14285714285714285,
    "List_of_Silver_Slugger_Award_winners_at_pitcher": 0.14285714285714285,
    "The_Sporting_News_Executive_of_the_Year_Award": 0.14285714285714285,
    "MTV_Europe_Music_Award_for_Best_German_Act": 0.14285714285714285,
    "MTV_Europe_Music_Award_for_Best_Italian_Act": 0.14285714285714285,
    "D1_Grand_Prix": 0.14285714285714285,
    "BBC_Sports_Personality_of_the_Year_Helen_Rollason_Award": 0.14285714285714285,
    "Major_League_Baseball_Most_Valuable_Player_Award": 0.14285714285714285,
    "Teen_Choice_Award_for_Choice_Hissy_Fit": 0.14285714285714285,
    "Branch_Rickey_Award": 0.14285714285714285,
    "MTV_Video_Music_Award_for_Best_Hip-Hop_Video": 0.14285714285714285,
    "MTV_Video_Music_Award_for_Best_Pop_Video": 0.14285714285714285,
    "DHL_Hometown_Heroes": 0.14285714285714285,
    "Edgar_Mart\u00ednez_Award": 0.14285714285714285,
    "Tony_Conigliaro_Award": 0.14285714285714285,
    "Polish_Academy_Award_for_Best_Actor": 0.125,
    "The_Sporting_News_Manager_of_the_Year_Award": 0.125,
    "Baseball_America_Rookie_of_the_Year": 0.125,
    "Major_League_Baseball_Triple_Crown": 0.125,
    "MTV_Europe_Music_Award_for_Best_UK_&_Ireland_Act": 0.125,
    "Golden_Spirit_Award": 0.125,
    "New_York_Film_Critics_Circle_Award_for_Best_Animated_Film": 0.125,
    "Florida_Film_Critics_Circle_Award_for_Best_Animated_Film": 0.125,
    "Major_League_Baseball_Rookie_of_the_Year_Award": 0.125,
    "Major_League_Baseball_All-Time_Team": 0.125,
    "Best_Major_League_Baseball_Player_ESPY_Award": 0.1111111111111111,
    "Pride_of_Britain_Awards": 0.1111111111111111,
    "Tanzania_Music_Awards": 0.1111111111111111,
    "Baseball_America_Major_League_Player_of_the_Year": 0.1111111111111111,
    "BBC_Sports_Personality_of_the_Year_Coach_Award": 0.1111111111111111,
    "Babe_Ruth_Home_Run_Award": 0.1111111111111111,
    "The_British_Soap_Awards": 0.1111111111111111,
    "Major_League_Baseball_Manager_of_the_Year_Award": 0.1111111111111111,
    "14th_Pride_of_Britain_Awards": 0.1111111111111111,
    "15th_Pride_of_Britain_Awards": 0.1111111111111111,
    "Pr\u00eamio_Brasil_Ol\u00edmpico": 0.1111111111111111,
    "Car_Engineer_of_the_Century": 0.1111111111111111,
    "BBC_Young_Sports_Personality_of_the_Year": 0.1111111111111111,
    "Cy_Young_Award": 0.1111111111111111,
    "Awards_of_the_Montenegrin_Olympic_Committee": 0.1,
    "Geoff_Christian_Medal": 0.1,
    "Lou_Gehrig_Memorial_Award": 0.1,
    "List_of_Caddie_Hall_of_Fame_inductees": 0.1,
    "The_Sporting_News_Most_Valuable_Player_Award": 0.1,
    "Ford_C._Frick_Award": 0.1,
    "Teen_Choice_Awards": 0.09090909090909091,
    "World_Series_Most_Valuable_Player_Award": 0.09090909090909091,
    "J._G._Taylor_Spink_Award": 0.09090909090909091,
    "Luis_Aparicio_Award": 0.09090909090909091,
    "Babe_Ruth_Award": 0.09090909090909091,
    "Sunday_Times_University_of_the_Year": 0.09090909090909091,
    "Mnet_Asian_Music_Awards": 0.08333333333333333,
    "League_Championship_Series_Most_Valuable_Player_Award": 0.07692307692307693,
    "Ohio_Cup": 0.07142857142857142,
    "Deutscher_Fernsehpreis": 0.07142857142857142,
    "John_Stuper": 0.07142857142857142,
    "Akinori_Otsuka": 0.047619047619047616,
    "Mariano_Rivera": 0.034482758620689655,
    "Bong_Jung-Keun": 0.03225806451612903,
    "Dave_Morey": 0.029411764705882353,
    "Hideo_Nomo": 0.02631578947368421,
    "Ralph_Glaze": 0.023255813953488372,
    "Jim_Bunning": 0.022222222222222223
}