{
    "Congress_of_the_Council_of_Europe": 1.0,
    "Network_of_Associations_of_Local_Authorities_of_South-East_Europe": 0.4,
    "Parliamentary_Assembly_of_the_Council_of_Europe": 0.2222222222222222,
    "Co-ordinated_organisations": 0.2,
    "Common_European_Framework_of_Reference_for_Languages": 0.16666666666666666,
    "List_of_political_parties_in_Eastern_Europe": 0.16666666666666666,
    "Secretary_General_of_the_Council_of_Europe": 0.16666666666666666,
    "Member_states_of_the_Council_of_Europe": 0.14285714285714285,
    "Capital_punishment_in_Europe": 0.125,
    "European_integration": 0.125,
    "European_Free_Alliance": 0.125,
    "List_of_regional_and_minority_parties_in_Europe": 0.1111111111111111,
    "European_Young_Conservatives": 0.1111111111111111,
    "Foro_de_S\u00e3o_Paulo": 0.09090909090909091,
    "Organisation_of_Islamic_Cooperation": 0.06666666666666667,
    "European_Union": 0.05263157894736842,
    "Caribbean_Community": 0.05,
    "Asia-Pacific_Economic_Cooperation": 0.045454545454545456,
    "Vitali_Klitschko": 0.027777777777777776,
    "Organisation_of_Eastern_Caribbean_States": 0.02564102564102564
}