{
    "Symbol_(chemistry)": 1.0,
    "Roles_of_chemical_elements": 0.5,
    "Clan_badge": 0.3333333333333333,
    "Miscellaneous_Technical": 0.3333333333333333,
    "Chemical_element": 0.3333333333333333,
    "Krypton": 0.25,
    "Cerium": 0.2,
    "Scandium": 0.2,
    "Samarium": 0.2,
    "Ytterbium": 0.2,
    "Erbium": 0.2,
    "Rubidium": 0.16666666666666666,
    "Zirconium": 0.16666666666666666,
    "Einsteinium": 0.16666666666666666,
    "Niobium": 0.14285714285714285,
    "Rhodium": 0.14285714285714285,
    "Strontium": 0.14285714285714285,
    "Hafnium": 0.125,
    "Palladium": 0.125,
    "Ruthenium": 0.125,
    "Technetium": 0.125,
    "Uranium": 0.125,
    "Curium": 0.125,
    "Astrological_symbols": 0.125,
    "Molybdenum": 0.1111111111111111,
    "Osmium": 0.1111111111111111,
    "Tantalum": 0.1111111111111111,
    "Plutonium": 0.1111111111111111,
    "Iridium": 0.1,
    "Tellurium": 0.1,
    "Calcium": 0.1,
    "Mercury_(element)": 0.09090909090909091,
    "Zinc": 0.09090909090909091,
    "Antimony": 0.09090909090909091,
    "Xenon": 0.08333333333333333,
    "Cadmium": 0.08333333333333333,
    "Selenium": 0.07142857142857142,
    "Gold": 0.06666666666666667
}