{
    "2002_European_Aquatics_Championships": 1.0,
    "1934_European_Aquatics_Championships": 0.15384615384615385,
    "1962_European_Aquatics_Championships": 0.14285714285714285,
    "2002_European_Athletics_Championships": 0.13333333333333333,
    "1989_European_Aquatics_Championships": 0.13333333333333333,
    "2002_European_Short_Course_Swimming_Championships": 0.13333333333333333,
    "List_of_European_Aquatics_Championships_medalists_in_open_water_swimming": 0.1111111111111111,
    "2002_Nebelhorn_Trophy": 0.1,
    "2002_German_Athletics_Championships": 0.1,
    "Germany_at_the_2002_Winter_Olympics": 0.1,
    "2002_French_Grand_Prix": 0.09090909090909091,
    "2002_German_Grand_Prix": 0.09090909090909091,
    "2002_Hungarian_Grand_Prix": 0.09090909090909091,
    "Aquatics_at_the_2002_Commonwealth_Games": 0.09090909090909091,
    "Berlin_Half_Marathon": 0.09090909090909091,
    "2002_Masters_of_Formula_3": 0.09090909090909091,
    "List_of_European_Aquatics_Championships_medalists_in_swimming_(men)": 0.09090909090909091,
    "List_of_European_Aquatics_Championships_medalists_in_swimming_(women)": 0.09090909090909091,
    "2002_European_Marathon_Cup": 0.09090909090909091,
    "2002_Tour_de_France": 0.09090909090909091,
    "LEN_European_Aquatics_Championships": 0.08333333333333333,
    "1977_European_Aquatics_Championships": 0.07692307692307693,
    "1947_European_Aquatics_Championships": 0.07692307692307693,
    "1966_European_Aquatics_Championships": 0.07692307692307693,
    "2002_European_Amateur_Boxing_Championships": 0.07692307692307693,
    "2008_European_Aquatics_Championships": 0.07142857142857142,
    "European_Junior_Swimming_Championships": 0.07142857142857142,
    "1987_European_Aquatics_Championships": 0.07142857142857142,
    "2002_World_Fencing_Championships": 0.07142857142857142,
    "1927_European_Aquatics_Championships": 0.07142857142857142,
    "1931_European_Aquatics_Championships": 0.07142857142857142,
    "1974_European_Aquatics_Championships": 0.07142857142857142,
    "1936_European_Figure_Skating_Championships": 0.07142857142857142,
    "2011_European_Artistic_Gymnastics_Championships": 0.07142857142857142,
    "1983_European_Aquatics_Championships": 0.07142857142857142,
    "1978_World_Aquatics_Championships": 0.07142857142857142,
    "European_Short_Course_Swimming_Championships": 0.07142857142857142,
    "2004_European_Aquatics_Championships": 0.07142857142857142,
    "1981_European_Aquatics_Championships": 0.06666666666666667,
    "2010_European_Aquatics_Championships": 0.06666666666666667,
    "1954_European_Aquatics_Championships": 0.06666666666666667,
    "1970_European_Aquatics_Championships": 0.06666666666666667,
    "1991_European_Aquatics_Championships": 0.06666666666666667,
    "2006_European_Aquatics_Championships": 0.06666666666666667,
    "2000_European_Aquatics_Championships": 0.06666666666666667,
    "1997_European_Aquatics_Championships": 0.06666666666666667,
    "1958_European_Aquatics_Championships": 0.0625,
    "1931_World_Figure_Skating_Championships": 0.0625,
    "2009_World_Championships_in_Athletics": 0.0625,
    "Internationales_Stadionfest": 0.0625,
    "1996_European_Short_Course_Swimming_Championships": 0.0625,
    "1993_European_Aquatics_Championships": 0.0625,
    "1938_World_Figure_Skating_Championships": 0.058823529411764705,
    "1995_European_Aquatics_Championships": 0.058823529411764705,
    "1999_European_Aquatics_Championships": 0.058823529411764705,
    "1926_World_Figure_Skating_Championships": 0.05555555555555555,
    "BIG_25_Berlin": 0.05555555555555555,
    "1985_European_Aquatics_Championships": 0.05263157894736842,
    "2012_European_Aquatics_Championships": 0.05,
    "Berlin_Marathon": 0.047619047619047616
}