{
    "Midwest_League": 1.0,
    "South_Atlantic_League": 0.36363636363636365,
    "International_League": 0.25,
    "California_League": 0.21428571428571427,
    "Florida_State_League": 0.21428571428571427,
    "United_States_Hockey_League": 0.18181818181818182,
    "New_York\u2013Penn_League": 0.15789473684210525,
    "Champions_Tour": 0.09090909090909091,
    "Web.com_Tour": 0.09090909090909091,
    "Major_professional_sports_teams_of_the_United_States_and_Canada": 0.08333333333333333,
    "Tony_Award_for_Best_Actor_in_a_Play": 0.08333333333333333,
    "Major_League_Lacrosse": 0.08333333333333333,
    "United_States_Under_Secretary_of_the_Army": 0.08333333333333333,
    "Street_League_Skateboarding": 0.08333333333333333,
    "Tony_Award_for_Best_Featured_Actor_in_a_Musical": 0.08333333333333333,
    "Major_League_Baseball_Rookie_of_the_Year_Award": 0.08333333333333333,
    "United_States_Department_of_the_Army": 0.08333333333333333,
    "Professional_Arena_Soccer_League": 0.07692307692307693,
    "List_of_United_States_Secretaries_of_Defense_by_time_in_office": 0.07692307692307693,
    "Barbados_Premier_Division": 0.07692307692307693,
    "Tony_Award_for_Best_Actress_in_a_Play": 0.07692307692307693,
    "United_States_Secretary_of_Defense": 0.07692307692307693,
    "Symetra_Tour": 0.07692307692307693,
    "Women's_National_Basketball_Association": 0.07692307692307693,
    "Atlantic_League_of_Professional_Baseball": 0.07692307692307693,
    "NBA_Finals": 0.07692307692307693,
    "Oberliga_West_(1947\u201363)": 0.07142857142857142,
    "Eastern_Shore_League": 0.07142857142857142,
    "Atlantic_Coast_Professional_Basketball_League": 0.07142857142857142,
    "Independent_Basketball_Association": 0.07142857142857142,
    "PBA_Tour": 0.07142857142857142,
    "Baloncesto_Superior_Nacional": 0.07142857142857142,
    "American_Basketball_Association_(2000\u2013present)": 0.06666666666666667,
    "Tobacco_Road_Basketball_League": 0.06666666666666667,
    "West_of_Scotland_Super_League_Premier_Division": 0.06666666666666667,
    "West_of_Scotland_Super_League_First_Division": 0.06666666666666667,
    "Arizona_Fall_League": 0.06666666666666667,
    "Southern_Professional_Hockey_League": 0.06666666666666667,
    "National_Lacrosse_League": 0.06666666666666667,
    "Ascenso_MX": 0.0625,
    "Welsh_Alliance_League": 0.0625,
    "Scottish_Junior_Football_East_Region_North_Division": 0.0625,
    "United_States_Pacific_Command": 0.0625,
    "Oberliga_Nord_(1947\u201363)": 0.058823529411764705,
    "American_Hockey_League": 0.058823529411764705,
    "National_Hockey_League": 0.058823529411764705,
    "Blue_Ridge_League": 0.058823529411764705,
    "National_Basketball_Association": 0.05555555555555555,
    "USL_Pro": 0.05555555555555555,
    "Major_League_Baseball": 0.05555555555555555,
    "List_of_American_and_Canadian_cities_by_number_of_major_professional_sports_franchises": 0.05555555555555555,
    "NBA_Development_League": 0.05555555555555555,
    "Texas-Oklahoma_League": 0.05263157894736842,
    "Scottish_Junior_Football_East_Region_South_Division": 0.05,
    "Arena_Football_League": 0.05
}