{
    "List_of_members_of_the_parliament_of_Sweden,_2006\u201310": 1.0,
    "List_of_members_of_the_parliament_of_Sweden,_2010\u201314": 0.3333333333333333,
    "List_of_members_of_the_parliament_of_Sweden,_2002\u201306": 0.3333333333333333,
    "List_of_members_of_the_upper_house_of_the_parliament_of_Sweden,_1891": 0.25,
    "List_of_members_of_the_parliament_of_Sweden,_1991\u201394": 0.14285714285714285,
    "List_of_members_of_the_parliament_of_Sweden,_1998\u20132002": 0.125,
    "List_of_members_of_the_parliament_of_Sweden,_1994\u201398": 0.125
}