{
    "Solid_South": 1.0,
    "Republican_Revolution": 0.16666666666666666,
    "List_of_United_States_Senators_who_changed_parties": 0.1,
    "List_of_United_States_Representatives_who_switched_parties": 0.1,
    "List_of_African-American_United_States_Representatives": 0.09090909090909091,
    "Timeline_of_the_Texas_Revolution": 0.09090909090909091,
    "History_of_the_Green_Party_of_the_United_States": 0.09090909090909091,
    "List_of_African-American_United_States_Senators": 0.08333333333333333,
    "Ellis_W._Hawley_Prize": 0.08333333333333333,
    "Slave_and_free_states": 0.08333333333333333,
    "Southern_Governors'_Association": 0.07692307692307693,
    "Richard_W._Leopold_Prize": 0.0625,
    "Disfranchisement_after_the_Reconstruction_Era": 0.0625,
    "Judicial_Procedures_Reform_Bill_of_1937": 0.058823529411764705,
    "Stamp_Act_Congress": 0.05555555555555555,
    "Confederate_States_of_America": 0.047619047619047616,
    "April_14\u201316,_2011,_tornado_outbreak": 0.041666666666666664,
    "Reconstruction_Era": 0.02040816326530612
}