{
    "RAK_Airways": 1.0,
    "Brava_Linhas_A\u00e9reas": 0.14285714285714285,
    "Blue_Islands": 0.125,
    "Tiara_Air": 0.1111111111111111,
    "Mihin_Lanka": 0.1,
    "Valuair": 0.09090909090909091,
    "Porter_Airlines": 0.08333333333333333
}