{
    "2005_British_and_Irish_Lions_tour_to_New_Zealand": 1.0,
    "2005_National_Provincial_Championship": 0.125,
    "2005_New_Zealand_rugby_union_tour_of_Britain_and_Ireland": 0.11764705882352941,
    "2004\u201305_Celtic_League": 0.09090909090909091,
    "1950_British_Lions_tour_to_New_Zealand_and_Australia": 0.08333333333333333,
    "2004\u201305_Heineken_Cup": 0.07692307692307693,
    "1959_British_Lions_tour_to_Australia_and_New_Zealand": 0.07142857142857142,
    "1966_British_Lions_tour_to_Australia_and_New_Zealand": 0.0625,
    "2004\u201305_European_Challenge_Cup": 0.058823529411764705
}