{
    "Judo_at_the_2006_Asian_Games": 1.0,
    "Karate_at_the_2006_Asian_Games": 0.14285714285714285,
    "Judo_at_the_2006_Central_American_and_Caribbean_Games": 0.125,
    "Archery_at_the_2006_Asian_Games": 0.125,
    "Taekwondo_at_the_2006_Asian_Games": 0.125,
    "Gymnastics_at_the_2006_Asian_Games": 0.125,
    "Table_tennis_at_the_2006_Asian_Games": 0.125,
    "Wrestling_at_the_2006_Asian_Games": 0.125,
    "Wushu_at_the_2006_Asian_Games": 0.125,
    "Judo_at_the_2002_Asian_Games": 0.1111111111111111,
    "Judo_at_the_1998_Asian_Games": 0.1111111111111111,
    "Judo_at_the_1994_Asian_Games": 0.1111111111111111,
    "Judo_at_the_Asian_Games": 0.1111111111111111,
    "Judo_at_the_2010_Asian_Games": 0.1111111111111111,
    "Badminton_at_the_2006_Asian_Games": 0.1111111111111111,
    "Boxing_at_the_2006_Asian_Games": 0.1111111111111111,
    "Bowling_at_the_2006_Asian_Games": 0.1111111111111111,
    "Cycling_at_the_2006_Asian_Games": 0.1111111111111111,
    "Athletics_at_the_2006_Asian_Games": 0.1111111111111111,
    "Fencing_at_the_2006_Asian_Games": 0.1111111111111111,
    "Rowing_at_the_2006_Asian_Games": 0.1111111111111111,
    "Sailing_at_the_2006_Asian_Games": 0.1111111111111111,
    "Shooting_at_the_2006_Asian_Games": 0.1111111111111111,
    "Swimming_at_the_2006_Asian_Games": 0.1111111111111111,
    "Tennis_at_the_2006_Asian_Games": 0.1111111111111111,
    "2006_Pan_American_Judo_Championships": 0.1,
    "Cue_sports_at_the_2006_Asian_Games": 0.1,
    "2006_European_Judo_Championships": 0.09090909090909091
}