{
    "Police_Act_1964": 1.0,
    "County_Police_Act_1839": 0.5,
    "Police_and_Crime_Commissioner": 0.2,
    "Powers_of_the_police_in_England_and_Wales": 0.16666666666666666,
    "Local_Government_Act_1972": 0.1111111111111111
}