{
    "Golden_age_of_arcade_video_games": 1.0,
    "List_of_arcade_video_games:_A": 0.3333333333333333,
    "List_of_arcade_video_games:_0..9": 0.3333333333333333,
    "List_of_arcade_video_games:_B": 0.3333333333333333,
    "List_of_arcade_video_games:_C": 0.3333333333333333,
    "List_of_arcade_video_games:_D": 0.3333333333333333,
    "List_of_arcade_video_games:_E": 0.3333333333333333,
    "List_of_arcade_video_games:_F": 0.3333333333333333,
    "List_of_arcade_video_games:_G": 0.3333333333333333,
    "List_of_arcade_video_games:_H": 0.3333333333333333,
    "List_of_arcade_video_games:_I": 0.3333333333333333,
    "List_of_arcade_video_games:_J": 0.3333333333333333,
    "List_of_arcade_video_games:_K": 0.3333333333333333,
    "List_of_arcade_video_games:_L": 0.3333333333333333,
    "List_of_arcade_video_games:_N": 0.3333333333333333,
    "List_of_arcade_video_games:_O": 0.3333333333333333,
    "List_of_arcade_video_games:_P": 0.3333333333333333,
    "List_of_arcade_video_games:_Q": 0.3333333333333333,
    "List_of_arcade_video_games:_R": 0.3333333333333333,
    "List_of_arcade_video_games:_S": 0.3333333333333333,
    "List_of_arcade_video_games:_T": 0.3333333333333333,
    "List_of_arcade_video_games:_U": 0.3333333333333333,
    "List_of_arcade_video_games:_V": 0.3333333333333333,
    "List_of_arcade_video_games:_W": 0.3333333333333333,
    "List_of_arcade_video_games:_X": 0.3333333333333333,
    "List_of_arcade_video_games:_Y": 0.3333333333333333,
    "List_of_arcade_video_games:_Z": 0.3333333333333333,
    "Xbox_360_launch": 0.16666666666666666,
    "History_of_Microsoft_Flight_Simulator": 0.125,
    "History_of_video_game_consoles_(first_generation)": 0.125,
    "Marvel_vs._Capcom_(series)": 0.125,
    "List_of_Guitar_Freaks_and_Drum_Mania_songs": 0.1111111111111111,
    "Beatmania_IIDX_16:_Empress": 0.1111111111111111,
    "Beatmania_IIDX_17:_Sirius": 0.1111111111111111,
    "Oretachi_Geasen_Zoku_Sono": 0.1111111111111111,
    "Dance_Dance_Revolution_SuperNova_(2006_video_game)": 0.09090909090909091,
    "Space_Panic": 0.09090909090909091,
    "History_of_video_game_consoles_(fifth_generation)": 0.09090909090909091,
    "Breakout_clone": 0.09090909090909091,
    "Outlaws_Of_The_Lost_Dynasty": 0.08333333333333333,
    "History_of_video_game_consoles_(third_generation)": 0.08333333333333333,
    "Bust_a_Groove_2": 0.07692307692307693,
    "History_of_video_game_consoles_(second_generation)": 0.07142857142857142,
    "History_of_video_game_consoles_(fourth_generation)": 0.07142857142857142,
    "History_of_video_game_consoles_(sixth_generation)": 0.07142857142857142,
    "Samba_de_Amigo": 0.05555555555555555,
    "NFL_Blitz": 0.05263157894736842,
    "Marvel_vs._Capcom:_Clash_of_Super_Heroes": 0.05263157894736842,
    "Taiko_no_Tatsujin_DS": 0.043478260869565216,
    "Metcha!_Taiko_no_Tatsujin_DS:_Nanatsu_no_Shima_no_Daibouken": 0.043478260869565216,
    "Taiko_no_Tatsujin_Wii": 0.043478260869565216,
    "Taiko_no_Tatsujin_Wii:_Do_Don_to_Nidaime": 0.043478260869565216,
    "Taiko_no_Tatsujin_(iOS)": 0.043478260869565216,
    "Taiko_no_Tatsujin:_Portable": 0.043478260869565216,
    "Taiko_no_Tatsujin:_Waku_Waku_Anime_Matsuri": 0.043478260869565216,
    "Taiko_no_Tatsujin_DS:_Dororon!_Yokai_Daikessen!!": 0.043478260869565216,
    "Taiko_no_Tatsujin_Plus": 0.043478260869565216,
    "Taiko_no_Tatsujin_14": 0.043478260869565216,
    "Taiko_no_Tatsujin_Wii:_Minna_de_Party_Sandaime": 0.043478260869565216,
    "Taiko_no_Tatsujin:_Portable_DX": 0.043478260869565216,
    "Taiko_no_Tatsujin_Wii:_Kettei-Ban": 0.043478260869565216,
    "Balloon_Fight": 0.043478260869565216,
    "Wonder_Boy_in_Monster_Land": 0.041666666666666664,
    "Cruis'n_USA": 0.041666666666666664,
    "Marvel_vs._Capcom_2:_New_Age_of_Heroes": 0.04,
    "Tatsunoko_vs._Capcom:_Ultimate_All-Stars": 0.037037037037037035,
    "Cruis'n_World": 0.037037037037037035,
    "Wheel_of_Fortune_(video_game)": 0.03225806451612903
}