{
    "List_of_WEC_events": 1.0,
    "List_of_Fighting_Network_Rings_events": 0.5,
    "Shark_Fights": 0.3333333333333333,
    "List_of_Maximum_Fighting_Championship_events": 0.3333333333333333,
    "List_of_Shooto_Events": 0.3333333333333333,
    "List_of_Pancrase_events": 0.3333333333333333,
    "List_of_Cage_Rage_events": 0.3333333333333333,
    "List_of_Strikeforce_events": 0.3333333333333333,
    "List_of_Bellator_events": 0.25,
    "List_of_UFC_events": 0.25,
    "List_of_Deep_events": 0.25,
    "List_of_Pride_FC_events": 0.25,
    "Universal_Reality_Combat_Championship": 0.2,
    "List_of_KOTC_events": 0.2,
    "List_of_Smackgirl_events": 0.2,
    "Elite_Xtreme_Combat": 0.2,
    "Cage_Warriors": 0.16666666666666666,
    "BAMMA": 0.16666666666666666,
    "Jewels_(mixed_martial_arts)": 0.16666666666666666,
    "Konfrontacja_Sztuk_Walki": 0.14285714285714285,
    "Dream_(mixed_martial_arts)": 0.125,
    "Jungle_Fight": 0.125
}