{
    "Pride_of_Britain_Awards": 1.0,
    "14th_Pride_of_Britain_Awards": 1.0,
    "15th_Pride_of_Britain_Awards": 1.0,
    "National_Television_Awards": 0.3333333333333333,
    "BBC_Sports_Personality_of_the_Year_Helen_Rollason_Award": 0.3333333333333333,
    "BBC_Sports_Personality_of_the_Year_Coach_Award": 0.25,
    "The_British_Soap_Awards": 0.25,
    "BBC_Young_Sports_Personality_of_the_Year": 0.25,
    "European_Festivals_Awards": 0.2,
    "Sunday_Times_University_of_the_Year": 0.2,
    "Ten_Mile_Menu": 0.16666666666666666,
    "Saturday_Cookbook": 0.16666666666666666,
    "WOMEX_Awards": 0.16666666666666666,
    "Night_Network": 0.16666666666666666,
    "ITV_Food": 0.16666666666666666,
    "Inside_Soap_Awards": 0.16666666666666666,
    "WNBA_All-Star_Game_Most_Valuable_Player_Award": 0.14285714285714285,
    "MTV_Europe_Music_Award_for_Best_German_Act": 0.14285714285714285,
    "MTV_Europe_Music_Award_for_Best_Italian_Act": 0.14285714285714285,
    "D1_Grand_Prix": 0.14285714285714285,
    "Teen_Choice_Award_for_Choice_Hissy_Fit": 0.14285714285714285,
    "Hank_Aaron_Award": 0.14285714285714285,
    "MTV_Video_Music_Award_for_Best_Hip-Hop_Video": 0.14285714285714285,
    "MTV_Video_Music_Award_for_Best_Pop_Video": 0.14285714285714285,
    "Polish_Academy_Award_for_Best_Actor": 0.125,
    "Screen_Nation": 0.125,
    "MTV_Europe_Music_Award_for_Best_UK_&_Ireland_Act": 0.125,
    "Golden_Spirit_Award": 0.125,
    "The_Michael_Ball_Show": 0.125,
    "New_York_Film_Critics_Circle_Award_for_Best_Animated_Film": 0.125,
    "Florida_Film_Critics_Circle_Award_for_Best_Animated_Film": 0.125,
    "Britain's_Secret_Treasures": 0.125,
    "The_Hungry_Sailors": 0.125,
    "Rock_Sound": 0.125,
    "Soapstar_Superchef": 0.1111111111111111,
    "Digital_Spy_Soap_Awards": 0.1111111111111111,
    "The_Justin_Lee_Collins_Show": 0.1111111111111111,
    "Tanzania_Music_Awards": 0.1111111111111111,
    "Northern_Ireland_Executive": 0.1111111111111111,
    "Star_Treatment": 0.1111111111111111,
    "Pr\u00eamio_Brasil_Ol\u00edmpico": 0.1111111111111111,
    "Major_League_Baseball_All-Century_Team": 0.1111111111111111,
    "Car_Engineer_of_the_Century": 0.1111111111111111,
    "Warren_Spahn_Award": 0.1111111111111111,
    "ATP_Recordings": 0.1111111111111111,
    "That_Antony_Cotton_Show": 0.1,
    "Moving_Wallpaper": 0.1,
    "Golden_Raspberry_Award": 0.1,
    "British_Academy_Television_Craft_Awards": 0.1,
    "Awards_of_the_Montenegrin_Olympic_Committee": 0.1,
    "Geoff_Christian_Medal": 0.1,
    "The_British_Animal_Honours": 0.1,
    "List_of_Caddie_Hall_of_Fame_inductees": 0.1,
    "Teen_Choice_Awards": 0.09090909090909091,
    "Paul_O'Grady_Live": 0.09090909090909091,
    "Soapstar_Superstar": 0.09090909090909091,
    "Mnet_Asian_Music_Awards": 0.08333333333333333,
    "Brit_Awards": 0.08333333333333333,
    "Royal_Variety_Performance": 0.08333333333333333,
    "British_American_Racing": 0.07692307692307693,
    "James_Corden's_World_Cup_Live": 0.07692307692307693,
    "Deutscher_Fernsehpreis": 0.07142857142857142,
    "ITV_Music_Specials": 0.07142857142857142,
    "World_Idol": 0.07142857142857142,
    "Loose_Women": 0.06666666666666667,
    "List_of_Loose_Women_presenters": 0.06666666666666667,
    "The_Sun_Military_Awards": 0.05
}