{
    "List_of_tornadoes_in_the_May_2007_Tornado_Outbreak": 1.0,
    "List_of_United_States_tornadoes_in_2007": 0.5,
    "Late-March_2007_tornado_outbreak": 0.18181818181818182,
    "List_of_Late-May_2008_tornado_outbreak_sequence_tornadoes": 0.18181818181818182,
    "List_of_late-March_2007_tornado_outbreak_tornadoes": 0.18181818181818182,
    "List_of_F5_and_EF5_tornadoes": 0.16666666666666666,
    "Mid-October_2007_tornado_outbreak": 0.14285714285714285,
    "November_14\u201316,_2011_tornado_outbreak": 0.14285714285714285,
    "List_of_United_States_tornadoes_in_March_2007": 0.14285714285714285,
    "February\u2013March_2007_tornado_outbreak": 0.13333333333333333,
    "List_of_United_States_tornadoes_from_January_to_February_2007": 0.125,
    "List_of_tornadoes_in_the_May_26\u201331,_2013_tornado_outbreak": 0.125,
    "1958_Colfax,_Wisconsin_tornado_outbreak": 0.1111111111111111,
    "1997_Central_Texas_tornado_outbreak": 0.1111111111111111,
    "Judgment_Day_(2007)": 0.1,
    "List_of_1998_Nashville_tornado_outbreak_tornadoes": 0.1,
    "List_of_late-April_2007_tornado_outbreak_sequence_tornadoes": 0.1,
    "List_of_United_States_tornadoes_from_May_to_June_2012": 0.1,
    "April_1956_tornado_outbreak_sequence": 0.1,
    "May_1896_tornado_outbreak_sequence": 0.09523809523809523,
    "Respect_is_Earned_(2007)": 0.09090909090909091,
    "1953_Flint\u2013Beecher_tornado": 0.09090909090909091,
    "1996_Oakfield_tornado": 0.09090909090909091,
    "List_of_United_States_tornadoes_from_July_to_September_2012": 0.09090909090909091,
    "List_of_United_States_tornadoes_from_October_to_December_2012": 0.09090909090909091,
    "May_1957_Central_Plains_tornado_outbreak": 0.09090909090909091,
    "March_1990_Central_US_tornado_outbreak": 0.08333333333333333,
    "1908_Dixie_tornado_outbreak": 0.07692307692307693,
    "February_1971_Mississippi_Delta_tornado_outbreak": 0.07692307692307693,
    "1991_Andover,_Kansas_tornado_outbreak": 0.07692307692307693,
    "1990_Plainfield_tornado": 0.07692307692307693,
    "1936_Tupelo\u2013Gainesville_tornado_outbreak": 0.07692307692307693,
    "April_1998_Birmingham_tornado": 0.07692307692307693,
    "March_1942_tornado_outbreak": 0.07142857142857142,
    "1985_United_States\u2013Canada_tornado_outbreak": 0.07142857142857142,
    "Mid-June_1992_tornado_outbreak": 0.07142857142857142,
    "1955_Great_Plains_tornado_outbreak": 0.07142857142857142,
    "1984_Barneveld,_Wisconsin_tornado_outbreak": 0.06666666666666667,
    "1968_Wheelersburg,_Ohio_tornado_outbreak": 0.06666666666666667,
    "Flint\u2013Worcester_tornado_outbreak_sequence": 0.06666666666666667,
    "1953_Waco_tornado_outbreak": 0.06666666666666667,
    "February_2007_North_America_blizzard": 0.06451612903225806,
    "April_2007_nor'easter": 0.05555555555555555,
    "April_1977_Birmingham_tornado": 0.05555555555555555,
    "May_1968_tornado_outbreak": 0.05,
    "May\u2013June_1917_tornado_outbreak_sequence": 0.045454545454545456,
    "1979_Red_River_Valley_tornado_outbreak": 0.045454545454545456,
    "June_1966_tornado_outbreak_sequence": 0.043478260869565216,
    "Tri-State_Tornado": 0.034482758620689655,
    "1993_Storm_of_the_Century": 0.029411764705882353,
    "Mid-December_2007_North_American_Winter_storms": 0.025
}