{
    "2008_Kentucky_Wildcats_football_team": 1.0,
    "2008_Auburn_Tigers_football_team": 0.16666666666666666,
    "2008_South_Carolina_Gamecocks_football_team": 0.16666666666666666,
    "2008_Arkansas_Razorbacks_football_team": 0.16666666666666666,
    "2008_Alabama_Crimson_Tide_football_team": 0.16666666666666666,
    "2008_Tennessee_Volunteers_football_team": 0.16666666666666666,
    "2008_Mississippi_State_Bulldogs_football_team": 0.16666666666666666,
    "2009_Kentucky_Wildcats_football_team": 0.16666666666666666,
    "2011_Kentucky_Wildcats_football_team": 0.16666666666666666,
    "2010_Kentucky_Wildcats_football_team": 0.16666666666666666,
    "1975_Kentucky_Wildcats_football_team": 0.16666666666666666,
    "1958_Kentucky_Wildcats_football_team": 0.16666666666666666,
    "1996_Kentucky_Wildcats_football_team": 0.16666666666666666,
    "2012_Kentucky_Wildcats_football_team": 0.16666666666666666,
    "2005_Kentucky_Wildcats_football_team": 0.16666666666666666,
    "2013_Kentucky_Wildcats_football_team": 0.16666666666666666,
    "2008_Georgia_Bulldogs_football_team": 0.14285714285714285,
    "2008_LSU_Tigers_football_team": 0.14285714285714285,
    "2007_Mississippi_State_Bulldogs_football_team": 0.14285714285714285,
    "2007_Kentucky_Wildcats_football_team": 0.14285714285714285,
    "2008_Ole_Miss_Rebels_football_team": 0.14285714285714285,
    "2008_Vanderbilt_Commodores_football_team": 0.14285714285714285,
    "2008_WKU_Hilltoppers_football_team": 0.14285714285714285,
    "2008_Kentucky_Derby": 0.14285714285714285,
    "2009_Arkansas_Razorbacks_football_team": 0.14285714285714285,
    "2006_South_Carolina_Gamecocks_football_team": 0.14285714285714285,
    "1978_Missouri_Tigers_football_team": 0.14285714285714285,
    "1976_Kentucky_Wildcats_football_team": 0.14285714285714285,
    "1962_Oregon_State_Beavers_football_team": 0.14285714285714285,
    "1986_Tennessee_Volunteers_football_team": 0.14285714285714285,
    "1977_Nebraska_Cornhuskers_football_team": 0.14285714285714285,
    "1974_Tennessee_Volunteers_football_team": 0.14285714285714285,
    "2008_Meijer_Indy_300": 0.14285714285714285,
    "1974_Kentucky_Wildcats_football_team": 0.14285714285714285,
    "1965_Kentucky_Wildcats_football_team": 0.14285714285714285,
    "1980_Purdue_Boilermakers_football_team": 0.14285714285714285,
    "1971_Tennessee_Volunteers_football_team": 0.14285714285714285,
    "2013_Mississippi_State_Bulldogs_football_team": 0.14285714285714285,
    "2004_Louisville_Cardinals_football_team": 0.125,
    "1981_Ohio_State_Buckeyes_football_team": 0.125,
    "2008\u201309_Louisville_Cardinals_men's_basketball_team": 0.125,
    "1988_Indiana_Hoosiers_football_team": 0.125,
    "1998_Kentucky_Wildcats_football_team": 0.125,
    "1991_Air_Force_Falcons_football_team": 0.125,
    "2003_Utah_Utes_football_team": 0.125,
    "1995_East_Carolina_Pirates_football_team": 0.125,
    "1993_Kentucky_Wildcats_football_team": 0.125,
    "1983_Kentucky_Wildcats_football_team": 0.125,
    "1989_Kentucky_Wildcats_football_team": 0.125,
    "2002_Kentucky_Wildcats_football_team": 0.125,
    "1988_Kentucky_Wildcats_football_team": 0.125,
    "2010_UCF_Knights_football_team": 0.125,
    "2002_TCU_Horned_Frogs_football_team": 0.125,
    "2006_Kentucky_Wildcats_football_team": 0.125,
    "2004_Kentucky_Wildcats_football_team": 0.125,
    "2003_Kentucky_Wildcats_football_team": 0.125,
    "2001_Kentucky_Wildcats_football_team": 0.125,
    "2000_Kentucky_Wildcats_football_team": 0.125,
    "1999_Kentucky_Wildcats_football_team": 0.125,
    "1997_Kentucky_Wildcats_football_team": 0.125,
    "1994_Illinois_Fighting_Illini_football_team": 0.125,
    "1979_Kentucky_Wildcats_football_team": 0.125,
    "2008_Florida_Gators_football_team": 0.125,
    "2008_Louisville_Cardinals_football_team": 0.1111111111111111,
    "1969_Colorado_Buffaloes_football_team": 0.1111111111111111,
    "1984_Auburn_Tigers_football_team": 0.1111111111111111,
    "1984_Kentucky_Wildcats_football_team": 0.1111111111111111,
    "2011_Cincinnati_Bearcats_football_team": 0.1111111111111111,
    "2012_Tulsa_Golden_Hurricane_football_team": 0.1111111111111111,
    "2005_Tulsa_Golden_Hurricane_football_team": 0.1111111111111111,
    "1993_Louisville_Cardinals_football_team": 0.1,
    "1998_Tulane_Green_Wave_football_team": 0.1,
    "1950_Kentucky_Wildcats_football_team": 0.09090909090909091,
    "2001_Louisville_Cardinals_football_team": 0.09090909090909091
}