{
    "Greatest_Britons_spin-offs": 1.0,
    "Velyki_Ukra\u00efntsi": 0.3333333333333333,
    "List_of_CBBC_presenters": 0.3333333333333333,
    "List_of_BBC_properties": 0.3333333333333333,
    "List_of_Room_101_episodes": 0.3333333333333333,
    "El_Gen_Argentino": 0.25,
    "List_of_Mock_the_Week_episodes": 0.25,
    "List_of_Only_Fools_and_Horses_episodes": 0.25,
    "List_of_My_Family_episodes": 0.25,
    "100_Greatest_Britons": 0.16666666666666666,
    "List_of_In_Our_Time_programmes": 0.16666666666666666,
    "O_Maior_Brasileiro_de_Todos_os_Tempos": 0.14285714285714285,
    "The_Greatest_Canadian": 0.14285714285714285,
    "Os_Grandes_Portugueses": 0.14285714285714285,
    "Great_Greeks": 0.125,
    "Name_of_Russia_(Russia_TV)": 0.1111111111111111,
    "Ireland's_Greatest": 0.08333333333333333
}