{
    "Civil_parishes_in_West_Yorkshire": 1.0,
    "List_of_civil_parishes_in_Buckinghamshire": 0.2,
    "Civil_parishes_in_Merseyside": 0.2,
    "Civil_parishes_in_Bedfordshire": 0.16666666666666666,
    "Civil_parishes_in_Cambridgeshire": 0.16666666666666666,
    "List_of_civil_parishes_in_the_East_Riding_of_Yorkshire": 0.16666666666666666,
    "Civil_parishes_in_Greater_Manchester": 0.16666666666666666,
    "List_of_civil_parishes_in_Hertfordshire": 0.16666666666666666,
    "Civil_parishes_in_Tyne_and_Wear": 0.16666666666666666,
    "Civil_parishes_in_the_West_Midlands_(county)": 0.16666666666666666,
    "Civil_parishes_in_Berkshire": 0.14285714285714285,
    "Civil_parishes_in_Cheshire": 0.14285714285714285,
    "Civil_parishes_in_Lancashire": 0.14285714285714285,
    "Civil_parishes_in_South_Yorkshire": 0.14285714285714285,
    "List_of_Parliamentary_constituencies_in_West_Yorkshire": 0.14285714285714285,
    "Civil_parishes_in_Cornwall": 0.14285714285714285,
    "List_of_civil_parishes_in_Devon": 0.14285714285714285,
    "List_of_civil_parishes_in_Suffolk": 0.14285714285714285,
    "Civil_parishes_in_Cumbria": 0.125,
    "List_of_civil_parishes_in_Somerset": 0.125,
    "List_of_civil_parishes_in_Worcestershire": 0.125
}