{
    "Supercopa_ASOBAL": 1.0,
    "Cross_Internacional_Valle_de_Llodio": 0.2222222222222222,
    "Bulgarian_International": 0.16666666666666666,
    "U.S._Open_(swimming)": 0.16666666666666666,
    "Coupe_de_la_Jeunesse": 0.16666666666666666,
    "Big_East_Conference_Baseball_Tournament": 0.16666666666666666,
    "World_Port_Tournament": 0.16666666666666666,
    "Liga_ASOBAL": 0.16666666666666666,
    "Badminton_at_the_Deaflympics": 0.16666666666666666,
    "Grand_Prix_of_St._Petersburg": 0.16666666666666666,
    "Supercopa_de_Espa\u00f1a_de_Balonmano_Femenino": 0.16666666666666666,
    "Island_Games": 0.14285714285714285,
    "World_Mountain_Running_Championships": 0.14285714285714285,
    "Oxfordshire_Gold_Cup": 0.14285714285714285,
    "Parel_van_de_Veluwe": 0.14285714285714285,
    "Philippine_Basketball_Association_draft": 0.14285714285714285,
    "Thailand_National_Youth_Games": 0.125,
    "Tour_de_l'Aude_Cycliste_F\u00e9minin": 0.125,
    "Pan_Pacific_Swimming_Championships": 0.125,
    "All-time_Pan_Pacific_Championships_medal_table": 0.125,
    "Asian_Canoeing_Championships": 0.125,
    "Colombian_National_Road_Race_Championships": 0.125,
    "Vietnam_National_Games": 0.125,
    "Profronde_van_Oostvoorne": 0.125,
    "ISU_Speed_Skating_World_Cup": 0.125,
    "Games_of_the_Small_States_of_Europe": 0.125,
    "Jimmy_Winkfield_Stakes": 0.1111111111111111,
    "Head_of_the_Schoolgirls_(Victoria)": 0.1111111111111111,
    "African_Handball_Cup_Winners'_Cup": 0.1111111111111111,
    "Danmark_Rundt": 0.1111111111111111,
    "Giro_Media_Blenio": 0.1111111111111111,
    "World_Marathon_Cup": 0.1111111111111111,
    "IAAF_World_Indoor_Championships_in_Athletics": 0.1111111111111111,
    "FIFA_U-17_World_Cup": 0.1,
    "Pittsburgh_Marathon": 0.1,
    "IAAF_Grand_Prix": 0.1,
    "Grande_Premio_Brasil_Caixa_de_Atletismo": 0.1,
    "Vancouver_Sun_Run": 0.1,
    "Dam_tot_Damloop": 0.09090909090909091,
    "Wellington_500": 0.09090909090909091,
    "Swale_Stakes": 0.09090909090909091,
    "Miami_Masters": 0.08333333333333333,
    "Alfred_Dunhill_Cup": 0.07692307692307693,
    "NASCAR_Sprint_All-Star_Race": 0.07692307692307693
}