{
    "Air_Austral": 1.0,
    "List_of_airlines_of_France": 0.14285714285714285,
    "Aircalin": 0.14285714285714285,
    "Cyprus_Turkish_Airlines": 0.1111111111111111,
    "Air_Seychelles_destinations": 0.1,
    "British_Airways": 0.0625
}