{
    "Memorial_Tournament": 1.0,
    "2013_Presidents_Cup": 0.16666666666666666,
    "List_of_career_achievements_by_Jack_Nicklaus": 0.125,
    "Big_West_Conference_Men's_Basketball_Tournament": 0.125,
    "PGA_Tour_Qualifying_Tournament": 0.125,
    "Big_Sky_Conference_Men's_Basketball_Tournament": 0.125,
    "British_Formula_Ford_Championship": 0.1,
    "Eurocup_M\u00e9gane_Trophy": 0.1,
    "Bruges_Matins_(football)": 0.1,
    "FIBA_Europe_Under-16_Championship_for_Women": 0.1,
    "Qatar_International_Rally": 0.1,
    "Presidents_Cup": 0.09090909090909091,
    "Winter_Paralympic_Games": 0.09090909090909091,
    "FIA_European_Championships_for_Rallycross_Drivers": 0.09090909090909091,
    "European_Hot_Air_Balloon_Championships": 0.09090909090909091,
    "Canadian_Open_(golf)": 0.08333333333333333,
    "Colonial_National_Invitational": 0.08333333333333333,
    "Marine_Corps_Marathon": 0.08333333333333333,
    "1978_LPGA_Championship": 0.08333333333333333,
    "1979_LPGA_Championship": 0.08333333333333333,
    "1980_LPGA_Championship": 0.08333333333333333,
    "1981_LPGA_Championship": 0.08333333333333333,
    "1982_LPGA_Championship": 0.08333333333333333,
    "1987_LPGA_Championship": 0.08333333333333333,
    "1988_LPGA_Championship": 0.08333333333333333,
    "1989_LPGA_Championship": 0.08333333333333333,
    "Gouden_Pijl": 0.08333333333333333,
    "Rampart_Stakes": 0.08333333333333333,
    "Marathon_Classic": 0.08333333333333333,
    "U.S._Open_9-Ball_Championships": 0.07692307692307693,
    "Cleveland_Open": 0.07692307692307693,
    "1946_U.S._Open_(golf)": 0.07692307692307693,
    "1940_U.S._Open_(golf)": 0.07692307692307693,
    "Cologne_Grand_Prix": 0.07692307692307693,
    "1964_PGA_Championship": 0.07692307692307693,
    "1969_PGA_Championship": 0.07692307692307693,
    "1973_PGA_Championship": 0.07692307692307693,
    "D\u00e9castar": 0.07692307692307693,
    "European_Taekwondo_Championships": 0.07692307692307693,
    "Hall_of_Fame_Tennis_Championships": 0.07692307692307693,
    "1984_LPGA_Championship": 0.07692307692307693,
    "1985_LPGA_Championship": 0.07692307692307693,
    "1986_LPGA_Championship": 0.07692307692307693,
    "World_Rowing_U23_Championships": 0.07692307692307693,
    "Inside_Information_Stakes": 0.07692307692307693,
    "Women's_British_Open": 0.07142857142857142,
    "1979_U.S._Open_(golf)": 0.07142857142857142,
    "1957_U.S._Open_(golf)": 0.07142857142857142,
    "1920_U.S._Open_(golf)": 0.07142857142857142,
    "1926_U.S._Open_(golf)": 0.07142857142857142,
    "1931_U.S._Open_(golf)": 0.07142857142857142,
    "1993_PGA_Championship": 0.07142857142857142,
    "1986_PGA_Championship": 0.07142857142857142,
    "1960_PGA_Championship": 0.07142857142857142,
    "1966_PGA_Championship": 0.07142857142857142,
    "1975_PGA_Championship": 0.07142857142857142,
    "Mosport_Trans-Am": 0.07142857142857142,
    "WGC-Bridgestone_Invitational": 0.06666666666666667,
    "1986_U.S._Women's_Open_Golf_Championship": 0.06666666666666667,
    "Paris_Marathon": 0.0625,
    "LPGA_State_Farm_Classic": 0.0625,
    "Goodall_Palm_Beach_Round_Robin": 0.05,
    "Jack_Nicklaus": 0.034482758620689655,
    "Western_Open": 0.034482758620689655
}