{
    "List_of_state_highways_in_California_(pre-1964)": 1.0,
    "List_of_state_highways_in_California": 0.5,
    "California_postmile": 0.3333333333333333,
    "California_State_Route_46": 0.3333333333333333,
    "History_of_California's_state_highway_system": 0.25,
    "California_State_Route_193": 0.25,
    "California_State_Route_45": 0.25,
    "California_State_Route_145": 0.25,
    "California_State_Route_139": 0.25,
    "California_State_Route_79": 0.2,
    "California_State_Route_90": 0.2,
    "California_State_Route_32": 0.2,
    "California_State_Route_166": 0.2,
    "California_State_Route_62": 0.2,
    "1964_state_highway_renumbering_(California)": 0.2,
    "California_State_Route_57": 0.2,
    "California_State_Route_92": 0.2,
    "California_State_Route_140": 0.2,
    "California_State_Route_37": 0.2,
    "California_State_Route_88": 0.16666666666666666,
    "California_State_Route_180": 0.16666666666666666,
    "Hollywood_Freeway": 0.16666666666666666,
    "California_State_Route_82": 0.16666666666666666,
    "California_State_Route_84": 0.14285714285714285,
    "California_State_Route_3": 0.14285714285714285,
    "California_State_Route_18": 0.14285714285714285,
    "California_State_Route_16": 0.14285714285714285,
    "California_State_Route_29": 0.14285714285714285,
    "California_State_Route_43": 0.14285714285714285,
    "California_State_Route_132": 0.14285714285714285,
    "California_State_Route_162": 0.14285714285714285,
    "California_State_Route_9": 0.125,
    "California_State_Route_113": 0.125,
    "California_State_Route_35": 0.125,
    "California_State_Route_70": 0.125,
    "California_State_Route_60": 0.125,
    "California_State_Route_2": 0.1111111111111111,
    "California_State_Route_78": 0.1111111111111111,
    "California_State_Route_17": 0.1111111111111111,
    "California_State_Route_4": 0.1111111111111111,
    "California_State_Route_41": 0.1111111111111111,
    "California_State_Route_36": 0.1111111111111111,
    "California_State_Route_198": 0.1111111111111111,
    "California_State_Route_65": 0.1111111111111111,
    "California_State_Route_190": 0.1111111111111111,
    "California_State_Route_91": 0.1111111111111111,
    "California_State_Route_120": 0.1111111111111111,
    "California_State_Route_126": 0.1,
    "California_State_Route_23": 0.1,
    "California_State_Route_299": 0.1,
    "Interstate_710": 0.1,
    "California_State_Route_14": 0.1,
    "California_State_Route_74": 0.1,
    "California_State_Route_160": 0.1,
    "California_State_Route_73": 0.09090909090909091,
    "California_State_Route_71": 0.09090909090909091,
    "California_State_Route_12": 0.09090909090909091,
    "California_State_Route_20": 0.09090909090909091,
    "California_State_Route_128": 0.09090909090909091,
    "California_State_Route_58": 0.09090909090909091,
    "California_State_Route_86": 0.09090909090909091,
    "California_State_Route_138": 0.09090909090909091,
    "California_State_Route_152": 0.09090909090909091,
    "California_State_Route_118": 0.08333333333333333,
    "Interstate_210_and_State_Route_210_(California)": 0.08333333333333333,
    "California_State_Route_168": 0.08333333333333333,
    "Interstate_110_and_State_Route_110_(California)": 0.08333333333333333,
    "Ventura_Freeway": 0.08333333333333333,
    "California_State_Route_66": 0.07692307692307693,
    "California_State_Route_33": 0.07692307692307693,
    "California_State_Route_89": 0.07692307692307693,
    "California_State_Route_111": 0.07692307692307693,
    "California_State_Route_19": 0.07142857142857142,
    "California_State_Route_39": 0.0625,
    "California_State_Route_49": 0.0625,
    "California_State_Route_178": 0.0625,
    "California_State_Route_99": 0.045454545454545456,
    "California_State_Route_1": 0.041666666666666664
}