{
    "McCovey_Cove": 1.0,
    "Hawk_Hill,_California": 0.16666666666666666,
    "Bay_Bridge_Series": 0.14285714285714285
}