{
    "Swimming_at_the_1983_Pan_American_Games": 1.0,
    "Swimming_at_the_Pan_American_Games": 0.16666666666666666,
    "Swimming_at_the_2007_Pan_American_Games": 0.14285714285714285,
    "Swimming_at_the_1991_Pan_American_Games": 0.14285714285714285,
    "List_of_Pan_American_Games_records_in_swimming": 0.14285714285714285,
    "Swimming_at_the_1979_Pan_American_Games": 0.14285714285714285,
    "Swimming_at_the_1967_Pan_American_Games": 0.14285714285714285,
    "Swimming_at_the_1971_Pan_American_Games": 0.14285714285714285,
    "Swimming_at_the_1999_Pan_American_Games": 0.14285714285714285,
    "Swimming_at_the_2003_Pan_American_Games": 0.14285714285714285,
    "Swimming_at_the_1995_Pan_American_Games": 0.14285714285714285,
    "Boxing_at_the_1983_Pan_American_Games": 0.14285714285714285,
    "Athletics_at_the_1983_Pan_American_Games": 0.125,
    "Swimming_at_the_1987_Pan_American_Games": 0.125,
    "Swimming_at_the_1975_Pan_American_Games": 0.125,
    "Swimming_at_the_2011_Pan_American_Games": 0.1111111111111111
}