{
    "Kazakhstan_Hockey_Championship": 1.0,
    "Belarusian_Extraleague": 0.125,
    "Mestis": 0.125,
    "National_League_A": 0.125,
    "Suomi-sarja": 0.1111111111111111,
    "Elite.A": 0.1111111111111111,
    "Deutsche_Eishockey_Liga": 0.1111111111111111,
    "Kontinental_Hockey_League": 0.10526315789473684,
    "Turkish_Ice_Hockey_Super_League": 0.1,
    "Czech_Extraliga": 0.1,
    "Swedish_Hockey_League": 0.1,
    "Ligue_Magnus": 0.1,
    "Liiga": 0.1,
    "Elite_Ice_Hockey_League": 0.09090909090909091,
    "Norwegian_First_Division_(ice_hockey)": 0.09090909090909091,
    "Slovak_Extraliga": 0.07692307692307693
}