{
    "Major_professional_sports_teams_of_the_United_States_and_Canada": 1.0,
    "National_Lacrosse_League": 0.2222222222222222,
    "List_of_professional_sports_teams_in_the_United_States_and_Canada": 0.2,
    "List_of_baseball_teams_in_Canada": 0.2,
    "List_of_basketball_teams_in_Canada": 0.2,
    "American_Hockey_League": 0.18181818181818182,
    "National_Hockey_League": 0.18181818181818182,
    "National_Basketball_Association": 0.16666666666666666,
    "Champions_Tour": 0.16666666666666666,
    "Major_League_Baseball": 0.16666666666666666,
    "List_of_American_and_Canadian_cities_by_number_of_major_professional_sports_franchises": 0.16666666666666666,
    "NBA_Development_League": 0.16666666666666666,
    "Web.com_Tour": 0.16666666666666666,
    "List_of_lacrosse_teams_in_Canada": 0.16666666666666666,
    "List_of_Gridiron_football_teams_in_Canada": 0.16666666666666666,
    "Sport_in_Ottawa": 0.14285714285714285,
    "Major_League_Lacrosse": 0.14285714285714285,
    "Street_League_Skateboarding": 0.14285714285714285,
    "List_of_ice_hockey_teams_in_Alberta": 0.14285714285714285,
    "List_of_ice_hockey_teams_in_British_Columbia": 0.14285714285714285,
    "List_of_ice_hockey_teams_in_Saskatchewan": 0.14285714285714285,
    "List_of_ice_hockey_teams_in_Manitoba": 0.14285714285714285,
    "List_of_ice_hockey_teams_in_New_Brunswick": 0.14285714285714285,
    "List_of_ice_hockey_teams_in_Ontario": 0.14285714285714285,
    "List_of_ice_hockey_teams_in_Quebec": 0.14285714285714285,
    "Professional_Arena_Soccer_League": 0.125,
    "Symetra_Tour": 0.125,
    "Women's_National_Basketball_Association": 0.125,
    "Atlantic_League_of_Professional_Baseball": 0.125,
    "Canadian_Championship": 0.1111111111111111,
    "Canadian_Soccer_League": 0.1111111111111111,
    "List_of_defunct_and_relocated_National_Hockey_League_teams": 0.1111111111111111,
    "Atlantic_Coast_Professional_Basketball_League": 0.1111111111111111,
    "Independent_Basketball_Association": 0.1111111111111111,
    "Canadian_Football_League": 0.1111111111111111,
    "PBA_Tour": 0.1111111111111111,
    "South_Atlantic_League": 0.1111111111111111,
    "Baloncesto_Superior_Nacional": 0.1111111111111111,
    "American_Basketball_Association_(2000\u2013present)": 0.1,
    "Tobacco_Road_Basketball_League": 0.1,
    "Arizona_Fall_League": 0.1,
    "Southern_Professional_Hockey_League": 0.1,
    "Championship_1": 0.09090909090909091,
    "California_League": 0.09090909090909091,
    "Florida_State_League": 0.09090909090909091,
    "Super_League": 0.08333333333333333,
    "Midwest_League": 0.08333333333333333,
    "USL_Pro": 0.07692307692307693,
    "Championship_(rugby_league)": 0.07692307692307693,
    "Arena_Football_League": 0.06666666666666667
}