{
    "Durham_Region_Transit": 1.0,
    "Megabus_(North_America)": 0.18181818181818182,
    "Porter_Airlines": 0.16666666666666666,
    "Belleville_Transit": 0.14285714285714285,
    "St._Catharines_Transit": 0.14285714285714285,
    "Thunder_Bay_Transit": 0.14285714285714285,
    "My_Broadcasting_Corporation": 0.125,
    "Brampton_Transit": 0.1111111111111111,
    "Sum_41": 0.05263157894736842
}