{
    "Order_of_battle_for_Convoy_SC_7": 1.0,
    "Convoy_ONS_5_order_of_battle": 1.0,
    "RAF_Coastal_Command_order_of_battle_during_World_War_II": 0.5,
    "Battle_of_the_Bismarck_Sea_order_of_battle": 0.5,
    "RAF_Fighter_Command_Order_of_Battle_1940": 0.3333333333333333,
    "Convoy_OB_293": 0.3333333333333333,
    "Luftwaffe_Order_of_Battle_April_1940": 0.3333333333333333,
    "Order_of_battle_for_Convoy_PQ_17": 0.3333333333333333,
    "Order_of_battle_for_Convoy_PQ_18": 0.3333333333333333,
    "Convoy_HX_300": 0.3333333333333333,
    "Convoy_HX_237": 0.3333333333333333,
    "Convoy_TM_1": 0.3333333333333333,
    "Convoy_ON_122": 0.3333333333333333,
    "Axis_order_of_battle_for_the_invasion_of_Yugoslavia": 0.3333333333333333,
    "Convoy_SC_20": 0.3333333333333333,
    "Convoy_SL_78": 0.3333333333333333,
    "Convoy_HX_133": 0.3333333333333333,
    "Convoy_SC_67": 0.3333333333333333,
    "Midway_order_of_battle": 0.3333333333333333,
    "Luftwaffe_Order_of_Battle_August_1940": 0.25,
    "Convoy_ONS_5": 0.25,
    "Convoy_HX_79": 0.25,
    "Convoy_HX_112": 0.25,
    "Convoy_ON_166": 0.25,
    "Convoy_SC_118": 0.25,
    "Convoy_SC_94": 0.25,
    "Convoy_ON_154": 0.25,
    "Convoy_SC_107": 0.25,
    "Convoy_SC_104": 0.25,
    "Convoy_HX_156": 0.25,
    "Convoy_ON_127": 0.25,
    "Convoy_ON_67": 0.25,
    "List_of_Allied_forces_in_the_Normandy_Campaign": 0.25,
    "Convoy_HX_212": 0.25,
    "Yugoslav_order_of_battle_for_the_invasion_of_Yugoslavia": 0.25,
    "Convoy_ON_113": 0.25,
    "Convoy_SC_19": 0.25,
    "Convoy_SC_121": 0.2,
    "Convoy_HX_84": 0.2,
    "Flower-class_corvette": 0.2,
    "Operation_Husky_order_of_battle": 0.2,
    "Convoy_OB_318": 0.16666666666666666,
    "Convoy_HX_126": 0.16666666666666666,
    "Convoy_Battles_of_World_War_II": 0.16666666666666666,
    "List_of_Eastern_Fleet_ships": 0.14285714285714285,
    "List_of_World_War_II_convoys": 0.08333333333333333
}