{
    "List_of_highways_in_Essex_County,_New_York": 1.0,
    "List_of_reference_routes_in_New_York": 0.3333333333333333,
    "List_of_county_routes_in_Ontario_County,_New_York": 0.3333333333333333,
    "List_of_highways_in_Warren_County,_New_York": 0.3333333333333333,
    "List_of_highways_in_Hamilton_County,_New_York": 0.3333333333333333,
    "Highways_in_Niagara_County,_New_York": 0.3333333333333333,
    "Highways_in_Genesee_County,_New_York": 0.3333333333333333,
    "List_of_state_routes_in_New_York": 0.3333333333333333,
    "Parkways_in_New_York": 0.3333333333333333,
    "List_of_Interstate_Highways_in_New_York": 0.3333333333333333,
    "List_of_U.S._Routes_in_New_York": 0.3333333333333333,
    "List_of_numbered_Brooklyn_streets": 0.25,
    "Brooklyn_streets": 0.25,
    "New_York_State_Route_9N": 0.14285714285714285,
    "New_York_State_Route_3": 0.1,
    "New_York_State_Route_22": 0.08333333333333333,
    "U.S._Route_9_in_New_York": 0.058823529411764705,
    "Major_Deegan_Expressway": 0.05263157894736842
}