{
    "Captain_General_of_the_Church": 1.0,
    "Army_officer_ranks": 0.16666666666666666,
    "Generalissimo": 0.125,
    "Gonfalonier_of_the_Church": 0.1111111111111111,
    "Captain_(armed_forces)": 0.07142857142857142
}