{
    "2010_European_Aquatics_Championships": 1.0,
    "2006_European_Aquatics_Championships": 0.23076923076923078,
    "1958_European_Aquatics_Championships": 0.21428571428571427,
    "2010_Hungarian_Grand_Prix": 0.2,
    "2013_World_Fencing_Championships": 0.14285714285714285,
    "2013_European_Karate_Championships": 0.14285714285714285,
    "2013_European_Judo_Championships": 0.13333333333333333,
    "2010_1000_km_of_Hungaroring": 0.1111111111111111,
    "List_of_European_Aquatics_Championships_medalists_in_open_water_swimming": 0.1111111111111111,
    "2012_European_Aquatics_Championships": 0.10526315789473684,
    "2010_Belgian_Grand_Prix": 0.09090909090909091,
    "Aquatics_at_the_2010_Commonwealth_Games": 0.09090909090909091,
    "List_of_European_Aquatics_Championships_medalists_in_swimming_(men)": 0.09090909090909091,
    "List_of_European_Aquatics_Championships_medalists_in_swimming_(women)": 0.09090909090909091,
    "2001_World_Allround_Speed_Skating_Championships": 0.09090909090909091,
    "2010_Tour_de_Pologne": 0.08333333333333333,
    "2010_Women's_European_Union_Amateur_Boxing_Championships": 0.08333333333333333,
    "2012_European_Allround_Speed_Skating_Championships": 0.08333333333333333,
    "LEN_European_Aquatics_Championships": 0.08333333333333333,
    "1977_European_Aquatics_Championships": 0.07692307692307693,
    "1947_European_Aquatics_Championships": 0.07692307692307693,
    "1984_European_Figure_Skating_Championships": 0.07692307692307693,
    "1966_European_Aquatics_Championships": 0.07692307692307693,
    "2013_World_Wrestling_Championships": 0.07692307692307693,
    "2007_European_Short_Course_Swimming_Championships": 0.07692307692307693,
    "2008_European_Aquatics_Championships": 0.07142857142857142,
    "European_Junior_Swimming_Championships": 0.07142857142857142,
    "2004_European_Figure_Skating_Championships": 0.07142857142857142,
    "1987_European_Aquatics_Championships": 0.07142857142857142,
    "1988_World_Figure_Skating_Championships": 0.07142857142857142,
    "1934_European_Aquatics_Championships": 0.07142857142857142,
    "1927_European_Aquatics_Championships": 0.07142857142857142,
    "1931_European_Aquatics_Championships": 0.07142857142857142,
    "1974_European_Aquatics_Championships": 0.07142857142857142,
    "1963_European_Figure_Skating_Championships": 0.07142857142857142,
    "1955_European_Figure_Skating_Championships": 0.07142857142857142,
    "1997_World_Amateur_Boxing_Championships": 0.07142857142857142,
    "1983_European_Aquatics_Championships": 0.07142857142857142,
    "European_Short_Course_Swimming_Championships": 0.07142857142857142,
    "2004_European_Aquatics_Championships": 0.07142857142857142,
    "1981_European_Aquatics_Championships": 0.06666666666666667,
    "1954_European_Aquatics_Championships": 0.06666666666666667,
    "1985_European_Amateur_Boxing_Championships": 0.06666666666666667,
    "1989_IAAF_World_Indoor_Championships": 0.06666666666666667,
    "1962_European_Aquatics_Championships": 0.06666666666666667,
    "1970_European_Aquatics_Championships": 0.06666666666666667,
    "1991_European_Aquatics_Championships": 0.06666666666666667,
    "1983_European_Athletics_Indoor_Championships": 0.06666666666666667,
    "2002_European_Aquatics_Championships": 0.06666666666666667,
    "2000_European_Aquatics_Championships": 0.06666666666666667,
    "1997_European_Aquatics_Championships": 0.06666666666666667,
    "2004_IAAF_World_Indoor_Championships": 0.06666666666666667,
    "1998_European_Athletics_Championships": 0.0625,
    "1989_European_Aquatics_Championships": 0.0625,
    "1935_International_University_Games": 0.0625,
    "1965_Summer_Universiade": 0.0625,
    "1993_European_Aquatics_Championships": 0.0625,
    "1994_IAAF_World_Cross_Country_Championships": 0.0625,
    "1966_European_Athletics_Championships": 0.058823529411764705,
    "1995_European_Aquatics_Championships": 0.058823529411764705,
    "1999_European_Aquatics_Championships": 0.058823529411764705,
    "1990_World_Weightlifting_Championships": 0.05555555555555555,
    "1985_European_Aquatics_Championships": 0.05263157894736842,
    "2010_European_Athletics_Championships": 0.05
}