{
    "A_Day_at_the_Races_Tour": 1.0,
    "News_of_the_World_Tour": 0.6666666666666666,
    "Magic_Tour_(Queen)": 0.3333333333333333,
    "Crazy_Tour": 0.3333333333333333,
    "Hot_Space_Tour": 0.3333333333333333,
    "Jazz_Tour": 0.3333333333333333,
    "Love_Gun_Tour": 0.3333333333333333,
    "Two_the_Hard_Way_Tour": 0.3333333333333333,
    "Street_Survivors_Tour": 0.3333333333333333,
    "Queen_II_Tour": 0.3333333333333333,
    "Exodus_Tour": 0.3333333333333333,
    "The_Works_Tour": 0.25,
    "Led_Zeppelin_North_American_Tour_1977": 0.25,
    "Rock_the_Cosmos_Tour": 0.25,
    "A_Night_at_the_Opera_Tour": 0.25,
    "The_Game_Tour": 0.25,
    "Rock_&_Roll_Over_Tour": 0.25,
    "Sheer_Heart_Attack_Tour": 0.14285714285714285
}