{
    "1910_British_Lions_tour_to_South_Africa": 1.0,
    "1938_British_Lions_tour_to_South_Africa": 0.2,
    "1955_British_Lions_tour_to_South_Africa": 0.16666666666666666,
    "1968_British_Lions_tour_to_South_Africa": 0.14285714285714285,
    "1962_British_Lions_tour_to_South_Africa": 0.14285714285714285,
    "2009_British_and_Irish_Lions_tour_to_South_Africa": 0.1,
    "1949_New_Zealand_rugby_union_tour_of_South_Africa": 0.1,
    "1928_New_Zealand_rugby_union_tour_of_South_Africa": 0.09090909090909091,
    "1896_British_Lions_tour_to_South_Africa": 0.08333333333333333,
    "1997_British_Lions_tour_to_South_Africa": 0.07692307692307693
}