{
    "List_of_urban_areas_in_the_Nordic_countries": 1.0,
    "Largest_metropolitan_areas_in_the_Nordic_countries": 1.0,
    "Largest_urban_areas_of_Norway": 0.36363636363636365,
    "List_of_urban_areas_in_Norway_by_population": 0.36363636363636365,
    "List_of_urban_areas_in_Denmark_by_population": 0.36363636363636365,
    "List_of_towns_and_cities_in_Norway": 0.2727272727272727,
    "List_of_cities_in_Denmark_by_population": 0.2727272727272727,
    "List_of_boroughs_of_Oslo": 0.18181818181818182,
    "List_of_urban_areas_in_Sweden": 0.16666666666666666,
    "List_of_cities_and_towns_in_Finland": 0.16666666666666666,
    "List_of_cities_in_Sweden": 0.16666666666666666,
    "Municipalk\u00f6ping": 0.09090909090909091,
    "List_of_population_centres_in_Nova_Scotia": 0.09090909090909091,
    "List_of_towns_in_Scania,_Sweden": 0.08333333333333333,
    "List_of_urban_areas_in_the_Republic_of_Ireland_by_population": 0.08333333333333333,
    "List_of_municipalities_of_Denmark": 0.08333333333333333,
    "K\u00f6ping": 0.08333333333333333,
    "List_of_the_100_largest_population_centres_in_Canada": 0.08333333333333333,
    "List_of_towns_in_the_Faroe_Islands": 0.08333333333333333,
    "List_of_municipality_numbers_of_Norway": 0.08333333333333333,
    "Kongsvinger": 0.07692307692307693,
    "Provinces_of_Finland": 0.07692307692307693,
    "Counties_of_Denmark": 0.07692307692307693,
    "List_of_Finnish_municipalities_without_scheduled_railway_services": 0.07692307692307693,
    "List_of_municipalities_of_Sweden_by_wealth": 0.07692307692307693,
    "Demographics_of_Nova_Scotia": 0.07692307692307693,
    "List_of_former_municipalities_of_Norway": 0.07142857142857142,
    "List_of_United_States_urban_areas": 0.07142857142857142,
    "Largest_urban_areas_of_the_European_Union": 0.07142857142857142,
    "List_of_municipalities_of_the_Faroe_Islands": 0.06666666666666667,
    "List_of_rural_and_urban_districts_in_England_in_1973": 0.06666666666666667,
    "List_of_rural_and_urban_districts_in_Northern_Ireland": 0.06666666666666667,
    "List_of_urban_areas_in_the_United_Kingdom": 0.06666666666666667,
    "List_of_municipalities_of_Norway": 0.0625,
    "Vaasa": 0.058823529411764705,
    "Trondheim": 0.05555555555555555,
    "Oslo": 0.047619047619047616
}