{
    "WTA_Swiss_Open": 1.0,
    "Champ_Car_Grand_Prix_of_Road_America": 0.1111111111111111,
    "Stade_Lausanne_Rugby_Club": 0.1111111111111111,
    "Swiss_Open_(tennis)": 0.1,
    "BSI_Challenger_Lugano": 0.09090909090909091,
    "Swiss_Indoors": 0.08333333333333333,
    "1995_IBF_World_Championships": 0.08333333333333333,
    "Zurich_Open": 0.0625,
    "Geneva_Open": 0.058823529411764705,
    "Croatian_Bol_Ladies_Open": 0.05263157894736842,
    "XM_Satellite_Radio_Indy_200": 0.047619047619047616
}