{
    "2009_MLS_SuperDraft": 1.0,
    "2012_MLS_SuperDraft": 0.5,
    "2004_MLS_SuperDraft": 0.3333333333333333,
    "2003_MLS_SuperDraft": 0.3333333333333333,
    "2001_MLS_SuperDraft": 0.3333333333333333,
    "2000_MLS_SuperDraft": 0.3333333333333333,
    "2008_MLS_SuperDraft": 0.3333333333333333,
    "2009_MLS_Cup_Playoffs": 0.3333333333333333,
    "2009_MLS_Expansion_Draft": 0.3333333333333333,
    "2010_MLS_SuperDraft": 0.3333333333333333,
    "2011_MLS_Supplemental_Draft": 0.3333333333333333,
    "2011_MLS_Re-Entry_Draft": 0.3333333333333333,
    "2012_MLS_Supplemental_Draft": 0.3333333333333333,
    "2013_MLS_Supplemental_Draft": 0.3333333333333333,
    "2014_MLS_SuperDraft": 0.3333333333333333,
    "2012_MLS_Re-Entry_Draft": 0.3333333333333333,
    "2006_MLS_SuperDraft": 0.3333333333333333,
    "2002_MLS_SuperDraft": 0.25,
    "List_of_first_overall_Major_League_Soccer_draft_picks": 0.25,
    "2011_MLS_SuperDraft": 0.25,
    "2010_MLS_Re-Entry_Draft": 0.25,
    "2013_MLS_SuperDraft": 0.25,
    "2007_MLS_SuperDraft": 0.25,
    "2005_MLS_SuperDraft": 0.2,
    "2009_Major_League_Soccer_season": 0.2,
    "List_of_Major_League_Soccer_transfers_2009": 0.2,
    "2009_Kansas_City_Wizards_season": 0.2,
    "2009_Seattle_Sounders_FC_season": 0.2,
    "2009_Toronto_FC_season": 0.2,
    "2009_Houston_Dynamo_season": 0.2,
    "2009_Chicago_Fire_season": 0.2,
    "2009_D.C._United_season": 0.2,
    "2009_New_York_Red_Bulls_season": 0.2,
    "2009_Chivas_USA_season": 0.2,
    "2009_Colorado_Rapids_season": 0.2,
    "2009_FC_Dallas_season": 0.2,
    "2009_Los_Angeles_Galaxy_season": 0.2,
    "2009_San_Jose_Earthquakes_season": 0.2,
    "2009_Columbus_Crew_season": 0.16666666666666666,
    "2009_New_England_Revolution_season": 0.16666666666666666,
    "2009_Real_Salt_Lake_season": 0.16666666666666666
}