{
    "2009_Buffalo_Bills_season": 1.0,
    "2008_Buffalo_Bills_season": 0.3333333333333333,
    "2007_Buffalo_Bills_season": 0.16666666666666666,
    "1961_Buffalo_Bills_season": 0.16666666666666666,
    "2000_Buffalo_Bills_season": 0.16666666666666666,
    "1999_Buffalo_Bills_season": 0.16666666666666666,
    "1973_Buffalo_Bills_season": 0.16666666666666666,
    "1960_Buffalo_Bills_season": 0.16666666666666666,
    "2001_Buffalo_Bills_season": 0.16666666666666666,
    "2002_Buffalo_Bills_season": 0.16666666666666666,
    "1974_Buffalo_Bills_season": 0.16666666666666666,
    "1998_Buffalo_Bills_season": 0.16666666666666666,
    "1962_Buffalo_Bills_season": 0.16666666666666666,
    "1975_Buffalo_Bills_season": 0.16666666666666666,
    "1983_Buffalo_Bills_season": 0.16666666666666666,
    "1985_Buffalo_Bills_season": 0.16666666666666666,
    "1972_Buffalo_Bills_season": 0.16666666666666666,
    "1978_Buffalo_Bills_season": 0.16666666666666666,
    "1979_Buffalo_Bills_season": 0.16666666666666666,
    "1981_Buffalo_Bills_season": 0.16666666666666666,
    "1984_Buffalo_Bills_season": 0.16666666666666666,
    "1986_Buffalo_Bills_season": 0.16666666666666666,
    "2005_Buffalo_Bills_season": 0.16666666666666666,
    "2004_Buffalo_Bills_season": 0.16666666666666666,
    "2003_Buffalo_Bills_season": 0.16666666666666666,
    "1987_Buffalo_Bills_season": 0.16666666666666666,
    "1976_Buffalo_Bills_season": 0.16666666666666666,
    "1997_Buffalo_Bills_season": 0.16666666666666666,
    "1996_Buffalo_Bills_season": 0.16666666666666666,
    "1994_Buffalo_Bills_season": 0.16666666666666666,
    "1977_Buffalo_Bills_season": 0.16666666666666666,
    "2009_Denver_Broncos_season": 0.16666666666666666,
    "2009_Cleveland_Browns_season": 0.16666666666666666,
    "2009_Washington_Redskins_season": 0.16666666666666666,
    "2009_Green_Bay_Packers_season": 0.16666666666666666,
    "2009_Pittsburgh_Steelers_season": 0.16666666666666666,
    "2009_Miami_Dolphins_season": 0.16666666666666666,
    "2011_Buffalo_Bills_season": 0.16666666666666666,
    "2006_Buffalo_Bills_season": 0.16666666666666666,
    "1992_Buffalo_Bills_season": 0.14285714285714285,
    "1988_Buffalo_Bills_season": 0.14285714285714285,
    "1989_Buffalo_Bills_season": 0.14285714285714285,
    "1980_Buffalo_Bills_season": 0.14285714285714285,
    "1995_Buffalo_Bills_season": 0.14285714285714285,
    "2009_Cincinnati_Bengals_season": 0.14285714285714285,
    "2009_Minnesota_Vikings_season": 0.14285714285714285,
    "2009_Dallas_Cowboys_season": 0.14285714285714285,
    "2009_San_Francisco_49ers_season": 0.14285714285714285,
    "2009_Arizona_Cardinals_season": 0.14285714285714285,
    "2009_Belmont_Stakes": 0.14285714285714285,
    "2009_Syracuse_Orange_football_team": 0.14285714285714285,
    "2009_Buffalo_Bulls_football_team": 0.14285714285714285,
    "2009_Camping_World_Grand_Prix_at_the_Glen": 0.14285714285714285,
    "2009_Army_Black_Knights_football_team": 0.14285714285714285,
    "1990_Buffalo_Bills_season": 0.125,
    "1991_Buffalo_Bills_season": 0.125,
    "1993_Buffalo_Bills_season": 0.125,
    "2008\u201309_New_York_Islanders_season": 0.125,
    "1970_Buffalo_Bills_season": 0.125,
    "2008\u201309_Buffalo_Sabres_season": 0.125,
    "1982_Buffalo_Bills_season": 0.125,
    "2009_Indianapolis_Colts_season": 0.125,
    "2009_New_England_Patriots_season": 0.125,
    "2009_New_York_Giants_season": 0.125,
    "2008\u201309_Buffalo_Bulls_men's_basketball_team": 0.125,
    "2009\u201310_New_York_Islanders_season": 0.125,
    "2009\u201310_Buffalo_Sabres_season": 0.125,
    "2009\u201310_Cornell_Big_Red_men's_basketball_team": 0.125,
    "2009\u201310_Stony_Brook_Seawolves_men's_basketball_team": 0.125,
    "2009_New_York_Sentinels_season": 0.125,
    "2009_New_Orleans_Saints_season": 0.1111111111111111,
    "2009_U.S._Open_(golf)": 0.1
}