{
    "Microsoft_Store": 1.0,
    "Xbox_Music": 0.10714285714285714,
    "Xbox_SmartGlass": 0.09090909090909091,
    "Google_Play": 0.08695652173913043,
    "Windows_8_editions": 0.07692307692307693,
    "GameAgent": 0.07692307692307693,
    "Netflix": 0.075,
    "Control_Panel_(Windows)": 0.07142857142857142,
    "List_of_Microsoft_Windows_components": 0.07142857142857142,
    "Astro_On_Demand": 0.07142857142857142,
    "Hyper-V": 0.06666666666666667,
    "Windows_Script_Host": 0.06666666666666667,
    "List_of_Xbox_games_on_Windows": 0.06666666666666667,
    "Comparison_of_on-demand_streaming_music_services": 0.06666666666666667,
    "List_of_online_music_databases": 0.06666666666666667,
    "Comparison_of_video_streaming_aggregators": 0.0625,
    "Windows_Installer": 0.058823529411764705,
    "List_of_mobile_software_distribution_platforms": 0.05,
    "Wii_Shop_Channel": 0.05,
    "Internet_television": 0.04,
    "Adobe_Flash_Player": 0.03333333333333333,
    "Comparison_of_streaming_media_systems": 0.030303030303030304
}