{
    "Division_of_Wakefield": 1.0,
    "Division_of_Denison": 0.5714285714285714,
    "Division_of_Adelaide": 0.3333333333333333,
    "Division_of_Barker": 0.3333333333333333,
    "Division_of_Boothby": 0.3333333333333333,
    "Division_of_Grey": 0.3333333333333333,
    "Division_of_Hindmarsh": 0.3333333333333333,
    "Division_of_Bass": 0.2857142857142857,
    "Division_of_Batman": 0.2857142857142857,
    "Division_of_McMillan": 0.2857142857142857,
    "Division_of_Franklin": 0.25,
    "Division_of_Darwin": 0.2,
    "Division_of_Fawkner": 0.2,
    "Division_of_Wilmot": 0.2,
    "Division_of_Northern_Territory": 0.2,
    "Division_of_Balaclava": 0.14285714285714285,
    "Division_of_Dalley": 0.14285714285714285,
    "Division_of_Gwydir": 0.14285714285714285,
    "Division_of_Wimmera": 0.14285714285714285,
    "Division_of_West_Sydney": 0.14285714285714285,
    "Division_of_Parkes_(1901\u201369)": 0.14285714285714285,
    "Division_of_Henty": 0.125,
    "Division_of_Lang": 0.125,
    "Division_of_Darling_Downs": 0.1111111111111111,
    "Division_of_Kalgoorlie": 0.1111111111111111,
    "Casey_Scorpions": 0.1111111111111111,
    "Sydney_AFL": 0.1111111111111111,
    "New_Jersey's_9th_congressional_district": 0.1,
    "New_York's_35th_congressional_district": 0.1,
    "New_York's_36th_congressional_district": 0.1,
    "New_York's_37th_congressional_district": 0.1,
    "Illinois's_24th_congressional_district": 0.09090909090909091,
    "Illinois's_23rd_congressional_district": 0.09090909090909091,
    "Pennsylvania's_30th_congressional_district": 0.08333333333333333,
    "Hopman_Cup": 0.05555555555555555,
    "Connecticut's_at-large_congressional_district": 0.05263157894736842,
    "California's_8th_congressional_district": 0.04
}