{
    "List_of_teams_and_cyclists_in_the_2009_Tour_de_France": 1.0,
    "List_of_teams_and_cyclists_in_the_2007_Tour_de_France": 0.3333333333333333,
    "List_of_teams_and_cyclists_in_the_2008_Tour_de_France": 0.3333333333333333,
    "List_of_teams_and_cyclists_in_the_2005_Tour_de_France": 0.3333333333333333,
    "List_of_teams_and_cyclists_in_the_2010_Tour_de_France": 0.3333333333333333,
    "List_of_teams_and_cyclists_in_the_2012_Tour_de_France": 0.3333333333333333,
    "List_of_teams_and_cyclists_in_the_1998_Tour_de_France": 0.3333333333333333,
    "List_of_teams_and_cyclists_in_the_2013_Tour_de_France": 0.3333333333333333,
    "List_of_teams_and_cyclists_in_the_2006_Tour_de_France": 0.3333333333333333,
    "List_of_teams_and_cyclists_in_the_2004_Tour_de_France": 0.3333333333333333,
    "2009_Tour_de_France,_Stage_1_to_Stage_11": 0.2,
    "2009_Tour_de_France,_Stage_12_to_Stage_21": 0.2,
    "List_of_teams_and_cyclists_in_the_2011_Tour_de_France": 0.2,
    "2009_Tour_de_France": 0.16666666666666666
}