{
    "2009_World_Judo_Championships": 1.0,
    "1986_World_Judo_Championships": 0.25,
    "1981_World_Judo_Championships": 0.2222222222222222,
    "2011_Women's_European_Amateur_Boxing_Championships": 0.2,
    "2005_European_Judo_Championships": 0.16666666666666666,
    "2011_World_Table_Tennis_Championships": 0.15384615384615385,
    "List_of_winners_of_the_Rotterdam_Marathon": 0.14285714285714285,
    "2009_European_Championship_(darts)": 0.125,
    "2009_Dutch_National_Road_Race_Championships_\u2013_Women's_road_race": 0.125,
    "1991_World_Judo_Championships": 0.1111111111111111,
    "1987_World_Judo_Championships": 0.1111111111111111,
    "1983_World_Judo_Championships": 0.1111111111111111,
    "1979_World_Judo_Championships": 0.1111111111111111,
    "2009_Amstel_Gold_Race": 0.1111111111111111,
    "Judo_at_the_2009_Summer_Universiade": 0.1111111111111111,
    "Judo_at_the_2009_Mediterranean_Games": 0.1111111111111111,
    "Judo_at_the_2009_East_Asian_Games": 0.1111111111111111,
    "1999_World_Judo_Championships": 0.1,
    "1997_World_Judo_Championships": 0.1,
    "1995_World_Judo_Championships": 0.1,
    "1993_World_Judo_Championships": 0.1,
    "1989_World_Judo_Championships": 0.1,
    "1985_World_Judo_Championships": 0.1,
    "1982_World_Judo_Championships": 0.1,
    "1984_World_Judo_Championships": 0.1,
    "2009_Eneco_Tour": 0.1,
    "2009_European_Allround_Speed_Skating_Championships": 0.1,
    "2009_Dutch_National_Track_Championships": 0.1,
    "1987_World_Artistic_Gymnastics_Championships": 0.1,
    "World_Judo_Championships": 0.1,
    "2001_World_Judo_Championships": 0.09090909090909091,
    "2007_World_Judo_Championships": 0.09090909090909091,
    "1971_World_Judo_Championships": 0.09090909090909091,
    "2009_Vuelta_a_Espa\u00f1a": 0.09090909090909091,
    "2005_World_Judo_Championships": 0.09090909090909091,
    "2009_Pan_American_Judo_Championships": 0.09090909090909091,
    "2006_European_Badminton_Championships": 0.09090909090909091,
    "1980_European_Badminton_Championships": 0.09090909090909091,
    "1994_European_Badminton_Championships": 0.09090909090909091,
    "2009_Asian_Judo_Championships": 0.08333333333333333,
    "2012_FEI_World_Cup_Finals_(show_jumping_and_dressage)": 0.08333333333333333,
    "2003_World_Judo_Championships": 0.07692307692307693,
    "1996_European_Judo_Championships": 0.07692307692307693,
    "2009_European_Judo_Championships": 0.07692307692307693,
    "2009_African_Judo_Championships": 0.07692307692307693,
    "Rotterdam_Open": 0.07692307692307693,
    "1973_European_Athletics_Indoor_Championships": 0.07692307692307693,
    "Zuiderduin_Masters": 0.07692307692307693,
    "Rosmalen_Grass_Court_Championships": 0.07142857142857142,
    "1994_FEI_World_Equestrian_Games": 0.06666666666666667,
    "2013_World_Judo_Championships": 0.06666666666666667,
    "World_Games_1993": 0.06666666666666667,
    "2009_Holland_Ladies_Tour": 0.0625,
    "1999_World_Table_Tennis_Championships": 0.058823529411764705,
    "Dutch_Open_(tennis)": 0.05
}