{
    "2005_World_Aquatics_Championships": 1.0,
    "2013_IPC_Swimming_World_Championships": 0.16666666666666666,
    "Diving_at_the_2005_World_Aquatics_Championships": 0.15384615384615385,
    "Montreal_municipal_election,_2005": 0.14285714285714285,
    "2005_Canadian_Grand_Prix": 0.13333333333333333,
    "2010_FINA_World_Open_Water_Swimming_Championships": 0.13333333333333333,
    "2005_Pan_American_Junior_Athletics_Championships": 0.125,
    "1991_Pan_Pacific_Swimming_Championships": 0.125,
    "2006_Pan_Pacific_Swimming_Championships": 0.125,
    "2007_Presidents_Cup": 0.11764705882352941,
    "2005_Skate_Canada_International": 0.07142857142857142,
    "2005_Toronto_Blue_Jays_season": 0.07142857142857142,
    "2004_Montreal_Expos_season": 0.07142857142857142,
    "2005_Molson_Indy_Montreal": 0.07142857142857142,
    "Swimming_at_the_2005_World_Aquatics_Championships": 0.07142857142857142,
    "Aquatics_at_the_2005_East_Asian_Games": 0.07142857142857142,
    "List_of_World_Aquatics_Championships_Medal_Hauls": 0.07142857142857142,
    "2005_Maccabiah_Games": 0.06666666666666667,
    "2005_World_Junior_Figure_Skating_Championships": 0.06666666666666667,
    "2005_Canadian_Figure_Skating_Championships": 0.06666666666666667,
    "FINA_World_Aquatics_Championships": 0.06666666666666667,
    "UFC_124": 0.06666666666666667,
    "10th_National_Games_of_the_People's_Republic_of_China": 0.06666666666666667,
    "2007_Canadian_Grand_Prix": 0.0625,
    "1986_World_Aquatics_Championships": 0.0625,
    "2000_Canadian_Grand_Prix": 0.0625,
    "2001_Canadian_Grand_Prix": 0.0625,
    "2002_Canadian_Grand_Prix": 0.0625,
    "2003_Canadian_Grand_Prix": 0.0625,
    "2004_Canadian_Grand_Prix": 0.0625,
    "2005_Jeux_de_la_Francophonie": 0.0625,
    "2008_Canadian_Grand_Prix": 0.0625,
    "2003_World_Aquatics_Championships": 0.0625,
    "UFC_113": 0.0625,
    "FIS_Snowboarding_World_Championships_2005": 0.0625,
    "22nd_National_Hockey_League_All-Star_Game": 0.0625,
    "Aquatics_at_the_2005_Southeast_Asian_Games": 0.0625,
    "2007_World_Aquatics_Championships": 0.0625,
    "2006_Canadian_Grand_Prix": 0.0625,
    "2005_IAAF_World_Half_Marathon_Championships": 0.0625,
    "1975_World_Aquatics_Championships": 0.058823529411764705,
    "1991_World_Aquatics_Championships": 0.058823529411764705,
    "2001_World_Aquatics_Championships": 0.058823529411764705,
    "2005_ASEAN_ParaGames": 0.058823529411764705,
    "1998_World_Aquatics_Championships": 0.058823529411764705,
    "1978_World_Aquatics_Championships": 0.058823529411764705,
    "1994_World_Aquatics_Championships": 0.05555555555555555,
    "2005_Asian_Indoor_Games": 0.05555555555555555,
    "2005_Islamic_Solidarity_Games": 0.05263157894736842,
    "2005_Mediterranean_Games": 0.05263157894736842,
    "2005_Women's_Islamic_Games": 0.05263157894736842,
    "2005_Summer_Universiade": 0.05263157894736842,
    "2005_Winter_Universiade": 0.05263157894736842,
    "2009_World_Aquatics_Championships": 0.05263157894736842,
    "1982_World_Aquatics_Championships": 0.05,
    "2005_Island_Games": 0.05,
    "1982_Major_League_Baseball_All-Star_Game": 0.05,
    "1973_World_Aquatics_Championships": 0.045454545454545456
}