{
    "2011_AIBA_World_Boxing_Championships": 1.0,
    "2010_AIBA_Youth_World_Boxing_Championships": 0.3076923076923077,
    "2010_European_Wrestling_Championships": 0.13333333333333333,
    "List_of_medalists_at_the_World_Amateur_Boxing_Championships": 0.1,
    "Boxing_at_the_2011_Southeast_Asian_Games": 0.09090909090909091,
    "Boxing_at_the_2011_All-Africa_Games": 0.09090909090909091,
    "Boxing_at_the_2011_Pan_Arab_Games": 0.09090909090909091,
    "2011_Singapore_Grand_Prix": 0.08333333333333333,
    "Boxing_at_the_2011_Pan_American_Games": 0.08333333333333333,
    "World_Amateur_Boxing_Championships": 0.08333333333333333,
    "2007_Rhythmic_Gymnastics_European_Championships": 0.07692307692307693,
    "2009_Rhythmic_Gymnastics_European_Championships": 0.07692307692307693,
    "2005_World_Rhythmic_Gymnastics_Championships": 0.07692307692307693,
    "2011_Malaysian_motorcycle_Grand_Prix": 0.07692307692307693,
    "Carl_Froch_vs._Andre_Ward": 0.07692307692307693,
    "2011_Asian_Amateur_Boxing_Championships": 0.07692307692307693,
    "Miguel_Cotto_vs._Antonio_Margarito_II": 0.07142857142857142,
    "2005_World_Amateur_Boxing_Championships": 0.07142857142857142,
    "2003_World_Amateur_Boxing_Championships": 0.07142857142857142,
    "1995_World_Amateur_Boxing_Championships": 0.07142857142857142,
    "1993_World_Amateur_Boxing_Championships": 0.07142857142857142,
    "1991_World_Amateur_Boxing_Championships": 0.06666666666666667,
    "2008_AIBA_Youth_World_Boxing_Championships": 0.06666666666666667,
    "Vitali_Klitschko_vs._Odlanier_Sol\u00eds": 0.06666666666666667,
    "2011_European_Amateur_Boxing_Championships": 0.06666666666666667,
    "Manny_Pacquiao_vs._Juan_Manuel_Marquez_III": 0.06666666666666667,
    "1997_World_Amateur_Boxing_Championships": 0.06666666666666667,
    "1974_World_Amateur_Boxing_Championships": 0.06666666666666667,
    "2009_AIBA_World_Boxing_Championships": 0.0625,
    "Amir_Khan_vs._Zab_Judah": 0.0625,
    "Vitali_Klitschko_vs._Tomasz_Adamek": 0.0625,
    "1978_World_Amateur_Boxing_Championships": 0.0625,
    "1982_World_Amateur_Boxing_Championships": 0.0625,
    "1986_World_Amateur_Boxing_Championships": 0.0625,
    "2013_AIBA_World_Boxing_Championships": 0.058823529411764705,
    "1989_World_Amateur_Boxing_Championships": 0.058823529411764705,
    "Eurovision_Song_Contest_2012": 0.05555555555555555,
    "2001_World_Amateur_Boxing_Championships": 0.05555555555555555,
    "1999_World_Amateur_Boxing_Championships": 0.05555555555555555,
    "2007_AIBA_World_Boxing_Championships": 0.05555555555555555
}