{
    "2008\u201309_Leinster_Rugby_season": 1.0,
    "2008\u201309_Scarlets_season": 0.3333333333333333,
    "2009\u201310_Leinster_Rugby_season": 0.14285714285714285,
    "2010\u201311_Leinster_Rugby_season": 0.14285714285714285,
    "2011\u201312_Leinster_Rugby_season": 0.14285714285714285,
    "2009_British_and_Irish_Lions_tour_to_South_Africa": 0.125,
    "2008\u201309_Celtic_League": 0.1111111111111111,
    "2009_Six_Nations_Championship": 0.0625
}