{
    "2013_British_and_Irish_Lions_tour_to_Australia": 1.0,
    "2012\u201313_British_and_Irish_Cup": 0.2,
    "2001_British_and_Irish_Lions_tour_to_Australia": 0.1111111111111111,
    "1899_British_Lions_tour_to_Australia": 0.1111111111111111,
    "2013_Australian_football_code_crowds": 0.1111111111111111,
    "2013_Rugby_Championship": 0.1,
    "1950_British_Lions_tour_to_New_Zealand_and_Australia": 0.09090909090909091,
    "2012\u201313_Pro_12": 0.09090909090909091,
    "2013_M\u0101ori_All_Blacks_tour_of_North_America": 0.09090909090909091,
    "1959_British_Lions_tour_to_Australia_and_New_Zealand": 0.07692307692307693,
    "1966_British_Lions_tour_to_Australia_and_New_Zealand": 0.06666666666666667,
    "2013_Six_Nations_Championship": 0.058823529411764705
}