{
    "2009_IAAF_World_Athletics_Final": 1.0,
    "2009_World_Sambo_Championships": 0.2857142857142857,
    "1991_European_Athletics_Junior_Championships": 0.25,
    "2009_IAAF_Golden_League": 0.16666666666666666,
    "2009_IAAF_World_Athletics_Final_results": 0.16666666666666666,
    "2009_Hammer_Throw_Year_Ranking": 0.16666666666666666,
    "2009_Decathlon_Year_Ranking": 0.16666666666666666,
    "2009_Central_American_and_Caribbean_Championships_in_Athletics_\u2013_Results": 0.16666666666666666,
    "Athletics_at_the_2009_Mediterranean_Games_\u2013_Results": 0.16666666666666666,
    "Athletics_at_the_2009_Jeux_de_la_Francophonie_\u2013_Results": 0.16666666666666666,
    "2009_South_American_Championships_in_Athletics_\u2013_Results": 0.16666666666666666,
    "2009_Acropolis_Rally": 0.14285714285714285,
    "2009_European_Team_Championships": 0.14285714285714285,
    "Athletics_at_the_2009_Jeux_de_la_Francophonie": 0.14285714285714285,
    "Athletics_at_the_11th_National_Games_of_the_People's_Republic_of_China": 0.14285714285714285,
    "2009_German_Athletics_Championships": 0.14285714285714285,
    "Athletics_at_the_2009_Mediterranean_Games": 0.125,
    "Athletics_at_the_2009_Lusophony_Games": 0.125,
    "2009_Central_American_and_Caribbean_Championships_in_Athletics": 0.125,
    "Indoor_athletics_at_the_2009_Asian_Indoor_Games": 0.125,
    "Athletics_at_the_2009_East_Asian_Games": 0.125,
    "2009_European_Race_Walking_Cup": 0.125,
    "Athletics_at_the_2009_Games_of_the_Small_States_of_Europe": 0.125,
    "Athletics_at_the_2009_ALBA_Games": 0.125,
    "2009_IAAF_World_Half_Marathon_Championships": 0.1111111111111111,
    "2008_IAAF_World_Athletics_Final": 0.1111111111111111,
    "Athletics_at_the_2009_Summer_Universiade": 0.1111111111111111,
    "2009_South_American_Championships_in_Athletics": 0.1111111111111111,
    "2009_USA_Outdoor_Track_and_Field_Championships": 0.1111111111111111,
    "1979_World_Weightlifting_Championships": 0.1111111111111111,
    "Athletics_at_the_2009_Bolivarian_Games": 0.1111111111111111,
    "Athletics_at_the_2009_Pacific_Mini_Games": 0.1111111111111111,
    "Athletics_at_the_1991_Mediterranean_Games": 0.1111111111111111,
    "2009_World_Military_Track_and_Field_Championships": 0.1111111111111111,
    "2006_IAAF_World_Athletics_Final": 0.1111111111111111,
    "Athletics_at_the_2004_Summer_Paralympics": 0.1,
    "2009_World_Youth_Championships_in_Athletics": 0.1,
    "2007_IAAF_World_Athletics_Final": 0.1,
    "2004_IAAF_World_Athletics_Final": 0.1,
    "2005_IAAF_World_Athletics_Final": 0.1,
    "2009_CARIFTA_Games": 0.1,
    "2009_South_American_Junior_Championships_in_Athletics": 0.1,
    "Athletics_at_the_1906_Intercalated_Games": 0.1,
    "2009_Central_American_Championships_in_Athletics": 0.1,
    "2009_Central_American_Junior_and_Youth_Championships_in_Athletics": 0.1,
    "2009_Arab_Athletics_Championships": 0.1,
    "Athletics_at_the_1896_Summer_Olympics": 0.1,
    "2006_IAAF_World_Cup": 0.1,
    "Athletics_at_the_2004_Summer_Olympics": 0.1,
    "IAAF_World_Athletics_Final": 0.1,
    "2003_IAAF_World_Athletics_Final": 0.1,
    "2009_European_Cross_Country_Championships": 0.09090909090909091,
    "2009_Pan_American_Junior_Athletics_Championships": 0.09090909090909091,
    "2009_African_Junior_Athletics_Championships": 0.09090909090909091,
    "2009_Central_American_and_Caribbean_Age_Group_Championships_in_Athletics": 0.09090909090909091,
    "1975_European_Athletics_Junior_Championships": 0.09090909090909091,
    "1985_European_Athletics_Indoor_Championships": 0.09090909090909091,
    "1986_World_Junior_Championships_in_Athletics": 0.09090909090909091,
    "2009_Asian_Athletics_Championships": 0.08333333333333333,
    "2009_European_Athletics_Indoor_Championships": 0.08333333333333333,
    "2009_IAAF_World_Cross_Country_Championships": 0.07692307692307693,
    "2009_European_Athletics_U23_Championships": 0.07692307692307693,
    "2009_European_Athletics_Junior_Championships": 0.07692307692307693,
    "2009_World_Championships_in_Athletics": 0.07692307692307693,
    "1997_World_Championships_in_Athletics": 0.07692307692307693,
    "1982_European_Athletics_Championships": 0.07142857142857142,
    "1969_European_Athletics_Championships": 0.07142857142857142
}