{
    "Janimation": 1.0,
    "Mirari_Films": 0.3333333333333333,
    "Motion_Theory_(company)": 0.25,
    "Una_Vez_M\u00e1s_Holdings": 0.25,
    "Tenet_Healthcare": 0.1111111111111111,
    "Gap_Broadcasting_Group": 0.1111111111111111,
    "Disney_Television_Animation": 0.1,
    "Nickelodeon_Animation_Studio": 0.1,
    "Adelaide_Productions": 0.1,
    "Universal_Animation_Studios": 0.1,
    "7th_Level": 0.09090909090909091,
    "Cartoon_Network_Studios": 0.09090909090909091,
    "DisneyToon_Studios": 0.08333333333333333,
    "Marvel_Animation": 0.07692307692307693,
    "Ensemble_Studios": 0.07142857142857142,
    "Williams_Street": 0.07142857142857142,
    "Klasky_Csupo": 0.06666666666666667,
    "DreamWorks_Animation": 0.05555555555555555,
    "Screen_Gems": 0.03571428571428571
}