{
    "Crit\u00e9rium_International": 1.0,
    "Duo_Normand": 0.18181818181818182,
    "Bol_d'Or_cycle_race": 0.14285714285714285,
    "Paris\u2013Brussels": 0.125,
    "Paris\u2013Tours": 0.1111111111111111,
    "CEB_European_Three-cushion_Championship": 0.1,
    "Coast_Open": 0.1,
    "Wales_Rally_GB": 0.1,
    "2011_Crit\u00e9rium_International": 0.1,
    "2012_Crit\u00e9rium_International": 0.1,
    "2013_Crit\u00e9rium_International": 0.1,
    "Auto_GP_World_Series": 0.1,
    "Dutch_Open_(badminton)": 0.09090909090909091,
    "Tour_de_France_F\u00e9minin": 0.09090909090909091,
    "Cobbled_classics": 0.09090909090909091,
    "Tour_of_Britain": 0.08333333333333333,
    "Tour_of_Ireland": 0.08333333333333333,
    "Dutch_National_Badminton_Championships": 0.08333333333333333,
    "KNVB_Amateur_Cup": 0.08333333333333333,
    "Tour_de_l'Aude_Cycliste_F\u00e9minin": 0.08333333333333333,
    "Big_League_World_Series": 0.08333333333333333,
    "Orly_Airport": 0.08333333333333333,
    "European_Grand_Prix": 0.08333333333333333,
    "French_National_Road_Race_Championships": 0.08333333333333333,
    "French_National_Time_Trial_Championships": 0.08333333333333333,
    "R\u00e1s_Tailteann": 0.08333333333333333,
    "Vuelta_a_Mallorca": 0.08333333333333333,
    "Ligue_1": 0.07692307692307693,
    "Estonian_Basketball_Cup": 0.07692307692307693,
    "Danmark_Rundt": 0.07692307692307693,
    "BRD_N\u0103stase_\u021airiac_Trophy": 0.07692307692307693,
    "Acht_van_Chaam": 0.07692307692307693,
    "Crit\u00e9rium_du_Dauphin\u00e9": 0.07142857142857142,
    "Volta_a_Lleida": 0.07142857142857142,
    "Central_American_and_Caribbean_Junior_Championships_in_Athletics": 0.07142857142857142,
    "2013_Tour_de_France": 0.07142857142857142,
    "List_of_Central_American_and_Caribbean_Junior_Championships_records": 0.07142857142857142,
    "Birkebeinerrennet": 0.07142857142857142,
    "Masters_of_Formula_3": 0.07142857142857142,
    "Commonwealth_of_Independent_States_Cup": 0.06666666666666667,
    "China_Rally": 0.06666666666666667,
    "Finnish_League_Cup": 0.0625,
    "Challenger_Varonil_Britania_Zavaleta": 0.0625,
    "Ronde_van_Drenthe": 0.058823529411764705,
    "Open_de_Nice_C\u00f4te_d'Azur": 0.058823529411764705,
    "El\u00e4intarhan_ajot": 0.05555555555555555,
    "Paris\u2013Roubaix": 0.05263157894736842,
    "Peace_Race": 0.047619047619047616,
    "Adidas_Grand_Prix": 0.047619047619047616
}