{
    "List_of_Royal_Air_Force_stations": 1.0,
    "List_of_air_stations_of_the_Royal_Navy": 0.4666666666666667,
    "List_of_former_Royal_Air_Force_stations": 0.23076923076923078,
    "List_of_Battle_of_Britain_airfields": 0.125,
    "RAF_Ahlhorn": 0.07142857142857142,
    "List_of_Indian_Air_Force_bases": 0.06666666666666667,
    "Hunsdon_Airfield": 0.06666666666666667,
    "List_of_Turkish_Air_Force_bases_and_airfields": 0.06666666666666667,
    "List_of_aircraft_of_the_Royal_Air_Force": 0.06666666666666667,
    "List_of_Pakistan_Air_Force_Bases": 0.06666666666666667,
    "List_of_United_States_Army_airfields": 0.0625,
    "Inverness_Airport": 0.0625,
    "Humberside_Airport": 0.0625,
    "List_of_Victoria_Cross_recipients_of_the_Royal_Air_Force": 0.0625,
    "List_of_airports_in_the_United_Kingdom_and_the_British_Crown_Dependencies": 0.0625,
    "Belfast_International_Airport": 0.058823529411764705,
    "Aberdeen_Airport": 0.058823529411764705,
    "List_of_RAF_Squadron_Codes": 0.058823529411764705,
    "Cardiff_Airport": 0.05555555555555555,
    "RAF_Celle": 0.05555555555555555,
    "RAF_Khormaksar": 0.05555555555555555,
    "List_of_World_War_II_aces_from_the_United_Kingdom": 0.05555555555555555,
    "George_Best_Belfast_City_Airport": 0.05555555555555555,
    "Norwich_International_Airport": 0.05555555555555555,
    "Edinburgh_Airport": 0.05263157894736842,
    "List_of_North_African_airfields_during_World_War_II": 0.05,
    "Leeds_Bradford_International_Airport": 0.05,
    "Liverpool_John_Lennon_Airport": 0.047619047619047616,
    "Glasgow_Airport": 0.047619047619047616,
    "Glasgow_Prestwick_Airport": 0.045454545454545456,
    "RAF_G\u00fctersloh": 0.045454545454545456,
    "London_Heathrow_Airport": 0.043478260869565216,
    "East_Midlands_Airport": 0.034482758620689655
}