{
    "Toppserien": 1.0,
    "Norwegian_First_Division_(women)": 0.5,
    "Bundesliga_(women)": 0.125,
    "Liga_I_Feminin": 0.1111111111111111,
    "Welsh_Premier_Women's_Football_League": 0.1111111111111111,
    "2._Divisjon": 0.1111111111111111,
    "Adeccoligaen": 0.1,
    "Russian_Women's_Football_Championship": 0.1,
    "Scottish_Women's_Premier_League": 0.09090909090909091,
    "Serie_A_(women's_football)": 0.09090909090909091,
    "Damallsvenskan": 0.08333333333333333,
    "Norwegian_First_Division_(ice_hockey)": 0.08333333333333333,
    "Tippeligaen": 0.08333333333333333,
    "Welsh_Alliance_League": 0.07692307692307693,
    "Belarusian_Premier_League_(women)": 0.07142857142857142
}