{
    "2009_College_Football_All-America_Team": 1.0,
    "2009_NCAA_Division_I_FBS_football_season": 0.5,
    "1914_College_Football_All-America_Team": 0.3333333333333333,
    "1948_College_Football_All-America_Team": 0.3333333333333333,
    "1947_College_Football_All-America_Team": 0.3333333333333333,
    "1940_College_Football_All-America_Team": 0.3333333333333333,
    "1942_College_Football_All-America_Team": 0.3333333333333333,
    "1943_College_Football_All-America_Team": 0.3333333333333333,
    "1938_College_Football_All-America_Team": 0.3333333333333333,
    "1939_College_Football_All-America_Team": 0.3333333333333333,
    "1935_College_Football_All-America_Team": 0.3333333333333333,
    "1954_College_Football_All-America_Team": 0.3333333333333333,
    "2009_NCAA_Division_I_FBS_football_rankings": 0.25
}