{
    "List_of_Telugu_films_of_1992": 1.0,
    "List_of_Bollywood_films_of_1992": 0.6,
    "List_of_Kannada_films_of_1992": 0.6,
    "List_of_Malayalam_films_of_1992": 0.5,
    "List_of_Ollywood_films_of_1992": 0.5,
    "List_of_Tamil_films_of_1992": 0.3333333333333333,
    "List_of_American_films_of_1992": 0.16666666666666666,
    "List_of_Hong_Kong_films_of_1992": 0.16666666666666666,
    "List_of_British_films_of_1992": 0.16666666666666666,
    "List_of_French_films_of_1992": 0.16666666666666666,
    "List_of_South_Korean_films_of_1992": 0.16666666666666666,
    "List_of_Japanese_films_of_1992": 0.16666666666666666,
    "List_of_Telugu_films_of_2002": 0.16666666666666666,
    "List_of_Telugu_films_of_2003": 0.16666666666666666,
    "List_of_Telugu_films_of_2005": 0.16666666666666666,
    "List_of_Telugu_films_of_2006": 0.16666666666666666,
    "List_of_Telugu_films_of_2007": 0.16666666666666666,
    "List_of_Telugu_films_of_2008": 0.16666666666666666,
    "List_of_Telugu_films_of_1961": 0.16666666666666666,
    "List_of_Telugu_films_of_1960": 0.16666666666666666,
    "List_of_Telugu_films_of_1962": 0.16666666666666666,
    "List_of_Telugu_films_of_1963": 0.16666666666666666,
    "List_of_Telugu_films_of_2009": 0.16666666666666666,
    "List_of_Australian_films_of_1992": 0.16666666666666666,
    "List_of_Telugu_films_of_2010": 0.16666666666666666,
    "List_of_Telugu_films_of_1964": 0.16666666666666666,
    "List_of_Telugu_films_of_1940": 0.16666666666666666,
    "List_of_Telugu_films_of_1965": 0.16666666666666666,
    "List_of_Telugu_films_of_1966": 0.16666666666666666,
    "List_of_Telugu_films_of_1967": 0.16666666666666666,
    "List_of_Telugu_films_of_1941": 0.16666666666666666,
    "List_of_Telugu_films_of_1942": 0.16666666666666666,
    "List_of_Telugu_films_of_1950": 0.16666666666666666,
    "List_of_Telugu_films_of_1951": 0.16666666666666666,
    "List_of_Telugu_films_of_1952": 0.16666666666666666,
    "List_of_Telugu_films_of_1953": 0.16666666666666666,
    "List_of_Telugu_films_of_1954": 0.16666666666666666,
    "List_of_Telugu_films_of_1955": 0.16666666666666666,
    "List_of_Telugu_films_of_1956": 0.16666666666666666,
    "List_of_Telugu_films_of_1957": 0.16666666666666666,
    "List_of_Telugu_films_of_1968": 0.16666666666666666,
    "List_of_Telugu_films_of_1969": 0.16666666666666666,
    "List_of_Telugu_films_of_1988": 0.16666666666666666,
    "List_of_Telugu_films_of_1987": 0.16666666666666666,
    "List_of_Telugu_films_of_1986": 0.16666666666666666,
    "List_of_Telugu_films_of_1985": 0.16666666666666666,
    "List_of_Telugu_films_of_1989": 0.16666666666666666,
    "List_of_Telugu_films_of_1984": 0.16666666666666666,
    "List_of_Telugu_films_of_1983": 0.16666666666666666,
    "List_of_Telugu_films_of_2012": 0.16666666666666666,
    "List_of_Telugu_films_of_1970": 0.16666666666666666,
    "List_of_Telugu_films_of_1982": 0.16666666666666666,
    "List_of_Canadian_films_of_1992": 0.16666666666666666,
    "List_of_Telugu_films_of_1981": 0.16666666666666666,
    "List_of_Telugu_films_of_1979": 0.16666666666666666,
    "List_of_Telugu_films_of_2013": 0.16666666666666666,
    "List_of_Telugu_films_of_1971": 0.16666666666666666,
    "List_of_Telugu_films_of_2000": 0.14285714285714285,
    "List_of_Telugu_films_of_2001": 0.14285714285714285,
    "List_of_Telugu_films_of_2004": 0.14285714285714285,
    "List_of_Telugu_films_of_1999": 0.14285714285714285,
    "List_of_Telugu_films_of_1998": 0.14285714285714285,
    "List_of_Telugu_films_of_1997": 0.14285714285714285,
    "List_of_Telugu_films_of_1996": 0.14285714285714285,
    "List_of_Telugu_films_of_1995": 0.14285714285714285,
    "List_of_Telugu_films_of_1994": 0.14285714285714285,
    "List_of_Telugu_films_of_1993": 0.14285714285714285,
    "List_of_Telugu_films_of_1991": 0.14285714285714285,
    "List_of_Telugu_films_of_1990": 0.14285714285714285,
    "List_of_lesbian,_gay,_bisexual_or_transgender-related_films_of_1992": 0.14285714285714285,
    "Saved_by_the_Bell:_Hawaiian_Style": 0.1,
    "Dragon_Ball_Z:_Super_Android_13!": 0.08333333333333333,
    "Afterburn_(film)": 0.08333333333333333,
    "Dragon_Ball_Z:_The_Return_of_Cooler": 0.07692307692307693,
    "Straight_Talk": 0.07142857142857142,
    "Sargam_(1992_film)": 0.06666666666666667,
    "Blame_It_on_the_Bellboy": 0.0625,
    "Dien_Bien_Phu_(film)": 0.0625,
    "Comet_in_Moominland_(film)": 0.058823529411764705,
    "Aapad_Bandhavudu": 0.05555555555555555,
    "The_Vagrant_(film)": 0.05263157894736842,
    "Mac_(film)": 0.05263157894736842,
    "Husbands_and_Wives": 0.045454545454545456,
    "Batman_Returns": 0.04,
    "Freejack": 0.030303030303030304,
    "Tiny_Toon_Adventures:_How_I_Spent_My_Vacation": 0.02564102564102564,
    "The_Thief_and_the_Cobbler": 0.022727272727272728,
    "Chaplin_(film)": 0.0196078431372549
}