{
    "General_Counsel_of_the_Navy": 1.0,
    "Under_Secretary_of_the_Navy": 0.7421731123388582,
    "Assistant_Secretary_of_the_Navy_(Manpower_and_Reserve_Affairs)": 0.7421731123388582,
    "Assistant_Secretary_of_the_Navy_(Financial_Management_and_Comptroller)": 0.7421731123388582,
    "Assistant_Secretary_of_the_Navy": 0.7421731123388582,
    "United_States_Secretary_of_the_Navy": 0.6813048933500627,
    "Fleet_Replacement_Squadron": 0.47957371225577267,
    "List_of_United_States_Navy_four-star_admirals": 0.3351749539594843,
    "Vice_Chief_of_Naval_Operations": 0.3351749539594843,
    "Board_of_Inspection_and_Survey": 0.3351749539594843,
    "Surgeon_General_of_the_United_States_Navy": 0.3351749539594843,
    "List_of_sailing_frigates_of_the_United_States_Navy": 0.3351749539594843,
    "United_States_Fleet_Forces_Command": 0.3351749539594843,
    "VF-191": 0.3351749539594843,
    "United_States_Naval_Forces_Europe": 0.33455882352941174,
    "List_of_Chiefs_of_Naval_Operations_educated_at_the_United_States_Naval_Academy": 0.33211678832116787,
    "List_of_Medal_of_Honor_recipients_educated_at_the_United_States_Naval_Academy": 0.33211678832116787,
    "Judge_Advocate_General_of_the_Navy": 0.3285968028419183,
    "List_of_aircraft_carriers_of_the_United_States_Navy": 0.3244206773618538,
    "List_of_current_ships_of_the_United_States_Navy": 0.32409972299168976,
    "Jack_of_the_United_States": 0.32409972299168976,
    "List_of_United_States_Navy_ratings": 0.32409972299168976,
    "Carrier_Air_Wing_Six": 0.32326820603907636,
    "Carrier_Air_Wing_Nine": 0.32326820603907636,
    "Chief_of_Chaplains_of_the_United_States_Navy": 0.3188010899182561,
    "List_of_astronauts_educated_at_the_United_States_Naval_Academy": 0.310580204778157,
    "List_of_legislators_educated_at_the_United_States_Naval_Academy": 0.310580204778157,
    "List_of_submarines_of_the_United_States_Navy": 0.3053691275167785,
    "Master_Chief_Petty_Officer_of_the_Navy": 0.3042071197411003,
    "Aegis_Combat_System": 0.30282861896838603,
    "Assistant_Secretary_of_Defense_for_Public_Affairs": 0.3020257826887661,
    "General_Counsel_of_the_Army": 0.3020257826887661,
    "General_Counsel_of_the_Department_of_Defense": 0.3020257826887661,
    "Director_of_Administration_and_Management_(DoD)": 0.3020257826887661,
    "Organizational_structure_of_the_United_States_Department_of_Defense": 0.3020257826887661,
    "Assistant_Secretary_of_Defense_for_Networks_and_Information_Integration": 0.3020257826887661,
    "Director_of_the_National_Security_Agency": 0.29233511586452765,
    "Under_Secretary_of_Defense_for_Acquisition,_Technology_and_Logistics": 0.2881944444444444,
    "Under_Secretary_of_Defense_(Comptroller)": 0.2881944444444444,
    "Under_Secretary_of_Defense_for_Policy": 0.2881944444444444,
    "Under_Secretary_of_Defense_for_Personnel_and_Readiness": 0.2881944444444444,
    "Unified_Combatant_Command": 0.28551724137931034,
    "Joint_Special_Operations_Command": 0.28547297297297297,
    "United_States_Central_Command": 0.28512396694214875,
    "United_States_Pacific_Command": 0.28512396694214875,
    "United_States_Department_of_the_Army": 0.2782258064516129,
    "United_States_Navy_Nurse_Corps": 0.27575757575757576,
    "United_States_Special_Operations_Command": 0.2735483870967742,
    "List_of_inactive_United_States_Navy_aircraft_squadrons": 0.25068870523415976,
    "List_of_United_States_Navy_aircraft_squadrons": 0.25068870523415976,
    "List_of_United_States_Secretaries_of_Defense_by_time_in_office": 0.25029797377830754,
    "United_States_Secretary_of_Defense": 0.25029797377830754,
    "List_of_Allied_vessels_struck_by_Japanese_special_attack_weapons": 0.23575129533678757,
    "United_States_Army": 0.2320627802690583,
    "List_of_United_States_Marine_Corps_installations": 0.21052631578947367,
    "Army_National_Guard": 0.2101522842639594,
    "United_States_Armed_Forces": 0.20944148936170212,
    "Commandant_of_the_Marine_Corps": 0.19248826291079812,
    "List_of_inactive_United_States_Marine_Corps_aircraft_squadrons": 0.17495395948434622,
    "Marine_defense_battalions": 0.17495395948434622,
    "VMO-6": 0.17495395948434622,
    "List_of_United_States_Marine_Corps_aircraft_groups": 0.17495395948434622,
    "Marine_expeditionary_unit": 0.17495395948434622,
    "9th_Communication_Battalion": 0.17495395948434622,
    "Military_Secretary_to_the_Commandant_of_the_Marine_Corps": 0.17495395948434622,
    "List_of_United_States_Marine_Corps_battalions": 0.17495395948434622,
    "List_of_active_United_States_Marine_Corps_aircraft_squadrons": 0.17495395948434622,
    "Marine_Corps_Brevet_Medal": 0.17495395948434622,
    "List_of_films_featuring_the_United_States_Marine_Corps": 0.17495395948434622,
    "Marine_Corps_Base_Camp_Smedley_D._Butler": 0.17463235294117646,
    "John_Warner": 0.1743002544529262,
    "2nd_Tank_Battalion": 0.16695957820738136,
    "1st_Battalion_1st_Marines": 0.16666666666666666,
    "3rd_Battalion_1st_Marines": 0.16666666666666666,
    "2nd_Battalion_4th_Marines": 0.16666666666666666,
    "2nd_Battalion_1st_Marines": 0.16666666666666666,
    "3rd_Battalion_7th_Marines": 0.16666666666666666,
    "5th_Battalion_11th_Marines": 0.16666666666666666,
    "1st_Combat_Engineer_Battalion": 0.16666666666666666,
    "22nd_Marine_Expeditionary_Unit": 0.16407599309153714,
    "HMLA-367": 0.16074450084602368,
    "VMAQ-1": 0.16047297297297297,
    "VMM-263": 0.16047297297297297,
    "VMM-162": 0.16047297297297297,
    "List_of_United_States_Marine_Corps_aviation_support_units": 0.15966386554621848,
    "1st_Marine_Division_(United_States)": 0.15702479338842976,
    "List_of_1st_Marine_Aircraft_Wing_Commanders": 0.15702479338842976,
    "Marine_Air_Support_Squadron_3": 0.1486697965571205,
    "Marine_Air_Support_Squadron_1": 0.1486697965571205,
    "Assistant_Commandant_of_the_Marine_Corps": 0.14751552795031056,
    "List_of_United_States_Marine_Corps_four-star_generals": 0.14751552795031056,
    "Michael_Hagee": 0.14751552795031056,
    "Lemuel_C._Shepherd,_Jr.": 0.14728682170542637,
    "Samuel_L._Southard": 0.14468085106382977,
    "Sergeant_Major_of_the_Marine_Corps": 0.1404728789986092,
    "Aviation_combat_element": 0.13728323699421965,
    "Levi_Woodbury": 0.12546468401486988,
    "Uniform_Code_of_Military_Justice": 0.11605937921727395,
    "Military_budget_of_the_United_States": 0.11218836565096953,
    "United_States_military_deployments": 0.11218836565096953,
    "Equipment_of_the_United_States_Armed_Forces": 0.11218836565096953,
    "U.S._helicopter_armament_subsystems": 0.11218836565096953,
    "List_of_military_aircraft_of_the_United_States": 0.11218836565096953,
    "United_States_Atlantic_Command": 0.1115702479338843,
    "Flag_of_the_United_States_Air_Force": 0.10998735777496839,
    "List_of_United_States_Air_Force_installations": 0.10998735777496839,
    "Chief_of_Chaplains_of_the_United_States_Air_Force": 0.10834371108343711,
    "Deputy_Chief_of_Chaplains_of_the_United_States_Air_Force": 0.10834371108343711,
    "List_of_United_States_Coast_Guard_stations": 0.10651629072681704,
    "List_of_active_duty_United_States_four-star_officers": 0.10574412532637076,
    "Connecticut_Wing_Civil_Air_Patrol": 0.10271546635182999,
    "Maryland_Wing_Civil_Air_Patrol": 0.10271546635182999,
    "Pennsylvania_Wing_Civil_Air_Patrol": 0.10271546635182999,
    "North_Carolina_Wing_Civil_Air_Patrol": 0.10271546635182999,
    "Ohio_Wing_Civil_Air_Patrol": 0.10271546635182999,
    "New_Mexico_Wing_Civil_Air_Patrol": 0.10271546635182999,
    "Indiana_Wing_Civil_Air_Patrol": 0.10271546635182999,
    "Judge_Advocate_General_of_the_United_States_Army": 0.10218978102189781,
    "Commanding_General,_United_States_Army_Europe": 0.10218978102189781,
    "Commanding_General,_United_States_Army_Forces_Command": 0.10218978102189781,
    "Commanding_General,_United_States_Army_Training_and_Doctrine_Command": 0.10218978102189781,