{
    "Middle_Atlantic_Conferences": 1.0,
    "MAC_Commonwealth_Conference": 0.9428571428571428,
    "Iowa_Intercollegiate_Athletic_Conference": 0.6582278481012658,
    "Heartland_Collegiate_Athletic_Conference": 0.65,
    "North_Coast_Athletic_Conference": 0.65,
    "American_Southwest_Conference": 0.6419753086419753,
    "Northwest_Conference": 0.6419753086419753,
    "Ohio_Athletic_Conference": 0.6419753086419753,
    "Centennial_Conference": 0.6265060240963856,
    "Presidents'_Athletic_Conference": 0.6265060240963856,
    "Allegheny_Mountain_Collegiate_Conference": 0.6075949367088608,
    "St._Louis_Intercollegiate_Athletic_Conference": 0.6075949367088608,
    "Old_Dominion_Athletic_Conference": 0.6046511627906976,
    "Capital_Athletic_Conference": 0.5925925925925926,
    "USA_South_Athletic_Conference": 0.5777777777777777,
    "Landmark_Conference": 0.574468085106383,
    "Minnesota_Intercollegiate_Athletic_Conference": 0.5473684210526316,
    "New_England_Small_College_Athletic_Conference": 0.5416666666666666,
    "Southern_Collegiate_Athletic_Conference": 0.5106382978723404,
    "New_England_Women's_and_Men's_Athletic_Conference": 0.49056603773584906,
    "List_of_NCAA_Division_III_football_programs": 0.45714285714285713,
    "Liberty_League": 0.45217391304347826,
    "Skyline_Conference": 0.4298245614035088,
    "The_Commonwealth_Coast_Conference": 0.392,
    "Great_Northeast_Athletic_Conference": 0.38095238095238093,
    "North_Eastern_Athletic_Conference": 0.3656716417910448,
    "North_Atlantic_Conference": 0.36363636363636365,
    "New_England_Collegiate_Conference": 0.3081761006289308,
    "New_England_Football_Conference": 0.26666666666666666,
    "ECAC_West": 0.07228915662650602,
    "Northern_Collegiate_Hockey_Association": 0.05714285714285714,
    "List_of_colleges_and_universities_in_Pennsylvania": 0.04924242424242424,
    "ECAC_East": 0.03773584905660377,
    "List_of_college_athletic_programs_in_New_Jersey": 0.03314917127071823,
    "National_Collegiate_women's_ice_hockey_championship": 0.020958083832335328,
    "Catholic_University_Cardinals": 0.018726591760299626,
    "List_of_New_Jersey_County_Colleges": 0.01694915254237288,
    "Randolph_College": 0.016842105263157894,
    "Temple_University": 0.015151515151515152,
    "University_of_Maryland_University_College": 0.013333333333333334,
    "Chowan_University": 0.012048192771084338,
    "Bowl_Coalition": 0.011235955056179775,
    "Bowl_Alliance": 0.011235955056179775,
    "List_of_Baldwin_Wallace_University_buildings": 0.011235955056179775,
    "Council_for_Christian_Colleges_and_Universities": 0.01092896174863388
}