{
    "Washington_D.C._Area_Film_Critics_Association_Award_for_Best_Original_Screenplay": 1.0,
    "Washington_D.C._Area_Film_Critics_Association_Award_for_Best_Director": 0.5,
    "Washington_D.C._Area_Film_Critics_Association_Award_for_Best_Actor": 0.45121951219512196,
    "Washington_D.C._Area_Film_Critics_Association_Award_for_Best_Actress": 0.45121951219512196,
    "Washington_D.C._Area_Film_Critics_Association_Award_for_Best_Foreign_Language_Film": 0.45121951219512196,
    "Washington_D.C._Area_Film_Critics_Association_Award_for_Best_Adapted_Screenplay": 0.4418604651162791,
    "Washington_D.C._Area_Film_Critics_Association_Award_for_Best_Supporting_Actor": 0.44047619047619047,
    "Washington_D.C._Area_Film_Critics_Association_Award_for_Best_Supporting_Actress": 0.44047619047619047,
    "Washington_D.C._Area_Film_Critics_Association_Award_for_Best_Documentary": 0.44047619047619047,
    "Nia_Vardalos": 0.4117647058823529,
    "Frank_Darabont": 0.10144927536231885,
    "Grant_Heslov": 0.0958904109589041,
    "Broadcast_Film_Critics_Association_Award_for_Best_Screenplay": 0.08536585365853659,
    "Ronald_Bass": 0.07926829268292683,
    "Toronto_Film_Critics_Association_Award_for_Best_Screenplay": 0.07627118644067797,
    "John_Briley": 0.07614213197969544,
    "Callie_Khouri": 0.07171314741035857,
    "Dan_Futterman": 0.06629834254143646,
    "Michel_Hazanavicius": 0.06172839506172839,
    "Paul_Haggis": 0.06086956521739131,
    "Sofia_Coppola": 0.06047516198704104,
    "David_O._Russell": 0.060109289617486336,
    "Charles_Shyer": 0.06,
    "Jim_Rash": 0.05921052631578947,
    "Online_Film_Critics_Society_Award_for_Best_Original_Screenplay": 0.05755395683453238,
    "Jason_Reitman": 0.056910569105691054,
    "Greta_Gerwig": 0.0546448087431694,
    "Charlie_Kaufman": 0.05225225225225225,
    "Akiva_Goldsman": 0.05102040816326531,
    "Kenneth_Branagh": 0.04938271604938271,
    "Florida_Film_Critics_Circle_Award_for_Best_Screenplay": 0.04929577464788732,
    "David_Koepp": 0.04918032786885246,
    "San_Diego_Film_Critics_Society_Award_for_Best_Original_Screenplay": 0.047619047619047616,
    "Brad_Bird": 0.046583850931677016,
    "Boston_Society_of_Film_Critics_Award_for_Best_Screenplay": 0.04375,
    "Academy_Award_for_Best_Writing_(Original_Screenplay)": 0.041935483870967745,
    "Jean-Pierre_Jeunet": 0.040697674418604654,
    "Golden_Globe_Award_for_Best_Screenplay": 0.03982300884955752,
    "Guillermo_del_Toro": 0.038696537678207736,
    "Stanley_Tucci": 0.03823529411764706,
    "Julian_Fellowes": 0.03818615751789976,
    "Steven_Zaillian": 0.03759398496240601,
    "Writers_Guild_of_America_Award_for_Best_Original_Screenplay": 0.0371900826446281,
    "Wes_Anderson": 0.03711790393013101,
    "Edgar_Wright": 0.03676470588235294,
    "Nicholas_Meyer": 0.03608247422680412,
    "BAFTA_Award_for_Best_Original_Screenplay": 0.03482587064676617,
    "Quentin_Tarantino": 0.03369434416365824,
    "Los_Angeles_Film_Critics_Association_Award_for_Best_Screenplay": 0.0335195530726257,
    "Paul_Thomas_Anderson": 0.032989690721649485,
    "John_Krasinski": 0.031746031746031744,
    "Chicago_Film_Critics_Association_Award_for_Best_Original_Screenplay": 0.03125,
    "Peter_Jackson": 0.03015873015873016,
    "Harold_Ramis": 0.02973977695167286,
    "Terrence_Malick": 0.02973977695167286,
    "David_Mamet": 0.02972972972972973,
    "Gore_Verbinski": 0.029585798816568046,
    "Rodney_Rothman": 0.029045643153526972,
    "Saturn_Award_for_Best_Writing": 0.028037383177570093,
    "Peter_Weir": 0.02763819095477387,
    "Simon_Pegg": 0.027522935779816515,
    "Emma_Thompson": 0.02723146747352496,
    "Darren_Aronofsky": 0.026845637583892617,
    "AACTA_International_Award_for_Best_Screenplay": 0.02666666666666667,
    "Jemaine_Clement": 0.02608695652173913,
    "Nick_Park": 0.02564102564102564,
    "Peter_Mullan": 0.02553191489361702,
    "David_Yates": 0.025252525252525252,
    "Tony_Richardson": 0.024793388429752067,
    "Mike_Leigh": 0.024671052631578948,
    "Joss_Whedon": 0.02464788732394366,
    "Julie_Delpy": 0.02459016393442623,
    "Simon_Wells": 0.02459016393442623,
    "Danny_Boyle": 0.02457002457002457,
    "Gary_Oldman": 0.02373887240356083,
    "MTV_Movie_Award_for_Best_New_Filmmaker": 0.023622047244094488,
    "Satellite_Award_for_Best_Original_Screenplay": 0.023529411764705882,
    "Martin_de_Thurah": 0.023529411764705882,
    "Michael_Bay": 0.022988505747126436,
    "Annie_Award_for_Writing_in_a_Feature_Production": 0.022857142857142857,
    "Vicky_Jenson": 0.022727272727272728,
    "David_Cronenberg": 0.022727272727272728,
    "Empire_Award_for_Best_Director": 0.022556390977443608,
    "Detroit_Film_Critics_Society_Award_for_Best_Director": 0.02247191011235955,
    "David_Fincher": 0.022277227722772276,
    "Britannia_Awards": 0.022099447513812154,
    "Sarah_Polley": 0.021897810218978103,
    "Pedro_Almod\u00f3var": 0.02165605095541401,
    "Kathryn_Bigelow": 0.02122641509433962,
    "Andrew_Adamson": 0.02097902097902098,
    "Online_Film_Critics_Society_Award_for_Best_Adapted_Screenplay": 0.020833333333333332,
    "Mark_Romanek": 0.02040816326530612,
    "Nebula_Award_for_Best_Script": 0.02040816326530612,
    "David_Mich\u00f4d": 0.02027027027027027,
    "Michael_Crichton": 0.020202020202020204,
    "Robert_Rossen": 0.020202020202020204,
    "Lena_Dunham": 0.020100502512562814,
    "Carol_Reed": 0.02,
    "Boston_Society_of_Film_Critics_Award_for_Best_Director": 0.019736842105263157,
    "Billy_Wilder": 0.019002375296912115,
    "Robert_Altman": 0.018995929443690638,
    "William_Wyler": 0.018867924528301886,
    "George_Stevens": 0.017964071856287425,
    "Campbell_Scott": 0.017543859649122806,
    "Broadcast_Film_Critics_Association_Award_for_Best_Animated_Feature": 0.01744186046511628,
    "Stanley_Kramer": 0.017316017316017316,
    "Tony_Scott": 0.017316017316017316,
    "Fran\u00e7ois_Truffaut": 0.017142857142857144,
    "George_Roy_Hill": 0.017045454545454544,
    "Gene_Wilder": 0.016666666666666666,
    "New_York_Film_Critics_Circle_Award_for_Best_Screenplay": 0.01646090534979424,
    "Florida_Film_Critics_Circle_Award_for_Best_Director": 0.016260162601626018,
    "Steve_Coogan": 0.016129032258064516,
    "Warren_Beatty": 0.015856236786469344,
    "David_Lynch": 0.01584786053882726,
    "Jason_Schwartzman": 0.015748031496062992,
    "Fred_Zinnemann": 0.015706806282722512,
    "Robert_Zemeckis": 0.015625,
    "Spike_Lee": 0.015625,
    "Dallas\u2013Fort_Worth_Film_Critics_Association_Award_for_Best_Director": 0.015503875968992248,
    "Felicity_Jones": 0.015444015444015444,
    "Damian_Lewis": 0.015444015444015444,
    "Ethan_Hawke": 0.015418502202643172,
    "Francis_Ford_Coppola": 0.015281757402101241,
    "Maggie_Gyllenhaal": 0.015151515151515152,
    "James_Corden": 0.01509433962264151,
    "Idris_Elba": 0.015060240963855422,
    "John_Ford": 0.015,
    "List_of_awards_and_nominations_received_by_Peter_Weir": 0.01485148514851485,
    "San_Diego_Film_Critics_Society_Award_for_Best_Adapted_Screenplay": 0.014814814814814815,
    "List_of_awards_and_nominations_received_by_Steven_Spielberg": 0.014322916666666666,
    "Daniel_Craig": 0.014285714285714285,
    "Brick_(film)": 0.014285714285714285,
    "BAFTA_Award_for_Best_Direction": 0.014285714285714285,
    "Michael_Haneke": 0.014198782961460446,
    "Albert_Brooks": 0.014084507042253521,
    "Chicago_Film_Critics_Association_Award_for_Best_Director": 0.014084507042253521,
    "James_Cameron": 0.014025245441795231,
    "Mel_Brooks": 0.013863216266173753,
    "List_of_Mel_Brooks_films": 0.013863216266173753,
    "Sidney_Lumet": 0.013856812933025405,
    "Emily_Blunt": 0.01384083044982699,
    "Orlando_Bloom": 0.01384083044982699,
    "Casting_in_Kevin_Smith_films": 0.013736263736263736,
    "Kevin_Smith": 0.013736263736263736,
    "AACTA_International_Award_for_Best_Direction": 0.013636363636363636,
    "London_Film_Critics_Circle_Award_for_Director_of_the_Year": 0.013605442176870748,