{
    "United_States_House_of_Representatives_elections,_1828": 1.0,
    "List_of_special_elections_in_California_to_the_United_States_House_of_Representatives": 0.5432432432432432,
    "United_States_House_of_Representatives_elections,_1890": 0.5432432432432432,
    "United_States_House_of_Representatives_elections,_1888": 0.5432432432432432,
    "United_States_House_of_Representatives_elections,_1870": 0.5432432432432432,
    "United_States_House_of_Representatives_elections,_1868": 0.5432432432432432,
    "United_States_House_of_Representatives_elections,_1866": 0.5432432432432432,
    "United_States_House_of_Representatives_elections,_1864": 0.5432432432432432,
    "United_States_House_of_Representatives_elections,_1862": 0.5432432432432432,
    "United_States_House_of_Representatives_elections,_1860": 0.5432432432432432,
    "List_of_special_elections_to_the_United_States_House_of_Representatives_in_New_York": 0.5432432432432432,
    "List_of_special_elections_to_the_United_States_House_of_Representatives_in_South_Carolina": 0.5432432432432432,
    "United_States_House_of_Representatives_elections,_1858": 0.5432432432432432,
    "United_States_House_of_Representatives_elections,_1836": 0.5432432432432432,
    "United_States_House_of_Representatives_elections,_1834": 0.5432432432432432,
    "United_States_House_of_Representatives_elections,_1830": 0.5432432432432432,
    "United_States_House_of_Representatives_elections,_1824": 0.5432432432432432,
    "United_States_House_of_Representatives_elections,_1822": 0.5432432432432432,
    "United_States_House_of_Representatives_elections,_1820": 0.5432432432432432,
    "United_States_House_of_Representatives_elections,_1818": 0.5432432432432432,
    "United_States_House_of_Representatives_elections,_1816": 0.5432432432432432,
    "United_States_House_of_Representatives_elections,_1814": 0.5432432432432432,
    "United_States_House_of_Representatives_elections,_1798": 0.5432432432432432,
    "United_States_House_of_Representatives_elections,_1796": 0.5432432432432432,
    "United_States_House_of_Representatives_elections,_1794": 0.5432432432432432,
    "United_States_House_of_Representatives_elections,_1792": 0.5432432432432432,
    "United_States_House_of_Representatives_elections,_1790": 0.5432432432432432,
    "United_States_House_of_Representatives_elections_in_Pennsylvania,_1802": 0.476303317535545,
    "United_States_House_of_Representatives_elections,_1826": 0.46774193548387094,
    "Special_elections_to_the_110th_United_States_Congress": 0.46744186046511627,
    "United_States_House_of_Representatives_elections_in_Pennsylvania,_1812": 0.46744186046511627,
    "United_States_House_of_Representatives_elections_in_Pennsylvania,_1808": 0.459954233409611,
    "Special_elections_to_the_111th_United_States_Congress": 0.45785876993166286,
    "United_States_House_of_Representatives_elections_in_Pennsylvania,_1810": 0.45785876993166286,
    "United_States_House_of_Representatives_elections,_1854": 0.451685393258427,
    "United_States_House_of_Representatives_elections,_1956": 0.44666666666666666,
    "United_States_House_of_Representatives_elections,_1802": 0.4258474576271186,
    "United_States_House_of_Representatives_elections,_1806": 0.4240506329113924,
    "United_States_House_of_Representatives_elections,_1810": 0.42138364779874216,
    "United_States_House_of_Representatives_elections,_1988": 0.4178794178794179,
    "United_States_House_of_Representatives_elections,_1804": 0.4178794178794179,
    "United_States_House_of_Representatives_elections,_1800": 0.4170124481327801,
    "United_States_House_of_Representatives_elections,_1808": 0.4161490683229814,
    "United_States_House_of_Representatives_elections,_1984": 0.41358024691358025,
    "United_States_House_of_Representatives_elections,_1812": 0.41188524590163933,
    "United_States_House_of_Representatives_elections,_1974": 0.4093686354378819,
    "United_States_House_of_Representatives_elections,_1926": 0.40524193548387094,
    "United_States_House_of_Representatives_elections,_2000": 0.4044265593561368,
    "United_States_House_of_Representatives_elections,_1934": 0.4036144578313253,
    "United_States_House_of_Representatives_elections,_1918": 0.4036144578313253,
    "United_States_House_of_Representatives_elections,_1930": 0.40119760479041916,
    "United_States_House_of_Representatives_elections,_1936": 0.3996023856858847,
    "United_States_House_of_Representatives_elections,_1920": 0.3996023856858847,
    "United_States_House_of_Representatives_elections,_1914": 0.3996023856858847,
    "United_States_House_of_Representatives_elections,_1932": 0.39801980198019804,
    "United_States_House_of_Representatives_elections,_1924": 0.39801980198019804,
    "United_States_House_of_Representatives_elections,_1838": 0.3956692913385827,
    "United_States_House_of_Representatives_elections,_1986": 0.3941176470588235,
    "United_States_House_of_Representatives_elections,_1978": 0.391812865497076,
    "United_States_House_of_Representatives_elections,_1912": 0.3857965451055662,
    "United_States_House_of_Representatives_elections,_1832": 0.3799621928166352,
    "United_States_House_of_Representatives_elections,_1872": 0.3771106941838649,
    "United_States_House_of_Representatives_elections,_1894": 0.37640449438202245,
    "United_States_House_of_Representatives_elections,_1992": 0.3701657458563536,
    "United_States_House_of_Representatives_elections,_1976": 0.36745886654478976,
    "United_States_House_of_Representatives_elections,_1922": 0.36745886654478976,
    "United_States_House_of_Representatives_elections,_1996": 0.36678832116788324,
    "United_States_House_of_Representatives_elections,_1980": 0.366120218579235,
    "United_States_House_of_Representatives_elections,_1994": 0.36151079136690645,
    "United_States_House_of_Representatives_elections,_1892": 0.36151079136690645,
    "United_States_House_of_Representatives_elections,_1896": 0.3595706618962433,
    "United_States_House_of_Representatives_elections,_1990": 0.35765124555160144,
    "United_States_House_of_Representatives_elections,_1998": 0.35701598579040855,
    "United_States_House_of_Representatives_elections,_1972": 0.3532513181019332,
    "United_States_House_of_Representatives_elections,_1966": 0.3513986013986014,
    "United_States_House_of_Representatives_elections,_2002": 0.3507853403141361,
    "United_States_House_of_Representatives_elections,_1954": 0.3471502590673575,
    "United_States_House_of_Representatives_elections,_1952": 0.3471502590673575,
    "United_States_House_of_Representatives_elections,_1964": 0.34655172413793106,
    "United_States_House_of_Representatives_elections,_1970": 0.34536082474226804,
    "United_States_House_of_Representatives_elections,_1962": 0.3430034129692833,
    "United_States_House_of_Representatives_elections,_1960": 0.3430034129692833,
    "United_States_House_of_Representatives_elections,_2004": 0.33895446880269814,
    "United_States_House_of_Representatives_elections,_1916": 0.335,
    "United_States_House_of_Representatives_elections,_1928": 0.3316831683168317,
    "United_States_House_of_Representatives_elections,_1942": 0.3284313725490196,
    "United_States_House_of_Representatives_elections,_1938": 0.32682926829268294,
    "United_States_House_of_Representatives_elections,_1982": 0.32576985413290116,
    "United_States_House_of_Representatives_elections,_1944": 0.3175355450236967,
    "United_States_House_of_Representatives_elections,_1958": 0.31357254290171604,
    "United_States_House_of_Representatives_elections,_2012": 0.3059360730593607,
    "United_States_House_of_Representatives_elections,_2006": 0.30134932533733133,
    "United_States_House_of_Representatives_elections,_2010": 0.3008982035928144,
    "United_States_House_of_Representatives_elections,_2008": 0.2973372781065089,
    "United_States_House_of_Representatives_elections,_1968": 0.29088277858176553,