{
    "14th_Sri_Lankan_Parliament": 1.0,
    "List_of_Prime_Ministers_of_Sri_Lanka": 0.5977011494252874,
    "Speaker_of_the_Parliament_of_Sri_Lanka": 0.5591397849462365,
    "Women_in_the_Parliament_of_Sri_Lanka": 0.4297520661157025,
    "13th_Sri_Lankan_Parliament": 0.2916666666666667,
    "12th_Sri_Lankan_Parliament": 0.2916666666666667,
    "11th_Sri_Lankan_Parliament": 0.2916666666666667,
    "10th_Sri_Lankan_Parliament": 0.2916666666666667,
    "9th_Sri_Lankan_Parliament": 0.2916666666666667,
    "Electoral_districts_in_Sri_Lanka": 0.16666666666666666,
    "National_symbols_of_Sri_Lanka": 0.03680981595092025,
    "List_of_bridges_in_Sri_Lanka": 0.03669724770642202,
    "Cabinet_of_Sri_Lanka": 0.0345821325648415,
    "Provinces_of_Sri_Lanka": 0.032,
    "Districts_of_Sri_Lanka": 0.030848329048843187,
    "Sri_Lankan_presidential_election,_2010": 0.023809523809523808,
    "List_of_Sri_Lankan_monarchs": 0.023575638506876228,
    "Municipal_councils_of_Sri_Lanka": 0.0196078431372549,
    "Sri_Lankan_local_government_elections,_1998": 0.015267175572519083,
    "Sri_Lankan_local_government_elections,_2011": 0.015267175572519083,
    "Sri_Lankan_provincial_council_election,_2012": 0.015267175572519083,
    "National_Zoological_Gardens_of_Sri_Lanka": 0.012195121951219513,
    "Helitours": 0.011363636363636364,
    "FitsAir": 0.011363636363636364,
    "SriLankan_AirTaxi": 0.011363636363636364,
    "Mihin_Lanka": 0.011363636363636364,
    "List_of_2011_Cricket_World_Cup_broadcasting_rights": 0.010752688172043012,
    "2011_Cricket_World_Cup_officials": 0.010752688172043012,
    "List_of_Sri_Lankan_cabinets": 0.010638297872340425,
    "Rajapaksa_cabinet": 0.010638297872340425,
    "D._S._Senanayake_cabinet": 0.010638297872340425,
    "First_Dudley_Senanayake_cabinet": 0.010638297872340425,
    "Kotelawala_cabinet": 0.010638297872340425,
    "S._W._R._D._Bandaranaike_cabinet": 0.010638297872340425,
    "Dahanayake_cabinet": 0.010638297872340425,
    "First_Sirimavo_Bandaranaike_cabinet": 0.010638297872340425,
    "Third_Dudley_Senanayake_cabinet": 0.010638297872340425,
    "Second_Sirimavo_Bandaranaike_cabinet": 0.010638297872340425,
    "Jayewardene_cabinet": 0.010638297872340425,
    "Premadasa_cabinet": 0.010638297872340425,
    "Elite_Panel_of_ICC_Umpires": 0.010101010101010102
}