{
    "List_of_museums_in_Northumberland": 1.0,
    "List_of_museums_in_Herefordshire": 0.4727272727272727,
    "List_of_museums_in_Berkshire": 0.46846846846846846,
    "List_of_museums_in_Bedfordshire": 0.4642857142857143,
    "List_of_museums_on_the_Isle_of_Wight": 0.4642857142857143,
    "List_of_museums_in_Tyne_and_Wear": 0.4642857142857143,
    "List_of_museums_in_Leicestershire": 0.4297520661157025,
    "List_of_museums_in_County_Durham": 0.4262295081967213,
    "List_of_museums_in_Worcestershire": 0.42276422764227645,
    "List_of_museums_in_Northamptonshire": 0.416,
    "List_of_museums_in_West_Sussex": 0.416,
    "List_of_museums_in_Suffolk": 0.416,
    "List_of_museums_in_Cambridgeshire": 0.4094488188976378,
    "List_of_museums_in_East_Sussex": 0.4094488188976378,
    "List_of_museums_in_the_East_Riding_of_Yorkshire": 0.4094488188976378,
    "List_of_museums_in_Nottinghamshire": 0.4094488188976378,
    "List_of_museums_in_Cumbria": 0.40625,
    "List_of_museums_in_Merseyside": 0.40310077519379844,
    "List_of_museums_in_Norfolk": 0.3939393939393939,
    "List_of_museums_in_Staffordshire": 0.39097744360902253,
    "List_of_museums_in_Surrey": 0.39097744360902253,
    "List_of_museums_in_Warwickshire": 0.3880597014925373,
    "List_of_museums_in_Hertfordshire": 0.3851851851851852,
    "List_of_museums_in_Cheshire": 0.3851851851851852,
    "List_of_museums_in_South_Yorkshire": 0.38235294117647056,
    "List_of_museums_in_Buckinghamshire": 0.37681159420289856,
    "List_of_museums_in_Wiltshire": 0.37142857142857144,
    "List_of_museums_in_Shropshire": 0.36879432624113473,
    "List_of_museums_in_Lincolnshire": 0.36363636363636365,
    "List_of_museums_in_Dorset": 0.35135135135135137,
    "List_of_museums_in_Hampshire": 0.3443708609271523,
    "List_of_museums_in_Derbyshire": 0.33548387096774196,
    "List_of_museums_in_Gloucestershire": 0.3333333333333333,
    "List_of_museums_in_North_Yorkshire": 0.32098765432098764,
    "List_of_museums_in_Cornwall": 0.31901840490797545,
    "List_of_museums_in_Lancashire": 0.3170731707317073,
    "List_of_museums_in_the_West_Midlands": 0.3170731707317073,
    "List_of_museums_in_Oxfordshire": 0.3023255813953488,
    "List_of_museums_in_Essex": 0.281767955801105,
    "List_of_museums_in_Somerset": 0.2694300518134715,
    "Berwick-upon-Tweed_(UK_Parliament_constituency)": 0.26785714285714285,
    "List_of_museums_in_Devon": 0.25365853658536586,
    "List_of_museums_in_West_Yorkshire": 0.24299065420560748,
    "List_of_museums_in_Bristol": 0.22666666666666666,
    "List_of_museums_in_London": 0.21161825726141079,
    "List_of_museums_in_Northern_Ireland": 0.2015810276679842,
    "List_of_museums_in_Greater_Manchester": 0.19330855018587362,
    "List_of_museums_in_Kent": 0.18439716312056736,
    "List_of_museums_in_Wales": 0.16346153846153846,
    "List_of_museums_in_Scotland": 0.1069182389937107,
    "Northumberland": 0.10033444816053512,
    "List_of_Bedfordshire_settlements_by_population": 0.0189873417721519,
    "List_of_Warwickshire_towns_by_population": 0.017699115044247787,
    "List_of_settlements_in_Hertfordshire_by_population": 0.017699115044247787,
    "List_of_Northamptonshire_settlements_by_population": 0.017543859649122806,
    "Civil_parishes_in_Berkshire": 0.017241379310344827,
    "Civil_parishes_in_Bedfordshire": 0.017142857142857144,
    "Civil_parishes_in_Tyne_and_Wear": 0.017142857142857144,
    "List_of_Staffordshire_settlements_by_population": 0.01675977653631285,
    "Leicester_Urban_Area": 0.01652892561983471,
    "List_of_civil_parishes_in_Worcestershire": 0.016216216216216217,
    "Buckinghamshire": 0.016129032258064516,
    "List_of_civil_parishes_in_Suffolk": 0.016042780748663103,
    "Civil_parishes_in_Cambridgeshire": 0.015789473684210527,
    "List_of_civil_parishes_in_the_East_Riding_of_Yorkshire": 0.015789473684210527,
    "Huntingdon_and_Peterborough": 0.015748031496062992,
    "Cambridgeshire_and_Isle_of_Ely": 0.015748031496062992,
    "Civil_parishes_in_Cumbria": 0.015706806282722512,
    "Civil_parishes_in_Merseyside": 0.015625,
    "Grade_I_listed_buildings_in_Berkshire": 0.015384615384615385,
    "Worcestershire": 0.015306122448979591,
    "Civil_parishes_in_Cheshire": 0.015151515151515152,
    "Civil_parishes_in_South_Yorkshire": 0.01507537688442211,
    "List_of_civil_parishes_in_Buckinghamshire": 0.015,
    "Nottingham_Urban_Area": 0.01485148514851485,
    "List_of_lost_settlements_in_Hertfordshire": 0.014814814814814815,
    "List_of_Scheduled_Monuments_in_Cheshire_dated_to_before_1066": 0.014814814814814815,
    "List_of_Scheduled_Monuments_in_Cheshire_(1066\u20131539)": 0.014814814814814815,
    "List_of_Scheduled_Monuments_in_Cheshire_since_1539": 0.014814814814814815,
    "List_of_Hertfordshire_boundary_changes": 0.014814814814814815,
    "List_of_Scheduled_Monuments_in_South_Yorkshire": 0.014705882352941176,
    "List_of_Buckinghamshire_boundary_changes": 0.014492753623188406,
    "Grade_I_listed_buildings_in_the_East_Riding_of_Yorkshire": 0.014218009478672985,
    "Civil_parishes_in_West_Yorkshire": 0.014084507042253521,
    "Parliamentary_constituencies_in_Hertfordshire": 0.014018691588785047,
    "Grade_I_listed_buildings_in_South_Yorkshire": 0.013636363636363636,
    "Oxfordshire": 0.013452914798206279,
    "Civil_parishes_in_Lancashire": 0.013215859030837005,
    "Civil_parishes_in_the_West_Midlands_(county)": 0.013215859030837005,
    "List_of_places_in_Kent": 0.013215859030837005,
    "South_Downs": 0.012987012987012988,
    "Grade_I_listed_buildings_in_Dorset": 0.01293103448275862,
    "River_Trent": 0.012903225806451613,
    "Lancashire": 0.012552301255230125,
    "List_of_Parliamentary_constituencies_in_Lancashire": 0.012396694214876033,
    "River_Tame,_West_Midlands": 0.012195121951219513,
    "Ralph_Assheton,_1st_Baron_Clitheroe": 0.012121212121212121,
    "List_of_towns_and_cities_in_Devon_by_population": 0.012,
    "Allerdale": 0.011976047904191617,
    "Borough_of_Stafford": 0.011904761904761904,
    "North_Yorkshire": 0.011811023622047244,
    "List_of_civil_parishes_in_Somerset": 0.011764705882352941,
    "Railways_of_Shropshire": 0.011428571428571429,
    "List_of_ceremonial_counties_of_England": 0.011428571428571429,
    "List_of_monastic_houses_in_the_East_Riding_of_Yorkshire": 0.011299435028248588,
    "Evolution_of_Worcestershire_county_boundaries": 0.011278195488721804,
    "List_of_civil_parishes_in_Devon": 0.011235955056179775,
    "Civil_parishes_in_Greater_Manchester": 0.01079136690647482,
    "List_of_monastic_houses_in_Buckinghamshire": 0.010638297872340425,
    "List_of_most_visited_museums_in_the_United_Kingdom": 0.010416666666666666,
    "List_of_Sites_of_Special_Scientific_Interest_in_Hertfordshire": 0.010416666666666666,
    "Hertfordshire_County_Council": 0.010309278350515464,
    "River_Parrett": 0.010309278350515464,
    "List_of_National_Trust_land_in_England": 0.010256410256410256,
    "Lewes_(district)": 0.010256410256410256,
    "List_of_Parliamentary_constituencies_and_Members_of_Parliament_in_Greater_Manchester": 0.010238907849829351,
    "Greater_Manchester": 0.01020408163265306,
    "Nottingham_City_Council": 0.010101010101010102
}