{
    "2010_FEI_World_Equestrian_Games": 1.0,
    "Blue_Grass_Airport": 0.8942307692307693,
    "List_of_people_from_Lexington,_Kentucky": 0.8942307692307693,
    "Media_in_Lexington,_Kentucky": 0.8942307692307693,
    "List_of_employers_in_Lexington,_Kentucky": 0.8942307692307693,
    "Lexington_Legends": 0.5166666666666667,
    "Commonwealth_Stadium_(Kentucky)": 0.2246376811594203,
    "2002_FEI_World_Equestrian_Games": 0.10576923076923077,
    "1990_FEI_World_Equestrian_Games": 0.09615384615384616,
    "1994_FEI_World_Equestrian_Games": 0.09615384615384616,
    "List_of_University_of_Kentucky_alumni": 0.0658682634730539,
    "University_of_Kentucky_student_life": 0.0658682634730539,
    "List_of_University_of_Kentucky_buildings": 0.0658682634730539,
    "Kentucky_Route_9": 0.05673758865248227,
    "Cumberland_Parkway": 0.05673758865248227,
    "Pennyrile_Parkway": 0.05673758865248227,
    "Bert_T._Combs_Mountain_Parkway": 0.05673758865248227,
    "William_H._Natcher_Parkway": 0.05263157894736842,
    "Western_Kentucky_Parkway": 0.050955414012738856,
    "Kentucky_Wildcats_men's_basketball": 0.034482758620689655,
    "Murray_State_University": 0.03398058252427184,
    "UK_IMG_Sports_Network": 0.031609195402298854,
    "Kentucky_Wildcats_football": 0.03125,
    "Kentucky_State_University": 0.03115264797507788,
    "University_of_Louisville": 0.030100334448160536,
    "List_of_museums_in_Kentucky": 0.02631578947368421,
    "List_of_metropolitan_areas_of_Kentucky": 0.0165016501650165,
    "List_of_Kentucky_state_parks": 0.015590200445434299,
    "Lynchburg_College": 0.015209125475285171,
    "Elliott_County,_Kentucky": 0.015,
    "Sports_in_Kentucky": 0.014492753623188406,
    "List_of_Kentucky_railroads": 0.014044943820224719,
    "List_of_people_from_Kentucky": 0.013850415512465374,
    "Kentucky_statistical_areas": 0.013812154696132596,
    "List_of_Superfund_sites_in_Kentucky": 0.013774104683195593,
    "List_of_airports_in_Kentucky": 0.013736263736263736,
    "List_of_cities_in_Kentucky": 0.01366120218579235,
    "Kentucky_locations_by_per_capita_income": 0.013623978201634877,
    "FEI_World_Equestrian_Games": 0.013237063778580024,
    "National_Register_of_Historic_Places_listings_in_Scott_County,_Kentucky": 0.013029315960912053,
    "Kentucky": 0.012779552715654952,
    "Indiana_Wesleyan_University": 0.012618296529968454,
    "2012\u201313_Kentucky_Wildcats_men's_basketball_team": 0.012195121951219513,
    "1973\u201374_Kentucky_Wildcats_men's_basketball_team": 0.012195121951219513,
    "1979\u201380_Kentucky_Wildcats_men's_basketball_team": 0.012195121951219513,
    "2013\u201314_Kentucky_Wildcats_men's_basketball_team": 0.012195121951219513,
    "List_of_television_stations_in_Kentucky": 0.01182033096926714,
    "List_of_Kentucky_Wildcats_men's_basketball_seasons": 0.011538461538461539,
    "List_of_National_Historic_Landmarks_in_Kentucky": 0.011363636363636364,
    "Eastern_Kentucky_Coalfield": 0.010615711252653927,
    "Texas_Christian_University": 0.010126582278481013,
    "National_Register_of_Historic_Places_listings_in_Kentucky": 0.010040160642570281
}