{
    "Emblem_of_Yugoslavia": 1.0,
    "Coats_of_arms_of_Europe": 1.0,
    "National_emblem_of_France": 0.330188679245283,
    "Royal_Arms_of_England": 0.29411764705882354,
    "National_emblems_and_coats_of_arms_of_Asia": 0.07142857142857142,
    "Gallery_of_French_coats_of_arms": 0.014084507042253521,
    "Southern_and_Eastern_Serbia": 0.012987012987012988,
    "Coats_of_arms_of_Polish_voivodeships": 0.010869565217391304
}