{
    "Interstate_matches_in_Australian_rules_football": 1.0,
    "Kowree-Naracoorte-Tatiara_Football_League": 0.3533487297921478,
    "North_East_Australian_Football_League": 0.2606924643584521,
    "Murray_Football_League": 0.2478813559322034,
    "Fos_Williams_Medal": 0.24572649572649571,
    "Magarey_Medal": 0.24074074074074073,
    "North_Gippsland_Football_League": 0.23636363636363636,
    "List_of_Australian_rules_football_clubs_in_New_South_Wales": 0.23325635103926096,
    "Bellarine_Football_League": 0.2311111111111111,
    "Kyabram_&_District_Football_League": 0.22857142857142856,
    "Mid_Gippsland_Football_League": 0.19630484988452657,
    "History_of_Australian_rules_football_in_Victoria_(1859\u20131900)": 0.19630484988452657,
    "Mininera_&_District_Football_League": 0.19630484988452657,
    "West_Australian_Football_League": 0.19198664440734559,
    "Hampden_Football_Netball_League": 0.19187358916478556,
    "Geelong_Football_League": 0.19101123595505617,
    "Goulburn_Valley_Football_League": 0.1905829596412556,
    "TAC_Cup": 0.18840579710144928,
    "Essendon_District_Football_League": 0.18398268398268397,
    "Best_and_Fairest": 0.18021978021978022,
    "Victorian_Football_League": 0.16692426584234932,
    "Tasmanian_Football_League": 0.16412859560067683,
    "Southern_Metropolitan_Football_League": 0.16397228637413394,
    "South_Australian_Football_Association_(1978-95)": 0.16397228637413394,
    "Great_Southern_Football_League_(South_Australia)": 0.16099773242630386,
    "Western_Region_Football_League": 0.15370705244122965,
    "2010_Northern_Football_League_season": 0.1526032315978456,
    "2012_Northern_Football_League_season": 0.1526032315978456,
    "Northern_Football_League_(Australia)": 0.1526032315978456,
    "Riddell_District_Football_League": 0.15097690941385436,
    "South_Australian_Amateur_Football_League": 0.15074309978768577,
    "Victorian_Amateur_Football_Association": 0.14964788732394366,
    "Jack_Oatey_Medal": 0.14947368421052631,
    "Ballarat_Football_League": 0.1480836236933798,
    "List_of_Australian_rules_football_clubs_in_Tasmania": 0.14780600461893764,
    "List_of_Australian_rules_football_clubs_in_Australia": 0.14780600461893764,
    "List_of_Australian_rules_football_clubs_by_date_of_establishment": 0.14780600461893764,
    "Eastern_Football_League_(Australia)": 0.14629948364888123,
    "Foxtel_Cup": 0.1461187214611872,
    "2011_Foxtel_Cup": 0.1461187214611872,
    "2012_Foxtel_Cup": 0.1461187214611872,
    "2013_Foxtel_Cup": 0.1461187214611872,
    "Southern_Football_League_(South_Australia)": 0.146,
    "Bendigo_Football_League": 0.1452991452991453,
    "Michael_Tuck_Medal": 0.14487632508833923,
    "List_of_Australian_Football_Hall_of_Fame_inductees": 0.14479638009049775,
    "E._J._Whitten_Medal": 0.14132762312633834,
    "Mascot_Manor": 0.141280353200883,
    "Australian_rules_football_in_Queensland": 0.13894324853228962,
    "Kicks_after_the_siren_in_Australian_rules_football": 0.13333333333333333,
    "Simpson_Medal": 0.1277056277056277,
    "Countries_playing_Australian_rules_football": 0.12749003984063745,
    "Australian_Football_League": 0.1223021582733813,
    "Queensland_Australian_Football_League": 0.12009237875288684,
    "South_West_Football_League": 0.11738148984198646,
    "Gold_Coast_Football_Club": 0.11206896551724138,
    "Fremantle_Football_Club": 0.11035267349260523,
    "QClash": 0.10804321728691477,
    "West_Coast_Eagles": 0.10679611650485436,
    "List_of_Australian_rules_football_clubs_in_Victoria": 0.10638297872340426,
    "Port_Adelaide_Football_Club": 0.10460652591170826,
    "1972_Perth_Carnival": 0.10392609699769054,
    "1969_Adelaide_Carnival": 0.10392609699769054,
    "1975_Knockout_Carnival": 0.10392609699769054,
    "1953_Adelaide_Carnival": 0.10392609699769054,
    "Oldest_football_competitions": 0.10339256865912763,
    "Oldest_football_clubs": 0.10339256865912763,
    "Brisbane_Lions": 0.10330992978936811,
    "AFL_Canberra": 0.1029082774049217,
    "AFL_Under-18_Championships": 0.0982532751091703,
    "Farrer_Football_League": 0.09468822170900693,
    "Hume_Football_League": 0.09468822170900693,
    "South_Coast_Australian_Football_League": 0.0944700460829493,
    "Sydney_AFL": 0.09230769230769231,
    "1988_Adelaide_Bicentennial_Carnival": 0.08863198458574181,
    "AFL_Hall_of_Fame_Tribute_Match": 0.08812260536398467,
    "Sydney_Swans": 0.08743718592964825,
    "Southport_Australian_Football_Club": 0.07964601769911504,
    "Australian_Football_League_reserves_affiliations": 0.07253886010362694,
    "Australian_Football_International_Cup": 0.07079646017699115,
    "Statewide_Football_in_Tasmania": 0.06368330464716007,
    "Geelong_Football_Club": 0.06031746031746032,
    "Traeger_Park": 0.05968331303288672,
    "2003_AFL_season": 0.059219380888290714,
    "2002_AFL_season": 0.059219380888290714,
    "2001_AFL_season": 0.059219380888290714,
    "List_of_Australian_Football_League_players_with_200_games_for_one_club": 0.059219380888290714,
    "List_of_Australian_Football_League_wooden_spoons": 0.059219380888290714,
    "2008_AFL_season": 0.059219380888290714,
    "2009_AFL_season": 0.059219380888290714,
    "2005_AFL_season": 0.059219380888290714,
    "List_of_Australian_Football_League_minor_premiers": 0.059219380888290714,
    "2000_AFL_season": 0.059219380888290714,
    "2010_AFL_season": 0.059219380888290714,
    "2011_AFL_season": 0.059219380888290714,
    "1999_AFL_season": 0.059219380888290714,
    "2012_AFL_season": 0.059219380888290714,
    "2006_AFL_season": 0.059219380888290714,
    "1998_AFL_season": 0.059219380888290714,
    "1997_AFL_season": 0.059219380888290714,
    "2007_AFL_season": 0.059219380888290714,
    "List_of_Australian_Football_League_premiers": 0.059219380888290714,
    "Blue_Ribbon_Cup": 0.058823529411764705,
    "AFLPA_Awards": 0.05867014341590613,
    "Coleman_Medal": 0.05867014341590613,
    "Richmond_Football_Club": 0.05852674066599395,
    "Norm_Smith_Medal": 0.058365758754863814,
    "Western_Bulldogs": 0.05835010060362173,
    "List_of_Australian_Football_League_all-time_leading_goalkickers": 0.05751633986928104,
    "Melbourne_Football_Club": 0.057494866529774126,
    "Carlton_Football_Club": 0.057368941641938676,
    "2007_AFL_Goal_of_the_Year": 0.05732484076433121,
    "Goal_of_the_Year_(AFL)": 0.05732484076433121,
    "2004_AFL_season": 0.05699481865284974,
    "North_Melbourne_Football_Club": 0.05668016194331984,
    "Mark_of_the_Year": 0.05665024630541872,
    "2014_AFL_season": 0.05662805662805663,
    "2013_AFL_season": 0.056555269922879174,
    "Leigh_Matthews_Trophy": 0.056320400500625784,
    "List_of_Australian_Football_League_coaches": 0.0561941251596424,
    "AFL_Grand_Final": 0.05562579013906448,
    "Essendon_Football_Club": 0.05454545454545454,
    "AFL_Rising_Star": 0.05454545454545454,
    "Essendon_VFL_Football_Club": 0.05454545454545454,
    "Carrara_Stadium": 0.05320108205590622,
    "2006_AFL_Grand_Final": 0.052868391451068614,
    "AFL_records": 0.05263157894736842,
    "1990_AFL_Grand_Final": 0.05194805194805195,
    "International_Rules_Series": 0.050400916380297825,
    "Hawthorn_Football_Club": 0.05019685039370079,
    "Western_Magpies_Australian_Football_Club": 0.049783549783549784,
    "2002_AFL_Grand_Final": 0.049773755656108594,
    "Queen's_Birthday_clash": 0.04954954954954955,
    "Anzac_Day_clash": 0.048834628190899,
    "Doig_Medal": 0.048638132295719845,
    "2009_AFL_Grand_Final": 0.04861878453038674,
    "1984_VFL_Grand_Final": 0.048283261802575105,
    "List_of_Brownlow_Medal_winners": 0.04751847940865892,
    "West_Coast_Eagles_Club_Champion_Award": 0.04672897196261682,
    "Cazaly's_Stadium": 0.04584040747028863,
    "Lou_Richards_Medal": 0.044967880085653104,
    "Geoff_Christian_Medal": 0.044967880085653104,
    "Malcolm_Blight_Medal": 0.04380952380952381,
    "Herald_Sun_Player_of_the_Year": 0.042682926829268296,