{
    "33rd_Legislative_District_(New_Jersey)": 1.0,
    "4th_Legislative_District_(New_Jersey)": 1.0,
    "18th_Legislative_District_(New_Jersey)": 1.0,
    "19th_Legislative_District_(New_Jersey)": 1.0,
    "20th_Legislative_District_(New_Jersey)": 1.0,
    "21st_Legislative_District_(New_Jersey)": 1.0,
    "22nd_Legislative_District_(New_Jersey)": 1.0,
    "23rd_Legislative_District_(New_Jersey)": 1.0,
    "24th_Legislative_District_(New_Jersey)": 1.0,
    "25th_Legislative_District_(New_Jersey)": 1.0,
    "26th_Legislative_District_(New_Jersey)": 1.0,
    "27th_Legislative_District_(New_Jersey)": 1.0,
    "Ohio_House_of_Representatives_membership,_126th_General_Assembly": 0.013888888888888888,
    "United_States_state_legislatures'_partisan_trend": 0.013888888888888888,
    "Pennsylvania_Real_Estate_Investment_Trust": 0.013157894736842105,
    "Alaska_Senate": 0.012552301255230125,
    "New_Hampshire_Senate": 0.012295081967213115,
    "Hawaii_Senate": 0.012295081967213115,
    "Wyoming_Senate": 0.012048192771084338,
    "Vermont_Senate": 0.011857707509881422,
    "Ohio_Senate": 0.011811023622047244,
    "Maine_Senate": 0.011764705882352941,
    "Missouri_Senate": 0.011764705882352941,
    "Idaho_Senate": 0.011764705882352941,
    "Kentucky_Senate": 0.01171875,
    "Alabama_Senate": 0.01171875,
    "South_Dakota_Senate": 0.01171875,
    "Arkansas_Senate": 0.011627906976744186,
    "Louisiana_State_Senate": 0.011627906976744186,
    "Alaska_House_of_Representatives": 0.011538461538461539,
    "Delaware_Senate": 0.011494252873563218,
    "Nevada_Assembly": 0.011494252873563218,
    "New_Mexico_Senate": 0.011406844106463879,
    "California_State_Senate": 0.011363636363636364,
    "South_Carolina_Senate": 0.011363636363636364,
    "Montana_Senate": 0.011152416356877323,
    "Hawaii_House_of_Representatives": 0.011111111111111112,
    "Mississippi_State_Senate": 0.01098901098901099,
    "Illinois_Senate": 0.01079136690647482,
    "Georgia_State_Senate": 0.01079136690647482,
    "Delaware_House_of_Representatives": 0.010752688172043012,
    "Arizona_House_of_Representatives": 0.010714285714285714,
    "Council_of_the_District_of_Columbia": 0.010676156583629894,
    "Wyoming_House_of_Representatives": 0.010638297872340425,
    "New_Mexico_House_of_Representatives": 0.010380622837370242,
    "Idaho_House_of_Representatives": 0.010380622837370242,
    "South_Dakota_House_of_Representatives": 0.010344827586206896
}