{
    "American_Idols_LIVE!_Tour_2004": 1.0,
    "Diana_DeGarmo": 0.9779411764705882,
    "List_of_American_Idol_alumni_album_sales": 0.924812030075188,
    "List_of_American_Idol_Hot_100_singles": 0.924812030075188,
    "List_of_American_Idol_finalists": 0.924812030075188,
    "List_of_American_Idol_alumni_single_sales": 0.924812030075188,
    "American_Idol_alumni_in_film,_television_and_theater": 0.924812030075188,
    "American_Idol_Rewind": 0.924812030075188,
    "List_of_American_Idol_episodes": 0.924812030075188,
    "American_Idol_(season_12)": 0.8913043478260869,
    "Lazaro_Arbos": 0.8913043478260869,
    "Devin_Velez": 0.8913043478260869,
    "American_Idols_LIVE!_Tour_2013": 0.8913043478260869,
    "Kree_Harrison": 0.8848920863309353,
    "American_Idols_LIVE!_Tour_2002": 0.8785714285714286,
    "Candice_Glover": 0.8785714285714286,
    "American_Idols_LIVE!_Tour_2009": 0.8601398601398601,
    "American_Idols_LIVE!_Tour_2003": 0.8601398601398601,
    "Nikki_McKibbin": 0.8601398601398601,
    "American_Idol_(season_4)": 0.8541666666666666,
    "American_Idols_LIVE!_Tour_2010": 0.8482758620689655,
    "American_Idol_(season_11)": 0.8482758620689655,
    "DeAndre_Brackensick": 0.8482758620689655,
    "Lee_DeWyze": 0.831081081081081,
    "Crystal_Bowersox": 0.8092105263157895,
    "Taylor_Hicks": 0.8092105263157895,
    "Elliott_Yamin": 0.7935483870967742,
    "Josh_Gracin": 0.7884615384615384,
    "American_Idols_LIVE!_Tour_2012": 0.7834394904458599,
    "Blake_Lewis": 0.7784810126582279,
    "Kris_Allen": 0.7735849056603774,
    "Clay_Aiken": 0.76875,
    "Scotty_McCreery": 0.7639751552795031,
    "Home_(Phillip_Phillips_song)": 0.7639751552795031,
    "David_Cook_(singer)": 0.75,
    "David_Archuleta": 0.7454545454545455,
    "Canadian_Idol_alumni_album_sales": 0.6949152542372882,
    "Ruben_Studdard": 0.6542553191489362,
    "Bo_Bice": 0.5774647887323944,
    "Fantasia_Barrino": 0.5757575757575758,
    "Harry_Connick,_Jr.": 0.5642201834862385,
    "Jordin_Sparks": 0.5540540540540541,
    "Adam_Lambert": 0.5515695067264574,
    "Luke_Bryan": 0.5020408163265306,
    "Kellie_Pickler": 0.4979757085020243,
    "Katharine_McPhee": 0.45054945054945056,
    "American_Idol_(season_5)": 0.4489051094890511,
    "American_Idol_(season_8)": 0.44404332129963897,
    "Lil_Rounds": 0.44404332129963897,
    "American_Idol_(season_7)": 0.44244604316546765,
    "American_Idol_(season_9)": 0.44086021505376344,
    "Chris_Daughtry": 0.422680412371134,
    "Jessica_Sanchez": 0.4155405405405405,
    "Kelly_Clarkson": 0.3565217391304348,
    "Steven_Tyler": 0.3474576271186441,
    "Lauren_Alaina": 0.336986301369863,
    "Flying_Without_Wings": 0.3075,
    "World_Idol": 0.25949367088607594,
    "Jennifer_Hudson": 0.23251748251748253,
    "Beautiful_Day": 0.1971153846153846,
    "Carnival_Ride_Tour": 0.14642857142857144,
    "Jasmine_Trias": 0.1111111111111111,
    "LaToya_London": 0.11029411764705882,
    "George_Huff_(singer)": 0.11029411764705882,
    "Ace_Young": 0.06338028169014084,
    "Janelle_Arthur": 0.04316546762589928,
    "Amber_Holcomb": 0.04316546762589928,
    "Burnell_Taylor": 0.04316546762589928,
    "Ryan_Starr": 0.04195804195804196,
    "Naima_Adedapo": 0.041666666666666664,
    "Stefano_Langone": 0.041666666666666664,
    "Casey_Abrams": 0.041379310344827586,
    "Paul_McDonald_(musician)": 0.0410958904109589,
    "Pia_Toscano": 0.0410958904109589,
    "Siobhan_Magnus": 0.04081632653061224,
    "Katie_Stevens": 0.04081632653061224,
    "Tim_Urban": 0.04081632653061224,
    "Andrew_Garcia": 0.04081632653061224,
    "Aaron_Kelly_(singer)": 0.04081632653061224,
    "Didi_Benami": 0.04054054054054054,
    "Casey_James": 0.04054054054054054,
    "Michael_Lynche": 0.04054054054054054,
    "Haley_Reinhart": 0.037267080745341616,
    "Syesha_Mercado": 0.034722222222222224,
    "Megan_Joy": 0.034722222222222224,
    "Trenyce": 0.034722222222222224,
    "Ramiele_Malubay": 0.034482758620689655,
    "Vonzell_Solomon": 0.03424657534246575,
    "Anthony_Fedorov": 0.03424657534246575,
    "Anoop_Desai": 0.03424657534246575,
    "Matt_Giraud": 0.03424657534246575,
    "Scott_MacIntyre": 0.03424657534246575,
    "Constantine_Maroulis": 0.034013605442176874,
    "Jason_Castro_(singer)": 0.034013605442176874,
    "Scott_Savol": 0.034013605442176874,
    "Erika_Van_Pelt": 0.034013605442176874,
    "Skylar_Laine": 0.034013605442176874,
    "Elise_Testone": 0.034013605442176874,
    "Phil_Stacey": 0.034013605442176874,
    "Hollie_Cavanagh": 0.033783783783783786,
    "Joshua_Ledet": 0.033783783783783786,
    "LaKisha_Jones": 0.033783783783783786,
    "Melinda_Doolittle": 0.03355704697986577,
    "Brooke_White": 0.03289473684210526,
    "Allison_Iraheta": 0.03289473684210526,
    "Carly_Smithson": 0.032467532467532464,
    "Colton_Dixon": 0.03225806451612903,
    "Chris_Richardson": 0.03205128205128205,
    "Danny_Gokey": 0.03067484662576687,
    "Kimberley_Locke": 0.030303030303030304,
    "James_Durbin_(singer)": 0.03,
    "Heejun_Han": 0.025,
    "The_Beverly_Hillbillies_(season_1)": 0.024475524475524476,
    "List_of_The_Beverly_Hillbillies_episodes": 0.024475524475524476,
    "Thia_Megia": 0.02422145328719723,
    "Happy_Days_(season_4)": 0.02280130293159609,
    "Survivor:_The_Australian_Outback": 0.022292993630573247,
    "CSI:_Crime_Scene_Investigation_(season_3)": 0.021806853582554516,
    "List_of_Idols_winners": 0.02030456852791878,
    "Idols_(Finnish_TV_series)": 0.02030456852791878,
    "Indonesian_Idol_(season_7)": 0.02030456852791878,
    "Arab_Idol_(season_2)": 0.02030456852791878,
    "Arab_Idol_(season_1)": 0.02030456852791878,
    "Idols_(Dutch_TV_series)": 0.02030456852791878,
    "Nielsen_ratings": 0.02005730659025788,
    "ER_(season_5)": 0.019553072625698324,
    "ER_(season_3)": 0.019553072625698324,
    "Jayann_Bautista": 0.01932367149758454,
    "CSI:_Crime_Scene_Investigation_(season_4)": 0.019178082191780823,
    "CSI:_Crime_Scene_Investigation_(season_5)": 0.019178082191780823,
    "Happy_Days": 0.017543859649122806,
    "Roseanne": 0.01715686274509804,
    "NCIS_(season_10)": 0.01694915254237288,
    "The_Big_Bang_Theory": 0.016666666666666666,
    "Canadian_Idol": 0.016666666666666666,
    "Deutschland_sucht_den_Superstar": 0.014925373134328358,
    "Corinne_Bailey_Rae": 0.014925373134328358,
    "ER_(season_2)": 0.014492753623188406,
    "Friends_(season_8)": 0.01417004048582996,
    "Cheers_(season_9)": 0.014141414141414142,
    "Idol_(Swedish_TV_series)": 0.014035087719298246,
    "Seinfeld_(season_9)": 0.0137524557956778,
    "Seinfeld_(season_6)": 0.0137524557956778,
    "Kris_Allen_discography": 0.0136986301369863,
    "The_Declaration_Tour_\u2013_2009": 0.013333333333333334,
    "Katharine_McPhee_discography": 0.013071895424836602,
    "Hunter_Hayes": 0.012903225806451613,
    "Battlefield_Tour": 0.012738853503184714,
    "Battlefield_(album)": 0.012658227848101266,
    "S.O.S._(Let_the_Music_Play)": 0.012658227848101266,
    "Tattoo_(Jordin_Sparks_song)": 0.012578616352201259,
    "Battlefield_(song)": 0.012578616352201259,
    "NAACP_Image_Award_for_Outstanding_New_Artist": 0.0125,
    "Brian_Austin_Green": 0.012244897959183673,
    "Tori_Spelling": 0.012195121951219513,
    "If_I_Had_You_(Adam_Lambert_song)": 0.012048192771084338,
    "Glam_Nation_Tour": 0.012048192771084338,
    "Better_Than_I_Know_Myself": 0.012048192771084338,
    "Survivor_(U.S._TV_series)": 0.012027491408934709,
    "For_Your_Entertainment_(album)": 0.011976047904191617,
    "Trespassing_(album)": 0.011976047904191617,
    "Bob_Saget": 0.011857707509881422,
    "Eve_(entertainer)": 0.011764705882352941,
    "Rob_Schneider": 0.011583011583011582,
    "Larry_the_Cable_Guy": 0.011538461538461539,
    "Baduizm_World_Tour": 0.011494252873563218,
    "Sherri_Shepherd": 0.011363636363636364,
    "Ricki_Lake": 0.011320754716981131,
    "Margaret_Cho": 0.011235955056179775,
    "NBC_Sunday_Night_Football": 0.011065006915629323,