{
    "Sport_in_Australia": 1.0,
    "Forests_of_Australia": 0.5805084745762712,
    "List_of_cities_in_Australia_by_population": 0.5805084745762712,
    "Environmental_issues_in_Australia": 0.5189393939393939,
    "List_of_mountains_in_Australia": 0.5189393939393939,
    "List_of_waterfalls_of_Australia": 0.5169811320754717,
    "Public_holidays_in_Australia": 0.5,
    "Fauna_of_Australia": 0.49458483754512633,
    "Religion_in_Australia": 0.4910394265232975,
    "Manufacturing_in_Australia": 0.4612794612794613,
    "Flora_of_Australia": 0.44625407166123776,
    "Education_in_Australia": 0.4308176100628931,
    "Agriculture_in_Australia": 0.42153846153846153,
    "Tourism_in_Australia": 0.40532544378698226,
    "New_South_Wales": 0.3988439306358382,
    "Deserts_of_Australia": 0.35038363171355497,
    "Ranked_list_of_states_and_territories_of_Australia": 0.33910891089108913,
    "States_and_territories_of_Australia": 0.33910891089108913,
    "List_of_political_parties_in_Australia": 0.3269689737470167,
    "Languages_of_Australia": 0.29718004338394793,
    "Timeline_of_Australian_history": 0.2778904665314402,
    "Football_in_Australia": 0.27626459143968873,
    "Australian_dollar": 0.2624521072796935,
    "Foreign_relations_of_Australia": 0.23063973063973064,
    "Military_history_of_Australia": 0.2234910277324633,
    "Current_senior_Australian_Defence_Organisation_personnel": 0.20601503759398496,
    "Sport_in_Queensland": 0.2,
    "Department_of_Defence_(Australia)": 0.1856368563685637,
    "Sport_in_Victoria": 0.18393782383419688,
    "Australian_honours_system": 0.1580161476355248,
    "Australia_at_the_Paralympics": 0.1276595744680851,
    "Monarchy_of_Australia": 0.12386980108499096,
    "Australia_at_the_Winter_Olympics": 0.12224108658743633,
    "Australia_at_the_Olympics": 0.12224108658743633,
    "Sport_in_New_Zealand": 0.07317073170731707,
    "List_of_people_who_have_appeared_on_Australian_currency": 0.05029585798816568,
    "Commemorative_coins_of_Australia": 0.0456989247311828,
    "List_of_banks_in_Australia": 0.044854881266490766,
    "Geothermal_power_in_Australia": 0.04187192118226601,
    "List_of_Australian_heads_of_government_by_time_in_office": 0.036619718309859155,
    "List_of_Australian_Leaders_of_the_Opposition": 0.03482587064676617,
    "Australian_federal_election,_1969": 0.03431372549019608,
    "Australian_federal_election,_1990": 0.03431372549019608,
    "Australian_federal_election,_1984": 0.03431372549019608,
    "Australian_federal_election,_2001": 0.03431372549019608,
    "Australian_federal_election,_1998": 0.03431372549019608,
    "Australian_federal_election,_2004": 0.03431372549019608,
    "Australian_federal_election,_1996": 0.03431372549019608,
    "Australian_federal_election,_1983": 0.03431372549019608,
    "Australian_federal_election,_1993": 0.03431372549019608,
    "Australian_federal_election,_1980": 0.03431372549019608,
    "Australian_federal_election,_1975": 0.03431372549019608,
    "Australian_federal_election,_1974": 0.03431372549019608,
    "Australian_federal_election,_1972": 0.03431372549019608,
    "Local_government_areas_of_Tasmania": 0.034229828850855744,
    "Australian_federal_election,_2007": 0.03365384615384615,
    "Australian_federal_election,_2010": 0.0330188679245283,
    "Australian_federal_election,_2013": 0.03286384976525822,
    "Snowy_Mountains_Scheme": 0.03090909090909091,
    "Government_of_New_South_Wales": 0.030737704918032786,
    "Melbourne_Ice": 0.030612244897959183,
    "Referendums_in_Australia": 0.026936026936026935,
    "Melbourne_Rebels_(ARC)": 0.026634382566585957,
    "Local_government_areas_of_Western_Australia": 0.026168224299065422,
    "Local_government_areas_of_Victoria": 0.026119402985074626,
    "Melbourne_Mustangs": 0.024896265560165973,
    "2011_Melbourne_Vixens_season": 0.02481389578163772,
    "National_Party_of_Australia": 0.024574669187145556,
    "Sport_in_Brisbane": 0.0231023102310231,
    "Country_Liberal_Party": 0.022887323943661973,
    "New_South_Wales_Breakers": 0.022857142857142857,
    "Sydney_Bears": 0.022613065326633167,
    "Sydney_Ice_Dogs": 0.022613065326633167,
    "Prime_Minister_of_Australia": 0.02247191011235955,
    "Queensland_Reds": 0.02095238095238095,
    "Brisbane_Bullets": 0.020642201834862386,
    "Local_government_areas_of_South_Australia": 0.020319303338171262,
    "Australian_Labor_Party": 0.018413597733711047,
    "Australia_men's_national_wheelchair_basketball_team": 0.01832460732984293,
    "Indigenous_All_Stars_(rugby_league)": 0.017766497461928935,
    "Australia_women's_national_basketball_team": 0.017241379310344827,
    "St._George_Illawarra_Dragons": 0.01694915254237288,
    "Melbourne_Heart_FC": 0.016638935108153077,
    "Melbourne_Storm": 0.01658374792703151,
    "Liberal_Party_of_Australia": 0.016518424396442185,
    "A1_Team_Australia": 0.015915119363395226,
    "Australia_national_men's_squash_team": 0.015873015873015872,
    "Australia_men's_national_under-18_ice_hockey_team": 0.01583710407239819,
    "Australia_men's_national_junior_ice_hockey_team": 0.015730337078651686,
    "Australia_women's_national_field_hockey_team": 0.015730337078651686,
    "Australia_national_speedway_team": 0.015584415584415584,
    "Australia_A_cricket_team": 0.015486725663716814,
    "Prime_Minister's_XI": 0.015486725663716814,
    "Sports_radio": 0.015151515151515152,
    "Sports_riot": 0.015151515151515152,
    "Pitch_(sports_field)": 0.015151515151515152,
    "Australia_international_rules_football_team": 0.014814814814814815,
    "Australia_women's_national_water_polo_team": 0.014583333333333334,
    "Australia_men's_national_ice_hockey_team": 0.014492753623188406,
    "Australia_national_netball_team": 0.014373716632443531,
    "Australia_at_the_Hopman_Cup": 0.013986013986013986,
    "Leader_of_the_House_(Australia)": 0.013745704467353952,
    "Members_of_the_Australian_Parliament_who_have_served_for_at_least_30_years": 0.013745704467353952,
    "Father_of_the_Australian_Parliament": 0.013745704467353952,
    "Manager_of_Opposition_Business_in_the_House_(Australia)": 0.013745704467353952,
    "Manager_of_Government_Business_in_the_Senate_(Australia)": 0.013745704467353952,
    "Manager_of_Opposition_Business_in_the_Senate_(Australia)": 0.013745704467353952,
    "Father_of_the_Australian_House_of_Representatives": 0.013745704467353952,
    "Father_of_the_Australian_Senate": 0.013745704467353952,
    "Leader_of_the_Government_in_the_Senate_(Australia)": 0.013745704467353952,
    "Leader_of_the_Opposition_in_the_Senate_(Australia)": 0.013745704467353952,
    "List_of_whips_in_the_Australian_House_of_Representatives": 0.013745704467353952,
    "List_of_whips_in_the_Australian_Senate": 0.013745704467353952,
    "Australia_at_the_Commonwealth_Games": 0.013422818791946308,
    "Australia_men's_national_water_polo_team": 0.013307984790874524,
    "Australia_men's_national_volleyball_team": 0.013215859030837005,
    "Netball_in_New_Zealand": 0.013201320132013201,
    "List_of_Australian_Senate_appointments": 0.012861736334405145,
    "Essendon_Football_Club": 0.012836970474967908,
    "Essendon_VFL_Football_Club": 0.012836970474967908,
    "Melbourne_Football_Club": 0.012150668286755772,
    "List_of_female_cabinet_ministers_of_Australia": 0.012048192771084338,
    "North_Melbourne_Football_Club": 0.011947431302270013,
    "South_Sydney_Rabbitohs": 0.011922503725782414,
    "Richmond_Football_Club": 0.011876484560570071,
    "Australian_rules_football_in_New_Zealand": 0.011869436201780416,
    "Western_Bulldogs": 0.011834319526627219,
    "Speaker_of_the_Australian_House_of_Representatives": 0.011799410029498525,
    "Hawthorn_Football_Club": 0.011627906976744186,
    "Carlton_Football_Club": 0.01160092807424594,
    "Australia_women's_national_association_football_team": 0.011577424023154847,
    "Australia_Fed_Cup_team": 0.011472275334608031,
    "Australia_at_the_Universiade": 0.011342155009451797,