{
    "2005\u201306_Eintracht_Frankfurt_season": 1.0,
    "2006\u201307_Eintracht_Frankfurt_season": 0.4642857142857143,
    "2007\u201308_Eintracht_Frankfurt_season": 0.3902439024390244,
    "2008\u201309_Eintracht_Frankfurt_season": 0.375,
    "2005\u201306_NOFV-Oberliga": 0.3153846153846154,
    "2013\u201314_Eintracht_Frankfurt_season": 0.31343283582089554,
    "2005\u201306_Dynamo_Dresden_season": 0.2907801418439716,
    "2005\u201306_Regionalliga": 0.2867132867132867,
    "2005\u201306_Bundesliga_(women)": 0.21465968586387435,
    "2005\u201306_2._Bundesliga": 0.1453900709219858,
    "2005\u201306_Bundesliga": 0.10432569974554708,
    "2006\u201307_NOFV-Oberliga": 0.024096385542168676,
    "2006\u201307_Regionalliga": 0.0223463687150838,
    "2004\u201305_NOFV-Oberliga": 0.02185792349726776,
    "2006\u201307_Hertha_BSC_season": 0.021505376344086023,
    "2004\u201305_Dynamo_Dresden_season": 0.020618556701030927,
    "2004\u201305_Regionalliga": 0.02040816326530612,
    "2006\u201307_FC_Bayern_Munich_season": 0.019801980198019802,
    "2006\u201307_Hamburger_SV_season": 0.018691588785046728,
    "2003\u201304_NOFV-Oberliga": 0.018072289156626505,
    "2006\u201307_Bundesliga_(women)": 0.01762114537444934,
    "2003\u201304_Regionalliga": 0.01675977653631285,
    "2004\u201305_Bundesliga_(women)": 0.01639344262295082,
    "2007\u201308_NOFV-Oberliga": 0.015789473684210527,
    "2007\u201308_VfB_Stuttgart_season": 0.015463917525773196,
    "2003\u201304_FC_Bayern_Munich_season": 0.01485148514851485,
    "2007\u201308_Regionalliga": 0.014778325123152709,
    "2008\u201309_in_German_football": 0.013888888888888888,
    "2003\u201304_Bundesliga_(women)": 0.013215859030837005,
    "1992\u201393_NOFV-Oberliga": 0.012903225806451613,
    "1996\u201397_NOFV-Oberliga": 0.01282051282051282,
    "2012\u201313_in_German_football": 0.012578616352201259,
    "2006\u201307_2._Bundesliga": 0.012578616352201259,
    "1998\u201399_NOFV-Oberliga": 0.0125,
    "2013\u201314_in_German_football": 0.012461059190031152,
    "1980\u201381_Hertha_BSC_season": 0.012345679012345678,
    "1974\u201375_Hertha_BSC_season": 0.012195121951219513,
    "1997\u201398_NOFV-Oberliga": 0.012121212121212121,
    "1994\u201395_Dynamo_Dresden_season": 0.011976047904191617,
    "2007\u201308_Bundesliga_(women)": 0.01195219123505976,
    "2004\u201305_2._Bundesliga": 0.011940298507462687,
    "2002\u201303_NOFV-Oberliga": 0.011904761904761904,
    "2001\u201302_NOFV-Oberliga": 0.011834319526627219,
    "1995\u201396_NOFV-Oberliga": 0.011695906432748537,
    "1998\u201399_Regionalliga": 0.011560693641618497,
    "1993\u201394_Dynamo_Dresden_season": 0.011494252873563218,
    "1997\u201398_Regionalliga": 0.011235955056179775,
    "1963\u201364_Regionalliga": 0.011235955056179775,
    "1998\u201399_Hertha_BSC_season": 0.011111111111111112,
    "1991\u201392_NOFV-Oberliga": 0.011049723756906077,
    "2001\u201302_Regionalliga": 0.01098901098901099,
    "1987\u201388_FC_Bayern_Munich_season": 0.01092896174863388,
    "1995\u201396_Regionalliga": 0.010869565217391304,
    "2000\u201301_NOFV-Oberliga": 0.010810810810810811,
    "1963\u201364_Hertha_BSC_season": 0.010810810810810811,
    "1992\u201393_FC_Bayern_Munich_season": 0.010471204188481676,
    "1996\u201397_FC_Bayern_Munich_season": 0.010416666666666666,
    "1990\u201391_FC_Bayern_Munich_season": 0.010416666666666666,
    "1994\u201395_FC_Bayern_Munich_season": 0.010416666666666666,
    "2005\u201306_Macedonian_Cup": 0.010380622837370242,
    "2005\u201306_Czech_Cup": 0.010380622837370242,
    "1986\u201387_FC_Bayern_Munich_season": 0.010362694300518135,
    "2008\u201309_NOFV-Oberliga": 0.010309278350515464,
    "List_of_German_football_transfers_2007\u201308": 0.01020408163265306,
    "1999\u20132000_NOFV-Oberliga": 0.01020408163265306,
    "1991\u201392_SV_Werder_Bremen_season": 0.01020408163265306,
    "1998\u201399_FC_Bayern_Munich_season": 0.01020408163265306,
    "2000\u201301_Regionalliga": 0.010101010101010102,
    "1993\u201394_FC_Bayern_Munich_season": 0.010050251256281407
}