{
    "List_of_Maryland_Terrapins_bowl_games": 1.0,
    "2007_Maryland_Terrapins_football_team": 0.8409090909090909,
    "2005_Maryland_Terrapins_football_team": 0.8409090909090909,
    "2008_Maryland_Terrapins_football_team": 0.8409090909090909,
    "2002_Maryland_Terrapins_football_team": 0.8409090909090909,
    "2009_Maryland_Terrapins_football_team": 0.8409090909090909,
    "2004_Maryland_Terrapins_football_team": 0.8409090909090909,
    "2003_Maryland_Terrapins_football_team": 0.8409090909090909,
    "1989_Maryland_Terrapins_football_team": 0.8409090909090909,
    "1990_Maryland_Terrapins_football_team": 0.8409090909090909,
    "1950_Maryland_Terrapins_football_team": 0.8409090909090909,
    "1947_Maryland_Terrapins_football_team": 0.8409090909090909,
    "1948_Maryland_Terrapins_football_team": 0.8409090909090909,
    "1949_Maryland_Terrapins_football_team": 0.8409090909090909,
    "1952_Maryland_Terrapins_football_team": 0.8409090909090909,
    "1954_Maryland_Terrapins_football_team": 0.8409090909090909,
    "List_of_Maryland_Terrapins_football_honorees": 0.8409090909090909,
    "2010_Maryland_Terrapins_football_team": 0.8409090909090909,
    "1956_Maryland_Terrapins_football_team": 0.8409090909090909,
    "1957_Maryland_Terrapins_football_team": 0.8409090909090909,
    "1958_Maryland_Terrapins_football_team": 0.8409090909090909,
    "1946_Maryland_Terrapins_football_team": 0.8409090909090909,
    "2011_Maryland_Terrapins_football_team": 0.8409090909090909,
    "1896_Maryland_Aggies_football_team": 0.8409090909090909,
    "1898_Maryland_Aggies_football_team": 0.8409090909090909,
    "2012_Maryland_Terrapins_football_team": 0.8409090909090909,
    "2013_Maryland_Terrapins_football_team": 0.8409090909090909,
    "2006_Maryland_Terrapins_football_team": 0.8409090909090909,
    "List_of_Maryland_Terrapins_in_professional_football": 0.774869109947644,
    "List_of_Maryland_Terrapins_quarterbacks": 0.6851851851851852,
    "2001_Maryland_Terrapins_football_team": 0.6040816326530613,
    "1984_Maryland_Terrapins_football_team": 0.6040816326530613,
    "1983_Maryland_Terrapins_football_team": 0.6040816326530613,
    "1975_Maryland_Terrapins_football_team": 0.6040816326530613,
    "1974_Maryland_Terrapins_football_team": 0.6040816326530613,
    "1976_Maryland_Terrapins_football_team": 0.6040816326530613,
    "1985_Maryland_Terrapins_football_team": 0.6040816326530613,
    "1955_Maryland_Terrapins_football_team": 0.6040816326530613,
    "1953_Maryland_Terrapins_football_team": 0.4340175953079179,
    "1951_Maryland_Terrapins_football_team": 0.36185819070904646,
    "Crab_Bowl_Classic": 0.34498834498834496,
    "List_of_Sadat_Lecture_for_Peace_Speakers": 0.03319502074688797,
    "University_of_Maryland_Athletic_Hall_of_Fame": 0.03319502074688797,
    "University_of_Maryland,_College_Park_Campus_Buildings": 0.03319502074688797,
    "University_of_Maryland_Gamer_Symphony_Orchestra": 0.03305785123966942,
    "List_of_Atlantic_Coast_Conference_football_champions": 0.032490974729241874,
    "2005_Florida_State_Seminoles_football_team": 0.026865671641791045,
    "2000_Florida_State_Seminoles_football_team": 0.026865671641791045,
    "1992_Florida_State_Seminoles_football_team": 0.026865671641791045,
    "2003_Florida_State_Seminoles_football_team": 0.026865671641791045,
    "2002_Florida_State_Seminoles_football_team": 0.026865671641791045,
    "1998_Florida_State_Seminoles_football_team": 0.026865671641791045,
    "1997_Florida_State_Seminoles_football_team": 0.026865671641791045,
    "2012_Florida_State_Seminoles_football_team": 0.026865671641791045,
    "1996_Florida_State_Seminoles_football_team": 0.026865671641791045,
    "1995_Florida_State_Seminoles_football_team": 0.026865671641791045,
    "1994_Florida_State_Seminoles_football_team": 0.026865671641791045,
    "Shuttle-UM": 0.026402640264026403,
    "2011_Clemson_Tigers_football_team": 0.024,
    "2006_Wake_Forest_Demon_Deacons_football_team": 0.023872679045092837,
    "1969_South_Carolina_Gamecocks_football_team": 0.023076923076923078,
    "2007_Virginia_Tech_Hokies_football_team": 0.02295918367346939,
    "2004_Virginia_Tech_Hokies_football_team": 0.02295918367346939,
    "2008_Virginia_Tech_Hokies_football_team": 0.02295918367346939,
    "2010_Virginia_Tech_Hokies_football_team": 0.02295918367346939,
    "2009_Georgia_Tech_Yellow_Jackets_football_team": 0.02278481012658228,
    "1998_Georgia_Tech_Yellow_Jackets_football_team": 0.02278481012658228,
    "Maryland_Terrapins": 0.0226628895184136,
    "1993_Florida_State_Seminoles_football_team": 0.022113022113022112,
    "1999_Florida_State_Seminoles_football_team": 0.022058823529411766,
    "2013_Florida_State_Seminoles_football_team": 0.0215311004784689,
    "1981_Clemson_Tigers_football_team": 0.018907563025210083,
    "Maryland_Terrapins_men's_basketball": 0.018518518518518517,
    "List_of_Big_Ten_Conference_football_rivalry_games": 0.01834862385321101,
    "1990_Georgia_Tech_Yellow_Jackets_football_team": 0.018329938900203666,
    "2010_Gator_Bowl": 0.018329938900203666,
    "List_of_Chick-fil-A_Bowl_broadcasters": 0.017605633802816902,
    "List_of_Tennessee_Volunteers_bowl_games": 0.013262599469496022,
    "List_of_Fiesta_Bowl_broadcasters": 0.01293103448275862,
    "List_of_Orange_Bowl_broadcasters": 0.012587412587412588,
    "List_of_Sun_Bowl_broadcasters": 0.012531328320802004,
    "List_of_Cotton_Bowl_Classic_broadcasters": 0.01092896174863388
}