{
    "List_of_Odd_Fellows_buildings": 1.0,
    "List_of_Elks_buildings": 0.5111111111111111,
    "List_of_Knights_of_Pythias_buildings": 0.5111111111111111,
    "List_of_Grange_Hall_buildings": 0.5111111111111111,
    "List_of_Fraternal_Order_of_Eagles_buildings": 0.5111111111111111,
    "List_of_American_Legion_buildings": 0.5111111111111111,
    "List_of_Masonic_buildings_in_the_United_States": 0.5111111111111111,
    "Formula_SAE": 0.01282051282051282,
    "List_of_Masonic_Grand_Lodges": 0.010471204188481676,
    "Freemasonry_in_Canada": 0.010471204188481676,
    "Grand_Lodge_of_Texas": 0.010471204188481676,
    "Grand_Lodge_of_Idaho": 0.010471204188481676
}