{
    "Swimming_at_the_2010_Asian_Games": 1.0,
    "Cue_sports_at_the_2010_Asian_Games": 0.6753246753246753,
    "Karate_at_the_2010_Asian_Games": 0.65,
    "Wushu_at_the_2010_Asian_Games": 0.6419753086419753,
    "Taekwondo_at_the_2010_Asian_Games": 0.6341463414634146,
    "Bowling_at_the_2010_Asian_Games": 0.6265060240963856,
    "Rowing_at_the_2010_Asian_Games": 0.6265060240963856,
    "Fencing_at_the_2010_Asian_Games": 0.6190476190476191,
    "Archery_at_the_2010_Asian_Games": 0.611764705882353,
    "Table_tennis_at_the_2010_Asian_Games": 0.5909090909090909,
    "Badminton_at_the_2010_Asian_Games": 0.5842696629213483,
    "Boxing_at_the_2010_Asian_Games": 0.5714285714285714,
    "Shooting_at_the_2010_Asian_Games": 0.5714285714285714,
    "Wrestling_at_the_2010_Asian_Games": 0.5714285714285714,
    "Athletics_at_the_2010_Asian_Games": 0.5652173913043478,
    "Gymnastics_at_the_2010_Asian_Games": 0.5252525252525253,
    "Tennis_at_the_2010_Asian_Games": 0.46017699115044247,
    "Cycling_at_the_2010_Asian_Games": 0.4444444444444444,
    "Judo_at_the_2010_Asian_Games": 0.4262295081967213,
    "2010_Asian_Games": 0.32098765432098764,
    "Swimming_at_the_1958_Asian_Games": 0.23595505617977527,
    "Swimming_at_the_1990_Asian_Games": 0.2,
    "Swimming_at_the_1994_Asian_Games": 0.1891891891891892,
    "Swimming_at_the_2002_Asian_Games": 0.1810344827586207,
    "Swimming_at_the_1998_Asian_Games": 0.1810344827586207,
    "Swimming_at_the_2006_Asian_Games": 0.1794871794871795,
    "Swimming_at_the_Asian_Games": 0.11413043478260869,
    "List_of_Asian_Games_records_in_swimming": 0.0625,
    "Tao_Li": 0.06172839506172839,
    "Board_games_at_the_Asian_Games": 0.028169014084507043,
    "Athletics_at_the_1951_Asian_Games": 0.019801980198019802,
    "Athletics_at_the_1954_Asian_Games": 0.019417475728155338,
    "Table_tennis_at_the_1958_Asian_Games": 0.019230769230769232,
    "Badminton_at_the_1970_Asian_Games": 0.01904761904761905,
    "Tennis_at_the_1966_Asian_Games": 0.01904761904761905,
    "Badminton_at_the_1966_Asian_Games": 0.018867924528301886,
    "Boxing_at_the_1958_Asian_Games": 0.018691588785046728,
    "Wrestling_at_the_1970_Asian_Games": 0.018691588785046728,
    "Athletics_at_the_1970_Asian_Games": 0.018518518518518517,
    "Athletics_at_the_1962_Asian_Games": 0.018518518518518517,
    "Athletics_at_the_1958_Asian_Games": 0.018518518518518517,
    "Athletics_at_the_1966_Asian_Games": 0.01834862385321101,
    "Shooting_at_the_1974_Asian_Games": 0.01818181818181818,
    "Boxing_at_the_1974_Asian_Games": 0.01818181818181818,
    "Wrestling_at_the_1974_Asian_Games": 0.01818181818181818,
    "Badminton_at_the_1978_Asian_Games": 0.018018018018018018,
    "Wrestling_at_the_1978_Asian_Games": 0.017699115044247787,
    "Badminton_at_the_1982_Asian_Games": 0.017699115044247787,
    "Athletics_at_the_1978_Asian_Games": 0.017543859649122806,
    "Wrestling_at_the_1982_Asian_Games": 0.017391304347826087,
    "Boxing_at_the_1982_Asian_Games": 0.017391304347826087,
    "Athletics_at_the_1982_Asian_Games": 0.017241379310344827,
    "Gymnastics_at_the_1990_Asian_Games": 0.017094017094017096,
    "Philippines_at_the_2010_Asian_Games": 0.01694915254237288,
    "South_Korea_at_the_2010_Asian_Games": 0.01694915254237288,
    "China_at_the_2010_Asian_Games": 0.01694915254237288,
    "India_at_the_2010_Asian_Games": 0.01694915254237288,
    "Japan_at_the_2010_Asian_Games": 0.01694915254237288,
    "Iran_at_the_2010_Asian_Games": 0.01694915254237288,
    "Indonesia_at_the_2010_Asian_Games": 0.01694915254237288,
    "Thailand_at_the_2010_Asian_Games": 0.01694915254237288,
    "Vietnam_at_the_2010_Asian_Games": 0.01694915254237288,
    "Hong_Kong_at_the_2010_Asian_Games": 0.01694915254237288,
    "Kazakhstan_at_the_2010_Asian_Games": 0.01694915254237288,
    "North_Korea_at_the_2010_Asian_Games": 0.01694915254237288,
    "Malaysia_at_the_2010_Asian_Games": 0.01694915254237288,
    "Qatar_at_the_2010_Asian_Games": 0.01694915254237288,
    "Chinese_Taipei_at_the_2010_Asian_Games": 0.01694915254237288,
    "Uzbekistan_at_the_2010_Asian_Games": 0.01694915254237288,
    "Boxing_at_the_1986_Asian_Games": 0.01680672268907563,
    "Wrestling_at_the_1986_Asian_Games": 0.01680672268907563,
    "Cue_sports_at_the_2002_Asian_Games": 0.016666666666666666,
    "Table_tennis_at_the_1990_Asian_Games": 0.016666666666666666,
    "Cue_sports_at_the_1998_Asian_Games": 0.016666666666666666,
    "Athletics_at_the_1986_Asian_Games": 0.016666666666666666,
    "Cue_sports_at_the_2006_Asian_Games": 0.01652892561983471,
    "Boxing_at_the_1990_Asian_Games": 0.016260162601626018,
    "Karate_at_the_2002_Asian_Games": 0.016260162601626018,
    "Gymnastics_at_the_1994_Asian_Games": 0.016260162601626018,
    "Karate_at_the_1998_Asian_Games": 0.016260162601626018,
    "Shooting_at_the_1990_Asian_Games": 0.016260162601626018,
    "Wushu_at_the_2002_Asian_Games": 0.016129032258064516,
    "Karate_at_the_2006_Asian_Games": 0.016129032258064516,
    "Athletics_at_the_1990_Asian_Games": 0.016129032258064516,
    "Taekwondo_at_the_2002_Asian_Games": 0.016,
    "Canoeing_at_the_2002_Asian_Games": 0.016,
    "Wushu_at_the_2006_Asian_Games": 0.016,
    "Rowing_at_the_2002_Asian_Games": 0.015873015873015872,
    "Bowling_at_the_2002_Asian_Games": 0.015873015873015872,
    "Tennis_at_the_1994_Asian_Games": 0.015873015873015872,
    "Table_tennis_at_the_1994_Asian_Games": 0.015873015873015872,
    "Taekwondo_at_the_2006_Asian_Games": 0.015873015873015872,
    "Judo_at_the_1994_Asian_Games": 0.015748031496062992,
    "Badminton_at_the_1994_Asian_Games": 0.015748031496062992,
    "Bowling_at_the_2006_Asian_Games": 0.015748031496062992,
    "Rowing_at_the_2006_Asian_Games": 0.015748031496062992,
    "Archery_at_the_2002_Asian_Games": 0.015625,
    "Fencing_at_the_2006_Asian_Games": 0.015625,
    "Boxing_at_the_1994_Asian_Games": 0.015503875968992248,
    "Sailing_at_the_2002_Asian_Games": 0.015503875968992248,
    "Wrestling_at_the_1994_Asian_Games": 0.015503875968992248,
    "Shooting_at_the_1994_Asian_Games": 0.015503875968992248,
    "Archery_at_the_2006_Asian_Games": 0.015503875968992248,
    "Sailing_at_the_2006_Asian_Games": 0.015384615384615385,
    "Athletics_at_the_1994_Asian_Games": 0.015384615384615385,
    "Tennis_at_the_2002_Asian_Games": 0.015267175572519083,
    "Tennis_at_the_1998_Asian_Games": 0.015267175572519083,
    "Table_tennis_at_the_2002_Asian_Games": 0.015267175572519083,
    "Table_tennis_at_the_1998_Asian_Games": 0.015267175572519083,
    "Judo_at_the_1998_Asian_Games": 0.015151515151515152,
    "Badminton_at_the_1998_Asian_Games": 0.015151515151515152,
    "Table_tennis_at_the_2006_Asian_Games": 0.015151515151515152,
    "Tennis_at_the_2006_Asian_Games": 0.015151515151515152,
    "Badminton_at_the_2002_Asian_Games": 0.015151515151515152,
    "Judo_at_the_2002_Asian_Games": 0.015037593984962405,
    "Badminton_at_the_2006_Asian_Games": 0.015037593984962405,
    "Boxing_at_the_2002_Asian_Games": 0.014925373134328358,
    "Wrestling_at_the_2002_Asian_Games": 0.014925373134328358,
    "Shooting_at_the_2002_Asian_Games": 0.014925373134328358,
    "Shooting_at_the_1998_Asian_Games": 0.014925373134328358,
    "Wrestling_at_the_1998_Asian_Games": 0.014925373134328358,
    "Boxing_at_the_1998_Asian_Games": 0.014925373134328358,
    "Cycling_at_the_2002_Asian_Games": 0.014814814814814815,
    "Boxing_at_the_2006_Asian_Games": 0.014814814814814815,
    "Shooting_at_the_2006_Asian_Games": 0.014814814814814815,
    "Wrestling_at_the_2006_Asian_Games": 0.014814814814814815,
    "Athletics_at_the_2002_Asian_Games": 0.014814814814814815,
    "Athletics_at_the_1998_Asian_Games": 0.014814814814814815,
    "Athletics_at_the_2006_Asian_Games": 0.014705882352941176,
    "Judo_at_the_2006_Asian_Games": 0.014705882352941176,
    "Gymnastics_at_the_2002_Asian_Games": 0.014598540145985401,
    "Gymnastics_at_the_2006_Asian_Games": 0.014388489208633094,
    "Dragon_boat_at_the_Asian_Games": 0.014084507042253521,