{
    "Illinois_statistical_areas": 1.0,
    "List_of_botanical_gardens_and_arboretums_in_Illinois": 0.8204334365325078,
    "List_of_Illinois_townships": 0.7755102040816326,
    "List_of_snakes_of_Illinois": 0.7085561497326203,
    "List_of_windmills_in_Illinois": 0.7066666666666667,
    "List_of_power_stations_in_Illinois": 0.6981627296587927,
    "List_of_museums_in_Illinois": 0.6973684210526315,
    "List_of_Superfund_sites_in_Illinois": 0.6963350785340314,
    "List_of_counties_in_Illinois": 0.6963350785340314,
    "List_of_Illinois_state_symbols": 0.6955380577427821,
    "List_of_cities_in_Illinois": 0.6865284974093264,
    "List_of_towns_and_villages_in_Illinois": 0.6865284974093264,
    "Illinois_locations_by_per_capita_income": 0.6847545219638242,
    "Adams_County,_Illinois": 0.6708860759493671,
    "Government_of_Cook_County,_Illinois": 0.6575682382133995,
    "List_of_airports_in_Illinois": 0.6503667481662592,
    "National_Register_of_Historic_Places_listings_in_Cook_County,_Illinois": 0.5995475113122172,
    "List_of_television_stations_in_Illinois": 0.5968468468468469,
    "Lake_County,_Illinois": 0.5837004405286343,
    "List_of_Illinois_railroads": 0.5698924731182796,
    "Cook_County,_Illinois": 0.5247524752475248,
    "Peoria,_Illinois": 0.5237154150197628,
    "United_States_congressional_delegations_from_Illinois": 0.5206286836935167,
    "National_Register_of_Historic_Places_listings_in_Illinois": 0.5185909980430529,
    "List_of_United_States_Representatives_from_Illinois": 0.4809437386569873,
    "List_of_United_States_Senators_from_Illinois": 0.4757630161579892,
    "List_of_protected_areas_of_Illinois": 0.4382207578253707,
    "List_of_Governors_of_Illinois": 0.390279823269514,
    "Quad_Cities": 0.3732394366197183,
    "Greater_St._Louis": 0.3674033149171271,
    "Illinois-Indiana-Kentucky_tri-state_area": 0.36092265943012214,
    "Illinois": 0.356,
    "Chicago_metropolitan_area": 0.28253968253968254,
    "List_of_radio_stations_in_Illinois": 0.2383093525179856,
    "District_of_Columbia_statistical_areas": 0.16042780748663102,
    "Wyoming_statistical_areas": 0.15463917525773196,
    "Rhode_Island_census_statistical_areas": 0.14962593516209477,
    "Vermont_statistical_areas": 0.1477832512315271,
    "Arizona_census_statistical_areas": 0.145985401459854,
    "New_Jersey_statistical_areas": 0.14563106796116504,
    "Maine_statistical_areas": 0.14563106796116504,
    "Delaware_statistical_areas": 0.1431980906921241,
    "Texas_statistical_areas": 0.14084507042253522,
    "Alaska_statistical_areas": 0.14084507042253522,
    "Nevada_statistical_areas": 0.14018691588785046,
    "Idaho_statistical_areas": 0.13953488372093023,
    "Montana_statistical_areas": 0.13856812933025403,
    "West_Virginia_statistical_areas": 0.13544018058690746,
    "New_Mexico_statistical_areas": 0.13544018058690746,
    "Massachusetts_statistical_areas": 0.1342281879194631,
    "Oregon_statistical_areas": 0.13274336283185842,
    "Puerto_Rico_statistical_areas": 0.13215859030837004,
    "Louisiana_statistical_areas": 0.13186813186813187,
    "North_Dakota_statistical_areas": 0.13043478260869565,
    "Alabama_statistical_areas": 0.1301518438177874,
    "Tennessee_statistical_areas": 0.12896405919661733,
    "New_York_statistical_areas": 0.1279317697228145,
    "New_York_State_metropolitan_areas": 0.1279317697228145,
    "Utah_statistical_areas": 0.1276595744680851,
    "Oklahoma_statistical_areas": 0.12738853503184713,
    "Nebraska_statistical_areas": 0.1271186440677966,
    "Washington_statistical_areas": 0.1271186440677966,
    "Maryland_statistical_areas": 0.12684989429175475,
    "Wisconsin_statistical_areas": 0.12653061224489795,
    "Arkansas_statistical_areas": 0.12577319587628866,
    "Iowa_statistical_areas": 0.1257606490872211,
    "Ohio_statistical_areas": 0.12474012474012475,
    "Indiana_statistical_areas": 0.12298387096774194,
    "Mississippi_statistical_areas": 0.12224448897795591,
    "Lake_County,_Indiana": 0.12099644128113879,
    "Michigan_statistical_areas": 0.12,
    "South_Dakota_statistical_areas": 0.11952191235059761,
    "California_statistical_areas": 0.11904761904761904,
    "South_Carolina_statistical_areas": 0.1188118811881188,
    "Minnesota_statistical_areas": 0.11730769230769231,
    "Missouri_statistical_areas": 0.11695906432748537,
    "Kentucky_statistical_areas": 0.11619047619047619,
    "Colorado_statistical_areas": 0.11494252873563218,
    "Colorado_metropolitan_areas": 0.11494252873563218,
    "Kansas_statistical_areas": 0.1147227533460803,
    "Pennsylvania_statistical_areas": 0.11428571428571428,
    "Virginia_statistical_areas": 0.11152416356877323,
    "Florida_statistical_areas": 0.11049723756906077,
    "Connecticut_statistical_areas": 0.11009174311926606,
    "North_Carolina_statistical_areas": 0.1088929219600726,
    "Georgia_statistical_areas": 0.10869565217391304,
    "New_Hampshire_statistical_areas": 0.09693053311793215,
    "Landmarks_of_St._Louis": 0.04066985645933014,
    "National_Register_of_Historic_Places_listings_in_DuPage_County,_Illinois": 0.03807615230460922,
    "Southern_Illinois_University_Edwardsville": 0.036072144288577156,
    "Greater_Toronto_and_Hamilton_Area": 0.033632286995515695,
    "Fort_Erie,_Ontario": 0.030737704918032786,
    "Gatineau": 0.030364372469635626,
    "Megaregions_of_the_United_States": 0.030245746691871456,
    "Oshawa": 0.029880478087649404,
    "Kitchener,_Ontario": 0.02862595419847328,
    "Parks_in_St._Louis": 0.02847571189279732,
    "Parks_in_Greater_St._Louis": 0.02847571189279732,
    "Brampton": 0.02819548872180451,
    "Sports_in_Brampton": 0.02819548872180451,
    "Mississauga": 0.027932960893854747,
    "Richmond_Hill,_Ontario": 0.027932960893854747,
    "Great_Lakes_census_statistical_areas": 0.026929982046678635,
    "Great_Lakes_Megalopolis": 0.026929982046678635,
    "Vaughan": 0.026833631484794274,
    "Municipalities_of_St._Louis_County,_Missouri": 0.026509572901325478,
    "Greater_Toronto_Area": 0.026455026455026454,
    "Maryland_Heights,_Missouri": 0.02643171806167401,
    "St._Louis_County,_Missouri": 0.02643171806167401,
    "Longueuil": 0.02617801047120419,
    "Windsor,_Ontario": 0.026041666666666668,
    "Peterborough,_Ontario": 0.024834437086092714,
    "National_Register_of_Historic_Places_listings_in_Will_County,_Illinois": 0.024574669187145556,
    "Guelph": 0.024232633279483037,
    "Dublin,_Ohio": 0.023961661341853034,
    "Laval,_Quebec": 0.02377179080824089,
    "Indianapolis_metropolitan_area": 0.023370233702337023,
    "London,_Ontario": 0.0226928895612708,
    "Chicago_Surface_Lines": 0.0225,
    "Greater_Cleveland": 0.021660649819494584,
    "Metro_Detroit": 0.02165087956698241,
    "National_Register_of_Historic_Places_listings_in_Lake_County,_Illinois": 0.02010968921389397,
    "Minneapolis\u2013Saint_Paul": 0.019138755980861243,
    "Greater_Montreal": 0.018963337547408345,
    "National_Register_of_Historic_Places_listings_in_Henry_County,_Illinois": 0.01818181818181818,
    "Madison,_Wisconsin": 0.017921146953405017,
    "Quad_City_International_Airport": 0.01735357917570499,
    "National_Register_of_Historic_Places_listings_in_Rock_Island_County,_Illinois": 0.017271157167530225,
    "Milwaukee": 0.01721170395869191,
    "Cincinnati": 0.016964285714285713,
    "Metra": 0.01694915254237288,
    "Cincinnati_metropolitan_area": 0.016826923076923076,
    "South_Shore_Line": 0.015358361774744027,
    "WBGL": 0.01436265709156194,
    "Rock_Island_Arsenal": 0.01415929203539823,
    "National_Register_of_Historic_Places_listings_in_St._Clair_County,_Illinois": 0.01383399209486166,