{
    "Porsche_RS_Spyder": 1.0,
    "Porsche_Carrera_Cup_Germany": 0.4694533762057878,
    "Porsche_Supercup": 0.4694533762057878,
    "Australian_Carrera_Cup_Championship": 0.4605678233438486,
    "Porsche_Carrera_Cup_Great_Britain": 0.4492307692307692,
    "SDI_(engine)": 0.06986899563318777,
    "List_of_Volkswagen_Group_diesel_engines": 0.06986899563318777,
    "List_of_Volkswagen_Group_petrol_engines": 0.06060606060606061,
    "List_of_Volkswagen_Group_platforms": 0.05574912891986063,
    "Volkswagen_Motorsport": 0.05460750853242321,
    "SEAT_Sport": 0.047337278106508875,
    "List_of_Audi_vehicles": 0.04381443298969072,
    "Bugatti": 0.03571428571428571,
    "Ducati": 0.029462738301559793,
    "Volkswagen": 0.02847571189279732,
    "2009_Porsche_Supercup_season": 0.022508038585209004,
    "2008_Porsche_Supercup_season": 0.022508038585209004,
    "2007_Porsche_Supercup_season": 0.022508038585209004,
    "2006_Porsche_Supercup_season": 0.022508038585209004,
    "2010_Porsche_Supercup_season": 0.022508038585209004,
    "2005_Porsche_Supercup_season": 0.022508038585209004,
    "2006_Australian_Carrera_Cup_Championship": 0.022508038585209004,
    "2011_Australian_Carrera_Cup_Championship": 0.022508038585209004,
    "2011_Porsche_Supercup_season": 0.022508038585209004,
    "2012_Australian_Carrera_Cup_Championship": 0.022508038585209004,
    "2012_Porsche_Supercup_season": 0.022508038585209004,
    "2013_Australian_Carrera_Cup_Championship": 0.022508038585209004,
    "2013_Porsche_Supercup_season": 0.022508038585209004,
    "2004_Porsche_Supercup_season": 0.022508038585209004,
    "2003_Porsche_Supercup_season": 0.022508038585209004,
    "2002_Porsche_Supercup_season": 0.022508038585209004,
    "2007_Porsche_Carrera_Cup_Germany": 0.022508038585209004,
    "2006_Porsche_Carrera_Cup_Germany": 0.022508038585209004,
    "2008_Porsche_Carrera_Cup_Germany": 0.022508038585209004,
    "2003_Porsche_Carrera_Cup_Great_Britain": 0.022222222222222223,
    "2008_Porsche_Carrera_Cup_Great_Britain": 0.022151898734177215,
    "2009_Porsche_Carrera_Cup_Great_Britain": 0.022151898734177215,
    "2005_Porsche_Carrera_Cup_Great_Britain": 0.022151898734177215,
    "2006_Porsche_Carrera_Cup_Great_Britain": 0.022151898734177215,
    "2007_Porsche_Carrera_Cup_Great_Britain": 0.022151898734177215,
    "2012_Porsche_Carrera_Cup_Great_Britain": 0.022151898734177215,
    "2011_Porsche_Carrera_Cup_Great_Britain": 0.022082018927444796,
    "2013_Porsche_Carrera_Cup_Great_Britain": 0.022082018927444796,
    "2010_Porsche_Carrera_Cup_Great_Britain": 0.0219435736677116,
    "Cosworth": 0.02176696542893726,
    "List_of_Volkswagen_Group_factories": 0.02050113895216401,
    "List_of_Audi_Sport_Factory_Race_Cars": 0.01838235294117647,
    "BMW_M": 0.015730337078651686,
    "Veritas_(automobile)": 0.015717092337917484,
    "Audi_A6": 0.01567398119122257,
    "Audi_A4": 0.01567398119122257,
    "Audi_S_and_RS_models": 0.01567398119122257,
    "Audi_Quattro": 0.01567398119122257,
    "Sergey_Afanasyev_(racing_driver)": 0.014778325123152709,
    "2012_FIA_GT1_Nogaro_round": 0.014778325123152709,
    "2012_First_FIA_GT1_Slovakia_round": 0.014778325123152709,
    "2012_FIA_GT1_Algarve_round": 0.014778325123152709,
    "Lola_Mk4": 0.014285714285714285,
    "Andreas_Zuber": 0.014018691588785047,
    "Porsche_Carrera_Cup": 0.01338432122370937,
    "Ford_of_Europe": 0.012589928057553957,
    "Ecurie_Nationale_Belge": 0.011527377521613832,
    "Opel": 0.011326860841423949,
    "Automotive_industry_in_Mexico": 0.011235955056179775,
    "Gilby_Engineering": 0.010958904109589041,
    "\u0160koda_Motorsport": 0.010050251256281407
}