{
    "Triple_J_Hottest_100,_2002": 1.0,
    "Triple_J_Hottest_100,_1989": 1.0,
    "Triple_J_Hottest_100,_1990": 1.0,
    "Triple_J_Hottest_100,_1991": 1.0,
    "Triple_J_Hottest_100,_2001": 1.0,
    "Triple_J_Hottest_100,_2000": 1.0,
    "Triple_J_Hottest_100,_1999": 1.0,
    "Triple_J_Hottest_100,_1998": 1.0,
    "Triple_J_Hottest_100,_1997": 1.0,
    "Triple_J_Hottest_100,_1996": 1.0,
    "Triple_J_Hottest_100,_1995": 1.0,
    "Triple_J_Hottest_100,_1994": 1.0,
    "Triple_J_Hottest_100,_1993": 1.0,
    "Triple_J_Hottest_100,_2004": 1.0,
    "Triple_J_Hottest_100,_2007": 1.0,
    "Triple_J_Hottest_100,_2008": 1.0,
    "Triple_J_Hottest_100_of_All_Time,_2009": 1.0,
    "Triple_J_Hottest_100,_2009": 1.0,
    "Triple_J_Hottest_100_of_All_Time,_1998": 1.0,
    "Triple_J_Hottest_100,_2010": 1.0,
    "Triple_J_Hottest_100,_2011": 1.0,
    "Triple_J_Hottest_100,_2012": 1.0,
    "Triple_J_Hottest_100,_2005": 1.0,
    "Triple_J_Hottest_100_of_the_Past_20_Years,_2013": 1.0,
    "Triple_J_Hottest_100,_2006": 1.0,
    "List_of_Triple_J_presenters": 0.9914529914529915,
    "Triple_J_Hottest_100": 0.5858585858585859,
    "List_of_Meredith_Music_Festival_lineups_by_year": 0.025252525252525252,
    "Culture_of_Sydney": 0.023255813953488372,
    "Future_Music_Festival": 0.022727272727272728,
    "ARIA_Hall_of_Fame": 0.017006802721088437,
    "ARIA_Music_Awards": 0.01639344262295082,
    "ABW_(TV_station)": 0.015544041450777202,
    "ABQ": 0.015228426395939087,
    "ABN_(TV_station)": 0.014423076923076924,
    "Adam_Hills": 0.012578616352201259,
    "Today_Network": 0.011235955056179775,
    "Helpmann_Award_for_Best_Comedy_Performer": 0.010309278350515464
}