{
    "List_of_OnLive_video_games": 1.0,
    "GameAgent": 0.6242424242424243,
    "Wii_Shop_Channel": 0.3804347826086957,
    "List_of_mobile_software_distribution_platforms": 0.2761394101876676,
    "Nintendo_Network": 0.23809523809523808,
    "Instant_Game_Collection": 0.20502901353965183,
    "Ouya": 0.17921146953405018,
    "Video_game_console_emulator": 0.16374269005847952,
    "List_of_video_game_consoles": 0.16363636363636364,
    "CP_System": 0.16363636363636364,
    "Microsoft_Store": 0.1221826809015421,
    "Timeline_of_video_game_console_releases_in_North_America": 0.10660980810234541,
    "Wii_U": 0.09896907216494845,
    "PlayStation": 0.09549071618037135,
    "Xbox": 0.09515260323159784,
    "Google_Play": 0.09098786828422877,
    "PlayStation_Portable_launch": 0.0899581589958159,
    "PlayStation_Portable": 0.0899581589958159,
    "Remote_Play": 0.08888888888888889,
    "SNES_Multitap": 0.08053691275167785,
    "Nintendo_DS_Lite": 0.0801781737193764,
    "Wii": 0.07755102040816327,
    "Wii_launch": 0.07755102040816327,
    "PlayStation_3_launch": 0.07677543186180422,
    "Amiga_CD32": 0.0748792270531401,
    "Commodore_CDTV": 0.07434052757793765,
    "GameCube": 0.07297830374753451,
    "History_of_video_game_consoles_(third_generation)": 0.06585365853658537,
    "History_of_video_game_consoles_(first_generation)": 0.06569343065693431,
    "History_of_video_game_consoles_(fifth_generation)": 0.06490384615384616,
    "History_of_video_game_consoles_(fourth_generation)": 0.06474820143884892,
    "History_of_video_game_consoles_(sixth_generation)": 0.06474820143884892,
    "History_of_video_game_consoles_(second_generation)": 0.06352941176470588,
    "Pkgsrc": 0.06291390728476821,
    "Apple_TV": 0.054279749478079335,
    "Nintendo_Video": 0.0375,
    "Comparison_of_handheld_game_consoles": 0.03461538461538462,
    "Nelsonic_Industries": 0.03461538461538462,
    "MusicStation": 0.031746031746031744,
    "List_of_Virtual_Console_games_for_Nintendo_3DS_(North_America)": 0.03125,
    "List_of_Virtual_Console_games_for_Nintendo_3DS_(PAL_region)": 0.03125,
    "List_of_Virtual_Console_games_for_Nintendo_3DS_(Japan)": 0.03125,
    "2008_in_video_gaming": 0.02518891687657431,
    "2001_in_video_gaming": 0.02518891687657431,
    "2000_in_video_gaming": 0.02518891687657431,
    "1999_in_video_gaming": 0.02518891687657431,
    "1998_in_video_gaming": 0.02518891687657431,
    "1997_in_video_gaming": 0.02518891687657431,
    "1996_in_video_gaming": 0.02518891687657431,
    "1995_in_video_gaming": 0.02518891687657431,
    "2009_in_video_gaming": 0.02518891687657431,
    "List_of_video_games_in_development": 0.02518891687657431,
    "Video_gaming_in_the_Netherlands": 0.02518891687657431,
    "1990s_in_video_gaming": 0.02518891687657431,
    "2010_in_video_gaming": 0.02518891687657431,
    "2011_in_video_gaming": 0.02518891687657431,
    "2006_in_video_gaming": 0.02518891687657431,
    "1980s_in_video_gaming": 0.02518891687657431,
    "Video_gaming_in_Belgium": 0.02518891687657431,
    "2012_in_video_gaming": 0.02518891687657431,
    "2013_in_video_gaming": 0.02518891687657431,
    "2014_in_video_gaming": 0.02518891687657431,
    "2002_in_video_gaming": 0.02518891687657431,
    "2007_in_video_gaming": 0.02518891687657431,
    "2004_in_video_gaming": 0.02518891687657431,
    "2003_in_video_gaming": 0.02518891687657431,
    "2005_in_video_gaming": 0.02518891687657431,
    "2000s_in_video_gaming": 0.02518891687657431,
    "List_of_Xbox_360_System_Link_games": 0.023622047244094488,
    "Avatar_(Xbox_Live)": 0.023622047244094488,
    "List_of_Game_Room_games": 0.023622047244094488,
    "List_of_Games_for_Windows_\u2013_Live_titles": 0.023622047244094488,
    "Xbox_360_applications": 0.023622047244094488,
    "List_of_Xbox_360_accessories": 0.023622047244094488,
    "Nintendo_GameCube\u2013Game_Boy_Advance_link_cable": 0.022598870056497175,
    "Sellaband": 0.022408963585434174,
    "List_of_Xbox_Originals": 0.02127659574468085,
    "Wii_Speak": 0.021108179419525065,
    "List_of_downloadable_PSP_games": 0.020689655172413793,
    "List_of_PlayStation_minis": 0.020689655172413793,
    "List_of_PlayStation_Mobile_games": 0.020689655172413793,
    "List_of_PSone_Classics_N\u2013Z": 0.020689655172413793,
    "List_of_PSone_Classics_(PAL_region)": 0.020689655172413793,
    "List_of_PSone_Classics_(North_America)": 0.020689655172413793,
    "List_of_Super_NES_enhancement_chips": 0.020348837209302327,
    "IQue_Player": 0.020172910662824207,
    "Nintendo_64_accessories": 0.020172910662824207,
    "List_of_video_game_emulators": 0.02,
    "Mednafen": 0.02,
    "List_of_Nintendo_Entertainment_System_accessories": 0.019886363636363636,
    "List_of_PlayStation_Store_TurboGrafx-16_games": 0.019736842105263157,
    "PlayStation_3_models": 0.019736842105263157,
    "FeliCa": 0.019455252918287938,
    "Sony_Imagesoft": 0.019455252918287938,
    "Triumph_Films": 0.019455252918287938,
    "High-definition_remasters_for_PlayStation_consoles": 0.01935483870967742,
    "List_of_best-selling_PlayStation_video_games": 0.018072289156626505,
    "List_of_acquisitions_by_Sony_Corporation": 0.017793594306049824,
    "List_of_PlayStation_Store_Neo_Geo_games": 0.017094017094017096,
    "Pocket_computer": 0.016877637130801686,
    "Microsoft_XNA": 0.015957446808510637,
    "Xbox_360_launch": 0.015945330296127564,
    "Live_Anywhere": 0.015909090909090907,
    "Comparison_of_e-book_readers": 0.014705882352941176,
    "List_of_games_that_support_Wii_MotionPlus": 0.014492753623188406,
    "List_of_games_that_support_Wii_Balance_Board": 0.014492753623188406,
    "WWE_Classics_on_Demand": 0.013944223107569721,
    "Bionz": 0.013774104683195593,
    "Boomerang_(TV_channel)": 0.0136986301369863,
    "Comparison_of_ATI_chipsets": 0.013559322033898305,
    "List_of_Virtual_Console_games_for_Wii_U_(North_America)": 0.013157894736842105,
    "List_of_Virtual_Console_games_for_Wii_U_(PAL_region)": 0.013157894736842105,
    "List_of_Virtual_Console_games_for_Wii_U_(Japan)": 0.013157894736842105,
    "Wii_system_software": 0.0125,
    "VMU": 0.0125,
    "Polyphony_Digital": 0.012468827930174564,
    "Reflexive_Entertainment": 0.012195121951219513,
    "List_of_Xbox_games_on_Windows_Phone": 0.012145748987854251,
    "List_of_Windows_Phone_7_devices": 0.011940298507462687,
    "Nettop": 0.011764705882352941,
    "YouTube": 0.011680143755615454,
    "List_of_downloadable_PlayStation_3_games": 0.011450381679389313,
    "List_of_PlayStation_Move_games": 0.011450381679389313,
    "List_of_3D_PlayStation_3_games": 0.011450381679389313,
    "List_of_cooperative_games_for_the_PlayStation_3": 0.011450381679389313,
    "List_of_full_budget_downloadable_PlayStation_3_games": 0.011450381679389313,
    "List_of_PlayStation_3_games": 0.011450381679389313,
    "Second_screen": 0.011299435028248588,
    "List_of_Game_&_Watch_games": 0.011272141706924315,
    "List_of_Nvidia_3D_Vision_Ready_games": 0.011111111111111112,
    "Comparison_of_AMD_chipsets": 0.011019283746556474,
    "Zattoo": 0.010494752623688156,
    "List_of_Games_for_Windows_titles": 0.010416666666666666,
    "List_of_canceled_Xbox_360_video_games": 0.010416666666666666,
    "List_of_Windows_Games_on_Demand": 0.010416666666666666,
    "List_of_Xbox_Live_Arcade_Kinect_games": 0.010416666666666666,
    "List_of_Xbox_360_games_with_3D_support": 0.010416666666666666,
    "List_of_Xbox_One_games": 0.010416666666666666
}