{
    "Swimming_at_the_All-Africa_Games": 1.0,
    "List_of_European_records_in_swimming": 0.8808139534883721,
    "List_of_Dutch_records_in_swimming": 0.8808139534883721,
    "List_of_Argentine_records_in_swimming": 0.8808139534883721,
    "List_of_Oceanian_records_in_swimming": 0.8808139534883721,
    "List_of_Commonwealth_records_in_swimming": 0.8808139534883721,
    "List_of_Oceania_Championships_records_in_swimming": 0.8808139534883721,
    "List_of_Venezuelan_records_in_swimming": 0.8808139534883721,
    "Caribbean_Island_Swimming_Championships": 0.8808139534883721,
    "List_of_Americas_records_in_swimming": 0.8808139534883721,
    "List_of_African_records_in_swimming": 0.8808139534883721,
    "List_of_South_African_records_in_swimming": 0.8808139534883721,
    "List_of_Hungarian_records_in_swimming": 0.8808139534883721,
    "List_of_Japanese_records_in_swimming": 0.8808139534883721,
    "List_of_European_Championships_records_in_swimming": 0.8808139534883721,
    "List_of_Asian_records_in_swimming": 0.8808139534883721,
    "List_of_Mexican_records_in_swimming": 0.8808139534883721,
    "List_of_Brazilian_records_in_swimming": 0.8808139534883721,
    "List_of_Danish_records_in_swimming": 0.8808139534883721,
    "List_of_Jamaican_records_in_swimming": 0.8808139534883721,
    "List_of_Puerto_Rican_records_in_swimming": 0.8808139534883721,
    "List_of_Belgian_records_in_swimming": 0.8808139534883721,
    "List_of_Russian_records_in_swimming": 0.8808139534883721,
    "List_of_Chinese_records_in_swimming": 0.8808139534883721,
    "List_of_Colombian_records_in_swimming": 0.8808139534883721,
    "List_of_Costa_Rican_records_in_swimming": 0.8808139534883721,
    "List_of_Irish_records_in_swimming": 0.8808139534883721,
    "List_of_Bermudian_records_in_swimming": 0.8808139534883721,
    "List_of_Barbadian_records_in_swimming": 0.8808139534883721,
    "List_of_Moroccan_records_in_swimming": 0.8808139534883721,
    "List_of_Norwegian_records_in_swimming": 0.8808139534883721,
    "List_of_Israeli_records_in_swimming": 0.8808139534883721,
    "List_of_Nigerian_records_in_swimming": 0.8808139534883721,
    "List_of_Indian_records_in_swimming": 0.8808139534883721,
    "List_of_Turkish_records_in_swimming": 0.8808139534883721,
    "List_of_Croatian_records_in_swimming": 0.8808139534883721,
    "List_of_Malaysian_records_in_swimming": 0.8808139534883721,
    "List_of_Peruvian_records_in_swimming": 0.8808139534883721,
    "List_of_Lithuanian_records_in_swimming": 0.8808139534883721,
    "List_of_Portuguese_records_in_swimming": 0.8808139534883721,
    "List_of_Swiss_records_in_swimming": 0.8808139534883721,
    "List_of_Luxembourgish_records_in_swimming": 0.8808139534883721,
    "List_of_Baltic_records_in_swimming": 0.8808139534883721,
    "List_of_Estonian_records_in_swimming": 0.8808139534883721,
    "List_of_Belarusian_records_in_swimming": 0.8808139534883721,
    "List_of_Latvian_records_in_swimming": 0.8808139534883721,
    "List_of_Icelandic_records_in_swimming": 0.8808139534883721,
    "List_of_Masters_world_records_in_swimming": 0.8808139534883721,
    "List_of_Deaf_world_records_in_swimming": 0.8808139534883721,
    "List_of_Serbian_records_in_swimming": 0.8808139534883721,
    "List_of_Ukrainian_records_in_swimming": 0.8808139534883721,
    "List_of_Slovak_records_in_swimming": 0.8808139534883721,
    "List_of_Czech_records_in_swimming": 0.8808139534883721,
    "List_of_Indonesian_records_in_swimming": 0.8808139534883721,
    "List_of_Ecuadorian_records_in_swimming": 0.8808139534883721,
    "List_of_Tunisian_records_in_swimming": 0.8808139534883721,
    "List_of_Bolivian_records_in_swimming": 0.8808139534883721,
    "List_of_Paraguayan_records_in_swimming": 0.8808139534883721,
    "List_of_Romanian_records_in_swimming": 0.8808139534883721,
    "List_of_Greek_records_in_swimming": 0.8808139534883721,
    "List_of_Surinamese_records_in_swimming": 0.8808139534883721,
    "List_of_Kenyan_records_in_swimming": 0.8808139534883721,
    "List_of_Trinidad_and_Tobago_records_in_swimming": 0.8808139534883721,
    "List_of_Algerian_records_in_swimming": 0.8808139534883721,
    "List_of_Egyptian_records_in_swimming": 0.8808139534883721,
    "List_of_South_Korean_records_in_swimming": 0.8808139534883721,
    "List_of_Cayman_Islands_records_in_swimming": 0.8808139534883721,
    "List_of_Sammarinese_records_in_swimming": 0.8808139534883721,
    "List_of_Taiwanese_records_in_swimming": 0.8808139534883721,
    "List_of_Kazakhstani_records_in_swimming": 0.8808139534883721,
    "List_of_Cypriot_records_in_swimming": 0.8808139534883721,
    "List_of_Syrian_records_in_swimming": 0.8808139534883721,
    "List_of_Swedish_records_in_swimming": 0.8559322033898306,
    "List_of_British_records_in_swimming": 0.8145161290322581,
    "List_of_Universiade_records_in_swimming": 0.8145161290322581,
    "List_of_World_Cup_records_in_swimming": 0.8058510638297872,
    "South_American_Swimming_Championships": 0.7593984962406015,
    "Mare_Nostrum_(swimming)": 0.747093023255814,
    "List_of_German_records_in_swimming": 0.747093023255814,
    "List_of_Pan_American_Games_records_in_swimming": 0.747093023255814,
    "List_of_South_American_records_in_swimming": 0.747093023255814,
    "List_of_Australian_records_in_swimming": 0.747093023255814,
    "List_of_French_records_in_swimming": 0.747093023255814,
    "List_of_New_Zealand_records_in_swimming": 0.747093023255814,
    "List_of_Canadian_records_in_swimming": 0.747093023255814,
    "List_of_Pan_Pacific_Championships_records_in_swimming": 0.747093023255814,
    "List_of_Central_American_and_Caribbean_Games_records_in_swimming": 0.747093023255814,
    "List_of_Nordic_records_in_swimming": 0.747093023255814,
    "List_of_Singaporean_records_in_swimming": 0.747093023255814,
    "List_of_Tahitian_records_in_swimming": 0.747093023255814,
    "List_of_Hong_Kong_records_in_swimming": 0.747093023255814,
    "List_of_Zimbabwean_records_in_swimming": 0.747093023255814,
    "List_of_African_Championships_records_in_swimming": 0.747093023255814,
    "List_of_IPC_world_records_in_swimming_\u2013_Men's_long_course": 0.747093023255814,
    "List_of_IPC_world_records_in_swimming_\u2013_Women's_long_course": 0.747093023255814,
    "List_of_IPC_world_records_in_swimming_\u2013_Men's_short_course": 0.747093023255814,
    "List_of_IPC_world_records_in_swimming_\u2013_Women's_short_course": 0.747093023255814,
    "List_of_Finnish_records_in_swimming": 0.747093023255814,
    "List_of_Chilean_records_in_swimming": 0.747093023255814,
    "List_of_Maltese_records_in_swimming": 0.747093023255814,
    "List_of_Central_American_and_Caribbean_Championships_records_in_swimming": 0.747093023255814,
    "List_of_Slovenian_records_in_swimming": 0.747093023255814,
    "List_of_Liechtensteinian_records_in_swimming": 0.747093023255814,
    "List_of_Andorran_records_in_swimming": 0.747093023255814,
    "List_of_Bulgarian_records_in_swimming": 0.747093023255814,
    "List_of_Macedonian_records_in_swimming": 0.747093023255814,
    "List_of_Bruneian_records_in_swimming": 0.747093023255814,
    "List_of_Mediterranean_Games_records_in_swimming": 0.712707182320442,
    "List_of_United_States_records_in_swimming": 0.7099447513812155,
    "List_of_Games_of_the_Small_States_of_Europe_records_in_swimming": 0.7099447513812155,
    "List_of_Italian_records_in_swimming": 0.7060439560439561,
    "List_of_Paralympic_records_in_swimming": 0.7049180327868853,
    "List_of_Commonwealth_Games_records_in_swimming": 0.7029972752043597,
    "List_of_Maccabiah_records_in_swimming": 0.7021857923497268,
    "List_of_Asian_Games_records_in_swimming": 0.6954177897574124,
    "List_of_World_Championships_records_in_swimming": 0.6460554371002132,
    "Asian_Swimming_Championships": 0.6460554371002132,
    "List_of_Olympic_records_in_swimming": 0.6187050359712231,
    "List_of_Australian_Championships_records_in_swimming": 0.6133651551312649,