{
    "List_of_Prva_HNL_hat-tricks": 1.0,
    "List_of_Croatian_football_transfers_winter_2008\u201309": 0.8363636363636363,
    "List_of_Croatian_football_transfers_summer_2009": 0.8363636363636363,
    "List_of_Croatian_football_transfers_winter_2009\u201310": 0.8363636363636363,
    "Prva_HNL_Player_of_the_Year": 0.6304347826086957,
    "NK_Slaven_Belupo": 0.6258992805755396,
    "Prva_HNL": 0.5655737704918032,
    "Sportske_novosti_Yellow_Shirt_award": 0.5272727272727272,
    "List_of_Croatian_football_transfers_summer_2010": 0.4816753926701571,
    "2007\u201308_in_Croatian_football": 0.41304347826086957,
    "2008\u201309_in_Croatian_football": 0.41304347826086957,
    "2009\u201310_in_Croatian_football": 0.41304347826086957,
    "2006\u201307_in_Croatian_football": 0.41304347826086957,
    "2000\u201301_in_Croatian_football": 0.41304347826086957,
    "2010\u201311_in_Croatian_football": 0.41304347826086957,
    "2001\u201302_in_Croatian_football": 0.41304347826086957,
    "2012\u201313_in_Croatian_football": 0.36024844720496896,
    "2013\u201314_in_Croatian_football": 0.36024844720496896,
    "2011\u201312_in_Croatian_football": 0.3493975903614458,
    "Croatian_Footballer_of_the_Year": 0.3246268656716418,
    "NK_Zagreb": 0.32222222222222224,
    "NK_Vara\u017edin": 0.32222222222222224,
    "NK_Osijek": 0.30313588850174217,
    "1998\u201399_Prva_HNL": 0.30132450331125826,
    "1997\u201398_Prva_HNL": 0.30033003300330036,
    "2000\u201301_Prva_HNL": 0.2993421052631579,
    "1999\u20132000_Prva_HNL": 0.2983606557377049,
    "1996\u201397_Prva_HNL": 0.2964169381107492,
    "2002\u201303_Prva_HNL": 0.2964169381107492,
    "2003\u201304_Prva_HNL": 0.29545454545454547,
    "2001\u201302_Prva_HNL": 0.29449838187702265,
    "1992_Prva_HNL": 0.29333333333333333,
    "2004\u201305_Prva_HNL": 0.29260450160771706,
    "2005\u201306_Prva_HNL": 0.2916666666666667,
    "2006\u201307_Prva_HNL": 0.29073482428115016,
    "2008\u201309_Prva_HNL": 0.29073482428115016,
    "2007\u201308_Prva_HNL": 0.28888888888888886,
    "2009\u201310_Prva_HNL": 0.28888888888888886,
    "1995\u201396_Prva_HNL": 0.2861635220125786,
    "1994\u201395_Prva_HNL": 0.2852664576802508,
    "1992\u201393_Prva_HNL": 0.28525641025641024,
    "1993\u201394_Prva_HNL": 0.2848101265822785,
    "List_of_football_stadiums_in_Croatia": 0.28078817733990147,
    "Football_in_Croatia": 0.2766990291262136,
    "List_of_football_clubs_in_Croatia": 0.2766990291262136,
    "2010\u201311_Prva_HNL": 0.2716417910447761,
    "2011\u201312_Prva_HNL": 0.2716417910447761,
    "2012\u201313_Prva_HNL": 0.2585227272727273,
    "2013\u201314_Prva_HNL": 0.2520775623268698,
    "Druga_HNL": 0.24427480916030533,
    "Tre\u0107a_HNL": 0.23553719008264462,
    "Croatia_national_under-17_football_team": 0.22709163346613545,
    "Croatia_national_under-19_football_team": 0.22709163346613545,
    "HNK_Rijeka": 0.22422680412371135,
    "List_of_Croatia_international_footballers": 0.168141592920354,
    "Croatia_national_football_team": 0.11899791231732777,
    "2012\u201313_Druga_HNL": 0.065,
    "2013\u201314_Druga_HNL": 0.065,
    "2008\u201309_Druga_HNL": 0.06467661691542288,
    "1999\u20132000_Druga_HNL": 0.06467661691542288,
    "2007\u201308_Druga_HNL": 0.06435643564356436,
    "2006\u201307_Druga_HNL": 0.06435643564356436,
    "1998\u201399_Druga_HNL": 0.06435643564356436,
    "2000\u201301_Druga_HNL": 0.06435643564356436,
    "2005\u201306_Druga_HNL": 0.06403940886699508,
    "2009\u201310_Druga_HNL": 0.06341463414634146,
    "2010\u201311_Druga_HNL": 0.06341463414634146,
    "2011\u201312_Druga_HNL": 0.06341463414634146,
    "2001\u201302_Druga_HNL": 0.06310679611650485,
    "1993\u201394_Druga_HNL": 0.059113300492610835,
    "2012\u201313_HNK_Cibalia_season": 0.034482758620689655,
    "1990\u201391_Yugoslav_First_League": 0.03389830508474576,
    "H\u0160K_Gra\u0111anski_Zagreb": 0.03345724907063197,
    "2012\u201313_RNK_Split_season": 0.03333333333333333,
    "1991\u201392_Yugoslav_First_League": 0.03317535545023697,
    "2010\u201311_RNK_Split_season": 0.032432432432432434,
    "2011\u201312_RNK_Split_season": 0.032432432432432434,
    "2012\u201313_NK_Slaven_Belupo_season": 0.031055900621118012,
    "2013\u201314_NK_Hrvatski_Dragovoljac_season": 0.031055900621118012,
    "2011\u201312_NK_Vara\u017edin_season": 0.030120481927710843,
    "Croatia_women's_national_basketball_team": 0.029411764705882353,
    "Croatia_at_the_Hopman_Cup": 0.029411764705882353,
    "Croatia_men's_national_ice_hockey_team": 0.027586206896551724,
    "1952\u201353_Yugoslav_First_League": 0.026392961876832845,
    "1947\u201348_Yugoslav_First_League": 0.02631578947368421,
    "1946\u201347_Yugoslav_First_League": 0.02616279069767442,
    "1955\u201356_Yugoslav_First_League": 0.02616279069767442,
    "1953\u201354_Yugoslav_First_League": 0.02601156069364162,
    "1954\u201355_Yugoslav_First_League": 0.025714285714285714,
    "1958\u201359_Yugoslav_First_League": 0.02564102564102564,
    "1956\u201357_Yugoslav_First_League": 0.02556818181818182,
    "1957\u201358_Yugoslav_First_League": 0.02535211267605634,
    "FK_Rabotni\u010dki": 0.025210084033613446,
    "FK_Radni\u010dki_Ni\u0161": 0.025210084033613446,
    "1959\u201360_Yugoslav_First_League": 0.025139664804469275,
    "1960\u201361_Yugoslav_First_League": 0.025069637883008356,
    "1962\u201363_Yugoslav_First_League": 0.025,
    "1961\u201362_Yugoslav_First_League": 0.024930747922437674,
    "1965\u201366_Yugoslav_First_League": 0.024725274725274724,
    "1963\u201364_Yugoslav_First_League": 0.024657534246575342,
    "1966\u201367_Yugoslav_First_League": 0.024657534246575342,
    "1968\u201369_Yugoslav_First_League": 0.024657534246575342,
    "1971\u201372_Yugoslav_First_League": 0.024657534246575342,
    "1967\u201368_Yugoslav_First_League": 0.02459016393442623,
    "1970\u201371_Yugoslav_First_League": 0.02459016393442623,
    "1972\u201373_Yugoslav_First_League": 0.02459016393442623,
    "1974\u201375_Yugoslav_First_League": 0.02459016393442623,
    "1979\u201380_Yugoslav_First_League": 0.02459016393442623,
    "1964\u201365_Yugoslav_First_League": 0.02452316076294278,
    "1969\u201370_Yugoslav_First_League": 0.02452316076294278,
    "1973\u201374_Yugoslav_First_League": 0.02452316076294278,
    "1975\u201376_Yugoslav_First_League": 0.02452316076294278,
    "1978\u201379_Yugoslav_First_League": 0.02452316076294278,
    "1976\u201377_Yugoslav_First_League": 0.024390243902439025,
    "1977\u201378_Yugoslav_First_League": 0.024390243902439025,
    "2012\u201313_NK_Osijek_season": 0.024271844660194174,
    "1985\u201386_Yugoslav_First_League": 0.02425876010781671,
    "2008\u201309_NK_Osijek_season": 0.024154589371980676,
    "Croatia_men's_national_basketball_team": 0.023880597014925373,
    "Yugoslav_First_League": 0.02386634844868735,
    "2010\u201311_NK_Osijek_season": 0.023696682464454975,
    "2011\u201312_NK_Osijek_season": 0.023696682464454975,
    "1980\u201381_Yugoslav_First_League": 0.02368421052631579,
    "1982\u201383_Yugoslav_First_League": 0.02368421052631579,
    "1984\u201385_Yugoslav_First_League": 0.023622047244094488,
    "1983\u201384_Yugoslav_First_League": 0.02356020942408377,
    "Croatia_national_football_team_results": 0.023529411764705882,
    "1981\u201382_Yugoslav_First_League": 0.02349869451697128,
    "1986\u201387_Yugoslav_First_League": 0.02349869451697128,
    "1987\u201388_Yugoslav_First_League": 0.0234375,
    "1988\u201389_Yugoslav_First_League": 0.023316062176165803,
    "1989\u201390_Yugoslav_First_League": 0.023017902813299233,
    "2012\u201313_HNK_Rijeka_season": 0.02262443438914027,
    "2013\u201314_HNK_Rijeka_season": 0.02262443438914027,
    "1951_Yugoslav_First_League": 0.022167487684729065,
    "2010\u201311_HNK_Rijeka_season": 0.022123893805309734,
    "Croatia_Fed_Cup_team": 0.02185792349726776,
    "NK_Olimpija_Ljubljana_(defunct)": 0.021739130434782608,
    "Eternal_derby_(Croatia)": 0.0213903743315508,