{
    "A_Fazenda_2": 1.0,
    "A_Fazenda_1": 1.0,
    "A_Fazenda_3": 1.0,
    "A_Fazenda_4": 1.0,
    "List_of_A_Fazenda_contestants": 1.0,
    "A_Fazenda_5": 1.0,
    "Fazenda_de_Ver\u00e3o": 1.0,
    "A_Fazenda_6": 1.0,
    "Dan\u00e7a_dos_Famosos_(season_9)": 0.03571428571428571,
    "Dan\u00e7a_dos_Famosos_(season_10)": 0.03571428571428571,
    "The_Farm_(TV_series)": 0.017241379310344827,
    "La_Ferme_C\u00e9l\u00e9brit\u00e9s_(series_2)": 0.017241379310344827,
    "La_Ferme_C\u00e9l\u00e9brit\u00e9s_(series_3)": 0.017241379310344827,
    "The_Farm_Spain_(season_1)": 0.017241379310344827,
    "Kmetija_Slavnih": 0.015384615384615385,
    "Dan\u00e7a_dos_Famosos": 0.014084507042253521
}