{
    "Economy_of_Asia": 1.0,
    "Largest_cities_in_Asia": 0.47337278106508873,
    "Economy_of_South_America": 0.4593908629441624,
    "Economy_of_North_America": 0.45591939546599497,
    "Economy_of_Europe": 0.3969631236442516,
    "List_of_sovereign_states_and_dependent_territories_in_Asia": 0.3624161073825503,
    "Asia_Cooperation_Dialogue": 0.36036036036036034,
    "List_of_Asian_countries_by_population": 0.35476718403547675,
    "List_of_the_busiest_airports_in_Asia": 0.34460887949260044,
    "List_of_metropolitan_areas_in_Asia": 0.3252032520325203,
    "List_of_tallest_buildings_in_Asia": 0.2952029520295203,
    "List_of_member_states_of_the_World_Trade_Organization": 0.26096997690531176,
    "Economy_of_Ukraine": 0.2542372881355932,
    "Economy_of_Croatia": 0.25280898876404495,
    "Post-Soviet_states": 0.25,
    "List_of_former_Soviet_Republics_by_GDP_(PPP)_per_capita": 0.25,
    "List_of_former_Soviet_Republics_by_GDP_(PPP)": 0.25,
    "List_of_former_Soviet_Republics_by_GDP_(nominal)": 0.25,
    "List_of_former_Soviet_Republics_by_GDP_(nominal)_per_capita": 0.25,
    "Economy_of_Malawi": 0.24835164835164836,
    "Economy_of_Estonia": 0.23601398601398602,
    "Economy_of_Germany": 0.23156089193825044,
    "Economy_of_the_Philippines": 0.22772277227722773,
    "List_of_Latin_American_and_Caribbean_countries_by_GDP_(PPP)": 0.22653721682847897,
    "List_of_Latin_American_and_Caribbean_countries_by_GDP_(nominal)": 0.22653721682847897,
    "Economy_of_France": 0.2225705329153605,
    "Economy_of_Malaysia": 0.21044546850998463,
    "Economy_of_Canada": 0.2085889570552147,
    "Economy_of_Brazil": 0.20695652173913043,
    "Association_of_Southeast_Asian_Nations": 0.20253164556962025,
    "Economy_of_Italy": 0.19148936170212766,
    "Ukraine": 0.18153364632237873,
    "Economy_of_the_European_Union": 0.17337031900138697,
    "Economy_of_the_Middle_East": 0.17232375979112272,
    "Switzerland": 0.16044260027662519,
    "Economy_of_the_United_States": 0.15349887133182843,
    "Philippines": 0.1519302615193026,
    "Latvia": 0.14285714285714285,
    "South_Asian_Association_for_Regional_Cooperation": 0.1419698314108252,
    "Germany": 0.14180929095354522,
    "Italy": 0.1288888888888889,
    "Economy_of_Iraq": 0.1286549707602339,
    "Croatia": 0.12058212058212059,
    "Poland": 0.1180773249738767,
    "Spain": 0.11328125,
    "Armenia": 0.11161524500907441,
    "Asia": 0.10636900853578464,
    "Foreign_relations_of_Canada": 0.09005481597494126,
    "Estonia": 0.08992248062015504,
    "Netherlands": 0.07994486560992418,
    "Ural_(region)": 0.07933884297520662,
    "Southeast_Asia": 0.07511737089201878,
    "Currencies_of_the_European_Union": 0.07017543859649122,
    "Asia-Pacific": 0.0653950953678474,
    "Economy_of_Greece": 0.06052141527001862,
    "Central_Asia": 0.048707753479125246,
    "Economy_of_Scotland": 0.047936085219707054,
    "Economy_of_Edinburgh": 0.04225352112676056,
    "Economy_of_Chile": 0.03870967741935484,
    "List_of_the_largest_trading_partners_of_the_European_Union": 0.038314176245210725,
    "South_America": 0.036482084690553744,
    "European_Union_free_trade_agreements": 0.0362453531598513,
    "North_America": 0.03621346886912325,
    "Mediterranean_Sea": 0.035441278665740095,
    "Northern_Europe": 0.03475409836065574,
    "Western_Europe": 0.03475409836065574,
    "Southern_Europe": 0.03475409836065574,
    "Oceania": 0.03467843631778058,
    "Hispanic_America": 0.034236804564907276,
    "Patagonia": 0.03421240199572345,
    "Americas": 0.034047919293820936,
    "Near_East": 0.03382663847780127,
    "Europe": 0.03248136315228967,
    "Seward_Peninsula": 0.032,
    "Atlantic_Canada": 0.031818181818181815,
    "Latin_America": 0.03145478374836173,
    "Central_European_Free_Trade_Agreement": 0.03102189781021898,
    "Anglo-America": 0.030525030525030524,
    "Siberia": 0.030249110320284697,
    "Balkans": 0.029197080291970802,
    "Soft_power": 0.02823529411764706,
    "Uniting_for_Consensus": 0.02823529411764706,
    "Emerging_and_growth-leading_economies": 0.02823529411764706,
    "MIKT": 0.02823529411764706,
    "Midwestern_United_States": 0.02752808988764045,
    "List_of_regional_organizations_by_population": 0.02697841726618705,
    "Western_United_States": 0.026486486486486487,
    "Southern_United_States": 0.026386645126548196,
    "Comprehensive_National_Power": 0.02564102564102564,
    "Composite_Index_of_National_Capability": 0.02564102564102564,
    "Arctic": 0.024114173228346455,
    "Emerging_markets": 0.02404809619238477,
    "Emerging_Markets_Index": 0.02404809619238477,
    "Community_of_Latin_American_and_Caribbean_States": 0.023931623931623933,
    "Southwestern_United_States": 0.02330004755111745,
    "Caribbean_Community": 0.02282453637660485,
    "China\u2013Japan\u2013South_Korea_trilateral_summit": 0.0224,
    "BRIC": 0.021937842778793418,
    "List_of_sovereign_states_and_dependent_territories_by_continent": 0.02127659574468085,
    "Indian_Ocean_Rim_Association_for_Regional_Co-operation": 0.021108179419525065,
    "Newly_industrialized_country": 0.021052631578947368,
    "G-20_major_economies": 0.02079722703639515,
    "Nordic_Council": 0.01951219512195122,
    "Arab_League": 0.01949317738791423,
    "List_of_mythological_places": 0.019464720194647202,
    "Uzbekistan": 0.019197207678883072,
    "Asia-Pacific_Economic_Cooperation": 0.019178082191780823,
    "Organisation_for_Economic_Co-operation_and_Development": 0.019138755980861243,
    "Organisation_of_Islamic_Cooperation": 0.018575851393188854,
    "G7": 0.018292682926829267,
    "List_of_sovereign_states_and_dependent_territories_in_Europe": 0.018281535648994516,
    "European_Central_Bank": 0.01813110181311018,
    "African_Union": 0.018050541516245487,
    "List_of_Secretaries_General_of_OPEC": 0.017191977077363897,
    "Education_in_Russia": 0.016474464579901153,
    "Telephone_numbers_in_Russia": 0.016420361247947456,
    "List_of_islands_of_Bahrain": 0.01616161616161616,
    "Borders_of_Russia": 0.01564945226917058,
    "Political_parties_in_Russia": 0.015600624024960999,
    "Economic_Cooperation_Organization": 0.015517241379310345,
    "Ecuador": 0.015444015444015444,
    "Gobi_Desert": 0.015341701534170154,
    "List_of_islands_of_the_Philippines": 0.015184381778741865,
    "List_of_islands_of_Thailand": 0.015180265654648957,
    "List_of_islands_of_Sri_Lanka": 0.015151515151515152,
    "Burma": 0.01509433962264151,
    "List_of_political_parties_registered_ahead_of_the_2006_Nepalese_municipal_election": 0.014989293361884369,
    "Foreign_relations_of_Georgia": 0.014367816091954023,
    "Sport_in_Russia": 0.014248704663212436,
    "List_of_cities_and_towns_in_Russia": 0.013869625520110958,
    "List_of_metropolitan_areas_in_Europe": 0.013861386138613862,
    "Ethnic_groups_in_Indonesia": 0.013254786450662739,
    "Demographics_of_Indonesia": 0.013177159590043924,
    "Politics_of_Lebanon": 0.012658227848101266,
    "Television_in_Russia": 0.012626262626262626,
    "Politics_of_Nepal": 0.01256281407035176,
    "List_of_rivers_of_Korea": 0.01256281407035176,
    "Transport_in_Sri_Lanka": 0.012477718360071301,
    "South_Korea": 0.012422360248447204,
    "List_of_cities_in_South_America": 0.01240694789081886,
    "Science_and_technology_in_Iran": 0.012345679012345678,
    "Supreme_Court_of_South_Korea": 0.01232394366197183,
    "Desert": 0.012320328542094456,
    "List_of_deserts_by_area": 0.012320328542094456,
    "Timeline_of_Russian_history": 0.012121212121212121,
    "North_Korea": 0.012121212121212121,
    "List_of_volcanoes_in_Russia": 0.012121212121212121,
    "List_of_islands_of_Turkey": 0.012048192771084338,
    "List_of_East_Azarbaijan_cities_and_towns_by_population": 0.012048192771084338,
    "Demographics_of_Mongolia": 0.012048192771084338,
    "List_of_Iranian_cities_and_towns_by_province": 0.012048192771084338,
    "Demographics_of_South_America": 0.012048192771084338,