{
    "Arrondissement_of_Belfort": 1.0,
    "Arrondissement_of_Lyon": 0.963302752293578,
    "Arrondissements_of_Paris": 0.6481481481481481,
    "Aude": 0.018957345971563982,
    "Aveyron": 0.018957345971563982,
    "Haute-Garonne": 0.018867924528301886,
    "Arrondissement_of_Villefranche-sur-Sa\u00f4ne": 0.01834862385321101,
    "Arrondissement_of_Vesoul": 0.01818181818181818,
    "Arrondissement_of_Castres": 0.01818181818181818,
    "Arrondissement_of_Grasse": 0.01818181818181818,
    "Arrondissement_of_Nice": 0.01818181818181818,
    "Arrondissement_of_Ajaccio": 0.01818181818181818,
    "Arrondissement_of_Palaiseau": 0.018018018018018018,
    "Arrondissement_of_Pontoise": 0.018018018018018018,
    "Arrondissement_of_Les_Andelys": 0.018018018018018018,
    "Arrondissement_of_Dieppe": 0.018018018018018018,
    "Arrondissement_of_Le_Havre": 0.018018018018018018,
    "Arrondissement_of_Tours": 0.018018018018018018,
    "Arrondissement_of_Loches": 0.018018018018018018,
    "Arrondissement_of_Blois": 0.018018018018018018,
    "Arrondissement_of_Vend\u00f4me": 0.018018018018018018,
    "Arrondissement_of_Montargis": 0.018018018018018018,
    "Arrondissement_of_Orl\u00e9ans": 0.018018018018018018,
    "Arrondissement_of_Pithiviers": 0.018018018018018018,
    "Arrondissement_of_Avallon": 0.018018018018018018,
    "Arrondissement_of_Neufch\u00e2teau,_Vosges": 0.018018018018018018,
    "Arrondissement_of_Besan\u00e7on": 0.018018018018018018,
    "Arrondissement_of_Montb\u00e9liard": 0.018018018018018018,
    "Arrondissement_of_Dole": 0.018018018018018018,
    "Arrondissement_of_Saint-Claude": 0.018018018018018018,
    "Arrondissement_of_Nantes": 0.018018018018018018,
    "Arrondissement_of_Saint-Nazaire": 0.018018018018018018,
    "Arrondissement_of_Laval": 0.018018018018018018,
    "Arrondissement_of_La_Fl\u00e8che": 0.018018018018018018,
    "Arrondissement_of_Le_Mans": 0.018018018018018018,
    "Arrondissement_of_La_Roche-sur-Yon": 0.018018018018018018,
    "Arrondissement_of_Lorient": 0.018018018018018018,
    "Arrondissement_of_Vannes": 0.018018018018018018,
    "Arrondissement_of_Angoul\u00eame": 0.018018018018018018,
    "Arrondissement_of_Cognac": 0.018018018018018018,
    "Arrondissement_of_Bayonne": 0.018018018018018018,
    "Arrondissement_of_Pau": 0.018018018018018018,
    "Arrondissement_of_Pamiers": 0.018018018018018018,
    "Arrondissement_of_Millau": 0.018018018018018018,
    "Arrondissement_of_Limoges": 0.018018018018018018,
    "Arrondissement_of_Die": 0.018018018018018018,
    "Arrondissement_of_Nyons": 0.018018018018018018,
    "Arrondissement_of_Valence": 0.018018018018018018,
    "Arrondissement_of_Grenoble": 0.018018018018018018,
    "Arrondissement_of_Roanne": 0.018018018018018018,
    "Arrondissement_of_Montlu\u00e7on": 0.018018018018018018,
    "Arrondissement_of_Saint-Flour": 0.018018018018018018,
    "Arrondissement_of_Yssingeaux": 0.018018018018018018,
    "Arrondissement_of_Carcassonne": 0.018018018018018018,
    "Arrondissement_of_Limoux": 0.018018018018018018,
    "Arrondissement_of_Al\u00e8s": 0.018018018018018018,
    "Arrondissement_of_B\u00e9ziers": 0.018018018018018018,
    "Arrondissement_of_Montpellier": 0.018018018018018018,
    "Arrondissement_of_Perpignan": 0.018018018018018018,
    "Arrondissement_of_Apt": 0.018018018018018018,
    "Arrondissement_of_Avignon": 0.018018018018018018,
    "Arrondissement_of_Cherbourg": 0.017857142857142856,
    "Arrondissement_of_Charleville-M\u00e9zi\u00e8res": 0.017857142857142856,
    "Arrondissement_of_Ch\u00e2lons-en-Champagne": 0.017857142857142856,
    "Arrondissement_of_Beauvais": 0.017857142857142856,
    "Arrondissement_of_Compi\u00e8gne": 0.017857142857142856,
    "Arrondissement_of_Senlis": 0.017857142857142856,
    "Arrondissement_of_Amiens": 0.017857142857142856,
    "Arrondissement_of_Montdidier": 0.017857142857142856,
    "Arrondissement_of_Chartres": 0.017857142857142856,
    "Arrondissement_of_Nogent-le-Rotrou": 0.017857142857142856,
    "Arrondissement_of_Lisieux": 0.017857142857142856,
    "Arrondissement_of_Mortagne-au-Perche": 0.017857142857142856,
    "Arrondissement_of_Ch\u00e2teau-Chinon_(Ville)": 0.017857142857142856,
    "Arrondissement_of_Clamecy": 0.017857142857142856,
    "Arrondissement_of_Lun\u00e9ville": 0.017857142857142856,
    "Arrondissement_of_Nancy": 0.017857142857142856,
    "Arrondissement_of_Toul": 0.017857142857142856,
    "Arrondissement_of_Angers": 0.017857142857142856,
    "Arrondissement_of_Cholet": 0.017857142857142856,
    "Arrondissement_of_Saumur": 0.017857142857142856,
    "Arrondissement_of_Dinan": 0.017857142857142856,
    "Arrondissement_of_Guingamp": 0.017857142857142856,
    "Arrondissement_of_Lannion": 0.017857142857142856,
    "Arrondissement_of_Saint-Brieuc": 0.017857142857142856,
    "Arrondissement_of_Morlaix": 0.017857142857142856,
    "Arrondissement_of_Quimper": 0.017857142857142856,
    "Arrondissement_of_Rennes": 0.017857142857142856,
    "Arrondissement_of_Agen": 0.017857142857142856,
    "Arrondissement_of_Brive-la-Gaillarde": 0.017857142857142856,
    "Arrondissement_of_Annecy": 0.017857142857142856,
    "Arrondissement_of_Digne-les-Bains": 0.017857142857142856,
    "Arrondissement_of_Aix-en-Provence": 0.017857142857142856,
    "Arrondissement_of_Melun": 0.017699115044247787,
    "Arrondissement_of_Provins": 0.017699115044247787,
    "Arrondissement_of_Ch\u00e2teau-Thierry": 0.017699115044247787,
    "Arrondissement_of_Soissons": 0.017699115044247787,
    "Arrondissement_of_Chalon-sur-Sa\u00f4ne": 0.017699115044247787,
    "Arrondissement_of_Louhans": 0.017699115044247787,
    "Arrondissement_of_M\u00e2con": 0.017699115044247787,
    "Arrondissement_of_Sarreguemines": 0.017699115044247787,
    "Arrondissement_of_La_Rochelle": 0.017699115044247787,
    "Arrondissement_of_Saintes": 0.017699115044247787,
    "Arrondissement_of_Issoire": 0.017699115044247787,
    "Arrondissement_of_Riom": 0.017699115044247787,
    "Arrondissement_of_Bordeaux": 0.017543859649122806,
    "Claudine_Auger": 0.017391304347826087,
    "Arrondissement_of_B\u00e9thune": 0.017391304347826087,
    "Arrondissement_of_Arras": 0.017391304347826087,
    "Arrondissement_of_Saint-Omer": 0.017391304347826087,
    "Presidency_of_the_Council_of_the_European_Union": 0.015151515151515152,
    "Andrei_Arlovski": 0.014925373134328358,
    "Fabr\u00edcio_Werdum": 0.014925373134328358,
    "Salzkammergut": 0.014705882352941176,
    "Kep_Enderby": 0.014598540145985401,
    "Arty_(musician)": 0.014492753623188406,
    "Communes_of_the_Nord_department,_A-K": 0.014218009478672985,
    "Communes_of_the_Nord_department,_L-Z": 0.014218009478672985,
    "Communes_of_the_Loir-et-Cher_department": 0.014218009478672985,
    "Communes_of_the_Deux-S\u00e8vres_department": 0.014218009478672985,
    "Communes_of_the_Vaucluse_department": 0.014218009478672985,
    "Communes_of_the_Vend\u00e9e_department": 0.014218009478672985,
    "Communes_of_the_Loire-Atlantique_department": 0.014218009478672985,
    "Communes_of_the_Haute-Vienne_department": 0.014218009478672985,
    "Communes_of_the_Indre-et-Loire_department": 0.014218009478672985,
    "Communes_of_the_Maine-et-Loire_department": 0.014218009478672985,
    "Communes_of_the_Somme_department": 0.014218009478672985,
    "Communes_of_the_Yonne_department": 0.014218009478672985,
    "Communes_of_the_Yvelines_department": 0.014218009478672985,
    "Communes_of_the_Indre_department": 0.014218009478672985,
    "Communes_of_the_Loire_department": 0.014218009478672985,
    "Communes_of_the_Haute-Loire_department": 0.014218009478672985,
    "Communes_of_the_Gard_department": 0.014218009478672985,
    "Communes_of_the_Vosges_department": 0.014218009478672985,
    "Communes_of_the_Var_department": 0.014218009478672985,
    "Communes_of_the_Val-d'Oise_department": 0.014218009478672985,
    "Communes_of_the_C\u00f4te-d'Or_department": 0.014218009478672985,
    "Communes_of_the_C\u00f4tes-d'Armor_department": 0.014218009478672985,