{
    "Arrondissement_of_Jonzac": 1.0,
    "Arrondissement_of_Rochefort": 1.0,
    "Arrondissement_of_Saint-Jean-d'Ang\u00e9ly": 1.0,
    "Arrondissement_of_La_Rochelle": 0.875,
    "Arrondissement_of_Saintes": 0.875,
    "Canton_of_Mirambeau": 0.030303030303030304,
    "Canton_of_La_Jarrie": 0.030303030303030304,
    "Canton_of_Montlieu-la-Garde": 0.030303030303030304,
    "Canton_of_Jonzac": 0.030303030303030304,
    "Canton_of_Archiac": 0.029411764705882353,
    "Canton_of_Saint-Savinien": 0.029411764705882353
}