{
    "Demographics_of_the_world": 1.0,
    "List_of_countries_by_population_growth_rate": 0.9675675675675676,
    "List_of_Arab_countries_by_population": 0.6162162162162163,
    "List_of_countries_by_sex_ratio": 0.6162162162162163,
    "List_of_countries_by_real_population_density_based_on_food_growing_capacity": 0.6162162162162163,
    "List_of_African_countries_by_population": 0.6162162162162163,
    "List_of_countries_by_labour_force": 0.6162162162162163,
    "Global_Gender_Gap_Report": 0.6162162162162163,
    "List_of_countries_by_past_and_future_population": 0.6162162162162163,
    "List_of_countries_by_patents": 0.6162162162162163,
    "List_of_countries_by_population_in_1907": 0.6162162162162163,
    "List_of_countries_with_fewer_than_100,000_people": 0.6162162162162163,
    "Global_Innovation_Index_(Boston_Consulting_Group)": 0.6162162162162163,
    "List_of_countries_by_median_age": 0.6162162162162163,
    "Stockpiling_antiviral_medications_for_pandemic_influenza": 0.6162162162162163,
    "List_of_countries_by_net_migration_rate": 0.6162162162162163,
    "Urbanization_by_country": 0.6162162162162163,
    "List_of_countries_by_total_health_expenditure_(PPP)_per_capita": 0.6162162162162163,
    "List_of_countries_by_population_in_2000": 0.6162162162162163,
    "List_of_countries_by_infant_mortality_rate": 0.6162162162162163,
    "Linguistic_diversity_index": 0.6162162162162163,
    "List_of_sovereign_states_and_dependent_territories_by_birth_rate": 0.6162162162162163,
    "List_of_sovereign_states_and_dependent_territories_by_mortality_rate": 0.6162162162162163,
    "List_of_countries_by_foreign_aid_received": 0.6162162162162163,
    "List_of_European_countries_by_population": 0.6162162162162163,
    "List_of_countries_by_natural_increase": 0.6162162162162163,
    "Age_at_first_marriage": 0.6162162162162163,
    "EF_English_Proficiency_Index": 0.6162162162162163,
    "List_of_countries_by_distribution_of_wealth": 0.6162162162162163,
    "List_of_countries_by_population_in_2010": 0.6162162162162163,
    "List_of_least_populous_countries": 0.6162162162162163,
    "List_of_countries_by_number_of_households": 0.6162162162162163,
    "List_of_countries_ranked_by_ethnic_and_cultural_diversity_level": 0.6162162162162163,
    "List_of_countries_by_population_(United_Nations)": 0.6162162162162163,
    "List_of_sovereign_states_and_dependent_territories_in_South_America_by_population_density": 0.6162162162162163,
    "List_of_sovereign_states_and_dependent_territories_in_North_America_by_population_density": 0.6162162162162163,
    "List_of_countries_by_population_in_2005": 0.6162162162162163,
    "List_of_countries_by_population": 0.6162162162162163,
    "Divorce_demography": 0.6162162162162163,
    "List_of_South_American_countries_by_population": 0.6162162162162163,
    "List_of_countries_in_the_Americas_by_population": 0.6162162162162163,
    "List_of_North_American_countries_by_population": 0.6162162162162163,
    "List_of_member_states_of_the_Commonwealth_of_Nations_by_population": 0.6162162162162163,
    "List_of_sovereign_states_and_dependent_territories_by_population_density": 0.6162162162162163,
    "List_of_Middle_East_countries_by_population": 0.6162162162162163,
    "Population_decline": 0.6151202749140894,
    "List_of_countries_by_student_performance": 0.6096256684491979,
    "List_of_countries_by_foreign-born_population": 0.5253456221198156,
    "List_of_national_capitals_by_population": 0.5,
    "List_of_Oceanian_countries_by_population": 0.46747967479674796,
    "List_of_Latin_American_countries_by_population": 0.4578313253012048,
    "Population_density": 0.4182242990654206,
    "World_population": 0.4182242990654206,
    "Projections_of_population_growth": 0.4182242990654206,
    "Population_growth": 0.4182242990654206,
    "List_of_Caribbean_island_countries_by_population": 0.41304347826086957,
    "List_of_countries_by_life_expectancy": 0.40714285714285714,
    "List_of_countries_by_inequality-adjusted_HDI": 0.4014084507042254,
    "List_of_countries_by_English-speaking_population": 0.4,
    "List_of_regional_organizations_by_population": 0.375,
    "World's_most_livable_cities": 0.3675675675675676,
    "List_of_countries_by_literacy_rate": 0.36075949367088606,
    "List_of_countries_by_suicide_rate": 0.34545454545454546,
    "List_of_countries_by_intentional_death_rate": 0.34545454545454546,
    "List_of_Asian_countries_by_population": 0.33527696793002915,
    "List_of_countries_by_the_number_of_US_dollar_billionaires": 0.33043478260869563,
    "List_of_metropolitan_areas_in_Asia": 0.2994791666666667,
    "Human_Poverty_Index": 0.2871536523929471,
    "List_of_countries_by_urban_population": 0.2777777777777778,
    "List_of_countries_by_percentage_of_population_living_in_poverty": 0.25675675675675674,
    "List_of_countries_by_employment_rate": 0.2556053811659193,
    "Demographics_of_Europe": 0.25316455696202533,
    "List_of_sovereign_states_and_dependent_territories_by_fertility_rate": 0.23255813953488372,
    "Monaco": 0.11728395061728394,
    "International_rankings_of_Canada": 0.09628378378378379,
    "Quality-of-life_Index": 0.03879310344827586,
    "List_of_countries_by_ecological_footprint": 0.03879310344827586,
    "Satisfaction_with_Life_Index": 0.03879310344827586,
    "Happy_Planet_Index": 0.03879310344827586,
    "National_wealth": 0.03804347826086957,
    "List_of_countries_by_national_wealth": 0.03804347826086957,
    "Demographics_of_Oceania": 0.037383177570093455,
    "ICT_Development_Index": 0.03529411764705882,
    "Demographics_of_South_America": 0.03488372093023256,
    "List_of_countries_by_tax_rates": 0.03305785123966942,
    "List_of_countries_by_sovereign_wealth_funds": 0.03305785123966942,
    "List_of_countries_by_central_bank_interest_rates": 0.03305785123966942,
    "Demographics_of_Antarctica": 0.0326530612244898,
    "List_of_countries_by_GDP_(nominal)_per_capita": 0.0325,
    "List_of_countries_by_household_final_consumption_expenditure_per_capita": 0.0325,
    "List_of_countries_by_GDP_(PPP)_per_capita": 0.0325,
    "List_of_countries_by_received_FDI": 0.029914529914529916,
    "List_of_countries_by_foreign-exchange_reserves": 0.029914529914529916,
    "List_of_sovereign_states_by_current_account_balance": 0.029914529914529916,
    "List_of_countries_by_current_account_balance_as_a_percentage_of_GDP": 0.029914529914529916,
    "List_of_countries_and_territories_by_inflation_rate": 0.029914529914529916,
    "List_of_countries_by_gross_fixed_investment_as_percentage_of_GDP": 0.029914529914529916,
    "List_of_countries_by_FDI_abroad": 0.029914529914529916,
    "Tables_of_historical_exchange_rates_to_the_United_States_dollar": 0.029914529914529916,
    "List_of_countries_by_commercial_bank_prime_lending_rate": 0.029914529914529916,
    "List_of_countries_by_received_FDI_in_the_past": 0.029914529914529916,
    "List_of_sovereign_states_by_external_assets": 0.029914529914529916,
    "List_of_countries_by_imports": 0.029914529914529916,
    "List_of_countries_by_leading_trade_partners": 0.029914529914529916,
    "List_of_countries_by_credit_rating": 0.029914529914529916,
    "List_of_countries_by_net_exports": 0.029914529914529916,
    "List_of_countries_by_foreign-exchange_reserves_(excluding_gold)": 0.029914529914529916,
    "List_of_minimum_wages_by_country": 0.029914529914529916,
    "List_of_countries_by_exports_per_capita": 0.029914529914529916,
    "List_of_government_budgets_by_country": 0.02834008097165992,
    "List_of_sovereign_states_in_Europe_by_life_expectancy": 0.027932960893854747,
    "Developed_country": 0.0275,
    "Environmental_Vulnerability_Index": 0.026785714285714284,
    "List_of_countries_by_home_ownership_rate": 0.026706231454005934,
    "List_of_countries_by_beer_consumption_per_capita": 0.02601156069364162,
    "List_of_countries_by_research_and_development_spending": 0.024896265560165973,
    "List_of_countries_by_external_debt": 0.02422145328719723,