{
    "Empire_Award_for_Best_British_Director": 1.0,
    "Empire_Award_for_Best_British_Actor": 1.0,
    "Empire_Award_for_Best_British_Actress": 1.0,
    "Empire_Award_for_Best_Comedy": 0.8,
    "Empire_Award_for_Best_Horror": 0.8,
    "Empire_Award_for_Best_Thriller": 0.8,
    "Empire_Award_for_Best_Director": 0.7222222222222222,
    "Empire_Award_for_Best_Actor": 0.7222222222222222,
    "Empire_Award_for_Best_Actress": 0.7027027027027027,
    "Empire_Award_for_Best_Film": 0.6933333333333334,
    "Empire_Award_for_Best_British_Film": 0.6933333333333334,
    "Ewen_Bremner": 0.013513513513513514,
    "Vinnie_Jones": 0.013513513513513514,
    "Eva_Green": 0.011111111111111112,
    "Keira_Knightley": 0.010309278350515464
}