{
    "American_Samoa_national_association_football_team_results": 1.0,
    "Cook_Islands_national_football_team_results": 0.9277566539923955,
    "Mexico_national_football_team_record": 0.796078431372549,
    "Paraguay_national_football_team_head_to_head": 0.7602996254681648,
    "Bolivia_national_football_team_head_to_head": 0.7173144876325088,
    "Chile_national_football_team_head_to_head": 0.7048611111111112,
    "Venezuela_national_football_team_head_to_head": 0.6904761904761905,
    "Australia_national_association_football_team_all-time_record": 0.6819672131147541,
    "Egypt_national_football_team_all-time_record": 0.6766666666666666,
    "South_Korea_national_football_team_records": 0.656957928802589,
    "Iraq_national_football_team_all-time_record": 0.656957928802589,
    "United_States_men's_national_soccer_team_record": 0.6485623003194888,
    "Wales_national_football_team_records": 0.6424050632911392,
    "Portugal_national_football_team_all-time_record": 0.6383647798742138,
    "Armenia_national_football_team_results": 0.6304347826086957,
    "Netherlands_national_football_team_records": 0.628482972136223,
    "Iran_national_football_team_all-time_record": 0.628482972136223,
    "Canada_men's_national_soccer_team_records": 0.6170212765957447,
    "Spain_national_football_team_head_to_head": 0.6059701492537314,
    "Scotland_national_football_team_records": 0.5867052023121387,
    "Belize_national_football_team_results": 0.5816618911174785,
    "Brazil_national_football_team_competitive_record": 0.49271844660194175,
    "France_national_football_team_all-time_record": 0.4892601431980907,
    "Argentina_national_football_team_head_to_head": 0.48564593301435405,
    "Singapore_national_football_team": 0.4703196347031963,
    "Mongolia_national_football_team_results": 0.44136460554371004,
    "2009_North_Korea_national_football_team_results": 0.4321503131524008,
    "Syria_national_football_team_results": 0.42505133470225875,
    "Lebanon_national_football_team_results": 0.4164989939637827,
    "Lebanon_national_football_team_all-time_record": 0.4164989939637827,
    "Palestine_national_football_team_results": 0.4090909090909091,
    "Palestine_national_football_team_all-time_record": 0.4090909090909091,
    "Hong_Kong_national_football_team_results": 0.39655172413793105,
    "List_of_San_Marino_national_football_team_results": 0.3690909090909091,
    "Vietnam_national_football_team": 0.3678571428571429,
    "United_Arab_Emirates_national_football_team": 0.32440944881889766,
    "Thailand_national_football_team": 0.3213728549141966,
    "Germany_national_football_team_all-time_record": 0.31768388106416273,
    "Belgium_national_football_team_results": 0.3161993769470405,
    "Malaysia_national_football_team": 0.2930298719772404,
    "Hungary_national_football_team": 0.26424870466321243,
    "1997_Australia_national_football_team_season": 0.12574850299401197,
    "1996_Australia_national_football_team_season": 0.12574850299401197,
    "Australia\u2013New_Zealand_association_football_rivalry": 0.03374233128834356,
    "Tahiti_national_football_team": 0.03244274809160305,
    "Tuvalu_national_football_team": 0.03131991051454139,
    "New_Zealand_national_football_team": 0.026988636363636364,
    "FIFA_Confederations_Cup": 0.020172910662824207,
    "List_of_men's_national_association_football_teams": 0.020086083213773313,
    "List_of_Australian_national_association_football_team_captains": 0.019672131147540985,
    "Australia_national_association_football_team_records": 0.019672131147540985,
    "List_of_Australia_national_association_football_team_managers": 0.018469656992084433,
    "List_of_New_Zealand_national_football_team_managers": 0.0169971671388102,
    "American_Samoa_national_basketball_team": 0.013745704467353952,
    "Guam_national_football_team_results": 0.01340033500837521,
    "Football_at_the_Summer_Olympics": 0.013059701492537313,
    "2009_Jordan_national_football_team_results": 0.01263157894736842,
    "2008_Myanmar_national_football_team_results": 0.012552301255230125,
    "2010_Myanmar_national_football_team_results": 0.012552301255230125,
    "2009_UAE_national_football_team_results": 0.012295081967213115,
    "Timor-Leste_national_football_team_results": 0.012195121951219513,
    "South_Korea_national_football_team_results_\u2013_1960s": 0.011135857461024499,
    "South_Korea_national_football_team_results_\u2013_1970s": 0.011135857461024499,
    "South_Korea_national_football_team_results_\u2013_1980s": 0.011135857461024499,
    "2009_Singapore_national_football_team_results": 0.011135857461024499,
    "South_Korea_national_football_team_results_\u2013_1990s": 0.011135857461024499,
    "2009_Thailand_national_football_team_results": 0.011135857461024499,
    "2007_Thailand_national_football_team_results": 0.011135857461024499,
    "2004_Thailand_national_football_team_results": 0.011135857461024499,
    "FIFA_World_Cup": 0.010835913312693499,
    "2009_Sri_Lanka_national_football_team_results": 0.010752688172043012,
    "Laos_national_football_team_results": 0.010683760683760684,
    "Bhutan_national_football_team_results": 0.010683760683760684,
    "2009_Bahrain_national_football_team_results": 0.010660980810234541,
    "2008_Bahrain_national_football_team_results": 0.010660980810234541,
    "2009_Oman_national_football_team_results": 0.010570824524312896,
    "2006_Australia_national_football_team_season": 0.01056338028169014,
    "2007_Australia_national_football_team_season": 0.01056338028169014,
    "2005_Australia_national_football_team_season": 0.01056338028169014,
    "South_Korea_national_football_team_results_\u2013_B_Matches": 0.01056338028169014,
    "2004_Australia_national_football_team_season": 0.01056338028169014,
    "2002_Australia_national_football_team_season": 0.01056338028169014,
    "2001_Australia_national_football_team_season": 0.01056338028169014,
    "2000_Australia_national_football_team_season": 0.01056338028169014,
    "2009_Uzbekistan_national_football_team_results": 0.010548523206751054,
    "2008_Uzbekistan_national_football_team_results": 0.010548523206751054,
    "2011_Uzbekistan_national_football_team_results": 0.010548523206751054,
    "Pakistan_national_football_team_results": 0.010482180293501049,
    "Philippines_national_football_team_fixtures_and_results": 0.010395010395010396,
    "2009_Bangladesh_national_football_team_results": 0.010309278350515464,
    "2008_Bangladesh_national_football_team_results": 0.010309278350515464,
    "2009_Qatar_national_football_team_results": 0.01026694045174538,
    "Brittany_national_football_team": 0.01026694045174538,
    "Provence_football_team": 0.010224948875255624,
    "2009_Saudi_Arabia_national_football_team_results": 0.010183299389002037,
    "Saudi_Arabia_national_football_team_results": 0.010183299389002037,
    "China_national_football_team_results_and_fixtures": 0.010141987829614604,
    "China_national_football_team_results_(1950\u201369)": 0.010141987829614604,
    "China_national_football_team_results_(2000\u201309)": 0.010141987829614604,
    "China_national_football_team_results_(2010\u201319)": 0.010141987829614604,
    "China_national_football_team_results_(1970\u201379)": 0.010141987829614604,
    "China_national_football_team_results_(1980\u201389)": 0.010141987829614604,
    "China_national_football_team_results_(1990\u201399)": 0.010141987829614604,
    "Occitania_national_football_team": 0.010040160642570281
}