{
    "1995_AFL_Draft": 1.0,
    "Australian_Football_League_Draft": 0.3387096774193548,
    "1991_AFL_Draft": 0.21800947867298578,
    "1990_AFL_Draft": 0.2102803738317757,
    "1989_VFL_Draft": 0.19730941704035873,
    "1996_AFL_Draft": 0.19480519480519481,
    "1988_VFL_Draft": 0.1875,
    "1994_AFL_Draft": 0.18333333333333332,
    "2007_AFL_Draft": 0.17916666666666667,
    "2008_AFL_Draft": 0.168,
    "2003_AFL_Draft": 0.16470588235294117,
    "1998_AFL_Draft": 0.16176470588235295,
    "2004_AFL_Draft": 0.16091954022988506,
    "2005_AFL_Draft": 0.16030534351145037,
    "2001_AFL_Draft": 0.1596958174904943,
    "1999_AFL_Draft": 0.15942028985507245,
    "2002_AFL_Draft": 0.15671641791044777,
    "2006_AFL_Draft": 0.14634146341463414,
    "2011_AFL_Draft": 0.14383561643835616,
    "Brent_Harvey": 0.14042553191489363,
    "2009_AFL_Draft": 0.14006514657980457,
    "2013_AFL_Draft": 0.13592233009708737,
    "2012_AFL_Draft": 0.13333333333333333,
    "2010_AFL_Draft": 0.13166144200626959,
    "Matthew_Scarlett": 0.027842227378190254,
    "1996_AFL_Rising_Star": 0.023255813953488372,
    "AFL_Hall_of_Fame_Tribute_Match": 0.01968503937007874,
    "Ross_Glendinning_Medal": 0.018404907975460124,
    "Chris_Judd": 0.014450867052023121,
    "Nathan_Buckley": 0.014285714285714285,
    "James_Hird": 0.013477088948787063,
    "Showdown_Medal": 0.012422360248447204
}