{
    "National_Association_of_Latino_Fraternal_Organizations": 1.0,
    "National_APIA_Panhellenic_Association": 0.24528301886792453,
    "National_Panhellenic_Conference": 0.17333333333333334,
    "North-American_Interfraternity_Conference": 0.14393939393939395,
    "Association_of_College_Honor_Societies": 0.10569105691056911,
    "Alpha_Psi_Lambda": 0.0963855421686747,
    "Lambda_Theta_Alpha": 0.0963855421686747,
    "Mu_Sigma_Upsilon": 0.096,
    "List_of_Pi_Delta_Psi_Chapters": 0.09486166007905138,
    "Alpha_Phi_Gamma_(sorority)": 0.09486166007905138,
    "Phi_Sigma_Alpha": 0.09302325581395349,
    "Gamma_Rho_Lambda": 0.09236947791164658,
    "History_of_North_American_college_fraternities_and_sororities": 0.09236947791164658,
    "List_of_social_fraternities_and_sororities": 0.09236947791164658,
    "List_of_fraternities_and_sororities_in_France": 0.09236947791164658,
    "Service_fraternities_and_sororities": 0.09236947791164658,
    "Cultural_interest_fraternities_and_sororities": 0.09236947791164658,
    "List_of_Latino_Greek-letter_organizations": 0.09236947791164658,
    "Omega_Phi_Alpha": 0.09236947791164658,
    "Fraternities_and_sororities_in_Canada": 0.09236947791164658,
    "Sigma_Th\u00eata_Pi": 0.09236947791164658,
    "List_of_fraternities_and_sororities_in_the_Philippines": 0.09236947791164658,
    "North_American_fraternity_and_sorority_housing": 0.09236947791164658,
    "List_of_members_of_Alpha_Omicron_Pi": 0.09195402298850575,
    "Delta_Phi_Epsilon_(social)": 0.09195402298850575,
    "Alpha_Omicron_Pi": 0.09195402298850575,
    "Nu_Alpha_Kappa": 0.09157509157509157,
    "Professional_Fraternity_Association": 0.09090909090909091,
    "Sigma_Beta_Rho": 0.09025270758122744,
    "Pi_Lambda_Phi": 0.08791208791208792,
    "Kappa_Alpha_Society": 0.08791208791208792,
    "Kappa_Alpha_Theta": 0.08791208791208792,
    "Alpha_Sigma_Phi": 0.08791208791208792,
    "Sigma_Pi": 0.08759124087591241,
    "Chi_Psi": 0.08727272727272728,
    "Phi_Mu_Alpha_Sinfonia": 0.07580174927113703,
    "Alpha_Omega_Epsilon": 0.07331378299120235,
    "Alpha_Kappa_Alpha": 0.0636604774535809,
    "Alpha_Epsilon_Phi": 0.059113300492610835,
    "Sigma_Alpha_Epsilon_Pi": 0.0583756345177665,
    "Alpha_Epsilon_Pi": 0.057279236276849645,
    "Sigma_Mu_Sigma": 0.05303030303030303,
    "Alpha_Lambda_Tau": 0.05303030303030303,
    "List_of_Kappa_Alpha_Psi_brothers": 0.05128205128205128,
    "List_of_Kappa_Alpha_Psi_chapters": 0.05128205128205128,
    "List_of_Kappa_Kappa_Psi_chapters": 0.03508771929824561,
    "List_of_Kappa_Kappa_Psi_and_Tau_Beta_Sigma_national_conventions": 0.03508771929824561,
    "List_of_works_commissioned_by_Kappa_Kappa_Psi_or_Tau_Beta_Sigma": 0.02702702702702703,
    "List_of_Zeta_Phi_Beta_sisters": 0.024390243902439025,
    "List_of_Zeta_Phi_Beta_grand_boules": 0.024390243902439025,
    "List_of_Phi_Beta_Sigma_brothers": 0.023809523809523808,
    "List_of_Phi_Beta_Sigma_chapters": 0.023809523809523808,
    "List_of_Phi_Beta_Sigma_conclaves": 0.023809523809523808,
    "Mu_Beta_Psi": 0.022222222222222223,
    "Phi_Delta_Epsilon": 0.013986013986013986,
    "Alpha_Eta_Rho": 0.013986013986013986,
    "Omega_Upsilon_Phi": 0.013986013986013986,
    "Delta_Kappa_Alpha": 0.013986013986013986,
    "Theta_Tau": 0.013986013986013986,
    "Phi_Chi_Medical_Fraternity": 0.013888888888888888,
    "University_of_South_Carolina": 0.012861736334405145,
    "Omicron_Delta_Kappa": 0.012048192771084338,
    "Bulwer-Lytton_Fiction_Contest": 0.010869565217391304,
    "California_State_University,_Chico": 0.010471204188481676
}