{
    "Delhi_Wizards": 1.0,
    "Chennai_Cheetahs": 1.0,
    "Karnataka_Lions": 1.0,
    "Mumbai_Marines": 1.0,
    "Pune_Strykers": 1.0,
    "Chandigarh_Comets": 1.0,
    "Bhopal_Badshahs": 0.19791666666666666,
    "World_Series_Hockey": 0.12582781456953643,
    "Delhi_Waveriders": 0.07692307692307693,
    "Uttar_Pradesh_Wizards": 0.07692307692307693,
    "Ranchi_Rhinos": 0.07692307692307693,
    "Mumbai_Magicians": 0.07692307692307693,
    "Punjab_Warriors": 0.07692307692307693,
    "2013_Hockey_India_League_players'_auction": 0.07692307692307693,
    "2014_Hockey_India_League_players'_auction": 0.07692307692307693,
    "Ulster_Senior_League_(men's_hockey)": 0.013888888888888888
}