{
    "2012_NCAA_Division_I_FBS_football_season": 1.0,
    "1979_NCAA_Division_I-A_football_season": 0.9585798816568047,
    "1978_NCAA_Division_I-A_football_season": 0.9585798816568047,
    "1926_college_football_season": 0.9585798816568047,
    "1927_college_football_season": 0.9585798816568047,
    "1928_college_football_season": 0.9585798816568047,
    "1929_college_football_season": 0.9585798816568047,
    "1930_college_football_season": 0.9585798816568047,
    "1931_college_football_season": 0.9585798816568047,
    "1932_college_football_season": 0.9585798816568047,
    "1933_college_football_season": 0.9585798816568047,
    "1934_college_football_season": 0.9585798816568047,
    "2008_NCAA_Division_I_FCS_football_season": 0.9585798816568047,
    "1948_college_football_season": 0.9585798816568047,
    "1947_college_football_season": 0.9585798816568047,
    "1946_college_football_season": 0.9585798816568047,
    "2009_NCAA_Division_I_FCS_football_season": 0.9585798816568047,
    "1990_NCAA_Division_I-A_football_season": 0.9585798816568047,
    "2012_NCAA_Division_I_FCS_football_season": 0.9585798816568047,
    "2013_NCAA_Division_I_FCS_football_season": 0.9585798816568047,
    "1992_NCAA_Division_I-A_football_season": 0.9585798816568047,
    "1996_NCAA_Division_I-A_football_season": 0.9585798816568047,
    "1997_NCAA_Division_I-A_football_season": 0.9585798816568047,
    "1935_college_football_season": 0.9310344827586207,
    "2013_NCAA_Division_I_FBS_football_season": 0.9230769230769231,
    "1998_NCAA_Division_I-A_football_season": 0.9230769230769231,
    "2008_NCAA_Division_I_FBS_football_season": 0.9204545454545454,
    "2009_NCAA_Division_I_FBS_football_season": 0.9204545454545454,
    "2010_NCAA_Division_I_FBS_football_season": 0.9204545454545454,
    "2011_NCAA_Division_I_FBS_football_season": 0.9204545454545454,
    "2002_NCAA_Division_I-A_football_season": 0.9204545454545454,
    "2006_NCAA_Division_I_FBS_football_season": 0.9204545454545454,
    "2007_NCAA_Division_I_FBS_football_season": 0.9204545454545454,
    "2007_NCAA_Division_I_FCS_football_season": 0.9126760563380282,
    "2006_NCAA_Division_I_FCS_football_season": 0.9126760563380282,
    "2008_NCAA_Division_II_National_Football_Championship_playoffs": 0.7313769751693002,
    "2009_NCAA_Division_II_National_Football_Championship_playoffs": 0.7313769751693002,
    "2007_NCAA_Division_II_National_Football_Championship_playoffs": 0.7313769751693002,
    "NCAA_Division_II_National_Football_Championship": 0.08032786885245902,
    "2012_Atlantic_Coast_Conference_football_season": 0.04043126684636118,
    "2012_Southeastern_Conference_football_season": 0.04,
    "2012_Sun_Belt_Conference_football_season": 0.0398936170212766,
    "2012_Big_12_Conference_football_season": 0.03926701570680628,
    "2012_Conference_USA_football_season": 0.0390625,
    "2012_Pacific-12_Conference_football_season": 0.032327586206896554,
    "2012\u201313_NCAA_football_bowl_games": 0.03225806451612903,
    "2012_Big_Ten_Conference_football_season": 0.030927835051546393,
    "2012_NCAA_Division_I_FBS_football_rankings": 0.028142589118198873
}