{
    "SPL_Helsingin_piiri": 1.0,
    "SPL_Kaakkois-Suomen_piiri": 1.0,
    "SPL_Keski-Pohjanmaan_piiri": 1.0,
    "SPL_It\u00e4-Suomen_piiri": 1.0,
    "SPL_Keski-Suomen_piiri": 1.0,
    "SPL_Pohjois-Suomen_piiri": 1.0,
    "SPL_Tampereen_piiri": 1.0,
    "SPL_Turun_piiri": 1.0,
    "SPL_Uudenmaan_piiri": 1.0,
    "SPL_Vaasan_piiri": 1.0,
    "SPL_Satakunnan_piiri": 1.0,
    "List_of_football_clubs_in_Finland_\u2013_E": 0.24561403508771928,
    "List_of_football_clubs_in_Finland_\u2013_F": 0.24561403508771928,
    "List_of_football_clubs_in_Finland_\u2013_G": 0.24561403508771928,
    "List_of_football_clubs_in_Finland_\u2013_V": 0.24561403508771928,
    "List_of_football_clubs_in_Finland_\u2013_O": 0.24561403508771928,
    "List_of_football_clubs_in_Finland_\u2013_I": 0.24561403508771928,
    "List_of_football_clubs_in_Finland_\u2013_J": 0.24561403508771928,
    "List_of_football_clubs_in_Finland_\u2013_N": 0.24561403508771928,
    "List_of_football_clubs_in_Finland_\u2013_H": 0.24561403508771928,
    "List_of_football_clubs_in_Finland_\u2013_K": 0.24561403508771928,
    "List_of_football_clubs_in_Finland_\u2013_L": 0.24561403508771928,
    "List_of_football_clubs_in_Finland_\u2013_M": 0.24561403508771928,
    "List_of_football_clubs_in_Finland_\u2013_P": 0.24561403508771928,
    "List_of_football_clubs_in_Finland_\u2013_R": 0.24561403508771928,
    "List_of_football_clubs_in_Finland_\u2013_S": 0.24561403508771928,
    "List_of_football_clubs_in_Finland_\u2013_T": 0.24561403508771928,
    "Finnish_League_Cup": 0.12844036697247707,
    "List_of_Finnish_football_champions": 0.1206896551724138,
    "List_of_football_stadiums_in_Finland": 0.11475409836065574,
    "Finnish_Women's_Cup": 0.11290322580645161,
    "List_of_football_clubs_in_Finland": 0.112,
    "Finnish_Cup": 0.0748663101604278,
    "Finland_national_football_team": 0.0603448275862069,
    "Kakkonen": 0.056910569105691054,
    "Veikkausliiga": 0.05223880597014925,
    "Futsal-Liiga": 0.012345679012345678
}