{
    "List_of_cakes": 1.0,
    "List_of_Pakistani_sweets_and_desserts": 0.6167557932263814,
    "List_of_Bangladeshi_sweets_and_desserts": 0.6167557932263814,
    "List_of_Argentine_sweets_and_desserts": 0.6167557932263814,
    "List_of_Jewish_cuisine_dishes": 0.5935828877005348,
    "List_of_rolled_foods": 0.5935828877005348,
    "List_of_German_dishes": 0.5935828877005348,
    "List_of_cookies": 0.5935828877005348,
    "List_of_pies,_tarts_and_flans": 0.5935828877005348,
    "List_of_Spanish_dishes": 0.5935828877005348,
    "List_of_snack_foods_by_country": 0.5935828877005348,
    "List_of_Russian_dishes": 0.5935828877005348,
    "List_of_Brazilian_dishes": 0.5935828877005348,
    "List_of_snack_foods": 0.578125,
    "List_of_salads": 0.5568561872909699,
    "List_of_Irish_dishes": 0.5522388059701493,
    "List_of_candies": 0.5513245033112583,
    "List_of_Indian_sweets_and_desserts": 0.5509554140127388,
    "List_of_soul_foods_and_dishes": 0.5414634146341464,
    "Herring_(food)": 0.5388349514563107,
    "List_of_twice-baked_foods": 0.5345104333868379,
    "List_of_Moroccan_dishes": 0.5328,
    "List_of_Chinese_dishes": 0.5319488817891374,
    "List_of_dishes_using_coconut_milk": 0.5311004784688995,
    "List_of_egg_dishes": 0.5251572327044025,
    "List_of_breakfast_beverages": 0.5123076923076924,
    "List_of_bacon_dishes": 0.5083969465648855,
    "List_of_Indian_snack_foods": 0.5076219512195121,
    "List_of_Burmese_dishes": 0.5014970059880239,
    "List_of_raw_fish_dishes": 0.4977578475336323,
    "Fish_soup": 0.4977578475336323,
    "Fish_head": 0.4977578475336323,
    "List_of_fermented_soy_products": 0.4947994056463596,
    "List_of_Hungarian_dishes": 0.48755490483162517,
    "List_of_Bangladeshi_dishes": 0.4757142857142857,
    "List_of_sandwiches": 0.4580467675378267,
    "List_of_pastries": 0.437125748502994,
    "List_of_hamburgers": 0.43586387434554974,
    "List_of_poppy_seed_pastries_and_dishes": 0.4215568862275449,
    "List_of_Greek_dishes": 0.4175,
    "List_of_North_American_hot_sauces": 0.4078144078144078,
    "List_of_Indian_dishes": 0.38497109826589593,
    "Fried_fish": 0.383199079401611,
    "List_of_fried_dough_foods": 0.378839590443686,
    "List_of_breads": 0.37636761487964987,
    "Cod_(food)": 0.3679558011049724,
    "Shrimp_(food)": 0.3592233009708738,
    "List_of_rice_dishes": 0.35638297872340424,
    "List_of_hors_d'oeuvre": 0.3523809523809524,
    "List_of_tapas": 0.3523809523809524,
    "Beijing_cuisine": 0.34083930399181167,
    "List_of_Vietnamese_dishes": 0.33002973240832506,
    "List_of_dairy_products": 0.32142857142857145,
    "List_of_African_dishes": 0.31774809160305345,
    "Szechuan_cuisine": 0.3162393162393162,
    "List_of_potato_dishes": 0.30719557195571956,
    "List_of_Indonesian_dishes": 0.2847571189279732,
    "List_of_stews": 0.27866108786610877,
    "List_of_English_dishes": 0.27674979887369267,
    "List_of_Malaysian_dishes": 0.27538586515028435,
    "List_of_Thai_dishes": 0.2749793559042114,
    "List_of_cheeses": 0.251685393258427,
    "Pakistani_rice_dishes": 0.24306569343065693,
    "List_of_soups": 0.2196569920844327,
    "List_of_Philippine_dishes": 0.2120838471023428,
    "Australian_Aboriginal_sweet_foods": 0.060393258426966294,
    "List_of_Irish_cheeses": 0.0234375,
    "List_of_French_cheeses": 0.020435967302452316,
    "Fish_paste": 0.020156774916013438,
    "Gordon_Ramsay": 0.01859229747675963,
    "Horse_meat": 0.01771479185119575,
    "Rationing_in_the_United_Kingdom": 0.017114914425427872,
    "Llama": 0.016968325791855202,
    "Cheese": 0.016646848989298454,
    "Crocodile": 0.01583949313621964,
    "Italian_cuisine": 0.015141087405368204,
    "Tong_sui": 0.013642564802182811,
    "Sushi": 0.013452914798206279,
    "Olive_oil": 0.013448607108549471,
    "Candy": 0.013245033112582781,
    "List_of_Christmas_television_specials": 0.011002444987775062,
    "White_Christmas_(weather)": 0.011002444987775062,
    "List_of_Christmas_hit_singles_in_the_United_Kingdom": 0.011002444987775062,
    "List_of_Christmas_carols": 0.011002444987775062,
    "List_of_Christmas_hit_singles_in_the_United_States": 0.010550996483001172,
    "Vatican_Christmas_Tree": 0.010344827586206896,
    "Capitol_Christmas_Tree": 0.010344827586206896
}