{
    "Lionel_Conacher_Award": 1.0,
    "Lou_Marsh_Trophy": 0.8168316831683168,
    "Bobbie_Rosenfeld_Award": 0.7211538461538461,
    "Canadian_Press_Team_of_the_Year_Award": 0.6582633053221288,
    "Alpine_Club_of_Canada": 0.6564245810055865,
    "Baseball_in_Canada": 0.6072351421188631,
    "Tip_O'Neill_Award": 0.5823095823095823,
    "Canada_at_the_Pan_American_Games": 0.5210643015521065,
    "Canada_at_the_Commonwealth_Games": 0.4681274900398406,
    "2010_Winter_Olympics": 0.4072790294627383,
    "Western_Canada_Summer_Games": 0.4051724137931034,
    "Quebec_Games": 0.4051724137931034,
    "1988_Winter_Olympics": 0.39166666666666666,
    "Canada_at_the_Paralympics": 0.38971807628524047,
    "Athletics_Canada": 0.3833605220228385,
    "Canada_at_the_Summer_Olympics": 0.3576864535768645,
    "Canada_at_the_Olympics": 0.3319209039548023,
    "Canada_at_the_Winter_Olympics": 0.3319209039548023,
    "Finnish_Sports_Personality_of_the_Year": 0.19327731092436976,
    "Slovenian_Sportsperson_of_the_Year": 0.19327731092436976,
    "Sportske_novosti_awards": 0.19327731092436976,
    "PSA_Sportsman_of_the_Year": 0.19327731092436976,
    "Radiosportens_Jerringpris": 0.19327731092436976,
    "Sportsperson_of_the_Year_(Czechoslovakia)": 0.19327731092436976,
    "Sportsperson_of_the_Year_(Slovakia)": 0.19327731092436976,
    "L'\u00c9quipe_Champion_of_Champions": 0.19327731092436976,
    "Danish_Sports_Name_of_the_Year": 0.19327731092436976,
    "Svenska_idrottsgalan": 0.19327731092436976,
    "Olimpia_Award": 0.19327731092436976,
    "Jamaica_Sportsperson_of_the_year": 0.19327731092436976,
    "Norwegian_Sportsperson_of_the_Year": 0.19327731092436976,
    "Hungarian_Sportspeople_of_the_Year": 0.19327731092436976,
    "Australian_Institute_of_Sport_Awards": 0.18598382749326145,
    "BBC_Wales_Sports_Personality_of_the_Year": 0.18110236220472442,
    "BBC_Sports_Personality_of_the_Year": 0.18110236220472442,
    "BBC_Scotland_Sports_Personality_of_the_Year": 0.18110236220472442,
    "BBC_Overseas_Sports_Personality_of_the_Year": 0.18110236220472442,
    "Japan_Professional_Sports_Grand_Prize": 0.17380352644836272,
    "Icelandic_Sportsperson_of_the_Year": 0.17164179104477612,
    "Bulgarian_Sportsperson_of_the_Year": 0.16747572815533981,
    "Pr\u00eamio_Brasil_Ol\u00edmpico": 0.16707021791767554,
    "List_of_Luxembourgish_Sportspeople_of_the_Year": 0.16707021791767554,
    "Lithuanian_Sportsperson_of_the_Year": 0.1658653846153846,
    "DSL_Sport": 0.1658653846153846,
    "Awards_of_the_Montenegrin_Olympic_Committee": 0.16546762589928057,
    "Awards_of_Olympic_Committee_of_Serbia": 0.16507177033492823,
    "RT\u00c9_Sports_Person_of_the_Year": 0.16312056737588654,
    "Sportsman_of_the_Year": 0.16173120728929385,
    "Belgian_Sportsman_of_the_year": 0.15164835164835164,
    "Best_Male_Athlete_ESPY_Award": 0.14967462039045554,
    "Best_Female_Athlete_ESPY_Award": 0.14838709677419354,
    "Bobby_Clarke": 0.14532019704433496,
    "Associated_Press_Athlete_of_the_Year": 0.14519427402862986,
    "Canada_at_the_1932_Winter_Olympics": 0.13246753246753246,
    "Canada_at_the_1908_Summer_Olympics": 0.13076923076923078,
    "Canada_at_the_1924_Summer_Olympics": 0.12378640776699029,
    "Rajiv_Gandhi_Khel_Ratna": 0.12343470483005367,
    "Canada_at_the_1928_Summer_Olympics": 0.12318840579710146,
    "Canada_at_the_1992_Winter_Olympics": 0.11805555555555555,
    "Canada_at_the_1994_Winter_Olympics": 0.11697247706422019,
    "Canada_at_the_1998_Winter_Olympics": 0.1159090909090909,
    "Canada_at_the_2002_Winter_Olympics": 0.11434977578475336,
    "Canada_at_the_2006_Winter_Olympics": 0.11383928571428571,
    "Canada_at_the_1904_Summer_Olympics": 0.10365853658536585,
    "Canada_at_the_2010_Winter_Olympics": 0.10179640718562874,
    "Phil_Esposito": 0.10154905335628227,
    "Canada_men's_national_lacrosse_team": 0.10049019607843138,
    "Canada_national_men's_squash_team": 0.10049019607843138,
    "Canada_national_women's_squash_team": 0.10049019607843138,
    "Canada_national_under-20_rugby_union_team": 0.09307359307359307,
    "Canada_national_bandy_team": 0.09070796460176991,
    "Canada_at_the_2004_Summer_Olympics": 0.08947368421052632,
    "Canada_at_the_2008_Summer_Olympics": 0.08900523560209424,
    "Canada_at_the_2012_Summer_Olympics": 0.08885017421602788,
    "Canada_men's_national_ice_sledge_hockey_team": 0.08669354838709678,
    "Wayne_Gretzky": 0.0846774193548387,
    "Canada_national_baseball_team": 0.08422939068100359,
    "Canada_men's_national_junior_ice_hockey_team": 0.08206106870229007,
    "Canada_men's_national_basketball_team": 0.08167330677290836,
    "Canada_women's_national_ice_hockey_team": 0.07913669064748201,
    "Canada_national_rugby_league_team": 0.07889908256880734,
    "Canada_men's_national_ice_hockey_team": 0.07312925170068027,
    "Canada_Fed_Cup_team": 0.07032590051457976,
    "Canada_national_rugby_union_team_(sevens)": 0.06957928802588997,
    "Canadian_Cycling_Association": 0.06933744221879815,
    "Canada_men's_national_soccer_team": 0.06561360874848117,
    "Patrick_Chan": 0.06357758620689655,
    "Canada_national_rugby_union_team": 0.062409288824383166,
    "Canada_Davis_Cup_team": 0.05473965287049399,
    "Jacques_Villeneuve": 0.04735152487961477,
    "Steve_Nash": 0.044062733383121735,
    "List_of_ice_hockey_teams_in_Alberta": 0.03899721448467967,
    "List_of_ice_hockey_teams_in_British_Columbia": 0.03899721448467967,
    "List_of_ice_hockey_teams_in_Manitoba": 0.03899721448467967,
    "List_of_ice_hockey_teams_in_New_Brunswick": 0.03899721448467967,
    "List_of_ice_hockey_teams_in_Quebec": 0.03899721448467967,
    "List_of_baseball_teams_in_Canada": 0.03899721448467967,
    "List_of_lacrosse_teams_in_Canada": 0.03899721448467967,
    "List_of_Gridiron_football_teams_in_Canada": 0.03899721448467967,
    "List_of_basketball_teams_in_Canada": 0.03899721448467967,
    "List_of_ice_hockey_teams_in_Saskatchewan": 0.0367816091954023,
    "List_of_ice_hockey_teams_in_Ontario": 0.03571428571428571,
    "Canadian_Interuniversity_Sport_men's_soccer_championship": 0.03143418467583497,
    "Canadian_Interuniversity_Sport_women's_soccer_championship": 0.03143418467583497,
    "The_Challenge_Trophy": 0.03110047846889952,
    "List_of_soccer_stadiums_in_Canada": 0.03110047846889952,
    "Pacific_Coast_Soccer_League": 0.03044496487119438,
    "Canadian_Soccer_League_(1987\u201392)": 0.029748283752860413,
    "Canadian_Interuniversity_Sport_men's_soccer": 0.027559055118110236,
    "2009_Canadian_Championship": 0.026530612244897958,
    "Christine_Sinclair": 0.02650602409638554,
    "Canadian_Championship": 0.02636916835699797,
    "Canadian_Soccer_League": 0.02636916835699797,
    "Canadian_Soccer_League_championship_final": 0.02636916835699797,
    "Open_Canada_Cup": 0.02584493041749503,
    "List_of_American_and_Canadian_soccer_champions": 0.024163568773234202,
    "Canadian_Interuniversity_Sport_women's_soccer": 0.023529411764705882,
    "2002_Voyageurs_Cup": 0.023178807947019868,
    "2003_Voyageurs_Cup": 0.023178807947019868,
    "Voyageurs_Cup": 0.0218408736349454,
    "2007_United_Soccer_Leagues": 0.02159468438538206,
    "Major_League_Soccer": 0.02109704641350211,
    "Canada_men's_national_soccer_team_records": 0.020933977455716585,
    "United_Soccer_Leagues": 0.02047244094488189,
    "Soccer-specific_stadium": 0.0202808112324493,
    "Women's_Premier_Soccer_League": 0.01925925925925926,
    "USSF_Division_2_Professional_League": 0.018465909090909092,
    "Major_League_Soccer_records_and_statistics": 0.018413597733711047,
    "MLS_Cup": 0.018361581920903956,
    "Hockey_Manitoba": 0.016867469879518072,
    "List_of_Canadian_national_ice_hockey_team_rosters": 0.016867469879518072,
    "Canadian_Junior_Hockey_League": 0.014598540145985401,
    "Telus_Cup": 0.014227642276422764,
    "FC_Edmonton": 0.014010507880910683,
    "World_U-17_Hockey_Challenge": 0.01338432122370937,