{
    "List_of_living_cardinals": 1.0,
    "Hierarchy_of_the_Catholic_Church": 0.3961187214611872,
    "Historical_list_of_the_Catholic_bishops_of_the_United_States": 0.38288288288288286,
    "Antipope": 0.3605514316012725,
    "Patriarch": 0.3558606124604013,
    "Canon_law_(Catholic_Church)": 0.35571878279118574,
    "Vatican_Library": 0.3552758954501452,
    "Mangalorean_Catholics": 0.33136094674556216,
    "Goan_Catholics": 0.32558139534883723,
    "List_of_popes": 0.3229166666666667,
    "Discalced_Carmelites": 0.3218720152817574,
    "Catholic_Church_by_country": 0.3160865475070555,
    "List_of_monastic_houses_in_Scotland": 0.3154981549815498,
    "Eastern_Catholic_Churches": 0.3029229406554473,
    "Crown-cardinal": 0.2977893368010403,
    "List_of_the_creations_of_the_cardinals": 0.2977893368010403,
    "List_of_titular_churches_in_Rome": 0.2977893368010403,
    "Pope_Julius_II": 0.2970639032815199,
    "Manuel_Monteiro_de_Castro": 0.29701686121919585,
    "Agostino_Vallini": 0.2966321243523316,
    "Tarcisio_Bertone": 0.296248382923674,
    "Armenian_Catholic_Church": 0.2897196261682243,
    "March_2006_Consistory": 0.2836004932182491,
    "Doctor_of_the_Church": 0.27381905524419536,
    "Catholic_Bible": 0.2712133227597145,
    "Vulgate": 0.2587621178225205,
    "List_of_heads_of_the_diplomatic_missions_of_the_Holy_See": 0.1662921348314607,
    "List_of_papal_bulls": 0.16384915474642392,
    "Foreign_relations_of_the_Holy_See": 0.16318407960199005,
    "Concordat": 0.14876847290640394,
    "List_of_papal_elections": 0.13968957871396895,
    "List_of_pastoral_visits_of_Pope_John_Paul_II_outside_Italy": 0.1389496717724289,
    "Holy_See_and_the_United_Nations": 0.13405797101449277,
    "Papal_coats_of_arms": 0.13043478260869565,
    "Papal_coronation": 0.12979890310786105,
    "Papal_name": 0.12132701421800948,
    "Biblical_canon": 0.07124681933842239,
    "Books_of_the_Bible": 0.07124681933842239,
    "World_Youth_Day": 0.0703971119133574,
    "Constantine_the_Great": 0.060444444444444446,
    "Papal_tombs_in_Old_St._Peter's_Basilica": 0.052451539338654506,
    "Eucharist": 0.05061867266591676,
    "Christianity_by_country": 0.050605060506050605,
    "List_of_largest_church_buildings_in_the_world": 0.049342105263157895,
    "List_of_oldest_church_buildings": 0.049342105263157895,
    "United_Pentecostal_Church_International": 0.04928806133625411,
    "List_of_extant_papal_tombs": 0.04815133276010318,
    "Catholic_Christian_Outreach": 0.046908315565031986,
    "Old_Testament": 0.04409005628517824,
    "Lutheran_World_Federation_(The)": 0.04318618042226487,
    "Prince-bishop": 0.04290822407628129,
    "Apostle_(Christian)": 0.04286892003297609,
    "Catholic_religious_order": 0.04100946372239748,
    "Baptism": 0.04072790294627383,
    "List_of_tallest_church_buildings_in_the_world": 0.04039497307001795,
    "Malankara_Orthodox_Syrian_Church": 0.04034134988363072,
    "List_of_some_religious_institutes_(Catholic)": 0.03979591836734694,
    "Serbian_Orthodox_Church": 0.03313840155945419,
    "Southern_Baptist_Convention_Presidents": 0.03277060575968222,
    "List_of_Church_Fathers": 0.03277060575968222,
    "Papal_inauguration_of_Pope_Francis": 0.03195266272189349,
    "Spanish_Inquisition": 0.028225806451612902,
    "Titles_of_Mary": 0.024472573839662448,
    "List_of_gnostic_terms": 0.020493956910141883,
    "List_of_blesseds": 0.01935483870967742,
    "List_of_venerable_people_(Roman_Catholic)": 0.01935483870967742,
    "Fourteen_Holy_Helpers": 0.019090909090909092,
    "List_of_Servants_of_God": 0.018884892086330936,
    "Life_of_the_Virgin": 0.016260162601626018,
    "List_of_Maronite_Patriarchs": 0.015657620041753653,
    "Papal_resignation": 0.014204545454545454,
    "Pope_John_(numbering)": 0.013525698827772768,
    "International_Union_of_Guides_and_Scouts_of_Europe": 0.013318534961154272,
    "Gospel_harmony": 0.012629161882893225,
    "Miracles_of_Jesus": 0.012127894156560088,
    "Roman_Catholic_Archdiocese_of_Manila": 0.012115563839701771,
    "De_La_Salle_Philippines": 0.011892963330029732,
    "Parables_of_Jesus": 0.011375387797311272,
    "Timeline_of_the_Middle_Ages": 0.010625737898465172
}