{
    "List_of_ambassadors_to_Luxembourg": 1.0,
    "List_of_Presidents_of_the_Council_of_State_of_Luxembourg": 0.031578947368421054,
    "List_of_Presidents_of_the_Chamber_of_Deputies_of_Luxembourg": 0.031578947368421054,
    "Luxembourg_Findel_Airport": 0.02857142857142857,
    "Quarters_of_Luxembourg_City": 0.025,
    "Athletics_at_the_2013_Games_of_the_Small_States_of_Europe": 0.02127659574468085,
    "Member_state_of_the_European_Union": 0.020833333333333332,
    "List_of_European_Union_member_states_by_political_system": 0.020833333333333332,
    "Klaus_Kr\u00f6ll": 0.018867924528301886,
    "Roland_Collombin": 0.018867924528301886,
    "2013_Games_of_the_Small_States_of_Europe": 0.018518518518518517,
    "Peter_L\u00fcscher": 0.018518518518518517,
    "List_of_newspapers_in_Luxembourg": 0.01694915254237288,
    "European_School": 0.01639344262295082,
    "Patrick_Russel": 0.016129032258064516,
    "Werner-Schaus_Ministry_II": 0.015384615384615385,
    "List_of_current_consorts_of_sovereigns": 0.015384615384615385,
    "World_Junior_Squash_Circuit": 0.015151515151515152,
    "European_Junior_Squash_Championships": 0.015151515151515152,
    "Hong_Kong_Junior_Open_Squash": 0.015151515151515152,
    "Santer-Poos_Ministry_I": 0.014925373134328358,
    "Santer-Poos_Ministry_III": 0.014925373134328358,
    "Thorn_Ministry": 0.014705882352941176,
    "Santer-Poos_Ministry_II": 0.014705882352941176,
    "Werner-Cravatte_Ministry": 0.014705882352941176,
    "G\u00fcnther_Mader": 0.014705882352941176,
    "Juncker\u2013Polfer_Ministry": 0.014285714285714285,
    "Juncker\u2013Poos_Ministry": 0.014285714285714285,
    "Juncker\u2013Asselborn_Ministry_I": 0.014084507042253521,
    "FIS_Alpine_World_Ski_Championships_2009_\u2013_Men's_super_combined": 0.014084507042253521,
    "Juncker\u2013Asselborn_Ministry_II": 0.014084507042253521,
    "Werner-Flesch_Ministry": 0.014084507042253521,
    "Werner-Thorn_Ministry": 0.014084507042253521,
    "FIS_Alpine_World_Ski_Championships_2011_\u2013_Men's_super_combined": 0.014084507042253521,
    "FIS_Alpine_World_Ski_Championships_2013_\u2013_Men's_super_combined": 0.014084507042253521,
    "European_Young_Conservatives": 0.014084507042253521,
    "FIS_Alpine_World_Ski_Championships_2007_\u2013_Men's_Super_Combined": 0.014084507042253521,
    "List_of_diplomatic_missions_of_Bosnia_and_Herzegovina": 0.013157894736842105,
    "Luxembourgish_communal_election,_2005": 0.013157894736842105,
    "Luxembourgish_communal_election,_2011": 0.013157894736842105,
    "FIS_Alpine_World_Ski_Championships_2009_\u2013_Men's_slalom": 0.012987012987012988,
    "FIS_Alpine_World_Ski_Championships_2011_\u2013_Men's_slalom": 0.012987012987012988,
    "FIS_Alpine_World_Ski_Championships_2013_\u2013_Men's_slalom": 0.012987012987012988,
    "FIS_Alpine_World_Ski_Championships_2007_\u2013_Men's_Slalom": 0.012987012987012988,
    "Michael_von_Gr\u00fcnigen": 0.012658227848101266,
    "British_Junior_Open_Squash": 0.011627906976744186,
    "US_Junior_Open_squash_championship": 0.011627906976744186,
    "Member_states_of_the_Council_of_Europe": 0.011627906976744186,
    "Secretary_General_of_the_Council_of_Europe": 0.011627906976744186,
    "French_Junior_Open_Squash": 0.011627906976744186,
    "Heir_apparent": 0.011494252873563218,
    "List_of_heirs_apparent": 0.011494252873563218,
    "Parliamentary_Assembly_of_the_Council_of_Europe": 0.011235955056179775,
    "Congress_of_the_Council_of_Europe": 0.011235955056179775,
    "Andreas_Wenzel": 0.01098901098901099,
    "Palestine_194": 0.010526315789473684,
    "European_Patent_Convention": 0.010309278350515464,
    "Foreign_relations_of_Belgium": 0.010309278350515464
}