{
    "Big_12_Conference_Baseball_Player_of_the_Year": 1.0,
    "Big_12_Conference_Baseball_Coach_of_the_Year": 0.38235294117647056,
    "Big_12_Conference_Baseball_Pitcher_of_the_Year": 0.375,
    "Big_12_Conference_Baseball_Tournament": 0.22608695652173913,
    "Baylor_Bears_baseball": 0.14772727272727273,
    "TCU_Horned_Frogs_baseball": 0.12871287128712872,
    "Oklahoma_State_Cowboys_baseball": 0.1262135922330097,
    "West_Virginia_Mountaineers_baseball": 0.1187214611872146,
    "Kansas_Jayhawks_baseball": 0.1111111111111111,
    "Oklahoma_Sooners_baseball": 0.10441767068273092,
    "Texas_Tech_Red_Raiders_baseball": 0.10077519379844961,
    "Ritch_Price": 0.07462686567164178,
    "Randy_Mazey": 0.07051282051282051,
    "Pete_Hughes": 0.06802721088435375,
    "Iowa_State_Cyclones_track_and_field": 0.0661764705882353,
    "Steve_Rodriguez": 0.0625,
    "List_of_oldest_buildings_on_Kansas_colleges_and_universities": 0.02912621359223301,
    "Johnny_Bench_Award": 0.024193548387096774,
    "Brad_Hill_(baseball_coach)": 0.022727272727272728,
    "Dick_Howser_Trophy": 0.022222222222222223,
    "Baseball_America_College_Player_of_the_Year_Award": 0.02112676056338028,
    "Golden_Spikes_Award": 0.020689655172413793,
    "Florida_Institute_of_Technology": 0.020161290322580645,
    "Steve_Smith_(pitcher)": 0.019801980198019802,
    "List_of_defunct_colleges_and_universities_in_Kansas": 0.017857142857142856,
    "Rotary_Smith_Award": 0.01680672268907563,
    "Brooks_Wallace_Award": 0.016666666666666666,
    "Texas_A&M_Aggies_women's_soccer": 0.01639344262295082,
    "List_of_Big_12_Conference_champions": 0.015873015873015872,
    "List_of_United_States_university_campuses_by_undergraduate_enrollment": 0.015873015873015872,
    "List_of_United_States_university_campuses_by_enrollment": 0.015873015873015872,
    "List_of_University_of_Oklahoma_buildings": 0.015503875968992248,
    "Baylor_University": 0.015418502202643172,
    "List_of_sportspeople_educated_at_Texas_Tech_University": 0.014492753623188406,
    "Kansas_State_Wildcats": 0.014492753623188406,
    "List_of_Texas_Tech_University_alumni": 0.014492753623188406,
    "Conference_USA": 0.014388489208633094,
    "NCAA_Division_I_FBS_independent_schools": 0.013513513513513514,
    "College_Hockey_Mid-America": 0.013333333333333334,
    "Virginia_Commonwealth_University": 0.013201320132013201,
    "Virginia_Tech": 0.012853470437017995,
    "University_of_Alabama_in_Huntsville": 0.012779552715654952,
    "List_of_Texas_Tech_University_presidents": 0.012738853503184714,
    "Iowa_State_University": 0.012618296529968454,
    "North_Carolina_Agricultural_and_Technical_State_University": 0.012307692307692308,
    "Tim_Jamieson": 0.012195121951219513,
    "Atlantic_10_Conference": 0.012195121951219513,
    "University_of_South_Carolina": 0.012195121951219513,
    "Norfolk_State_University": 0.011869436201780416,
    "Texas_Christian_University": 0.011627906976744186,
    "TCU_Horned_Frogs_football": 0.011627906976744186,
    "Jim_Schlossnagle": 0.011299435028248588,
    "List_of_University_of_Texas_at_Austin_faculty": 0.011049723756906077,
    "List_of_University_of_Texas_at_Austin_buildings": 0.011049723756906077,
    "Texas_Longhorns_swimming_and_diving": 0.011049723756906077,
    "List_of_University_of_Texas_at_Austin_alumni": 0.011049723756906077,
    "List_of_University_of_Texas_at_Austin_presidents": 0.011049723756906077,
    "Baseball_America_Minor_League_Player_of_the_Year_Award": 0.01098901098901099,
    "Kansas_State_Wildcats_men's_basketball": 0.01090909090909091,
    "Old_Dominion_University": 0.010845986984815618,
    "Virginia_State_University": 0.01078167115902965,
    "Kansas_State_Wildcats_football": 0.010452961672473868,
    "List_of_universities_in_Texas_by_enrollment": 0.01015228426395939
}