{
    "European_Artistic_Gymnastics_Championships_\u2013_Women's_uneven_bars": 1.0,
    "European_Artistic_Gymnastics_Championships_\u2013_Women's_individual_all-around": 0.9044585987261147,
    "European_Artistic_Gymnastics_Championships_\u2013_Women's_floor": 0.8847352024922118,
    "European_Artistic_Gymnastics_Championships_\u2013_Women's_balance_beam": 0.8761609907120743,
    "European_Artistic_Gymnastics_Championships_\u2013_Women's_vault": 0.8611111111111112,
    "European_Artistic_Gymnastics_Championships_\u2013_Men's_individual_all-around": 0.817629179331307,
    "2008_Rhythmic_Gymnastics_European_Championships": 0.6655629139072847,
    "2007_Rhythmic_Gymnastics_European_Championships": 0.6655629139072847,
    "2006_Rhythmic_Gymnastics_European_Championships": 0.6655629139072847,
    "2009_Rhythmic_Gymnastics_European_Championships": 0.6655629139072847,
    "2010_Rhythmic_Gymnastics_European_Championships": 0.6655629139072847,
    "2011_Rhythmic_Gymnastics_European_Championships": 0.6655629139072847,
    "2012_Rhythmic_Gymnastics_European_Championships": 0.6655629139072847,
    "2000_European_Women's_Artistic_Gymnastics_Championships": 0.6655629139072847,
    "1998_European_Women's_Artistic_Gymnastics_Championships": 0.6655629139072847,
    "2004_European_Women's_Artistic_Gymnastics_Championships": 0.6547231270358306,
    "2005_European_Women's_Artistic_Gymnastics_Championships": 0.6483870967741936,
    "2002_European_Women's_Artistic_Gymnastics_Championships": 0.6483870967741936,
    "2007_European_Women's_Artistic_Gymnastics_Championships": 0.6463022508038585,
    "2006_European_Women's_Artistic_Gymnastics_Championships": 0.6463022508038585,
    "2013_Rhythmic_Gymnastics_European_Championships": 0.6463022508038585,
    "2009_European_Artistic_Gymnastics_Championships": 0.6421725239616614,
    "2010_European_Men's_Artistic_Gymnastics_Championships": 0.638095238095238,
    "2010_European_Women's_Artistic_Gymnastics_Championships": 0.638095238095238,
    "2008_European_Men's_Artistic_Gymnastics_Championships": 0.6340694006309149,
    "2008_European_Women's_Artistic_Gymnastics_Championships": 0.6340694006309149,
    "2011_European_Artistic_Gymnastics_Championships": 0.6340694006309149,
    "2012_European_Women's_Artistic_Gymnastics_Championships": 0.6165644171779141,
    "2012_European_Men's_Artistic_Gymnastics_Championships": 0.6165644171779141,
    "2013_European_Artistic_Gymnastics_Championships": 0.6017964071856288,
    "European_Men's_Artistic_Gymnastics_Championships": 0.5401606425702812,
    "European_Women's_Artistic_Gymnastics_Championships": 0.5401606425702812,
    "Rhythmic_Gymnastics_European_Championships": 0.4036144578313253,
    "European_Acrobatics_Championships": 0.4036144578313253,
    "European_Trampoline_Championships": 0.4036144578313253,
    "European_Artistic_Gymnastics_Championships_\u2013_Women's_team_all-around": 0.2857142857142857,
    "World_Artistic_Gymnastics_Championships_\u2013_Men's_team_all-around": 0.23509933774834438,
    "Gymnastics_at_the_Pan_American_Games_\u2013_Women's_vault": 0.23509933774834438,
    "Gymnastics_at_the_Pan_American_Games_\u2013_Women's_uneven_bars": 0.23509933774834438,
    "Gymnastics_at_the_Pan_American_Games_\u2013_Women's_balance_beam": 0.23509933774834438,
    "Gymnastics_at_the_Pan_American_Games_\u2013_Women's_floor": 0.23509933774834438,
    "World_Artistic_Gymnastics_Championships_\u2013_Women's_individual_all-around": 0.226890756302521,
    "World_Artistic_Gymnastics_Championships_\u2013_Women's_uneven_bars": 0.22131147540983606,
    "World_Artistic_Gymnastics_Championships_\u2013_Women's_vault": 0.2154696132596685,
    "World_Artistic_Gymnastics_Championships_\u2013_Women's_floor": 0.2125340599455041,
    "World_Artistic_Gymnastics_Championships_\u2013_Women's_balance_beam": 0.21138211382113822,
    "Gymnastics_at_the_Pan_American_Games_\u2013_Women's_team_all-around": 0.21005917159763313,
    "Artistic_Gymnastics_World_Cup_\u2013_Women's_floor": 0.20943952802359883,
    "Artistic_Gymnastics_World_Cup_\u2013_Women's_balance_beam": 0.20943952802359883,
    "Artistic_Gymnastics_World_Cup_\u2013_Women's_uneven_bars": 0.20943952802359883,
    "Artistic_Gymnastics_World_Cup_\u2013_Women's_vault": 0.20943952802359883,
    "World_Artistic_Gymnastics_Championships_\u2013_Women's_team_all-around": 0.20520231213872833,
    "Gymnastics_at_the_Pan_American_Games_\u2013_Women's_individual_all-around": 0.20461095100864554,
    "World_Artistic_Gymnastics_Championships_\u2013_Men's_vault": 0.18983957219251338,
    "World_Artistic_Gymnastics_Championships_\u2013_Men's_floor": 0.1883289124668435,
    "Beth_Tweddle": 0.18414918414918416,
    "World_Artistic_Gymnastics_Championships_\u2013_Men's_individual_all-around": 0.1834625322997416,
    "World_Artistic_Gymnastics_Championships_\u2013_Men's_pommel_horse": 0.18251928020565553,
    "World_Artistic_Gymnastics_Championships_\u2013_Men's_rings": 0.1815856777493606,
    "World_Artistic_Gymnastics_Championships_\u2013_Men's_horizontal_bar": 0.17884130982367757,
    "World_Artistic_Gymnastics_Championships_\u2013_Men's_parallel_bars": 0.1775,
    "Gymnastics_at_the_Pan_American_Games": 0.17433414043583534,
    "List_of_Olympic_medalists_in_gymnastics_(women)": 0.15268817204301074,
    "List_of_Olympic_medalists_in_gymnastics_(men)": 0.15268817204301074,
    "Louis_Smith_(gymnast)": 0.08555133079847908,
    "Gymnastics_at_the_1964_Summer_Olympics_\u2013_Women's_uneven_bars": 0.02881844380403458,
    "Gymnastics_at_the_2004_Summer_Olympics_\u2013_Women's_artistic_individual_all-around": 0.023054755043227664,
    "Gymnastics_at_the_2008_Summer_Olympics_\u2013_Women's_artistic_individual_all-around": 0.023054755043227664,
    "Gymnastics_at_the_2000_Summer_Olympics_\u2013_Women's_artistic_individual_all-around": 0.023054755043227664,
    "Gymnastics_at_the_1996_Summer_Olympics_\u2013_Women's_artistic_individual_all-around": 0.023054755043227664,
    "Gymnastics_at_the_1988_Summer_Olympics_\u2013_Women's_artistic_individual_all-around": 0.023054755043227664,
    "Gymnastics_at_the_1992_Summer_Olympics_\u2013_Women's_artistic_individual_all-around": 0.023054755043227664,
    "Gymnastics_at_the_1972_Summer_Olympics_\u2013_Women's_artistic_individual_all-around": 0.023054755043227664,
    "Gymnastics_at_the_1976_Summer_Olympics_\u2013_Women's_artistic_individual_all-around": 0.023054755043227664,
    "Gymnastics_at_the_1980_Summer_Olympics_\u2013_Women's_artistic_individual_all-around": 0.023054755043227664,
    "Gymnastics_at_the_1984_Summer_Olympics_\u2013_Women's_artistic_individual_all-around": 0.023054755043227664,
    "Gymnastics_at_the_2012_Summer_Olympics_\u2013_Women's_artistic_individual_all-around": 0.023054755043227664,
    "Gymnastics_at_the_1964_Summer_Olympics_\u2013_Women's_individual_all-around": 0.023054755043227664,
    "Artistic_Gymnastics_World_Cup": 0.0223463687150838,
    "Pacific_Rim_Championships": 0.02023121387283237,
    "International_Gymnastics_Hall_of_Fame": 0.020172910662824207,
    "European_Show_Jumping_Championships": 0.020080321285140562,
    "European_Modern_Pentathlon_Championships": 0.020080321285140562,
    "Triathlon_European_Championships": 0.020080321285140562,
    "European_Hot_Air_Balloon_Championships": 0.020080321285140562,
    "European_Kendo_Championships": 0.020080321285140562,
    "European_Canoe_Polo_Championship": 0.020080321285140562,
    "WDSF_European_Formation_Latin_Championship": 0.020080321285140562,
    "2012_IPC_Athletics_European_Championships": 0.020080321285140562,
    "European_Championship_(Brazilian_jiu-jitsu)": 0.020080321285140562,
    "European_Lacrosse_Championships": 0.020080321285140562,
    "European_Go_Championship": 0.02004008016032064,
    "Gymnastics_at_the_1964_Summer_Olympics_\u2013_Women's_vault": 0.019886363636363636,
    "EBSA_European_Snooker_Championships": 0.01949317738791423,
    "European_Taekwondo_Championships": 0.019267822736030827,