{
    "ARIA_Award_for_Best_Male_Artist": 1.0,
    "ARIA_Music_Awards_of_2011": 0.7980769230769231,
    "ARIA_Music_Awards_of_2012": 0.7980769230769231,
    "ARIA_Music_Awards_of_2013": 0.7980769230769231,
    "ARIA_Award_for_Best_Female_Artist": 0.6535433070866141,
    "ARIA_Award_for_Album_of_the_Year": 0.5590062111801242,
    "ARIA_Award_for_Single_of_the_Year": 0.5180722891566265,
    "ARIA_Award_for_Breakthrough_Artist_-_Album": 0.4321608040201005,
    "ARIA_Hall_of_Fame": 0.4068627450980392,
    "ARIA_Music_Awards": 0.386046511627907,
    "You_Am_I": 0.04186046511627907,
    "Lonerism": 0.04145077720207254,
    "Kasey_Chambers": 0.039473684210526314,
    "Gotye": 0.0384,
    "Tina_Arena": 0.036290322580645164,
    "Don't_Call_Me_Baby": 0.03543307086614173,
    "Making_Mirrors": 0.03524229074889868,
    "Sweet_About_Me": 0.03461538461538462,
    "Wendy_Matthews": 0.032467532467532464,
    "Believe_Again_Tour": 0.031446540880503145,
    "The_Visualise_Tour": 0.031446540880503145,
    "Sweet_Disposition": 0.03125,
    "Are_You_Gonna_Be_My_Girl": 0.029508196721311476,
    "Natalie_Imbruglia": 0.028901734104046242,
    "Torn_(Ednaswap_song)": 0.024324324324324326,
    "Lessons_to_Be_Learned": 0.02358490566037736,
    "Walking_on_a_Dream_(song)": 0.02185792349726776,
    "Eskimo_Joe": 0.020202020202020204,
    "Beds_Are_Burning": 0.0182648401826484,
    "Truly_Madly_Deeply": 0.017467248908296942,
    "APRA_Awards_(Australia)": 0.017341040462427744,
    "Can't_Get_You_Out_of_My_Head": 0.014814814814814815,
    "JC_Williamson_Award": 0.014634146341463415,
    "Where_the_Wild_Roses_Grow": 0.01358695652173913,
    "John_Williamson_(singer)": 0.012987012987012988,
    "List_of_Meredith_Music_Festival_lineups_by_year": 0.010582010582010581
}