{
    "Lieutenancy_areas_of_Scotland": 1.0,
    "History_of_local_government_in_Wales": 0.9069767441860465,
    "List_of_counties_of_the_United_Kingdom": 0.9069767441860465,
    "List_of_English_counties": 0.9069767441860465,
    "History_of_local_government_in_England": 0.9069767441860465,
    "Subdivisions_of_England": 0.7090909090909091,
    "List_of_English_districts": 0.7090909090909091,
    "List_of_civil_parishes_in_Scotland": 0.5652173913043478,
    "List_of_ceremonial_counties_of_England": 0.38613861386138615,
    "Local_government_in_England": 0.375,
    "List_of_districts_in_Northern_Ireland_by_population": 0.30952380952380953,
    "List_of_districts_in_Northern_Ireland_by_population_density": 0.30952380952380953,
    "List_of_districts_in_Northern_Ireland_by_area": 0.30952380952380953,
    "List_of_Scottish_council_areas_by_population_density": 0.19457013574660634,
    "Subdivisions_of_Scotland": 0.19457013574660634,
    "List_of_Scottish_council_areas_by_population": 0.19457013574660634,
    "List_of_Scottish_council_areas_by_area": 0.19457013574660634,
    "Unitary_authorities_of_England": 0.17410714285714285,
    "Local_government_in_Wales": 0.16049382716049382,
    "Local_government_in_Scotland": 0.1568627450980392,
    "List_of_unitary_authorities_of_England": 0.11267605633802817,
    "List_of_counties_of_England_by_area_in_1815": 0.08333333333333333,
    "List_of_two-tier_counties_of_England": 0.08333333333333333,
    "List_of_counties_of_England_by_area_in_1831": 0.07462686567164178,
    "List_of_counties_of_England_by_area_in_1871": 0.07462686567164178,
    "List_of_ancient_counties_of_England_by_area_in_1891": 0.07462686567164178,
    "List_of_counties_of_England_by_population_in_1971": 0.07462686567164178,
    "List_of_administrative_counties_and_county_boroughs_of_England_by_population_in_1971": 0.07462686567164178,
    "Local_government_areas_of_Scotland_1973_to_1996": 0.06306306306306306,
    "List_of_English_counties_by_highest_point": 0.05747126436781609,
    "List_of_counties_of_England_and_Wales_in_1964_by_highest_point": 0.05747126436781609,
    "List_of_Polish_counties": 0.046511627906976744,
    "List_of_districts_in_Northern_Ireland_by_national_identity": 0.043478260869565216,
    "List_of_districts_in_Northern_Ireland_by_community_make-up": 0.043478260869565216,
    "List_of_Scottish_council_areas_by_number_of_Scottish_Gaelic_speakers": 0.04285714285714286,
    "List_of_towns_and_cities_in_Scotland_by_population": 0.04285714285714286,
    "List_of_English_districts_by_population_density": 0.04285714285714286,
    "List_of_metropolitan_areas_in_the_United_Kingdom": 0.04285714285714286,
    "List_of_English_districts_by_population": 0.04285714285714286,
    "List_of_localities_in_Northern_Ireland_by_population": 0.04285714285714286,
    "List_of_English_districts_by_area": 0.04285714285714286,
    "List_of_urban_areas_in_the_United_Kingdom": 0.04285714285714286,
    "List_of_English_districts_and_their_ethnic_composition": 0.04285714285714286,
    "List_of_civil_parishes_of_North_Tipperary": 0.0425531914893617,
    "London_boroughs": 0.04201680672268908,
    "Provinces_of_Belgium": 0.035398230088495575,
    "Regional_units_of_Greece": 0.035398230088495575,
    "List_of_burghs_in_Scotland": 0.035211267605633804,
    "List_of_Welsh_principal_areas_by_population": 0.031914893617021274,
    "List_of_Welsh_principal_areas_by_area": 0.031914893617021274,
    "List_of_Welsh_principal_areas_by_percentage_Welsh_language": 0.031914893617021274,
    "Districts_of_Georgia_(country)": 0.030534351145038167,
    "List_of_districts_of_the_Czech_Republic": 0.026143790849673203,
    "List_of_Category_A_listed_buildings_in_Clackmannanshire": 0.02564102564102564,
    "List_of_Category_A_listed_buildings_in_West_Lothian": 0.02564102564102564,
    "List_of_Category_A_listed_buildings_in_North_Lanarkshire": 0.02564102564102564,
    "List_of_Category_A_listed_buildings_in_Shetland": 0.02564102564102564,
    "List_of_Category_A_listed_buildings_in_Midlothian": 0.02564102564102564,
    "List_of_Category_A_listed_buildings_in_East_Dunbartonshire": 0.02564102564102564,
    "List_of_Category_A_listed_buildings_in_Argyll_and_Bute": 0.02564102564102564,
    "List_of_Category_A_listed_buildings_in_East_Ayrshire": 0.02564102564102564,
    "List_of_Category_A_listed_buildings_in_Perth_and_Kinross": 0.02564102564102564,
    "List_of_Category_A_listed_buildings_in_Angus": 0.02564102564102564,
    "List_of_Category_A_listed_buildings_in_Dumfries_and_Galloway": 0.02564102564102564,
    "List_of_Category_A_listed_buildings_in_Falkirk": 0.02564102564102564,
    "List_of_Category_A_listed_buildings_in_Stirling": 0.02564102564102564,
    "List_of_Category_A_listed_buildings_in_East_Lothian": 0.02564102564102564,
    "List_of_Category_A_listed_buildings_in_South_Lanarkshire": 0.02564102564102564,
    "List_of_Category_A_listed_buildings_in_Fife": 0.02564102564102564,
    "List_of_Category_A_listed_buildings_in_Highland": 0.02564102564102564,
    "List_of_Category_A_listed_buildings_in_West_Dunbartonshire": 0.02564102564102564,
    "List_of_Category_A_listed_buildings_in_South_Ayrshire": 0.02564102564102564,
    "List_of_Category_A_listed_buildings_in_the_Scottish_Borders": 0.02564102564102564,
    "List_of_Category_A_listed_buildings_in_Renfrewshire": 0.02564102564102564,
    "List_of_Category_A_listed_buildings_in_Orkney": 0.02564102564102564,
    "List_of_Category_A_listed_buildings_in_North_Ayrshire": 0.02564102564102564,
    "List_of_Category_A_listed_buildings_in_Moray": 0.02564102564102564,
    "List_of_Category_A_listed_buildings_in_Inverclyde": 0.02564102564102564,
    "List_of_Category_A_listed_buildings_in_Dundee": 0.02564102564102564,
    "List_of_Category_A_listed_buildings_in_Aberdeenshire": 0.02564102564102564,
    "List_of_Category_A_listed_buildings_in_Edinburgh": 0.02564102564102564,
    "List_of_Category_A_listed_buildings_in_the_Old_Town,_Edinburgh": 0.02564102564102564,
    "List_of_Category_A_listed_buildings_in_the_New_Town,_Edinburgh": 0.02564102564102564,
    "List_of_Scheduled_Monuments_in_Blaenau_Gwent": 0.024390243902439025,
    "List_of_Scheduled_Monuments_in_Bridgend": 0.024390243902439025,
    "List_of_Scheduled_Monuments_in_Caerphilly": 0.024390243902439025,
    "List_of_Scheduled_Monuments_in_Neath_Port_Talbot": 0.024390243902439025,
    "List_of_Scheduled_Monuments_in_Cardiff": 0.024390243902439025,
    "List_of_Scheduled_Monuments_in_Anglesey": 0.024390243902439025,
    "List_of_Scheduled_Monuments_in_Merthyr_Tydfil": 0.024390243902439025,
    "List_of_Scheduled_Monuments_in_Monmouthshire": 0.024390243902439025,
    "List_of_Scheduled_Monuments_in_Newport": 0.024390243902439025,
    "List_of_Scheduled_Monuments_in_Swansea": 0.024390243902439025,
    "List_of_Scheduled_Monuments_in_Flintshire": 0.024390243902439025,
    "List_of_Scheduled_Monuments_in_Wrexham": 0.024390243902439025,
    "List_of_Scheduled_Monuments_in_Denbighshire": 0.024390243902439025,
    "List_of_Scheduled_Monuments_in_Conwy": 0.024390243902439025,
    "List_of_Scheduled_prehistoric_Monuments_in_Carmarthenshire": 0.024390243902439025,
    "List_of_Scheduled_Roman_to_modern_Monuments_in_Carmarthenshire": 0.024390243902439025,
    "List_of_Scheduled_prehistoric_Monuments_in_Ceredigion": 0.024390243902439025,
    "List_of_Scheduled_Roman_to_modern_Monuments_in_Ceredigion": 0.024390243902439025,
    "List_of_Scheduled_prehistoric_Monuments_in_Gwynedd_(former_Caernarvonshire)": 0.024390243902439025,
    "List_of_Scheduled_prehistoric_Monuments_in_Gwynedd_(former_Merionethshire)": 0.024390243902439025,
    "Districts_of_Austria": 0.024242424242424242,
    "List_of_cities_in_the_United_Kingdom": 0.023809523809523808,
    "Municipalities_of_Portugal": 0.02185792349726776,
    "Districts_of_Slovakia": 0.021052631578947368,
    "Departments_of_France": 0.020833333333333332,
    "List_of_Category_A_listed_buildings_in_Aberdeen": 0.020202020202020204,