{
    "2012_NCAA_Division_I_Baseball_Tournament": 1.0,
    "2007_NCAA_Division_I_Baseball_Tournament": 0.7222222222222222,
    "2006_NCAA_Division_I_Baseball_Tournament": 0.5652173913043478,
    "2004_NCAA_Division_I_Baseball_Tournament": 0.5652173913043478,
    "2013_NCAA_Division_I_Baseball_Tournament": 0.4936708860759494,
    "2003_NCAA_Division_I_Baseball_Tournament": 0.4588235294117647,
    "2011_NCAA_Division_I_Baseball_Tournament": 0.4588235294117647,
    "2005_NCAA_Division_I_Baseball_Tournament": 0.45614035087719296,
    "2002_NCAA_Division_I_Baseball_Tournament": 0.44571428571428573,
    "1992_Pepperdine_Waves_baseball_team": 0.3488372093023256,
    "1995_Cal_State_Fullerton_Titans_baseball_team": 0.2924901185770751,
    "1984_Cal_State_Fullerton_Titans_baseball_team": 0.2901960784313726,
    "1981_Arizona_State_Sun_Devils_baseball_team": 0.28793774319066145,
    "1977_Arizona_State_Sun_Devils_baseball_team": 0.28793774319066145,
    "2004_Cal_State_Fullerton_Titans_baseball_team": 0.2868217054263566,
    "1969_Arizona_State_Sun_Devils_baseball_team": 0.2846153846153846,
    "1982_Miami_Hurricanes_baseball_team": 0.275092936802974,
    "1985_Miami_Hurricanes_baseball_team": 0.275092936802974,
    "1999_Miami_Hurricanes_baseball_team": 0.2740740740740741,
    "2001_Miami_Hurricanes_baseball_team": 0.2740740740740741,
    "1989_Wichita_State_Shockers_baseball_team": 0.25874125874125875,
    "1955_Wake_Forest_Demon_Deacons_baseball_team": 0.24183006535947713,
    "2013_UCLA_Bruins_baseball_team": 0.24183006535947713,
    "2003_Rice_Owls_baseball_team": 0.24025974025974026,
    "2012_Arizona_Wildcats_baseball_team": 0.23961661341853036,
    "1968_USC_Trojans_baseball_team": 0.2364217252396166,
    "1971_USC_Trojans_baseball_team": 0.2364217252396166,
    "1980_Arizona_Wildcats_baseball_team": 0.2356687898089172,
    "1994_Oklahoma_Sooners_baseball_team": 0.2356687898089172,
    "2008_Fresno_State_Bulldogs_baseball_team": 0.23492063492063492,
    "2007_Oregon_State_Beavers_baseball_team": 0.23492063492063492,
    "1961_USC_Trojans_baseball_team": 0.23492063492063492,
    "1970_USC_Trojans_baseball_team": 0.23492063492063492,
    "1972_USC_Trojans_baseball_team": 0.23492063492063492,
    "2006_Oregon_State_Beavers_baseball_team": 0.2334384858044164,
    "1974_USC_Trojans_baseball_team": 0.23270440251572327,
    "1973_USC_Trojans_baseball_team": 0.23197492163009403,
    "1954_Missouri_Tigers_baseball_team": 0.22699386503067484,
    "1983_Texas_Longhorns_baseball_team": 0.22699386503067484,
    "2002_Texas_Longhorns_baseball_team": 0.22560975609756098,
    "1988_Stanford_Cardinal_baseball_team": 0.22492401215805471,
    "1990_Georgia_Bulldogs_baseball_team": 0.22424242424242424,
    "2010_South_Carolina_Gamecocks_baseball_team": 0.22356495468277945,
    "2011_South_Carolina_Gamecocks_baseball_team": 0.22356495468277945,
    "2012_Mid-American_Conference_Baseball_Tournament": 0.22142857142857142,
    "2012_Big_South_Conference_Baseball_Tournament": 0.21830985915492956,
    "1962_Michigan_Wolverines_baseball_team": 0.21637426900584794,
    "2012_Big_East_Conference_Baseball_Tournament": 0.21232876712328766,
    "2012_Big_Ten_Conference_Baseball_Tournament": 0.2080536912751678,
    "2012_Southland_Conference_Baseball_Tournament": 0.2080536912751678,
    "2012_Southern_Conference_Baseball_Tournament": 0.2052980132450331,
    "2012_Atlantic_10_Conference_Baseball_Tournament": 0.20394736842105263,
    "2012_Atlantic_Sun_Conference_Baseball_Tournament": 0.20394736842105263,
    "College_World_Series": 0.1949367088607595,
    "Pepperdine_Waves_baseball": 0.12790697674418605,
    "College_World_Series_Most_Outstanding_Player": 0.022727272727272728,
    "Augie_Garrido": 0.013774104683195593,
    "1999_Conference_USA_Baseball_Tournament": 0.012987012987012988,
    "1999_Mid-American_Conference_Baseball_Tournament": 0.0125,
    "2004_Conference_USA_Baseball_Tournament": 0.012269938650306749,
    "2005_Conference_USA_Baseball_Tournament": 0.012269938650306749,
    "2000_Conference_USA_Baseball_Tournament": 0.012269938650306749,
    "2001_Conference_USA_Baseball_Tournament": 0.012269938650306749,
    "2002_Conference_USA_Baseball_Tournament": 0.012269938650306749,
    "2003_Conference_USA_Baseball_Tournament": 0.012269938650306749,
    "1999_Big_East_Conference_Baseball_Tournament": 0.012048192771084338,
    "1999_Big_Ten_Conference_Baseball_Tournament": 0.011834319526627219,
    "2011_Mid-American_Conference_Baseball_Tournament": 0.011834319526627219,
    "2009_Mid-American_Conference_Baseball_Tournament": 0.011834319526627219,
    "2000_Mid-American_Conference_Baseball_Tournament": 0.011834319526627219,
    "2002_Mid-American_Conference_Baseball_Tournament": 0.011834319526627219,
    "2001_Mid-American_Conference_Baseball_Tournament": 0.011834319526627219,
    "2003_Mid-American_Conference_Baseball_Tournament": 0.011834319526627219,
    "2004_Mid-American_Conference_Baseball_Tournament": 0.011834319526627219,
    "2005_Mid-American_Conference_Baseball_Tournament": 0.011834319526627219,
    "2006_Mid-American_Conference_Baseball_Tournament": 0.011834319526627219,
    "2007_Mid-American_Conference_Baseball_Tournament": 0.011834319526627219,
    "2008_Mid-American_Conference_Baseball_Tournament": 0.011834319526627219,
    "2013_Mid-American_Conference_Baseball_Tournament": 0.011764705882352941,
    "2010_Mid-American_Conference_Baseball_Tournament": 0.011764705882352941,
    "1999_Southern_Conference_Baseball_Tournament": 0.011695906432748537,
    "2013_Big_South_Conference_Baseball_Tournament": 0.011627906976744186,
    "Andy_Lopez": 0.011627906976744186,
    "2011_Big_East_Conference_Baseball_Tournament": 0.011428571428571429,
    "2010_Big_East_Conference_Baseball_Tournament": 0.011428571428571429,
    "2001_Big_East_Conference_Baseball_Tournament": 0.011428571428571429,
    "2002_Big_East_Conference_Baseball_Tournament": 0.011428571428571429,
    "2003_Big_East_Conference_Baseball_Tournament": 0.011428571428571429,
    "2004_Big_East_Conference_Baseball_Tournament": 0.011428571428571429,
    "2006_Big_East_Conference_Baseball_Tournament": 0.011428571428571429,
    "2007_Big_East_Conference_Baseball_Tournament": 0.011428571428571429,
    "2008_Big_East_Conference_Baseball_Tournament": 0.011428571428571429,
    "2009_Big_Ten_Conference_Baseball_Tournament": 0.011235955056179775,
    "2011_Big_Ten_Conference_Baseball_Tournament": 0.011235955056179775,
    "2010_Big_Ten_Conference_Baseball_Tournament": 0.011235955056179775,
    "2000_Big_Ten_Conference_Baseball_Tournament": 0.011235955056179775,
    "2001_Big_Ten_Conference_Baseball_Tournament": 0.011235955056179775,
    "2002_Big_Ten_Conference_Baseball_Tournament": 0.011235955056179775,
    "2003_Big_Ten_Conference_Baseball_Tournament": 0.011235955056179775,
    "2004_Big_Ten_Conference_Baseball_Tournament": 0.011235955056179775,
    "2005_Big_Ten_Conference_Baseball_Tournament": 0.011235955056179775,
    "2008_Big_Ten_Conference_Baseball_Tournament": 0.011235955056179775,
    "2007_Big_Ten_Conference_Baseball_Tournament": 0.011235955056179775,
    "2006_Big_Ten_Conference_Baseball_Tournament": 0.011235955056179775,
    "2013_Big_Ten_Conference_Baseball_Tournament": 0.0111731843575419,
    "2011_Southern_Conference_Baseball_Tournament": 0.011111111111111112,
    "2010_Southern_Conference_Baseball_Tournament": 0.011111111111111112,
    "2009_Southern_Conference_Baseball_Tournament": 0.011111111111111112,
    "2008_Southern_Conference_Baseball_Tournament": 0.011111111111111112,
    "2007_Southern_Conference_Baseball_Tournament": 0.011111111111111112,
    "2006_Southern_Conference_Baseball_Tournament": 0.011111111111111112,
    "2005_Southern_Conference_Baseball_Tournament": 0.011111111111111112,
    "2004_Southern_Conference_Baseball_Tournament": 0.011111111111111112,
    "2003_Southern_Conference_Baseball_Tournament": 0.011111111111111112,