{
    "List_of_African_dishes": 1.0,
    "List_of_hors_d'oeuvre": 0.874390243902439,
    "List_of_tapas": 0.874390243902439,
    "Beijing_cuisine": 0.8415492957746479,
    "List_of_Vietnamese_dishes": 0.8110859728506787,
    "Szechuan_cuisine": 0.7726293103448276,
    "List_of_potato_dishes": 0.7531380753138075,
    "List_of_Thai_dishes": 0.6602209944751382,
    "List_of_Malaysian_dishes": 0.6447841726618705,
    "List_of_English_dishes": 0.6379769299023957,
    "Pakistani_rice_dishes": 0.5759036144578313,
    "List_of_Philippine_dishes": 0.47644326476443266,
    "Cuisine_of_Kerala": 0.474390243902439,
    "Teochew_cuisine": 0.4603550295857988,
    "List_of_Korean_ingredients": 0.4405436013590034,
    "List_of_Vietnamese_ingredients": 0.44004524886877827,
    "Egyptian_cuisine": 0.4318181818181818,
    "Swedish_cuisine": 0.4191810344827586,
    "List_of_soul_foods_and_dishes": 0.41500586166471276,
    "List_of_Indian_sweets_and_desserts": 0.41237113402061853,
    "List_of_Jewish_cuisine_dishes": 0.4060975609756098,
    "List_of_rolled_foods": 0.4060975609756098,
    "List_of_German_dishes": 0.4060975609756098,
    "List_of_cookies": 0.4060975609756098,
    "List_of_pies,_tarts_and_flans": 0.4060975609756098,
    "List_of_Spanish_dishes": 0.4060975609756098,
    "List_of_snack_foods_by_country": 0.4060975609756098,
    "List_of_Russian_dishes": 0.4060975609756098,
    "List_of_Brazilian_dishes": 0.4060975609756098,
    "List_of_Indian_snack_foods": 0.40540540540540543,
    "Horse_meat": 0.4037886340977069,
    "List_of_Pakistani_sweets_and_desserts": 0.3997599039615846,
    "List_of_Bangladeshi_sweets_and_desserts": 0.3997599039615846,
    "List_of_Argentine_sweets_and_desserts": 0.3997599039615846,
    "List_of_snack_foods": 0.39880239520958083,
    "Chef": 0.39613034623217924,
    "Iranian_cuisine": 0.3949748743718593,
    "List_of_Moroccan_dishes": 0.3940435280641466,
    "Italian_cuisine": 0.3927710843373494,
    "List_of_Irish_dishes": 0.38953488372093026,
    "List_of_salads": 0.3885647607934656,
    "List_of_candies": 0.3858632676709154,
    "Canadian_cuisine": 0.38514851485148516,
    "Herring_(food)": 0.37970353477765106,
    "List_of_twice-baked_foods": 0.37911464245175935,
    "List_of_Chinese_dishes": 0.3778280542986425,
    "List_of_dishes_using_coconut_milk": 0.3758465011286682,
    "List_of_egg_dishes": 0.3716517857142857,
    "List_of_breakfast_beverages": 0.36633663366336633,
    "List_of_bacon_dishes": 0.36433260393873085,
    "Azerbaijani_cuisine": 0.36422613531047265,
    "Taiwanese_cuisine": 0.3628731343283582,
    "List_of_Burmese_dishes": 0.36138079827400216,
    "List_of_raw_fish_dishes": 0.36030204962243795,
    "Fish_soup": 0.36030204962243795,
    "Fish_head": 0.36030204962243795,
    "List_of_Thai_ingredients": 0.36003683241252304,
    "List_of_fermented_soy_products": 0.3572961373390558,
    "List_of_Hungarian_dishes": 0.35494155154091395,
    "List_of_Bangladeshi_dishes": 0.3472367049009385,
    "List_of_Greek_dishes": 0.3471953578336557,
    "List_of_sandwiches": 0.33908629441624366,
    "Hong_Kong_cuisine": 0.3376736111111111,
    "List_of_Indian_dishes": 0.3293795620437956,
    "List_of_hamburgers": 0.3268101761252446,
    "List_of_cakes": 0.31774809160305345,
    "List_of_North_American_hot_sauces": 0.31471135940409684,
    "Cantonese_cuisine": 0.31270096463022506,
    "Pakistani_vegetable_dishes": 0.31244979919678717,
    "List_of_poppy_seed_pastries_and_dishes": 0.3027027027027027,
    "List_of_pastries": 0.2991985752448798,
    "Fried_fish": 0.2963620230700976,
    "List_of_rice_dishes": 0.2956081081081081,
    "List_of_fried_dough_foods": 0.29261862917398945,
    "Rice": 0.2884333821376281,
    "Cod_(food)": 0.2882960413080895,
    "List_of_breads": 0.2866836301950806,
    "Shrimp_(food)": 0.2829391891891892,
    "List_of_dairy_products": 0.2590873936581593,
    "List_of_Indonesian_dishes": 0.2477383437717467,
    "List_of_stews": 0.23326432022084195,
    "Kitchen_knife": 0.23251643753735804,
    "List_of_cheeses": 0.21155053358443188,
    "List_of_soups": 0.19365798414496035,
    "Olive": 0.1550561797752809,
    "Olive_oil": 0.12886597938144329,
    "List_of_Indian_spices": 0.03604651162790698,
    "Australian_Aboriginal_sweet_foods": 0.03048780487804878,
    "Tong_sui": 0.02346041055718475,
    "Fish_paste": 0.02005231037489102,
    "Origins_of_North_Indian_and_Pakistani_foods": 0.018050541516245487,
    "List_of_Irish_cheeses": 0.01668520578420467,
    "Cheese": 0.016423357664233577,
    "List_of_French_cheeses": 0.016129032258064516,
    "Llama": 0.014010507880910683,
    "Crocodile": 0.013278008298755186,
    "Sushi": 0.013066202090592335
}