{
    "Line_11,_Guangzhou_Metro": 1.0,
    "Line_1,_Guangzhou_Metro": 0.8469387755102041,
    "Line_2,_Guangzhou_Metro": 0.7904761904761904,
    "Line_5,_Guangzhou_Metro": 0.7830188679245284,
    "Line_4,_Guangzhou_Metro": 0.7757009345794392,
    "Line_8,_Guangzhou_Metro": 0.7477477477477478,
    "Line_3,_Guangzhou_Metro": 0.7410714285714286,
    "Line_6,_Guangzhou_Metro": 0.7217391304347827,
    "Zhujiang_New_Town_Automated_People_Mover_System": 0.2730263157894737,
    "Guangfo_Metro": 0.2577639751552795,
    "Pearl_River_Delta_Rapid_Transit": 0.19759036144578312,
    "FMetro": 0.18764302059496568,
    "Guangzhou\u2013Shenzhen_Railway": 0.16367265469061876,
    "Guangzhou\u2013Zhuhai_Intercity_Railway": 0.16237623762376238,
    "Guangzhou_Baiyun_International_Airport": 0.1251908396946565,
    "Pearl_River_Delta": 0.07578558225508318,
    "Guangzhou_Higher_Education_Mega_Center": 0.05263157894736842,
    "Macau_International_Airport": 0.052,
    "Line_16,_Shanghai_Metro": 0.043859649122807015,
    "Urban_rail_transit_in_China": 0.0407725321888412,
    "Beijing\u2013Harbin_Railway": 0.03910614525139665,
    "Beijing\u2013Harbin_High-Speed_Railway": 0.03674540682414698,
    "Line_1,_Chongqing_Rail_Transit": 0.032520325203252036,
    "Line_2,_Chongqing_Rail_Transit": 0.032520325203252036,
    "Line_3,_Chongqing_Rail_Transit": 0.032520325203252036,
    "Line_6,_Chongqing_Rail_Transit": 0.032520325203252036,
    "Beijing_Airport_Bus": 0.03205128205128205,
    "Line_1,_Wuhan_Metro": 0.03164556962025317,
    "Light_Rail_(Hong_Kong)": 0.031578947368421054,
    "Line_4,_Wuhan_Metro": 0.031055900621118012,
    "List_of_stations_on_Qinghai\u2013Tibet_Railway": 0.030973451327433628,
    "Hainan_Airlines_destinations": 0.030927835051546393,
    "Line_2,_Wuhan_Metro": 0.030864197530864196,
    "Line_3,_Tianjin_Metro": 0.030303030303030304,
    "Line_9,_Beijing_Subway": 0.029585798816568046,
    "Daxing_Line,_Beijing_Subway": 0.029585798816568046,
    "Batong_Line,_Beijing_Subway": 0.029411764705882353,
    "Yizhuang_Line,_Beijing_Subway": 0.029239766081871343,
    "Lanzhou\u2013Xinjiang_Railway": 0.028985507246376812,
    "Fangshan_Line,_Beijing_Subway": 0.028901734104046242,
    "Line_13,_Beijing_Subway": 0.028735632183908046,
    "Line_2,_Beijing_Subway": 0.028735632183908046,
    "Line_15,_Beijing_Subway": 0.02824858757062147,
    "Line_4,_Beijing_Subway": 0.027777777777777776,
    "China_Railway_Corporation": 0.027777777777777776,
    "Line_5,_Beijing_Subway": 0.027777777777777776,
    "Line_1,_Beijing_Subway": 0.027472527472527472,
    "High-speed_rail_in_China": 0.027237354085603113,
    "Line_2,_Tianjin_Metro": 0.026143790849673203,
    "Line_14,_Beijing_Subway": 0.026041666666666668,
    "Line_6,_Beijing_Subway": 0.026041666666666668,
    "Line_8,_Beijing_Subway": 0.025906735751295335,
    "Line_9,_Tianjin_Metro": 0.025806451612903226,
    "Zhuhai_Jinwan_Airport": 0.02575107296137339,
    "Line_10,_Beijing_Subway": 0.024875621890547265,
    "Line_3,_Dalian_Metro": 0.024390243902439025,
    "East_Star_Airlines": 0.024193548387096774,
    "Line_1,_Tianjin_Metro": 0.024096385542168676,
    "Nanjing\u2013Anqing_Intercity_Railway": 0.023121387283236993,
    "Hangzhou\u2013Fuzhou\u2013Shenzhen_High-Speed_Railway": 0.021929824561403508,
    "Line_2,_Xi'an_Metro": 0.021739130434782608,
    "Line_1,_Xi'an_Metro": 0.02142857142857143,
    "Line_1,_Hangzhou_Metro": 0.021164021164021163,
    "Line_1,_Suzhou_Rail_Transit": 0.020942408376963352,
    "Line_5,_Shanghai_Metro": 0.02072538860103627,
    "Line_4,_Shanghai_Metro": 0.020100502512562814,
    "Ministry_of_Railways_(China)": 0.020066889632107024,
    "Jieyang_Chaoshan_Airport": 0.02,
    "Line_6,_Shanghai_Metro": 0.01990049751243781,
    "Line_1,_Shanghai_Metro": 0.01990049751243781,
    "Hong_Kong_International_Airport": 0.019867549668874173,
    "Line_3,_Shanghai_Metro": 0.019801980198019802,
    "Line_8,_Shanghai_Metro": 0.019704433497536946,
    "Line_2,_Shanghai_Metro": 0.019704433497536946,
    "Line_2,_Suzhou_Rail_Transit": 0.019704433497536946,
    "Line_13,_Shanghai_Metro": 0.0196078431372549,
    "Beijing_Subway": 0.019522776572668113,
    "Line_12,_Shanghai_Metro": 0.01951219512195122,
    "Line_7,_Shanghai_Metro": 0.019417475728155338,
    "Line_9,_Shanghai_Metro": 0.019230769230769232,
    "List_of_airlines_of_China": 0.019230769230769232,
    "List_of_airlines_of_People's_Republic_of_China": 0.019230769230769232,
    "Line_10,_Shanghai_Metro": 0.01904761904761905,
    "Line_11,_Shanghai_Metro": 0.018779342723004695,
    "List_of_Chinese_aircraft": 0.018691588785046728,
    "Line_2,_Chengdu_Metro": 0.018518518518518517,
    "Shenzhen_Metro": 0.017982017982017984,
    "Shenzhen_Bao'an_International_Airport": 0.01687116564417178,
    "Yuexiu_District": 0.016819571865443424,
    "Line_1_(Luobao_Line)": 0.016423357664233577,
    "Line_3_(Longgang_Line)": 0.016423357664233577,
    "Line_2_(Shekou_Line)": 0.016423357664233577,
    "Line_5_(Huanzhong_Line)": 0.016423357664233577,
    "Line_9,_Shenzhen_Metro": 0.016423357664233577,
    "Line_4_(Longhua_Line)": 0.01576182136602452,
    "List_of_locomotives_in_China": 0.013422818791946308,
    "Shanghai_Metro": 0.012872083668543845,
    "Xining_Caojiabao_Airport": 0.012165450121654502,
    "Lanzhou_Zhongchuan_Airport": 0.012106537530266344,
    "Wuhan_Tianhe_International_Airport": 0.012048192771084338,
    "Changchun_Longjia_International_Airport": 0.011904761904761904,
    "Xishuangbanna_Gasa_Airport": 0.011848341232227487,
    "Kunming_Changshui_International_Airport": 0.011848341232227487,
    "Lijiang_Sanyi_Airport": 0.011848341232227487,
    "Wenzhou_Longwan_International_Airport": 0.01182033096926714,
    "\u00dcr\u00fcmqi_Diwopu_International_Airport": 0.011673151750972763,
    "Chengdu_Railway_Station": 0.011594202898550725,
    "List_of_Hangzhou_Metro_stations": 0.011267605633802818,
    "Hangzhou_Xiaoshan_International_Airport": 0.011235955056179775,
    "Ningbo_Lishe_International_Airport": 0.011235955056179775,
    "Tianjin_Binhai_International_Airport": 0.011210762331838564,
    "Qingdao_Liuting_International_Airport": 0.011061946902654867,
    "Jinan_Yaoqiang_International_Airport": 0.011061946902654867,
    "Weihai_Dashuibo_Airport": 0.011061946902654867,
    "Shenyang_Taoxian_International_Airport": 0.010893246187363835,
    "Zhengzhou_Xinzheng_International_Airport": 0.0108499095840868,
    "Dalian_Zhoushuizi_International_Airport": 0.010460251046025104,
    "Sanya_Phoenix_International_Airport": 0.01026694045174538,
    "List_of_airports_in_China": 0.010101010101010102
}