{
    "Gujarat_legislative_assembly_election,_2012": 1.0,
    "Gujarat_legislative_assembly_election,_2007": 1.0,
    "Gujarat_legislative_assembly_election,_2002": 1.0,
    "Indian_general_election,_1951": 0.7045454545454546,
    "Indian_general_election,_1957": 0.7045454545454546,
    "Indian_general_election,_1962": 0.7045454545454546,
    "Indian_general_election,_1971": 0.7045454545454546,
    "Indian_general_election,_1967": 0.7045454545454546,
    "Indian_general_election,_1980": 0.7045454545454546,
    "Indian_general_election,_1989": 0.7045454545454546,
    "Indian_general_election,_1991": 0.7045454545454546,
    "Results_of_the_2009_Indian_general_election_by_party": 0.7045454545454546,
    "Results_of_the_2009_Indian_general_election_by_state": 0.7045454545454546,
    "List_of_states_and_union_territories_of_India_by_voters": 0.7045454545454546,
    "2011_Tamil_Nadu_legislative_assembly_election_result": 0.7045454545454546,
    "Indian_general_election,_2004": 0.7045454545454546,
    "Indian_general_election,_1999": 0.7045454545454546,
    "Indian_general_election,_1998": 0.7045454545454546,
    "Indian_general_election,_1984": 0.7045454545454546,
    "Legislative_Assembly_elections_in_India": 0.543859649122807,
    "Delhi_state_assembly_elections,_2008": 0.5375722543352601,
    "Indian_provincial_elections,_1946": 0.5284090909090909,
    "Andhra_Pradesh_state_assembly_elections,_2009": 0.5280898876404494,
    "Karnataka_Legislative_Assembly_election,_2013": 0.5080213903743316,
    "State_Assembly_elections_in_India,_2008": 0.49214659685863876,
    "State_Assembly_elections_in_India,_2005": 0.49214659685863876,
    "State_Assembly_elections_in_India,_2009": 0.49214659685863876,
    "2012_elections_in_India": 0.49214659685863876,
    "Indian_general_election,_1977": 0.484375,
    "Vidhan_Sabha": 0.4630541871921182,
    "Indian_general_election,_1934": 0.42660550458715596,
    "Indian_general_election_in_Gujarat,_2009": 0.30303030303030304,
    "Andhra_Pradesh_Legislature": 0.26988636363636365,
    "Elections_in_Tamil_Nadu": 0.22093023255813954,
    "List_of_Assembly_constituencies_of_Bihar": 0.21252796420581654,
    "Indian_general_elections_1977\u20131999": 0.18076923076923077,
    "Indian_general_elections_1951\u20131971": 0.18076923076923077,
    "List_of_Presidents_of_India": 0.13146853146853146,
    "Pakistani_general_election,_1990": 0.045454545454545456,
    "Pakistani_general_election,_2013": 0.045454545454545456,
    "Bangladeshi_general_election,_2008": 0.045454545454545456,
    "Lok_Sabha": 0.043209876543209874,
    "Uttarakhand_state_assembly_elections,_2007": 0.03333333333333333,
    "Uttarakhand_legislative_assembly_election,_2012": 0.03333333333333333,
    "Maharashtra_Legislative_Assembly": 0.02040816326530612,
    "Indian_general_election_in_Maharashtra,_2009": 0.019417475728155338,
    "Indian_general_election_in_Madhya_Pradesh,_2009": 0.018292682926829267,
    "Maharashtra_state_assembly_elections,_2009": 0.017341040462427744,
    "Tripura_Legislative_Assembly_election,_2008": 0.017241379310344827,
    "Indian_general_election_in_Bihar,_2009": 0.017241379310344827,
    "Bihar_legislative_assembly_election,_2010": 0.017241379310344827,
    "Bihar_Legislative_Assembly_election,_October_2005": 0.017241379310344827,
    "Bihar_Legislative_Assembly_election,_February_2005": 0.017241379310344827,
    "Indian_general_election_in_Uttar_Pradesh,_2009": 0.017142857142857144,
    "Indian_general_election_in_West_Bengal,_2009": 0.017045454545454544,
    "Odisha_state_assembly_elections,_2009": 0.017045454545454544,
    "West_Bengal_state_assembly_election,_2011": 0.017045454545454544,
    "West_Bengal_state_assembly_election,_2006": 0.017045454545454544,
    "Indian_general_election_in_Punjab,_2009": 0.01675977653631285,
    "Elections_in_Pakistan": 0.01615798922800718,
    "Karnataka_Legislative_Assembly_election,_2008": 0.016042780748663103,
    "Indian_general_election_in_Karnataka,_2004": 0.016042780748663103,
    "Karnataka_Legislative_Assembly_election,_2004": 0.016042780748663103,
    "Indian_general_election_in_Tamil_Nadu,_2004": 0.015706806282722512,
    "Tamil_Nadu_legislative_assembly_election,_2001": 0.015706806282722512,
    "Tamil_Nadu_legislative_assembly_election,_1991": 0.015706806282722512,
    "Tamil_Nadu_legislative_assembly_election,_1980": 0.015706806282722512,
    "Tamil_Nadu_legislative_assembly_election,_1977": 0.015706806282722512,
    "Tamil_Nadu_legislative_assembly_election,_1996": 0.015706806282722512,
    "Tamil_Nadu_legislative_assembly_election,_1971": 0.015706806282722512,
    "Madras_State_legislative_assembly_election,_1967": 0.015706806282722512,
    "Tamil_Nadu_legislative_assembly_election,_1989": 0.015706806282722512,
    "Tamil_Nadu_legislative_assembly_election,_1984": 0.015706806282722512,
    "Madras_State_legislative_assembly_election,_1952": 0.015706806282722512,
    "Madras_State_legislative_assembly_election,_1957": 0.015706806282722512,
    "Madras_State_legislative_assembly_election,_1962": 0.015706806282722512,
    "Andimadam_(State_Assembly_Constituency)": 0.015706806282722512,
    "Pongalur_(State_Assembly_Constituency)": 0.015706806282722512,
    "Indian_general_election_in_Tamil_Nadu,_1999": 0.015706806282722512,
    "Indian_general_election_in_Tamil_Nadu,_1996": 0.015706806282722512,
    "Indian_general_election_in_Madras,_1967": 0.015706806282722512,
    "Indian_general_election_in_Madras,_1962": 0.015706806282722512,
    "Indian_general_election_in_Madras,_1957": 0.015706806282722512,
    "Indian_general_election_in_Madras,_1951": 0.015706806282722512,
    "Indian_general_election_in_Tamil_Nadu,_2009": 0.015706806282722512,
    "Indian_general_election_in_Tamil_Nadu,_1991": 0.015706806282722512,
    "Indian_general_election_in_Tamil_Nadu,_1989": 0.015706806282722512,
    "Indian_general_election_in_Tamil_Nadu,_1998": 0.015706806282722512,
    "Indian_general_election_in_Tamil_Nadu,_1984": 0.015706806282722512,
    "Indian_general_election_in_Tamil_Nadu,_1980": 0.015706806282722512,
    "Indian_general_election_in_Tamil_Nadu,_1977": 0.015706806282722512,
    "Indian_general_election_in_Tamil_Nadu,_1971": 0.015706806282722512,
    "Madras_Presidency_legislative_assembly_election,_1946": 0.015706806282722512,
    "Tamil_Nadu_legislative_assembly_election,_2011": 0.015706806282722512,
    "Tamil_Nadu_local_body_elections,_2011": 0.015706806282722512,
    "Tamil_Nadu_legislative_assembly_election,_2006": 0.015706806282722512,
    "Uttarakhand_Legislative_Assembly": 0.015184381778741865,
    "Indian_general_election_in_Odisha,_2009": 0.014778325123152709,
    "Indian_general_election_in_Assam,_2009": 0.014634146341463415,
    "Indian_general_election_in_Karnataka,_2009": 0.013392857142857142,
    "Odisha_Legislative_Assembly": 0.01288659793814433,
    "Indian_general_election_in_Rajasthan,_2009": 0.012345679012345678,
    "Kerala_Legislature": 0.01195219123505976,
    "List_of_constituencies_of_the_Legislative_Assembly_of_Andhra_Pradesh": 0.011235955056179775,
    "West_Bengal_Legislative_Assembly": 0.011111111111111112,
    "Tamil_Nadu_Legislative_Council": 0.010471204188481676
}