{
    "Islamic_democracy": 1.0,
    "Islamism": 0.4835164835164835,
    "State_of_Law_Coalition": 0.4027777777777778,
    "Pillarisation": 0.3784355179704017,
    "Application_of_sharia_by_country": 0.3352059925093633,
    "Al-Qaeda_in_the_Arabian_Peninsula": 0.2740157480314961,
    "Hamas": 0.2652439024390244,
    "Al-Qaeda": 0.2585438335809807,
    "State_religion": 0.17150890346766634,
    "Argo_(2012_film)": 0.11836998706338939,
    "Segal\u2013Cover_score": 0.06203007518796992,
    "Harkat-ul-Jihad_al-Islami": 0.0496031746031746,
    "Welfare_state": 0.0453781512605042,
    "Hezb-e-Islami_Gulbuddin": 0.03153988868274583,
    "Imamah_(Shia_doctrine)": 0.03125,
    "Alliance_of_European_Conservatives_and_Reformists": 0.03091684434968017,
    "Imamah_(Shia_Twelver_doctrine)": 0.02849002849002849,
    "Henry_St_John,_1st_Viscount_Bolingbroke": 0.028037383177570093,
    "Foro_de_S\u00e3o_Paulo": 0.026923076923076925,
    "2013_Bangladesh_anti-Hindu_violence": 0.026717557251908396,
    "Democracy": 0.026584867075664622,
    "Zabul_Province": 0.026119402985074626,
    "Guantanamo_military_commission": 0.025830258302583026,
    "Paktika_Province": 0.025735294117647058,
    "Boko_Haram": 0.02561576354679803,
    "Extrajudicial_prisoners_of_the_United_States": 0.02491103202846975,
    "Shia_Islam": 0.024543738200125866,
    "Pragmatism": 0.024487094639311716,
    "Helmand_Province": 0.024475524475524476,
    "International_Democrat_Union": 0.024271844660194174,
    "Christian_Democratic_Union_(Germany)": 0.024213075060532687,
    "Twelver": 0.02386634844868735,
    "Mao_Zedong": 0.02371312897628687,
    "Socialist_International": 0.023408239700374533,
    "List_of_Guantanamo_Bay_detainees": 0.022222222222222223,
    "Muslim_Population_by_District_in_West_Bengal": 0.020833333333333332,
    "Anna_Hazare": 0.020713463751438434,
    "2008_Danish_embassy_bombing_in_Islamabad": 0.02021276595744681,
    "Islamabad_Marriott_Hotel_bombing": 0.020114942528735632,
    "International_Security_Assistance_Force": 0.019580419580419582,
    "2007_timeline_of_the_War_in_Waziristan": 0.01925722145804677,
    "ISAF_troop_number_statistics": 0.019099590723055934,
    "List_of_conflicts_related_to_the_Cold_War": 0.019024970273483946,
    "Shinz\u014d_Abe": 0.018970189701897018,
    "Slavery": 0.018824609733700644,
    "Muhammad": 0.01881331403762663,
    "Voluntaryism": 0.018579234972677595,
    "Red_Army_Faction": 0.018244013683010263,
    "Globalization": 0.018223234624145785,
    "Yom_Kippur_War": 0.017657992565055763,
    "List_of_anarchist_periodicals": 0.017543859649122806,
    "List_of_anarchist_organizations": 0.017543859649122806,
    "List_of_Taliban_leaders": 0.0175054704595186,
    "Guantanamo_detainees_who_were_previously_Taliban_prisoners": 0.0175054704595186,
    "International_Coordination_of_Revolutionary_Parties_and_Organizations": 0.017316017316017316,
    "E2D_International": 0.017316017316017316,
    "Muhammad_in_Mecca": 0.01730103806228374,
    "Global_Greens": 0.017278617710583154,
    "COPPPAL": 0.017278617710583154,
    "Labour_and_Socialist_International": 0.017278617710583154,
    "Centrist_Democrat_International": 0.017278617710583154,
    "Islam_by_country": 0.01669449081803005,
    "Conservatism_in_South_Korea": 0.0166270783847981,
    "List_of_Ahmadiyya_Muslim_Community_buildings_and_structures": 0.016420361247947456,
    "Eric_Hobsbawm": 0.016183986371379896,
    "Fran\u00e7ois_Mitterrand": 0.0160857908847185,
    "1998_United_States_embassy_bombings": 0.01585014409221902,
    "List_of_Irgun_attacks": 0.015804597701149427,
    "Clement_Attlee": 0.015710919088766692,
    "Supreme_Council_of_the_Cultural_Revolution": 0.01569506726457399,
    "Iranian_Cultural_Revolution": 0.01569506726457399,
    "John_Stuart_Mill": 0.015568862275449102,
    "Committee_for_a_Workers'_International": 0.015533980582524271,
    "Korean_Air_Lines_Flight_007": 0.015223596574690771,
    "Universal_suffrage": 0.015194681861348529,
    "Iraqi_insurgency_(Iraq_War)": 0.01518288474810214,
    "List_of_films_about_Muhammad": 0.015174506828528073,
    "Non-Aligned_Movement": 0.015164279696714406,
    "List_of_gnostic_terms": 0.014877102199223804,
    "Francesco_Cossiga": 0.014787430683918669,
    "International_Meeting_of_Communist_and_Workers'_Parties": 0.014678899082568808,
    "List_of_Soviet_Union\u2013United_States_summits": 0.014611872146118721,
    "Eucharist": 0.014466546112115732,
    "Josip_Broz_Tito": 0.014311270125223614,
    "League_of_Communists_of_Yugoslavia": 0.0141718334809566,
    "Christianity_by_country": 0.013937282229965157,
    "Jewish_emancipation": 0.013910355486862442,
    "List_of_largest_church_buildings_in_the_world": 0.013888888888888888,
    "List_of_oldest_church_buildings": 0.013888888888888888,
    "United_Pentecostal_Church_International": 0.01386481802426343,
    "New_Age": 0.013784461152882205,
    "Felipe_Gonz\u00e1lez": 0.013745704467353952,
    "Irreligion": 0.013658536585365854,
    "Tehran_Imam_Khomeini_International_Airport": 0.01364522417153996,
    "Arab_Spring": 0.013546798029556651,
    "Hosni_Mubarak": 0.01338199513381995,
    "Marshall_Plan": 0.013377926421404682,
    "Communist_Party_of_China": 0.01335559265442404,
    "List_of_feminists": 0.01310615989515072,
    "Tiananmen_Square_protests_of_1989": 0.0128,
    "Aliyah": 0.01278409090909091,
    "Women's_rights": 0.012690355329949238,
    "Rachel_Griffiths": 0.012610340479192938,
    "List_of_female_astronauts": 0.012547051442910916,
    "Patriarch": 0.012222222222222223,
    "National_sport": 0.012145748987854251,
    "1948_Arab\u2013Israeli_War": 0.012086513994910942,
    "South_Asian_Association_for_Regional_Cooperation": 0.012039127163280662,
    "Squatting": 0.011990407673860911,
    "Solidarity_(Polish_trade_union)": 0.011976047904191617,
    "Domestic_responses_to_the_2011_Egyptian_revolution": 0.01193058568329718,
    "Social_Democrats_(Denmark)": 0.011889035667107,
    "List_of_political_parties_in_the_Republic_of_Ireland": 0.011647254575707155,
    "List_of_people_who_have_been_considered_deities": 0.011446409989594173,
    "Religious_symbol": 0.011446409989594173,
    "Major_religious_groups": 0.011446409989594173,
    "Shamanism_in_Siberia": 0.011446409989594173,
    "List_of_religious_populations": 0.011446409989594173,
    "Mangalorean_Catholics": 0.011387163561076604,
    "Umayyad_Caliphate": 0.011337868480725623,
    "Lutheran_World_Federation_(The)": 0.0113314447592068,
    "List_of_journalists_killed_during_the_Syrian_civil_war": 0.011246485473289597,
    "Importance_of_religion_by_country": 0.011213047910295617,
    "Religions_by_country": 0.01120162932790224,
    "Goan_Catholics": 0.011178861788617886,
    "Liberal_International": 0.011142061281337047,
    "Domestic_responses_to_the_Libyan_civil_war": 0.011126564673157162,
    "Eastern_Catholic_Churches": 0.011049723756906077,
    "Old_Testament": 0.01092896174863388,
    "Margaret_Thatcher": 0.010890454836643177,
    "Ethnic_groups_in_Europe": 0.01085883514313919,
    "List_of_founders_of_religious_traditions": 0.010848126232741617,
    "List_of_suras_in_the_Quran": 0.010834236186348862,
    "Democracy_in_the_Middle_East": 0.010796221322537112,
    "Sai_Baba_of_Shirdi": 0.010771992818671455,
    "List_of_new_religious_movements": 0.010723860589812333,
    "Prophets_in_Islam": 0.010319917440660475,
    "List_of_tallest_church_buildings_in_the_world": 0.010282776349614395,
    "Muhammad_Asad": 0.01023391812865497,
    "Biblical_canon": 0.01021566401816118,
    "Books_of_the_Bible": 0.01021566401816118
}