{
    "Metrobus_(Washington,_D.C.)": 1.0,
    "Red_Line_(Washington_Metro)": 1.0,
    "Green_Line_(Washington_Metro)": 1.0,
    "Washington_Metropolitan_Area_Transit_Authority": 0.9565217391304348,
    "List_of_Metrobus_routes_(Washington,_D.C.)": 0.9242424242424242,
    "Blue_Line_(Washington_Metro)": 0.66,
    "Orange_Line_(Washington_Metro)": 0.66,
    "Yellow_Line_(Washington_Metro)": 0.66,
    "Brunswick_Line": 0.5254237288135594,
    "Silver_Line_(Washington_Metro)": 0.4748201438848921,
    "Shuttle-UM": 0.4357142857142857,
    "Camden_Line": 0.37575757575757573,
    "List_of_Washington_Metro_stations": 0.3473684210526316,
    "List_of_heliports_in_Washington,_D.C.": 0.34269662921348315,
    "Virginia_State_Route_7": 0.32,
    "Virginia_State_Route_123": 0.32,
    "Virginia_State_Route_267": 0.32,
    "Fredericksburg_Line": 0.2727272727272727,
    "Manassas_Line": 0.2727272727272727,
    "Penn_Line_(MARC)": 0.24603174603174602,
    "SmarTrip": 0.1782178217821782,
    "List_of_Northeast_Corridor_infrastructure": 0.13333333333333333,
    "History_of_MTA_Maryland": 0.09333333333333334,
    "List_of_Baltimore_Light_Rail_stations": 0.09333333333333334,
    "Greater_Baltimore_Bus_Initiative": 0.09333333333333334,
    "MTA_Maryland_bus_service": 0.08196721311475409,
    "New_Haven_Line": 0.08108108108108109,
    "North_Jersey_Coast_Line": 0.07547169811320754,
    "PATCO_Speedline": 0.06403940886699508,
    "List_of_New_Jersey_Transit_bus_routes_(400\u2013449)": 0.06111111111111111,
    "MBTA_Commuter_Rail": 0.059907834101382486,
    "Stoughton_Line": 0.058823529411764705,
    "Broad_Street_Line": 0.05829596412556054,
    "Cardinal_(train)": 0.05555555555555555,
    "Illinois_Zephyr": 0.05555555555555555,
    "List_of_Amtrak_routes": 0.05555555555555555,
    "Chesapeake_(train)": 0.05555555555555555,
    "Carl_Sandburg_(train)": 0.05555555555555555,
    "Adirondack_(train)": 0.05555555555555555,
    "River_Line_(New_Jersey_Transit)": 0.05504587155963303,
    "Trenton_Line_(SEPTA)": 0.0547945205479452,
    "SEPTA_City_Transit_Division_surface_routes": 0.05472636815920398,
    "SEPTA_Suburban_Division_bus_routes": 0.05472636815920398,
    "List_of_MTA_Maryland_bus_routes": 0.05405405405405406,
    "Lincoln_Service": 0.051587301587301584,
    "Ethan_Allen_Express": 0.05116279069767442,
    "Crescent_(train)": 0.05,
    "Sunset_Limited": 0.049107142857142856,
    "Washington_and_Old_Dominion_Railroad": 0.04854368932038835,
    "List_of_Washington_and_Old_Dominion_Railway_stations": 0.04854368932038835,
    "Empire_Service_(train)": 0.04814814814814815,
    "Norristown_High_Speed_Line": 0.04460966542750929,
    "SEPTA": 0.04391891891891892,
    "Wolverine_(train)": 0.04113924050632911,
    "Warminster_Line": 0.03942652329749104,
    "West_Trenton_Line_(SEPTA)": 0.03942652329749104,
    "Doylestown_Line": 0.03942652329749104,
    "Fox_Chase_Line": 0.03942652329749104,
    "Connecticut_Transit_Hartford": 0.0392156862745098,
    "Central_Corridor_Rail_Line": 0.0392156862745098,
    "List_of_New_Jersey_Transit_bus_routes_(300\u2013399)": 0.037800687285223365,
    "Fairfax_County_Public_Schools": 0.03676470588235294,
    "Blue_Water_(train)": 0.03504043126684636,
    "Northeast_Corridor": 0.03234501347708895,
    "Richmond_International_Airport": 0.03076923076923077,
    "List_of_New_Jersey_Transit_stations": 0.028446389496717725,
    "Washington_&_Old_Dominion_Railroad_Regional_Park": 0.026881720430107527,
    "List_of_Washington_&_Old_Dominion_Railroad_Regional_Park_Trail_Features": 0.026881720430107527,
    "Baltimore\u2013Washington_International_Airport": 0.024752475247524754,
    "SunRail": 0.024509803921568627,
    "Keystone_Corridor": 0.023554603854389723,
    "Maryland_and_Delaware_Railroad": 0.022727272727272728,
    "List_of_Massachusetts_railroads": 0.0223463687150838,
    "MBTA_Bus": 0.021621621621621623,
    "Lowell_Line": 0.021621621621621623,
    "Worcester_Line": 0.021621621621621623,
    "Fitchburg_Line": 0.021621621621621623,
    "Franklin_Line": 0.021621621621621623,
    "Greenbush_Line": 0.021621621621621623,
    "Amtrak": 0.021442495126705652,
    "Rhode_Island_Public_Transit_Authority": 0.019138755980861243,
    "Connecticut_Transit_New_Haven": 0.017316017316017316,
    "Greater_Bridgeport_Transit_Authority": 0.017241379310344827,
    "Academy_Bus": 0.015384615384615385,
    "South_Shore_Line": 0.015015015015015015,
    "Portland_International_Jetport": 0.013793103448275862,
    "Manchester\u2013Boston_Regional_Airport": 0.013793103448275862,
    "List_of_mayors_of_Springfield,_Massachusetts": 0.013605442176870748,
    "History_of_Springfield,_Massachusetts": 0.013605442176870748,
    "Virginia_and_Truckee_Railroad": 0.013333333333333334,
    "List_of_TRAX_stations": 0.012195121951219513,
    "Aroostook_Valley_Railroad": 0.012048192771084338,
    "Anne_Arundel_County,_Maryland": 0.012048192771084338,
    "Bradley_International_Airport": 0.011627906976744186,
    "Empire_Corridor": 0.011406844106463879,
    "Transit_Authority_of_Northern_Kentucky": 0.011363636363636364,
    "Northern_Kentucky_International_Airport": 0.011363636363636364,
    "Fairfax_County,_Virginia": 0.011185682326621925,
    "Red_Line_(TRAX)": 0.010869565217391304,
    "Green_Line_(TRAX)": 0.010869565217391304,
    "Cooperative_Alliance_for_Seacoast_Transportation": 0.010869565217391304,
    "Blue_Line_(TRAX)": 0.010869565217391304,
    "Metra": 0.010714285714285714,
    "Morristown_&_Erie_Railway": 0.010526315789473684,
    "List_of_Baltimore_City_College_people": 0.01020408163265306,
    "Oregon_Pacific_Railroad_(1997)": 0.010101010101010102
}