{
    "1978\u201379_Yugoslav_First_League": 1.0,
    "H\u0160K_Gra\u0111anski_Zagreb": 0.5882352941176471,
    "1979\u201380_Yugoslav_First_League": 0.4797507788161994,
    "1977\u201378_Yugoslav_First_League": 0.47530864197530864,
    "1955\u201356_Yugoslav_First_League": 0.4519230769230769,
    "1952\u201353_Yugoslav_First_League": 0.45161290322580644,
    "1947\u201348_Yugoslav_First_League": 0.45016077170418006,
    "1946\u201347_Yugoslav_First_League": 0.4472843450479233,
    "1953\u201354_Yugoslav_First_League": 0.4444444444444444,
    "1954\u201355_Yugoslav_First_League": 0.44339622641509435,
    "1958\u201359_Yugoslav_First_League": 0.44200626959247646,
    "NK_Zagreb": 0.4416403785488959,
    "NK_Vara\u017edin": 0.4416403785488959,
    "1956\u201357_Yugoslav_First_League": 0.440625,
    "1957\u201358_Yugoslav_First_League": 0.43653250773993807,
    "1959\u201360_Yugoslav_First_League": 0.4325153374233129,
    "1960\u201361_Yugoslav_First_League": 0.43119266055045874,
    "1962\u201363_Yugoslav_First_League": 0.4298780487804878,
    "FK_Rabotni\u010dki": 0.4294478527607362,
    "FK_Radni\u010dki_Ni\u0161": 0.4294478527607362,
    "1961\u201362_Yugoslav_First_League": 0.42857142857142855,
    "1965\u201366_Yugoslav_First_League": 0.4246987951807229,
    "1963\u201364_Yugoslav_First_League": 0.42342342342342343,
    "1966\u201367_Yugoslav_First_League": 0.42342342342342343,
    "1968\u201369_Yugoslav_First_League": 0.42342342342342343,
    "1971\u201372_Yugoslav_First_League": 0.42342342342342343,
    "1967\u201368_Yugoslav_First_League": 0.4221556886227545,
    "1970\u201371_Yugoslav_First_League": 0.4221556886227545,
    "1972\u201373_Yugoslav_First_League": 0.4221556886227545,
    "1974\u201375_Yugoslav_First_League": 0.4221556886227545,
    "1964\u201365_Yugoslav_First_League": 0.4208955223880597,
    "1969\u201370_Yugoslav_First_League": 0.4208955223880597,
    "1973\u201374_Yugoslav_First_League": 0.4208955223880597,
    "1975\u201376_Yugoslav_First_League": 0.4208955223880597,
    "NK_Osijek": 0.41916167664670656,
    "1976\u201377_Yugoslav_First_League": 0.41839762611275966,
    "1985\u201386_Yugoslav_First_League": 0.415929203539823,
    "1980\u201381_Yugoslav_First_League": 0.4051724137931034,
    "1982\u201383_Yugoslav_First_League": 0.4051724137931034,
    "1984\u201385_Yugoslav_First_League": 0.4040114613180516,
    "1983\u201384_Yugoslav_First_League": 0.40285714285714286,
    "1981\u201382_Yugoslav_First_League": 0.4017094017094017,
    "1986\u201387_Yugoslav_First_League": 0.4017094017094017,
    "1987\u201388_Yugoslav_First_League": 0.4005681818181818,
    "1988\u201389_Yugoslav_First_League": 0.3983050847457627,
    "1989\u201390_Yugoslav_First_League": 0.39275766016713093,
    "1951_Yugoslav_First_League": 0.37333333333333335,
    "1990\u201391_Yugoslav_First_League": 0.36528497409326427,
    "Yugoslav_First_League": 0.3634020618556701,
    "1991\u201392_Yugoslav_First_League": 0.3569620253164557,
    "1978\u201379_DDR-Oberliga": 0.34256055363321797,
    "FK_Vele\u017e_Mostar": 0.3389830508474576,
    "NK_Olimpija_Ljubljana_(defunct)": 0.32558139534883723,
    "HNK_Rijeka": 0.3218390804597701,
    "1978\u201379_FDGB-Pokal": 0.3113207547169811,
    "1978\u201379_Yugoslav_Cup": 0.30275229357798167,
    "1978\u201379_La_Liga": 0.2955223880597015,
    "1978\u201379_A_PFG": 0.2920353982300885,
    "1978\u201379_Luxembourg_National_Division": 0.2861271676300578,
    "1978\u201379_UEFA_Cup": 0.28125,
    "FK_\u017deljezni\u010dar_Sarajevo": 0.27722772277227725,
    "1978\u201379_Eredivisie": 0.2668463611859838,
    "FK_Budu\u0107nost_Podgorica": 0.2641509433962264,
    "FK_Partizan": 0.2631578947368421,
    "1978\u201379_Bundesliga": 0.2619047619047619,
    "1978\u201379_Cypriot_First_Division": 0.2551546391752577,
    "1979_Soviet_Top_League": 0.25252525252525254,
    "1979_Danish_1st_Division": 0.2518891687657431,
    "1978_Soviet_Top_League": 0.2506265664160401,
    "1978_Danish_1st_Division": 0.25,
    "1978\u201379_European_Cup": 0.23515439429928742,
    "1978\u201379_Belgian_First_Division": 0.2234762979683973,
    "1978\u201379_Serie_A": 0.21019108280254778,
    "1978\u201379_Copa_del_Rey": 0.19681908548707752,
    "1979\u201380_DDR-Oberliga": 0.0431266846361186,
    "1977\u201378_DDR-Oberliga": 0.0427807486631016,
    "1977\u201378_FDGB-Pokal": 0.03970223325062035,
    "1979\u201380_UEFA_Cup": 0.03926096997690531,
    "1979\u201380_Yugoslav_Cup": 0.039119804400977995,
    "1977\u201378_UEFA_Cup": 0.0389908256880734,
    "1977\u201378_Yugoslav_Cup": 0.038834951456310676,
    "1992\u201393_First_League_of_FR_Yugoslavia": 0.0387243735763098,
    "1979\u201380_La_Liga": 0.038461538461538464,
    "1993\u201394_First_League_of_FR_Yugoslavia": 0.038461538461538464,
    "1979\u201380_Primeira_Divis\u00e3o": 0.03836930455635491,
    "1977\u201378_La_Liga": 0.03818615751789976,
    "1977\u201378_Primeira_Divis\u00e3o": 0.03818615751789976,
    "1979\u201380_A_PFG": 0.03800475059382423,
    "1977\u201378_A_PFG": 0.03773584905660377,
    "1979\u201380_Luxembourg_National_Division": 0.037383177570093455,
    "1977\u201378_Luxembourg_National_Division": 0.037122969837587005,
    "1979\u201380_Nationalliga_A": 0.035955056179775284,
    "1977\u201378_European_Cup": 0.035864978902953586,
    "1977\u201378_Serie_A": 0.03547671840354767,
    "1980_Danish_1st_Division": 0.035416666666666666,
    "1979\u201380_Eredivisie": 0.03532008830022075,
    "1977_Danish_1st_Division": 0.03512396694214876,
    "1977\u201378_Eredivisie": 0.03508771929824561,
    "1980_Soviet_Top_League": 0.03505154639175258,
    "1977_Soviet_Top_League": 0.03497942386831276,
    "1977\u201378_Bundesliga": 0.03455723542116631,
    "1979\u201380_Serie_A": 0.034408602150537634,
    "1980_Mestaruussarja": 0.034274193548387094,
    "1998\u201399_First_League_of_FR_Yugoslavia": 0.03424657534246575,
    "2000\u201301_First_League_of_FR_Yugoslavia": 0.03409090909090909,
    "1979\u201380_Cypriot_First_Division": 0.03404255319148936,
    "1977_Mestaruussarja": 0.034,
    "2001\u201302_First_League_of_FR_Yugoslavia": 0.033936651583710405,
    "2002\u201303_First_League_of_Serbia_and_Montenegro": 0.033936651583710405,
    "1977\u201378_Cypriot_First_Division": 0.03389830508474576,
    "1979\u201380_European_Cup": 0.03386454183266932,
    "1999\u20132000_First_League_of_FR_Yugoslavia": 0.033860045146726865,
    "2005\u201306_Serbia_and_Montenegro_SuperLiga": 0.0334075723830735,
    "1979\u201380_Bundesliga": 0.033264033264033266,
    "Red_Star_Belgrade": 0.03185840707964602,
    "1979\u201380_Belgian_First_Division": 0.030476190476190476,
    "1977\u201378_Belgian_First_Division": 0.030303030303030304,
    "List_of_Serbian_football_champions": 0.02857142857142857,
    "Prva_HNL_Player_of_the_Year": 0.028481012658227847,
    "NK_Slaven_Belupo": 0.028391167192429023,
    "1992_Prva_HNL": 0.02736842105263158,
    "1977\u201378_Copa_del_Rey": 0.027257240204429302,
    "1992\u201393_Prva_HNL": 0.02663934426229508,
    "1993\u201394_Prva_HNL": 0.02636916835699797,
    "Sportske_novosti_Yellow_Shirt_award": 0.026239067055393587,
    "1995\u201396_Prva_HNL": 0.02620967741935484,
    "2009\u201310_Serbian_SuperLiga": 0.026200873362445413,
    "1994\u201395_Prva_HNL": 0.026156941649899398,
    "2007\u201308_Serbian_SuperLiga": 0.026143790849673203,
    "2008\u201309_Serbian_SuperLiga": 0.026143790849673203,
    "Serbian_SuperLiga": 0.02569593147751606,
    "2012\u201313_FK_\u017deljezni\u010dar_season": 0.025522041763341066,
    "2010\u201311_Serbian_SuperLiga": 0.02510460251046025,
    "List_of_Prva_HNL_hat-tricks": 0.02452316076294278,
    "2011\u201312_Serbian_SuperLiga": 0.024439918533604887,
    "List_of_Croatian_football_transfers_summer_2010": 0.02406417112299465,
    "2012\u201313_Serbian_SuperLiga": 0.024,
    "Prva_HNL": 0.02335456475583864,
    "2013\u201314_Serbian_SuperLiga": 0.023121387283236993,
    "Premier_League_of_Bosnia_and_Herzegovina": 0.02304147465437788,