{
    "Legadue_Basket": 1.0,
    "Triple_Crown_(basketball)": 0.8987341772151899,
    "West_Asian_Basketball_League": 0.8528528528528528,
    "Lega_Basket_Serie_A": 0.8494623655913979,
    "USSR_Premier_Basketball_League": 0.8045325779036827,
    "Korisliiga": 0.8022598870056498,
    "National_Basketball_League_(Malaysia)": 0.7888888888888889,
    "Divizia_A_(men's_basketball)": 0.7867036011080333,
    "2003\u201304_Serie_A_(basketball)": 0.7849462365591398,
    "Novo_Basquete_Brasil": 0.7376623376623377,
    "FIBA_Asia_Champions_Cup": 0.7319587628865979,
    "Israeli_Basketball_Super_League": 0.7282051282051282,
    "National_Basketball_League_(New_Zealand)": 0.7244897959183674,
    "Atlantic_Coast_Professional_Basketball_League": 0.7003154574132492,
    "List_of_games_played_between_NBA_and_international_teams": 0.6915887850467289,
    "Tobacco_Road_Basketball_League": 0.6915887850467289,
    "Turkish_Basketball_League": 0.6909975669099757,
    "Dutch_Basketball_League": 0.6909975669099757,
    "International_Basketball_League": 0.683076923076923,
    "Independent_Basketball_Association": 0.683076923076923,
    "American_Basketball_Association_(2000\u2013present)": 0.6788990825688074,
    "Montenegrin_Basketball_League": 0.6698113207547169,
    "2010\u201311_Basketball_League_of_Serbia": 0.6686746987951807,
    "2011\u201312_Basketball_League_of_Serbia": 0.6686746987951807,
    "Premier_A_Slovenian_Basketball_League": 0.6646706586826348,
    "Torneo_Nacional_de_Ascenso": 0.658753709198813,
    "FIBA_Intercontinental_Cup": 0.6574074074074074,
    "Basketball_League_of_Serbia": 0.6574074074074074,
    "English_Basketball_League": 0.6453488372093024,
    "National_Basketball_League_(England)": 0.6453488372093024,
    "Baloncesto_Superior_Nacional": 0.6434782608695652,
    "FIBA_Americas_League": 0.6379310344827587,
    "2011\u201312_Slovenian_Basketball_League": 0.6324786324786325,
    "FIBA_Africa_Clubs_Champions_Cup": 0.6312849162011173,
    "2011\u201312_Korisliiga_season": 0.6271186440677966,
    "2012\u201313_Slovenian_Basketball_League": 0.6253521126760564,
    "Liga_Nacional_de_Baloncesto_Profesional": 0.6235955056179775,
    "Korvpalli_Meistriliiga": 0.6218487394957983,
    "2011\u201312_Lega_Basket_Serie_A": 0.6182795698924731,
    "Greek_Basket_League": 0.6160520607375272,
    "Basketball_League_of_Serbia_B": 0.6098901098901099,
    "KBL_Finals": 0.6016260162601627,
    "Korean_Basketball_League": 0.6016260162601627,
    "2011\u201312_LNB_Pro_A_season": 0.6,
    "2009\u201310_LNB_Pro_A_season": 0.6,
    "2010\u201311_LNB_Pro_A_season": 0.6,
    "2008\u201309_LNB_Pro_A_season": 0.6,
    "2007\u201308_LNB_Pro_A_season": 0.6,
    "2006\u201307_LNB_Pro_A_season": 0.6,
    "2012\u201313_Basketball_League_of_Serbia": 0.6,
    "Basketball_League_Belgium": 0.5983827493261455,
    "FIBA_European_Champions_Cup_and_Euroleague_records_and_statistics": 0.592901878914405,
    "All-Euroleague_Team": 0.592901878914405,
    "Euroleague_career_stats_leaders": 0.592901878914405,
    "BAI_Basket": 0.592,
    "2010\u201311_Israeli_Basketball_Super_League": 0.5904255319148937,
    "2011\u201312_Israeli_Basketball_Super_League": 0.5904255319148937,
    "NBA_Development_League": 0.5892116182572614,
    "2013\u201314_Basketball_League_of_Serbia": 0.5888594164456233,
    "2010\u201311_Turkish_Basketball_League": 0.578125,
    "2011\u201312_Turkish_Basketball_League": 0.578125,
    "2011_LDB": 0.5766233766233766,
    "LNB_Pro_A": 0.5751295336787565,
    "Basketball_Bundesliga": 0.5703324808184144,
    "2011\u201312_A-1_League": 0.5692307692307692,
    "2010\u201311_A-1_League": 0.5692307692307692,
    "Alphonso_Ford_Trophy": 0.5623762376237624,
    "2012\u201313_Lega_Basket_Serie_A": 0.5609756097560976,
    "Euroleague_Final_Four_records": 0.5601577909270217,
    "Ukrainian_Basketball_SuperLeague": 0.556390977443609,
    "British_Basketball_League": 0.556390977443609,
    "Liga_Nacional_de_B\u00e1squet": 0.5414634146341464,
    "2012\u201313_Israeli_Basketball_Super_League": 0.5362318840579711,
    "2012\u201313_Turkish_Basketball_League": 0.5260663507109005,
    "Euroleague_Basketball": 0.5191956124314442,
    "2013\u201314_Turkish_Basketball_League": 0.5174825174825175,
    "National_Basketball_League_(Australasia)": 0.4753747323340471,
    "VTB_United_League": 0.46443514644351463,
    "FIBA_Saporta_Cup": 0.4536489151873767,
    "Liga_Sudamericana": 0.4530612244897959,
    "Liga_Espa\u00f1ola_de_Baloncesto": 0.4493927125506073,
    "ABA_League": 0.42045454545454547,
    "Eurocup_Basketball": 0.4159132007233273,
    "ULEB": 0.4149908592321755,
    "Liga_ACB": 0.41495327102803736,
    "FIBA_Asia": 0.3888130968622101,
    "FIBA": 0.35315985130111527,
    "National_Basketball_Association": 0.30919220055710306,
    "Albany_Legends": 0.27205882352941174,
    "FIBA_World_Olympic_Qualifying_Tournament_for_Men_2008_squads": 0.21511627906976744,
    "Vanuatu_national_basketball_team": 0.20498614958448755,
    "North_Korea_national_basketball_team": 0.19072164948453607,
    "Sri_Lanka_national_basketball_team": 0.18546365914786966,
    "History_of_the_FIBA_Basketball_World_Cup": 0.18453865336658354,
    "William_Jones_Cup": 0.18271604938271604,
    "Southeast_Asia_Basketball_Association": 0.18271604938271604,
    "FIBA_World_Rankings": 0.18181818181818182,
    "2009_FIBA_Asia_Championship": 0.17703349282296652,
    "FIBA_Africa_Championship_2009": 0.17703349282296652,
    "Portugal_national_basketball_team": 0.1720183486238532,
    "FIBA_Basketball_World_Cup_records": 0.16666666666666666,
    "Sweden_national_basketball_team": 0.1662971175166297,
    "Basketball_at_the_Summer_Universiade": 0.1662921348314607,
    "Basketball_at_the_Southeast_Asian_Games": 0.1574468085106383,
    "FIBA_EuroBasket_2007": 0.15711252653927812,
    "Basketball_at_the_Summer_Olympics": 0.1189710610932476,
    "FIBA_EuroBasket": 0.10918774966711052,
    "Italian_Basketball_Supercup": 0.0949367088607595,
    "Italian_Basketball_Cup": 0.09453781512605042,
    "Lega_Basket_Serie_A_awards": 0.08641975308641975,
    "FIBA_Europe_Under-16_Championship_for_Women": 0.08,
    "Italy_national_basketball_team": 0.07269155206286837,
    "Turkey_men's_national_under-20_basketball_team": 0.06716417910447761,
    "Turkey_boys'_national_under-16_and_under-17_basketball_team": 0.06716417910447761,
    "FIBA_South_America_Under-15_Championship_for_Women": 0.06318681318681318,
    "List_of_Australian_WNBA_players": 0.05822784810126582,
    "FIBA_South_America_Championship_for_Women": 0.05274725274725275,
    "FIBA_Order_of_Merit": 0.04722222222222222,
    "FIBA_Kora\u0107_Cup": 0.042316258351893093,
    "Russian_Basketball_Cup": 0.0413625304136253,
    "FIBA's_50_Greatest_Players_(1991)": 0.0412621359223301,
    "Yugoslav_Basketball_Cup": 0.03981264637002342,
    "Macedonian_Basketball_Cup": 0.039119804400977995,
    "BBL_Cup": 0.036036036036036036,
    "BBL_Trophy": 0.036036036036036036,
    "Copa_Pr\u00edncipe_de_Asturias": 0.035955056179775284,
    "German_Basketball_Cup": 0.035940803382663845,
    "Leaders_Cup": 0.03508771929824561,
    "FIBA_Hall_of_Fame": 0.03468208092485549,
    "Supercopa_de_Espa\u00f1a_de_Baloncesto": 0.03463203463203463,
    "Slovenian_Basketball_Cup": 0.0343980343980344,
    "Slovenian_Basketball_Supercup": 0.0343980343980344,
    "Estonian_Basketball_Cup": 0.03324808184143223,
    "Copa_del_Rey_de_Baloncesto": 0.028622540250447227,
    "Greek_Basketball_Cup": 0.02821869488536155,
    "Italy_national_racquetball_team": 0.02702702702702703,
    "Italy_national_shooting_team": 0.02702702702702703,
    "Italy_national_cycling_team": 0.02702702702702703,
    "Italy_national_swimming_team": 0.02702702702702703,
    "Italy_national_equestrianism_team": 0.02702702702702703,
    "Italy_national_diving_team": 0.02702702702702703,
    "Italy_national_men's_squash_team": 0.02702702702702703,
    "A1_Team_Italy": 0.02522935779816514,
    "Italy_at_the_Mediterranean_Games": 0.02517162471395881,