{
    "Speaker_of_the_Dewan_Rakyat": 1.0,
    "Opposition_(Malaysia)": 0.8333333333333334,
    "Dewan_Negara": 0.117096018735363,
    "Members_of_the_Dewan_Rakyat,_12th_Malaysian_Parliament": 0.06583072100313479,
    "Malaysian_State_Assembly_Representatives_(2008\u201313)": 0.06583072100313479,
    "Malaysian_State_Assembly_Representatives_(2013\u2013)": 0.06583072100313479,
    "Members_of_the_Dewan_Rakyat,_13th_Malaysian_Parliament": 0.06583072100313479,
    "Dewan_Rakyat": 0.0625782227784731,
    "List_of_Malaysian_electoral_districts": 0.056433408577878104,
    "Chairman_of_Committees_(New_Zealand_House_of_Representatives)": 0.03669724770642202,
    "Electoral_system_of_New_Zealand": 0.03669724770642202,
    "Father_of_the_House_(New_Zealand)": 0.03669724770642202,
    "Speaker_of_the_New_Zealand_Legislative_Council": 0.03669724770642202,
    "Leader_of_the_Opposition_(New_Zealand)": 0.03669724770642202,
    "Leader_of_the_House_(Australia)": 0.034782608695652174,
    "Members_of_the_Australian_Parliament_who_have_served_for_at_least_30_years": 0.034782608695652174,
    "Father_of_the_Australian_Parliament": 0.034782608695652174,
    "Manager_of_Opposition_Business_in_the_House_(Australia)": 0.034782608695652174,
    "Manager_of_Government_Business_in_the_Senate_(Australia)": 0.034782608695652174,
    "Manager_of_Opposition_Business_in_the_Senate_(Australia)": 0.034782608695652174,
    "Father_of_the_Australian_House_of_Representatives": 0.034782608695652174,
    "Father_of_the_Australian_Senate": 0.034782608695652174,
    "Leader_of_the_Government_in_the_Senate_(Australia)": 0.034782608695652174,
    "Leader_of_the_Opposition_in_the_Senate_(Australia)": 0.034782608695652174,
    "List_of_whips_in_the_Australian_House_of_Representatives": 0.034782608695652174,
    "List_of_whips_in_the_Australian_Senate": 0.034782608695652174,
    "Merdeka_Parade": 0.029940119760479042,
    "Timeline_of_Malaysian_history": 0.029940119760479042,
    "Monarchies_of_Malaysia": 0.029940119760479042,
    "List_of_Australian_Senate_appointments": 0.02962962962962963,
    "List_of_cities_and_towns_in_Malaysia_by_population": 0.02717391304347826,
    "Single_transferable_vote": 0.02512562814070352,
    "Speaker_of_the_Australian_House_of_Representatives": 0.024539877300613498,
    "Tourism_in_Malaysia": 0.021739130434782608,
    "List_of_mountains_in_Malaysia": 0.021645021645021644,
    "List_of_airports_in_Malaysia": 0.021551724137931036,
    "President_of_the_Australian_Senate": 0.02127659574468085,
    "Yang_di-Pertuan_Agong": 0.0211864406779661,
    "List_of_New_Zealand_by-elections": 0.02072538860103627,
    "States_and_federal_territories_of_Malaysia": 0.020491803278688523,
    "Members_of_the_Australian_Parliament_who_have_represented_more_than_one_state_or_territory": 0.0196078431372549,
    "List_of_airlines_of_Malaysia": 0.019011406844106463,
    "Malaysian_Expressway_System": 0.019011406844106463,
    "Public_holidays_in_Malaysia": 0.018656716417910446,
    "List_of_elected_or_appointed_female_heads_of_state": 0.018518518518518517,
    "List_of_elected_or_appointed_female_heads_of_government": 0.018518518518518517,
    "List_of_elected_or_appointed_female_deputy_heads_of_state": 0.018518518518518517,
    "List_of_elected_or_appointed_female_deputy_heads_of_government": 0.018518518518518517,
    "List_of_women_in_D\u00e1il_\u00c9ireann": 0.017543859649122806,
    "Television_in_Malaysia": 0.01730103806228374,
    "Geography_of_Malaysia": 0.017123287671232876,
    "List_of_post-secondary_institutions_in_Malaysia": 0.017064846416382253,
    "List_of_Australian_Leaders_of_the_Opposition": 0.01694915254237288,
    "Malaysian_general_election,_2013": 0.01556420233463035,
    "Results_of_the_2013_Malaysian_general_election_by_parliamentary_constituency": 0.01556420233463035,
    "List_of_Malaysian_states_by_GDP": 0.01483679525222552,
    "Women_in_government": 0.014705882352941176,
    "House_of_Representatives_of_New_Zealand": 0.014285714285714285,
    "Education_in_Malaysia": 0.014044943820224719,
    "List_of_universities_in_Malaysia": 0.014005602240896359,
    "List_of_women_in_Seanad_\u00c9ireann": 0.013793103448275862,
    "Malaysian_animation": 0.0136986301369863,
    "List_of_political_parties_in_Malaysia": 0.01282051282051282,
    "Women_in_the_Parliament_of_Sri_Lanka": 0.012578616352201259,
    "Anwar_Ibrahim": 0.0124804992199688,
    "Foreign_relations_of_Malaysia": 0.012135922330097087,
    "List_of_monarchs_of_Thailand": 0.012121212121212121,
    "Elections_in_New_Zealand": 0.011695906432748537,
    "Demographics_of_Malaysia": 0.011547344110854504,
    "Cabinet_of_Malaysia": 0.011547344110854504,
    "List_of_Philippine_Presidents_by_date_of_birth": 0.011299435028248588,
    "Prime_Minister_of_Australia": 0.010964912280701754,
    "President_of_Kyrgyzstan": 0.010526315789473684,
    "Prime_Minister_of_Malaysia": 0.01050420168067227,
    "Sarawak_state_election,_2011": 0.010050251256281407
}