{
    "A_Special_Night_with_Demi_Lovato": 1.0,
    "Demi_Lovato:_Live_in_Concert": 1.0,
    "Neon_Lights_Tour": 1.0,
    "Here_We_Go_Again_(Demi_Lovato_album)": 0.9878048780487805,
    "Unbroken_(Demi_Lovato_album)": 0.9878048780487805,
    "Demi_(album)": 0.9878048780487805,
    "Give_Your_Heart_a_Break": 0.9759036144578314,
    "Heart_Attack_(Demi_Lovato_song)": 0.9759036144578314,
    "This_Is_Me_(Demi_Lovato_song)": 0.7864077669902912,
    "Demi_Live!_Warm_Up_Tour": 0.5031055900621118,
    "Skyscraper_(song)": 0.2773972602739726,
    "Jonas_Brothers": 0.036290322580645164,
    "Joe_Jonas_&_Jay_Sean_Tour": 0.030534351145038167,
    "List_of_songs_recorded_by_Jonas_Brothers": 0.026490066225165563,
    "When_You_Look_Me_in_the_Eyes_Tour": 0.026490066225165563,
    "Jonas_Brothers_(album)": 0.02631578947368421,
    "SOS_(Jonas_Brothers_song)": 0.02631578947368421,
    "A_Little_Bit_Longer": 0.02631578947368421,
    "Lines,_Vines_and_Trying_Times": 0.02631578947368421,
    "Nick_Jonas_discography": 0.02586206896551724,
    "Haven't_Met_You_Yet": 0.01675977653631285,
    "Same_Love": 0.015625,
    "Jonas_L.A.": 0.013289036544850499,
    "Sonny_with_a_Chance_(season_1)": 0.011363636363636364,
    "Sonny_with_a_Chance_(season_2)": 0.011363636363636364,
    "Come_&_Get_It_(Selena_Gomez_song)": 0.01098901098901099,
    "Want_U_Back": 0.010309278350515464,
    "I_Wish_Tour": 0.010309278350515464,
    "Nick_Jonas_and_the_Administration_tour": 0.010101010101010102,
    "Who_I_Am_Tour": 0.010101010101010102,
    "Nick_Jonas_2011_Tour": 0.010101010101010102
}