{
    "Effect_Radio": 1.0,
    "Your_Network_of_Praise": 1.0,
    "The_Life_FM": 1.0,
    "Fundamental_Broadcasting_Network": 1.0,
    "Calvary_Radio_Network": 1.0,
    "Radio_74": 1.0,
    "Rejoice_Broadcast_Network": 1.0,
    "VCY_America": 1.0,
    "Family_Life_Radio": 0.9154929577464789,
    "Prairie_Public_Radio": 0.9154929577464789,
    "Smile_FM": 0.9027777777777778,
    "Wyoming_Public_Radio": 0.8863636363636364,
    "Iowa_Public_Radio": 0.8783783783783784,
    "Moody_Radio": 0.8405172413793104,
    "Wisconsin_Public_Radio": 0.8333333333333334,
    "Bible_Broadcasting_Network": 0.7926829268292683,
    "Yellowstone_Public_Radio": 0.7738095238095238,
    "CSN_International": 0.76171875,
    "Relevant_Radio": 0.7386363636363636,
    "Gospel_Opportunities_Radio_Network": 0.7222222222222222,
    "Northwest_Public_Radio": 0.6770833333333334,
    "High_Plains_Public_Radio": 0.5891238670694864,
    "North_Country_Public_Radio": 0.5752212389380531,
    "Good_News_Network": 0.547752808988764,
    "WPAR": 0.4733009708737864,
    "Colorado_Public_Radio": 0.46987951807228917,
    "Fox_Sports_Radio": 0.4202586206896552,
    "West_Virginia_Public_Broadcasting": 0.37937743190661477,
    "Family_Radio": 0.3439153439153439,
    "WBYO": 0.3415061295971979,
    "Radio_Disney": 0.30757097791798105,
    "Westwood_One_(current)": 0.28888888888888886,
    "WAMC": 0.28718703976435933,
    "Westinghouse_Broadcasting": 0.26822558459422285,
    "MHz_WorldView": 0.16296296296296298,
    "KHET": 0.12931034482758622,
    "Smoky_Hills_Public_Television": 0.10551558752997602,
    "South_Carolina_Educational_Television": 0.09698275862068965,
    "South_Dakota_Public_Broadcasting": 0.09316770186335403,
    "Oregon_Public_Broadcasting": 0.08703703703703704,
    "World_(TV_channel)": 0.07903780068728522,
    "KCET": 0.06762589928057554,
    "Georgia_Public_Broadcasting": 0.06695156695156695,
    "Kentucky_Educational_Television": 0.06385869565217392,
    "America's_Talk": 0.04054054054054054,
    "John_Batchelor": 0.03546099290780142,
    "Ici_Radio-Canada_Premi\u00e8re": 0.03067484662576687,
    "The_Todd_and_Tyler_Radio_Empire": 0.028688524590163935,
    "Michael_Baisden": 0.028455284552845527,
    "CBC_Radio_One": 0.02511415525114155,
    "Boston_College_Eagles_sports_radio_networks": 0.024390243902439025,
    "Appalachian_IMG_Sports_Network": 0.024390243902439025,
    "Global_Innovation_Quotient": 0.024390243902439025,
    "List_of_Sirius_Satellite_Radio_stations": 0.023872679045092837,
    "List_of_XM_Satellite_Radio_channels": 0.023872679045092837,
    "United_States_Football_League_on_the_radio": 0.02356902356902357,
    "Columbus_Blue_Jackets_Radio_Network": 0.02284263959390863,
    "Pittsburgh_Penguins_Radio_Network": 0.021377672209026127,
    "Clemson_Tigers_Sports_Network": 0.02132701421800948,
    "Jack_FM": 0.021148036253776436,
    "Detroit_Lions_Radio_Network": 0.020560747663551402,
    "UK_IMG_Sports_Network": 0.02040816326530612,
    "List_of_ESPN_Radio_affiliates": 0.019448946515397084,
    "Seattle_Mariners_Radio_Network": 0.019230769230769232,
    "Florida_State_University_Seminoles_Radio_Network": 0.019189765458422176,
    "List_of_programming_syndicated_by_Clear_Channel": 0.018779342723004695,
    "2001_Clear_Channel_memorandum": 0.018779342723004695,
    "Saluki_Sports_Network": 0.018218623481781375,
    "Pittsburgh_Steelers_Radio_Network": 0.017713365539452495,
    "Imus_in_the_Morning": 0.017326732673267328,
    "Detroit_Tigers_Radio_Network": 0.016,
    "Cincinnati_Reds_Radio_Network": 0.01597444089456869,
    "Timeline_of_The_Walt_Disney_Company": 0.015957446808510637,
    "Disney_Digital_3-D": 0.015957446808510637,
    "Pittsburgh_Pirates_Radio_Network": 0.015337423312883436,
    "CNN": 0.014874141876430207,
    "KCRW": 0.014634146341463415,
    "E._W._Scripps_Company": 0.014285714285714285,
    "Philadelphia_Phillies_Radio_Network": 0.014164305949008499,
    "KISS-FM_(brand)": 0.013605442176870748,
    "List_of_Disney_attractions_that_were_never_built": 0.013422818791946308,
    "Syracuse_ISP_Sports_Network": 0.012711864406779662,
    "Dan_Aykroyd": 0.012612612612612612,
    "20th_Century_Fox_Home_Entertainment": 0.012526096033402923,
    "List_of_NPR_stations": 0.012345679012345678,
    "Radio_Disney_Latin_America": 0.012048192771084338,
    "Fighting_Illini_Sports_Network": 0.01171875,
    "Fox_Series": 0.011516314779270634,
    "Pay-per-view": 0.011494252873563218,
    "Television_licence": 0.011494252873563218,
    "Digital_terrestrial_television": 0.011494252873563218,
    "Disney_Channel_(Bulgaria)": 0.011385199240986717,
    "Fox_Interactive": 0.011278195488721804,
    "It's_a_Laugh_Productions": 0.011090573012939002,
    "Disney\u2013ABC_Television_Group": 0.011009174311926606,
    "Metromedia": 0.010666666666666666,
    "KTLW": 0.01050420168067227,
    "Lucasfilm": 0.010362694300518135
}