{
    "Spider_taxonomy": 1.0,
    "Spider_bite": 0.09443099273607748,
    "Virus_classification": 0.06006006006006006,
    "Chelicerata": 0.016260162601626018,
    "Paraphyly": 0.012396694214876033,
    "List_of_phylogenetics_software": 0.012396694214876033
}