{
    "1980_NCAA_Men's_Division_I_Basketball_Tournament": 1.0,
    "1970_NCAA_Men's_Division_I_Basketball_Tournament": 0.819672131147541,
    "1969_NCAA_Men's_Division_I_Basketball_Tournament": 0.8163265306122449,
    "1971_NCAA_Men's_Division_I_Basketball_Tournament": 0.8163265306122449,
    "1978_NCAA_Men's_Division_I_Basketball_Tournament": 0.7751937984496124,
    "1979_NCAA_Men's_Division_I_Basketball_Tournament": 0.7692307692307693,
    "1981_NCAA_Men's_Division_I_Basketball_Tournament": 0.737037037037037,
    "List_of_NCAA_Men's_Final_Four_broadcasters": 0.4693396226415094,
    "NCAA_Men's_Division_I_Basketball_Championship_records": 0.4678111587982833,
    "NCAA_Men's_Division_I_Basketball_Tournament_all-time_team_records": 0.4678111587982833,
    "List_of_NCAA_Men's_Division_I_Basketball_Tournament_venues": 0.4678111587982833,
    "List_of_NCAA_Men's_Division_I_Final_Four_appearances_by_coach": 0.4678111587982833,
    "NCAA_Men's_Division_I_Basketball_Tournament_consecutive_appearances": 0.4678111587982833,
    "NCAA_Men's_Division_I_Basketball_Opening_Round_game": 0.4678111587982833,
    "NCAA_Men's_Division_I_Tournament_bids_by_school_and_conference": 0.4678111587982833,
    "NCAA_Men's_Division_I_Tournament_bids_by_school": 0.4678111587982833,
    "1967_NCAA_Men's_Division_I_Basketball_Tournament": 0.4625,
    "1968_NCAA_Men's_Division_I_Basketball_Tournament": 0.45867768595041325,
    "1972_NCAA_Men's_Division_I_Basketball_Tournament": 0.45491803278688525,
    "1964_NCAA_Men's_Division_I_Basketball_Tournament": 0.45454545454545453,
    "1966_NCAA_Men's_Division_I_Basketball_Tournament": 0.45454545454545453,
    "1954_NCAA_Men's_Division_I_Basketball_Tournament": 0.45416666666666666,
    "1973_NCAA_Men's_Division_I_Basketball_Tournament": 0.4530612244897959,
    "1957_NCAA_Men's_Division_I_Basketball_Tournament": 0.45228215767634855,
    "1944_NCAA_Men's_Division_I_Basketball_Tournament": 0.45228215767634855,
    "1950_NCAA_Men's_Division_I_Basketball_Tournament": 0.45228215767634855,
    "1955_NCAA_Men's_Division_I_Basketball_Tournament": 0.45228215767634855,
    "1961_NCAA_Men's_Division_I_Basketball_Tournament": 0.45228215767634855,
    "1942_NCAA_Men's_Division_I_Basketball_Tournament": 0.45041322314049587,
    "1943_NCAA_Men's_Division_I_Basketball_Tournament": 0.45041322314049587,
    "1945_NCAA_Men's_Division_I_Basketball_Tournament": 0.45041322314049587,
    "1963_NCAA_Men's_Division_I_Basketball_Tournament": 0.45041322314049587,
    "1958_NCAA_Men's_Division_I_Basketball_Tournament": 0.45041322314049587,
    "1956_NCAA_Men's_Division_I_Basketball_Tournament": 0.448559670781893,
    "1959_NCAA_Men's_Division_I_Basketball_Tournament": 0.448559670781893,
    "1974_NCAA_Men's_Division_I_Basketball_Tournament": 0.448559670781893,
    "1975_NCAA_Men's_Division_I_Basketball_Tournament": 0.44715447154471544,
    "1949_NCAA_Men's_Division_I_Basketball_Tournament": 0.44672131147540983,
    "1951_NCAA_Men's_Division_I_Basketball_Tournament": 0.44308943089430897,
    "1948_NCAA_Men's_Division_I_Basketball_Tournament": 0.44129554655870445,
    "1952_NCAA_Men's_Division_I_Basketball_Tournament": 0.44129554655870445,
    "1946_NCAA_Men's_Division_I_Basketball_Tournament": 0.436,
    "1947_NCAA_Men's_Division_I_Basketball_Tournament": 0.4342629482071713,
    "1940_NCAA_Men's_Division_I_Basketball_Tournament": 0.43253968253968256,
    "1953_NCAA_Men's_Division_I_Basketball_Tournament": 0.43253968253968256,
    "1941_NCAA_Men's_Division_I_Basketball_Tournament": 0.4308300395256917,
    "1960_NCAA_Men's_Division_I_Basketball_Tournament": 0.4280155642023346,
    "1983_NCAA_Men's_Division_I_Basketball_Tournament": 0.424812030075188,
    "1986_NCAA_Men's_Division_I_Basketball_Tournament": 0.4200743494423792,
    "1984_NCAA_Men's_Division_I_Basketball_Tournament": 0.4132841328413284,
    "1985_NCAA_Men's_Division_I_Basketball_Tournament": 0.4095940959409594,
    "1965_NCAA_Men's_Division_I_Basketball_Tournament": 0.40441176470588236,
    "1989_NCAA_Men's_Division_I_Basketball_Tournament": 0.39855072463768115,
    "1994_NCAA_Men's_Division_I_Basketball_Tournament": 0.3978102189781022,
    "1999_NCAA_Men's_Division_I_Basketball_Tournament": 0.39636363636363636,
    "1993_NCAA_Men's_Division_I_Basketball_Tournament": 0.39492753623188404,
    "1995_NCAA_Men's_Division_I_Basketball_Tournament": 0.3920863309352518,
    "1996_NCAA_Men's_Division_I_Basketball_Tournament": 0.3920863309352518,
    "2004_NCAA_Men's_Division_I_Basketball_Tournament": 0.3920863309352518,
    "2006_NCAA_Men's_Division_I_Basketball_Tournament": 0.3906810035842294,
    "2007_NCAA_Men's_Division_I_Basketball_Tournament": 0.3906810035842294,
    "2005_NCAA_Men's_Division_I_Basketball_Tournament": 0.3892857142857143,
    "2008_NCAA_Men's_Division_I_Basketball_Tournament": 0.3879003558718861,
    "2010_NCAA_Men's_Division_I_Basketball_Tournament": 0.38652482269503546,
    "1988_NCAA_Men's_Division_I_Basketball_Tournament": 0.3854166666666667,
    "1990_NCAA_Men's_Division_I_Basketball_Tournament": 0.3793103448275862,
    "NCAA_basketball_tournament_selection_process": 0.3771626297577855,
    "1992_NCAA_Men's_Division_I_Basketball_Tournament": 0.3720136518771331,
    "1987_NCAA_Men's_Division_I_Basketball_Tournament": 0.36423841059602646,
    "1991_NCAA_Men's_Division_I_Basketball_Tournament": 0.36303630363036304,
    "1962_NCAA_Men's_Division_I_Basketball_Tournament": 0.3601190476190476,
    "1997_NCAA_Men's_Division_I_Basketball_Tournament": 0.35737704918032787,
    "2000_NCAA_Men's_Division_I_Basketball_Tournament": 0.35275080906148865,
    "List_of_NCAA_Men's_Division_I_Basketball_champions": 0.3503184713375796,
    "2012_NCAA_Men's_Division_I_Basketball_Tournament": 0.3471337579617834,
    "1982_NCAA_Men's_Division_I_Basketball_Tournament": 0.3226744186046512,
    "List_of_SEC_Men's_Basketball_Tournament_Finals_broadcasters": 0.24070021881838075,
    "List_of_ACC_Men's_Basketball_Tournament_Finals_broadcasters": 0.23605150214592274,
    "1976\u201377_Marquette_Warriors_men's_basketball_team": 0.19863013698630136,
    "1984\u201385_Villanova_Wildcats_men's_basketball_team": 0.1963470319634703,
    "1994\u201395_UCLA_Bruins_men's_basketball_team": 0.19545454545454546,
    "1962\u201363_Loyola_Ramblers_men's_basketball_team": 0.19495412844036697,
    "1973\u201374_NC_State_Wolfpack_men's_basketball_team": 0.19239373601789708,
    "1942\u201343_Wyoming_Cowboys_basketball_team": 0.19239373601789708,
    "1975\u201376_Indiana_Hoosiers_men's_basketball_team": 0.18872017353579176,
    "1996\u201397_Arizona_Wildcats_men's_basketball_team": 0.18859649122807018,
    "1938\u201339_Oregon_Webfoots_men's_basketball_team": 0.188470066518847,
    "1981\u201382_North_Carolina_Tar_Heels_men's_basketball_team": 0.18777292576419213,
    "1956\u201357_North_Carolina_Tar_Heels_men's_basketball_team": 0.18763796909492272,
    "1991\u201392_Duke_Blue_Devils_men's_basketball_team": 0.18695652173913044,
    "1990\u201391_Duke_Blue_Devils_men's_basketball_team": 0.18695652173913044,
    "2000\u201301_Duke_Blue_Devils_men's_basketball_team": 0.18695652173913044,
    "1987\u201388_Kansas_Jayhawks_men's_basketball_team": 0.18695652173913044,
    "1986\u201387_Indiana_Hoosiers_men's_basketball_team": 0.18695652173913044,
    "2004\u201305_North_Carolina_Tar_Heels_men's_basketball_team": 0.18695652173913044,
    "1992\u201393_North_Carolina_Tar_Heels_men's_basketball_team": 0.18695652173913044,
    "2009\u201310_Duke_Blue_Devils_men's_basketball_team": 0.18695652173913044,
    "1939\u201340_Indiana_Hoosiers_men's_basketball_team": 0.18655097613882862,
    "1980\u201381_Indiana_Hoosiers_men's_basketball_team": 0.18614718614718614,
    "1952\u201353_Indiana_Hoosiers_men's_basketball_team": 0.185589519650655,
    "2007\u201308_Kansas_Jayhawks_men's_basketball_team": 0.1853448275862069,