{
    "History_of_the_Jews_in_Europe": 1.0,
    "Emigration_from_Europe": 0.5153846153846153,
    "Chechen_diaspora": 0.5153846153846153,
    "Romanian_diaspora": 0.44966442953020136,
    "Bulgarian_diaspora": 0.41875,
    "Spanish_diaspora": 0.40119760479041916,
    "Russian_diaspora": 0.34183673469387754,
    "Serbian_diaspora": 0.24632352941176472,
    "Portuguese_people": 0.24548736462093862,
    "Hungarian_diaspora": 0.24014336917562723,
    "Turkish_diaspora": 0.2120253164556962,
    "Armenian_diaspora": 0.19596541786743515,
    "History_of_the_Jews_in_Russia": 0.1826086956521739,
    "Albanian_diaspora": 0.16708229426433915,
    "Italian_diaspora": 0.16341463414634147,
    "European_American": 0.10634920634920635,
    "Greek_diaspora": 0.07431693989071038,
    "Europe": 0.040889957907396274,
    "Scandinavians_in_the_United_Kingdom": 0.016483516483516484,
    "Scottish_Australian": 0.015822784810126583,
    "Y_Wladfa": 0.014792899408284023,
    "Asian_Latin_American": 0.014423076923076924,
    "Turks_in_the_Republic_of_Macedonia": 0.013297872340425532,
    "Azerbaijanis_in_Georgia": 0.012578616352201259,
    "Carinthian_Slovenes": 0.011904761904761904,
    "Overseas_Minangkabau": 0.011627906976744186,
    "Scottish_Canadian": 0.011210762331838564,
    "English_Canadian": 0.011210762331838564,
    "Korean_diaspora": 0.011194029850746268,
    "Turks_in_Russia": 0.011029411764705883,
    "Pakistani_diaspora": 0.01056338028169014,
    "Hungarians_in_Ukraine": 0.010526315789473684,
    "Turkish_people": 0.010224948875255624,
    "Scandinavian_American": 0.010178117048346057
}