{
    "Parliament_of_Nauru": 1.0,
    "Parliament_of_Tuvalu": 0.7386363636363636,
    "House_of_Representatives_of_New_Zealand": 0.546031746031746,
    "Parliament_of_Lebanon": 0.5420560747663551,
    "Congress_of_Guatemala": 0.4858757062146893,
    "Parliament_of_Montenegro": 0.45989304812834225,
    "National_Assembly_(Kuwait)": 0.4182692307692308,
    "Bundestag": 0.39631336405529954,
    "Parliament_of_Finland": 0.3954022988505747,
    "Congress_of_the_Republic_of_Peru": 0.3865168539325843,
    "Verkhovna_Rada": 0.36673773987206826,
    "List_of_current_members_of_the_National_Assembly_of_Malawi": 0.3426294820717131,
    "Parliament_of_Norway": 0.32514177693761814,
    "List_of_legislatures_by_country": 0.2907563025210084,
    "Folketing": 0.26959247648902823,
    "List_of_settlements_in_Nauru": 0.2354948805460751,
    "President_of_Nauru": 0.21835443037974683,
    "Nauru": 0.20348837209302326,
    "Italian_Parliament": 0.09358752166377816,
    "Independent_Task_Force_on_North_America": 0.0932475884244373,
    "Northern_Ireland_Assembly": 0.0931899641577061,
    "House_of_Keys": 0.0514018691588785,
    "Legislative_Council_of_the_Isle_of_Man": 0.04672897196261682,
    "House_of_Representatives_(Liberia)": 0.02997275204359673,
    "House_of_Representatives_(Nigeria)": 0.02997275204359673,
    "House_of_Assembly_of_Saint_Lucia": 0.029891304347826088,
    "House_of_Representatives_(Morocco)": 0.029891304347826088,
    "Chamber_of_Deputies_of_Chile": 0.029891304347826088,
    "Irish_House_of_Commons": 0.02510460251046025,
    "House_of_the_People_(Afghanistan)": 0.023706896551724137,
    "Chamber_of_Deputies_(Romania)": 0.023404255319148935,
    "Congress_of_the_Confederate_States": 0.02304147465437788,
    "National_Assembly_(Kenya)": 0.022821576763485476,
    "Chamber_of_Deputies_(Brazil)": 0.022727272727272728,
    "Senate_of_Kenya": 0.022613065326633167,
    "Senate_(Liberia)": 0.022613065326633167,
    "Senate_(Cambodia)": 0.022613065326633167,
    "Reichsrat_(Germany)": 0.022613065326633167,
    "Senate_(Romania)": 0.022556390977443608,
    "Senate_of_Chile": 0.022556390977443608,
    "Senate_of_Uruguay": 0.0225,
    "List_of_members_of_the_National_Council_of_Provinces": 0.021897810218978103,
    "Congress_of_the_Philippines": 0.021108179419525065,
    "House_of_Representatives_(Burma)": 0.019332161687170474,
    "Chamber_of_Deputies_(Italy)": 0.018900343642611683,
    "Senate_of_the_Dominican_Republic": 0.01882845188284519,
    "Council_of_States_(Switzerland)": 0.018556701030927835,
    "House_of_Elders_(Afghanistan)": 0.018145161290322582,
    "Lok_Sabha": 0.017543859649122806,
    "House_of_Commons_of_Canada": 0.0171606864274571,
    "House_of_Representatives_(Netherlands)": 0.015214384508990318,
    "Senate_of_the_Republic_(Italy)": 0.01468189233278956,
    "Dewan_Negara": 0.013412816691505217,
    "Senate_of_Canada": 0.01276595744680851,
    "National_Assembly_(Pakistan)": 0.011458333333333333,
    "Dewan_Rakyat": 0.010566762728146013,
    "Nauruan_parliamentary_election,_2013": 0.010238907849829351,
    "Portuguese_Workers'_Communist_Party": 0.010135135135135136
}