{
    "Alabama_statistical_areas": 1.0,
    "List_of_botanical_gardens_and_arboretums_in_Alabama": 0.702020202020202,
    "List_of_metropolitan_areas_of_Alabama": 0.702020202020202,
    "Northeast_Alabama": 0.702020202020202,
    "List_of_Alabama_railroads": 0.5537848605577689,
    "List_of_tallest_buildings_in_Alabama": 0.5515873015873016,
    "List_of_mammals_of_Alabama": 0.5490196078431373,
    "List_of_school_districts_in_Alabama": 0.546875,
    "List_of_hospitals_in_Alabama": 0.546875,
    "List_of_lakes_in_Alabama": 0.546875,
    "List_of_museums_in_Alabama": 0.5450980392156862,
    "Elections_in_Alabama": 0.5450980392156862,
    "List_of_Superfund_sites_in_Alabama": 0.5447470817120622,
    "List_of_counties_in_Alabama": 0.5447470817120622,
    "List_of_Alabama_state_symbols": 0.54296875,
    "List_of_amphibians_of_Alabama": 0.5384615384615384,
    "List_of_cities_and_towns_in_Alabama": 0.5325670498084292,
    "Alabama_locations_by_per_capita_income": 0.5305343511450382,
    "List_of_dams_and_reservoirs_in_Alabama": 0.5285171102661597,
    "List_of_reptiles_of_Alabama": 0.45307443365695793,
    "List_of_television_stations_in_Alabama": 0.4371069182389937,
    "List_of_colleges_and_universities_in_Alabama": 0.40816326530612246,
    "National_Register_of_Historic_Places_listings_in_Alabama": 0.40406976744186046,
    "United_States_congressional_delegations_from_Alabama": 0.3726541554959786,
    "Vehicle_registration_plates_of_Alabama": 0.332541567695962,
    "List_of_lieutenant_governors_of_Alabama": 0.25688073394495414,
    "District_of_Columbia_statistical_areas": 0.24096385542168675,
    "List_of_Governors_of_Alabama": 0.23479729729729729,
    "Wyoming_statistical_areas": 0.22813688212927757,
    "New_Jersey_statistical_areas": 0.21754385964912282,
    "Rhode_Island_census_statistical_areas": 0.21739130434782608,
    "Vermont_statistical_areas": 0.21352313167259787,
    "Arizona_census_statistical_areas": 0.2097902097902098,
    "Maine_statistical_areas": 0.20905923344947736,
    "Delaware_statistical_areas": 0.20408163265306123,
    "Texas_statistical_areas": 0.19933554817275748,
    "Alaska_statistical_areas": 0.19933554817275748,
    "Nevada_statistical_areas": 0.19801980198019803,
    "Idaho_statistical_areas": 0.19672131147540983,
    "West_Virginia_statistical_areas": 0.1962025316455696,
    "Montana_statistical_areas": 0.19480519480519481,
    "New_Mexico_statistical_areas": 0.18867924528301888,
    "List_of_radio_stations_in_Alabama": 0.1868279569892473,
    "Massachusetts_statistical_areas": 0.18633540372670807,
    "Oregon_statistical_areas": 0.1834862385321101,
    "Puerto_Rico_statistical_areas": 0.182370820668693,
    "Tennessee_statistical_areas": 0.18208092485549132,
    "Louisiana_statistical_areas": 0.18181818181818182,
    "Maryland_statistical_areas": 0.1791907514450867,
    "North_Dakota_statistical_areas": 0.1791044776119403,
    "New_York_statistical_areas": 0.17784256559766765,
    "New_York_State_metropolitan_areas": 0.17784256559766765,
    "Utah_statistical_areas": 0.17391304347826086,
    "Oklahoma_statistical_areas": 0.17341040462427745,
    "Nebraska_statistical_areas": 0.1729106628242075,
    "Washington_statistical_areas": 0.1729106628242075,
    "Ohio_statistical_areas": 0.16853932584269662,
    "Arkansas_statistical_areas": 0.16620498614958448,
    "Alabama": 0.1645274212368728,
    "Wisconsin_statistical_areas": 0.16348773841961853,
    "Mississippi_statistical_areas": 0.16310160427807488,
    "Iowa_statistical_areas": 0.16216216216216217,
    "Indiana_statistical_areas": 0.16129032258064516,
    "South_Carolina_statistical_areas": 0.16094986807387862,
    "Michigan_statistical_areas": 0.16,
    "South_Dakota_statistical_areas": 0.15915119363395225,
    "California_statistical_areas": 0.158311345646438,
    "Kentucky_statistical_areas": 0.15829145728643215,
    "Pennsylvania_statistical_areas": 0.15577889447236182,
    "Missouri_statistical_areas": 0.15463917525773196,
    "Georgia_statistical_areas": 0.15402843601895735,
    "Minnesota_statistical_areas": 0.15151515151515152,
    "Colorado_statistical_areas": 0.15113350125944586,
    "Colorado_metropolitan_areas": 0.15113350125944586,
    "Virginia_statistical_areas": 0.15085158150851583,
    "Kansas_statistical_areas": 0.1507537688442211,
    "Florida_statistical_areas": 0.14354066985645933,
    "North_Carolina_statistical_areas": 0.14352941176470588,
    "Connecticut_statistical_areas": 0.14285714285714285,
    "Gulf_Coast_of_the_United_States": 0.14271255060728744,
    "Illinois_statistical_areas": 0.1301518438177874,
    "New_Hampshire_statistical_areas": 0.1214574898785425,
    "List_of_people_from_Montgomery,_Alabama": 0.024691358024691357,
    "List_of_shopping_malls_in_Alabama": 0.020761245674740483,
    "National_Register_of_Historic_Places_listings_in_Limestone_County,_Alabama": 0.016778523489932886,
    "List_of_counties_in_Georgia": 0.016632016632016633,
    "Alaska_Native_Regional_Corporations": 0.016260162601626018,
    "Census_county_division": 0.016260162601626018,
    "List_of_United_States_urban_areas": 0.016260162601626018,
    "New_England_city_and_town_area": 0.016260162601626018,
    "List_of_counties_in_West_Virginia": 0.016042780748663103,
    "List_of_United_States_counties_and_county_equivalents": 0.014970059880239521,
    "List_of_counties_in_Tennessee": 0.01485148514851485,
    "United_States_Census": 0.014760147601476014,
    "Transportation_in_New_Jersey": 0.01466275659824047,
    "Government_of_New_Jersey": 0.01466275659824047,
    "List_of_school_districts_in_Georgia": 0.014583333333333334,
    "List_of_power_stations_in_Georgia_(United_States)": 0.014583333333333334,
    "List_of_hospitals_in_Georgia_(U.S._state)": 0.014583333333333334,
    "List_of_counties_in_New_Jersey": 0.014577259475218658,
    "List_of_Superfund_sites_in_Georgia_(U.S._state)": 0.014553014553014554,
    "List_of_airports_in_Georgia_(U.S._state)": 0.014522821576763486,
    "United_States_Minor_Outlying_Islands": 0.014450867052023121,
    "List_of_municipalities_in_Georgia_(U.S._state)": 0.01443298969072165,
    "List_of_frogs_and_toads_of_New_Jersey": 0.01440922190201729,
    "List_of_National_Historic_Landmarks_in_Georgia_(U.S._state)": 0.014388489208633094,
    "List_of_metropolitan_areas_of_Georgia": 0.014218009478672985,
    "List_of_colleges_and_universities_in_Georgia_(U.S._state)": 0.014084507042253521,
    "West_Virginia": 0.0140625,
    "Kentucky": 0.013927576601671309,
    "List_of_West_Virginia_state_symbols": 0.013404825737265416,
    "List_of_Superfund_sites_in_West_Virginia": 0.013333333333333334,
    "National_Register_of_Historic_Places_listings_in_Huntsville,_Alabama": 0.013245033112582781,
    "National_Register_of_Historic_Places_listings_in_Madison_County,_Alabama": 0.013245033112582781,
    "List_of_cities_in_West_Virginia": 0.013227513227513227,
    "List_of_people_from_Kentucky": 0.013215859030837005,
    "List_of_National_Historic_Landmarks_in_Kentucky": 0.013157894736842105,
    "List_of_television_stations_in_Georgia_(U.S._state)": 0.012939001848428836,
    "List_of_cities_in_Virginia": 0.01279317697228145,
    "List_of_counties_in_Virginia": 0.01279317697228145,
    "Largest_townships_in_New_Jersey": 0.012658227848101266,
    "New_Jersey": 0.012658227848101266,
    "List_of_Georgia_railroads": 0.01263157894736842,
    "List_of_National_Historic_Landmarks_in_Tennessee": 0.0125,
    "List_of_boroughs_and_census_areas_in_Alaska": 0.012437810945273632,
    "List_of_counties_in_Maryland": 0.012376237623762377,
    "Georgia_(U.S._state)_locations_by_per_capita_income": 0.012345679012345678,
    "List_of_Superfund_sites_in_Tennessee": 0.012345679012345678,
    "Georgia_(U.S._state)": 0.01233183856502242,
    "List_of_counties_in_New_York": 0.012315270935960592,
    "Tennessee": 0.012295081967213115,
    "List_of_largest_Indian_reservations": 0.012170385395537525,