{
    "NAACP_Image_Award_for_Outstanding_Actor_in_a_Daytime_Drama_Series": 1.0,
    "NAACP_Image_Award_for_Outstanding_Album": 0.9397590361445783,
    "NAACP_Image_Award_for_Outstanding_Actress_in_a_Daytime_Drama_Series": 0.8764044943820225,
    "NAACP_Image_Award_for_Outstanding_Supporting_Actor_in_a_Drama_Series": 0.7878787878787878,
    "NAACP_Image_Award_for_Outstanding_Actor_in_a_Drama_Series": 0.7745098039215687,
    "NAACP_Image_Award_for_Outstanding_Actress_in_a_Television_Movie,_Mini-Series_or_Dramatic_Special": 0.7572815533980582,
    "NAACP_Image_Award_for_Outstanding_Female_Artist": 0.7572815533980582,
    "NAACP_Image_Award_for_Outstanding_Actress_in_a_Drama_Series": 0.75,
    "NAACP_Image_Award_for_Outstanding_Male_Artist": 0.75,
    "NAACP_Image_Award_for_Entertainer_of_the_Year": 0.7358490566037735,
    "NAACP_Image_Award_for_Outstanding_Supporting_Actress_in_a_Motion_Picture": 0.7155963302752294,
    "NAACP_Image_Award_\u2013_Chairman's_Award": 0.7090909090909091,
    "NAACP_Image_Award_for_Outstanding_Supporting_Actor_in_a_Motion_Picture": 0.7027027027027027,
    "NAACP_Image_Award_for_Outstanding_Song": 0.7027027027027027,
    "NAACP_Image_Award_for_Outstanding_Music_Video": 0.6902654867256637,
    "NAACP_Image_Award_for_Outstanding_Actor_in_a_Motion_Picture": 0.6842105263157895,
    "NAACP_Image_Award_\u2013_President's_Award": 0.6842105263157895,
    "NAACP_Image_Award_for_Outstanding_New_Artist": 0.6782608695652174,
    "NAACP_Image_Award_for_Outstanding_Actress_in_a_Motion_Picture": 0.6610169491525424,
    "NAACP_Image_Award_\u2013_Hall_of_Fame_Award": 0.6554621848739496,
    "NAACP_Image_Award_for_Outstanding_Motion_Picture": 0.624,
    "NAACP_Image_Award_for_Outstanding_Duo_or_Group": 0.6046511627906976,
    "NAACP_Image_Award": 0.2689655172413793,
    "Steve_Burton_(actor)": 0.03389830508474576,
    "Rick_Hearst": 0.02857142857142857,
    "Jonathan_Jackson_(actor)": 0.028368794326241134,
    "Taraji_P._Henson": 0.023255813953488372,
    "Lynn_Whitfield": 0.02040816326530612,
    "Kimberly_Elise": 0.020202020202020204,
    "Hill_Harper": 0.01904761904761905,
    "Danny_Glover": 0.018867924528301886,
    "Angela_Bassett": 0.018726591760299626,
    "Brian_Bloom": 0.017857142857142856,
    "Mike_Epps": 0.016,
    "In_the_Heat_of_the_Night_(TV_series)": 0.015151515151515152,
    "Blair_Underwood": 0.015037593984962405,
    "Terrence_Howard": 0.014164305949008499,
    "Nia_Long": 0.013793103448275862,
    "Vanessa_L._Williams": 0.013550135501355014,
    "Phylicia_Rash\u0101d": 0.013452914798206279,
    "Steve_Harvey": 0.012903225806451613,
    "Yolanda_Adams": 0.012345679012345678,
    "India.Arie": 0.012121212121212121,
    "Kerry_Washington": 0.011299435028248588,
    "Tonya_Lee_Williams": 0.011235955056179775,
    "Victoria_Rowell": 0.01098901098901099,
    "Tatyana_Ali": 0.010869565217391304,
    "Michael_B._Jordan": 0.0106951871657754,
    "Jamie_Foxx": 0.010398613518197574,
    "Dorien_Wilson": 0.010309278350515464,
    "S._Epatha_Merkerson": 0.010256410256410256,
    "Cedric_the_Entertainer": 0.010101010101010102
}