{
    "Netherlands_at_the_Olympics": 1.0,
    "Tropical_nations_at_the_Winter_Olympics": 0.6428571428571429,
    "Germany_at_the_Winter_Olympics": 0.6428571428571429,
    "Australasia_at_the_Olympics": 0.6377952755905512,
    "Chad_at_the_Olympics": 0.6354166666666666,
    "Mauritania_at_the_Olympics": 0.6321243523316062,
    "Central_African_Republic_at_the_Olympics": 0.6288659793814433,
    "Liechtenstein_at_the_Olympics": 0.6272493573264781,
    "Belize_at_the_Olympics": 0.6272493573264781,
    "Cayman_Islands_at_the_Olympics": 0.6256410256410256,
    "Ethiopia_at_the_Olympics": 0.6240409207161125,
    "Antigua_and_Barbuda_at_the_Olympics": 0.6240409207161125,
    "Gabon_at_the_Olympics": 0.6208651399491094,
    "Haiti_at_the_Olympics": 0.6208651399491094,
    "Cambodia_at_the_Olympics": 0.6192893401015228,
    "DR_Congo_at_the_Olympics": 0.6192893401015228,
    "El_Salvador_at_the_Olympics": 0.6161616161616161,
    "Bermuda_at_the_Olympics": 0.6161616161616161,
    "Burkina_Faso_at_the_Olympics": 0.6161616161616161,
    "Barbados_at_the_Olympics": 0.6115288220551378,
    "Ecuador_at_the_Olympics": 0.6115288220551378,
    "Bolivia_at_the_Olympics": 0.6115288220551378,
    "Ivory_Coast_at_the_Olympics": 0.6115288220551378,
    "Bahamas_at_the_Olympics": 0.6084788029925187,
    "Costa_Rica_at_the_Olympics": 0.6069651741293532,
    "Botswana_at_the_Olympics": 0.6069651741293532,
    "Morocco_at_the_Olympics": 0.6054590570719603,
    "Afghanistan_at_the_Olympics": 0.6054590570719603,
    "Cameroon_at_the_Olympics": 0.6054590570719603,
    "North_Korea_at_the_Olympics": 0.6039603960396039,
    "Mongolia_at_the_Olympics": 0.6039603960396039,
    "Macedonia_at_the_Olympics": 0.6024691358024692,
    "Zambia_at_the_Olympics": 0.6009852216748769,
    "Jamaica_at_the_Olympics": 0.5995085995085995,
    "Moldova_at_the_Olympics": 0.5995085995085995,
    "Dominican_Republic_at_the_Olympics": 0.5995085995085995,
    "Trinidad_and_Tobago_at_the_Olympics": 0.5995085995085995,
    "Kenya_at_the_Olympics": 0.5980392156862745,
    "Uganda_at_the_Olympics": 0.5980392156862745,
    "Georgia_at_the_Olympics": 0.5965770171149144,
    "Puerto_Rico_at_the_Olympics": 0.5951219512195122,
    "Vietnam_at_the_Olympics": 0.5951219512195122,
    "Fiji_at_the_Olympics": 0.5951219512195122,
    "Cuba_at_the_Olympics": 0.5907990314769975,
    "Uruguay_at_the_Olympics": 0.5893719806763285,
    "Belarus_at_the_Olympics": 0.5879518072289157,
    "Indonesia_at_the_Olympics": 0.5823389021479713,
    "Chile_at_the_Olympics": 0.5795724465558195,
    "Colombia_at_the_Olympics": 0.5781990521327014,
    "Kazakhstan_at_the_Olympics": 0.5768321513002365,
    "Lithuania_at_the_Olympics": 0.5768321513002365,
    "Armenia_at_the_Olympics": 0.5754716981132075,
    "Chinese_Taipei_at_the_Olympics": 0.574468085106383,
    "Bulgaria_at_the_Olympics": 0.5714285714285714,
    "Tunisia_at_the_Olympics": 0.5648148148148148,
    "Benin_at_the_Olympics": 0.5648148148148148,
    "Cyprus_at_the_Olympics": 0.5635103926096998,
    "Romania_at_the_Olympics": 0.5622119815668203,
    "Slovakia_at_the_Olympics": 0.5609195402298851,
    "Algeria_at_the_Olympics": 0.5596330275229358,
    "Austria_at_the_Olympics": 0.5596330275229358,
    "Angola_at_the_Olympics": 0.5583524027459954,
    "Croatia_at_the_Olympics": 0.5583524027459954,
    "Azerbaijan_at_the_Olympics": 0.5570776255707762,
    "Switzerland_at_the_Olympics": 0.5570776255707762,
    "Portugal_at_the_Olympics": 0.5570776255707762,
    "Poland_at_the_Olympics": 0.5570776255707762,
    "Pakistan_at_the_Olympics": 0.5558086560364465,
    "Ireland_at_the_Olympics": 0.5558086560364465,
    "South_Korea_at_the_Olympics": 0.5558086560364465,
    "Germany_at_the_Summer_Olympics": 0.5535307517084282,
    "South_Africa_at_the_Olympics": 0.5532879818594104,
    "Finland_at_the_Olympics": 0.5532879818594104,
    "Mexico_at_the_Olympics": 0.5495495495495496,
    "Yugoslavia_at_the_Olympics": 0.5483146067415731,
    "Denmark_at_the_Olympics": 0.5483146067415731,
    "Czech_Republic_at_the_Olympics": 0.547085201793722,
    "Philippines_at_the_Olympics": 0.5434298440979956,
    "Argentina_at_the_Olympics": 0.5434298440979956,
    "Ukraine_at_the_Olympics": 0.5422222222222223,
    "Egypt_at_the_Olympics": 0.5408388520971302,
    "Czechoslovakia_at_the_Olympics": 0.5398230088495575,
    "Andorra_at_the_Olympics": 0.5362637362637362,
    "Thailand_at_the_Olympics": 0.5304347826086957,
    "East_Germany_at_the_Olympics": 0.524731182795699,
    "Venezuela_at_the_Olympics": 0.5213675213675214,
    "Iran_at_the_Olympics": 0.5202558635394456,
    "List_of_participating_nations_at_the_Winter_Olympic_Games": 0.5136268343815513,
    "List_of_participating_nations_at_the_Summer_Olympic_Games": 0.5136268343815513,
    "New_Zealand_at_the_Olympics": 0.5104602510460251,
    "Turkey_at_the_Olympics": 0.5030800821355236,
    "Greece_at_the_Olympics": 0.5020491803278688,
    "Norway_at_the_Olympics": 0.5,
    "Brazil_at_the_Olympics": 0.4899598393574297,
    "Unified_Team_at_the_Olympics": 0.48023715415019763,
    "China_at_the_Olympics": 0.47843137254901963,
    "Spain_at_the_Olympics": 0.47470817120622566,
    "Japan_at_the_Olympics": 0.47195357833655704,
    "Estonia_at_the_Olympics": 0.46387832699619774,
    "France_at_the_Olympics": 0.4612476370510397,
    "Italy_at_the_Olympics": 0.457089552238806,
    "Soviet_Union_at_the_Olympics": 0.45018450184501846,
    "Russia_at_the_Olympics": 0.4485294117647059,
    "Sweden_at_the_Olympics": 0.4375,
    "Australia_at_the_Winter_Olympics": 0.4364937388193202,
    "Australia_at_the_Olympics": 0.4364937388193202,
    "Great_Britain_at_the_Olympics": 0.43209876543209874,
    "Hungary_at_the_Olympics": 0.4295774647887324,
    "Belgium_at_the_Olympics": 0.4152542372881356,
    "Germany_at_the_Olympics": 0.41496598639455784,
    "India_at_the_Olympics": 0.3824451410658307,
    "Albania_at_the_Olympics": 0.38125,
    "Canada_at_the_Summer_Olympics": 0.36676646706586824,
    "West_Indies_Federation": 0.34129213483146065,
    "Canada_at_the_Olympics": 0.34075104311543813,
    "Canada_at_the_Winter_Olympics": 0.34075104311543813,
    "United_States_at_the_Olympics": 0.31362467866323906,
    "Netherlands_national_racquetball_team": 0.21693121693121692,
    "Netherlands_national_men's_squash_team": 0.21693121693121692,
    "Netherlands_national_women's_squash_team": 0.21693121693121692,
    "Netherlands_national_under-17_football_team": 0.1920374707259953,
    "Netherlands_men's_national_under-18_ice_hockey_team": 0.18807339449541285,
    "Netherlands_national_korfball_team": 0.18764302059496568,
    "Netherlands_national_baseball_team": 0.16015625,
    "Netherlands_men's_national_volleyball_team": 0.14642857142857144,
    "Netherlands_at_the_Paralympics": 0.1431064572425829,
    "Netherlands_women's_national_football_team": 0.13898305084745763,
    "Winter_Olympic_Games": 0.13810597519729426,
    "Summer_Olympic_Games": 0.1373534338358459,
    "Netherlands_at_the_1908_Summer_Olympics": 0.13681592039800994,
    "Netherlands_at_the_1920_Summer_Olympics": 0.13447432762836187,
    "Netherlands_at_the_1928_Summer_Olympics": 0.1320754716981132,
    "Netherlands_at_the_1924_Summer_Olympics": 0.12971698113207547,
    "Netherlands_Davis_Cup_team": 0.11404728789986092,
    "Netherlands_at_the_2000_Summer_Olympics": 0.09655172413793103,
    "Netherlands_at_the_2008_Summer_Olympics": 0.0958904109589041,
    "Netherlands_at_the_2012_Summer_Olympics": 0.09572649572649573,
    "Netherlands_national_football_team": 0.0739404869251578,
    "KNVB_Amateur_Cup": 0.0234192037470726,
    "KNVB_Reserve_Cup": 0.0234192037470726,
    "KNVB_District_Cup": 0.0234192037470726,
    "Eurovoetbal": 0.022727272727272728,
    "Yvonne_van_Gennip": 0.021367521367521368,
    "Football_in_the_Netherlands": 0.020202020202020204,
    "Johan_Cruijff_Shield": 0.019230769230769232,
    "Ard_Schenk": 0.018581081081081082,
    "List_of_football_stadiums_in_the_Netherlands": 0.018018018018018018,