{
    "Euroleague_Basketball": 1.0,
    "ULEB": 0.8893203883495145,
    "FIBA_European_Champions_Cup_and_Euroleague_records_and_statistics": 0.8679611650485437,
    "All-Euroleague_Team": 0.8679611650485437,
    "Euroleague_career_stats_leaders": 0.8679611650485437,
    "Alphonso_Ford_Trophy": 0.8262476894639557,
    "Euroleague_Final_Four_records": 0.8232044198895028,
    "Triple_Crown_(basketball)": 0.5514563106796116,
    "West_Asian_Basketball_League": 0.5338345864661654,
    "Legadue_Basket": 0.5191956124314442,
    "USSR_Premier_Basketball_League": 0.5144927536231884,
    "Korisliiga": 0.5135623869801085,
    "National_Basketball_League_(Malaysia)": 0.5080500894454383,
    "Divizia_A_(men's_basketball)": 0.5071428571428571,
    "2003\u201304_Serie_A_(basketball)": 0.4905008635578584,
    "Novo_Basquete_Brasil": 0.4863013698630137,
    "FIBA_Asia_Champions_Cup": 0.4838160136286201,
    "Israeli_Basketball_Super_League": 0.48217317487266553,
    "National_Basketball_League_(New_Zealand)": 0.4805414551607445,
    "FIBA_Saporta_Cup": 0.47634069400630913,
    "Lega_Basket_Serie_A": 0.4709784411276949,
    "Turkish_Basketball_League": 0.46557377049180326,
    "Dutch_Basketball_League": 0.46557377049180326,
    "FIBA_Intercontinental_Cup": 0.4570063694267516,
    "Montenegrin_Basketball_League": 0.45585874799357945,
    "Basketball_League_of_Serbia": 0.4500792393026941,
    "Eurocup_Basketball": 0.4398826979472141,
    "List_of_games_played_between_NBA_and_international_teams": 0.43243243243243246,
    "Greek_Basket_League": 0.4303030303030303,
    "Atlantic_Coast_Professional_Basketball_League": 0.43023255813953487,
    "Tobacco_Road_Basketball_League": 0.4269230769230769,
    "International_Basketball_League": 0.42366412213740456,
    "Independent_Basketball_Association": 0.42366412213740456,
    "American_Basketball_Association_(2000\u2013present)": 0.4220532319391635,
    "2010\u201311_Basketball_League_of_Serbia": 0.4180790960451977,
    "2011\u201312_Basketball_League_of_Serbia": 0.4180790960451977,
    "NBA_Development_League": 0.4170337738619677,
    "Premier_A_Slovenian_Basketball_League": 0.4165103189493433,
    "Torneo_Nacional_de_Ascenso": 0.4141791044776119,
    "2011\u201312_Slovenian_Basketball_League": 0.4113345521023766,
    "English_Basketball_League": 0.4088397790055249,
    "National_Basketball_League_(England)": 0.4088397790055249,
    "2012\u201313_Slovenian_Basketball_League": 0.40834845735027225,
    "Baloncesto_Superior_Nacional": 0.40808823529411764,
    "FIBA_Americas_League": 0.40585009140767825,
    "FIBA_Africa_Clubs_Champions_Cup": 0.40574506283662476,
    "2011\u201312_Korisliiga_season": 0.4014466546112116,
    "Liga_Nacional_de_Baloncesto_Profesional": 0.4,
    "Korvpalli_Meistriliiga": 0.39928057553956836,
    "2012\u201313_Basketball_League_of_Serbia": 0.39752650176678445,
    "Basketball_League_of_Serbia_B": 0.39431616341030196,
    "2013\u201314_Basketball_League_of_Serbia": 0.39267015706806285,
    "KBL_Finals": 0.3908450704225352,
    "Korean_Basketball_League": 0.3908450704225352,
    "2011\u201312_LNB_Pro_A_season": 0.39015817223198596,
    "2009\u201310_LNB_Pro_A_season": 0.39015817223198596,
    "2010\u201311_LNB_Pro_A_season": 0.39015817223198596,
    "2008\u201309_LNB_Pro_A_season": 0.39015817223198596,
    "2007\u201308_LNB_Pro_A_season": 0.39015817223198596,
    "2006\u201307_LNB_Pro_A_season": 0.39015817223198596,
    "Basketball_League_Belgium": 0.3894736842105263,
    "BAI_Basket": 0.3867595818815331,
    "2010\u201311_Israeli_Basketball_Super_League": 0.38608695652173913,
    "2011\u201312_Israeli_Basketball_Super_League": 0.38608695652173913,
    "2011\u201312_Lega_Basket_Serie_A": 0.38341968911917096,
    "2010\u201311_Turkish_Basketball_League": 0.38078902229845624,
    "2011\u201312_Turkish_Basketball_League": 0.38078902229845624,
    "2011_LDB": 0.3801369863013699,
    "LNB_Pro_A": 0.37948717948717947,
    "Basketball_Bundesliga": 0.37796610169491524,
    "2011\u201312_A-1_League": 0.3769100169779287,
    "2010\u201311_A-1_League": 0.3769100169779287,
    "Ukrainian_Basketball_SuperLeague": 0.3712374581939799,
    "British_Basketball_League": 0.3712374581939799,
    "2012\u201313_Israeli_Basketball_Super_League": 0.36885245901639346,
    "2012\u201313_Lega_Basket_Serie_A": 0.36644951140065146,
    "Liga_Nacional_de_B\u00e1squet": 0.3645320197044335,
    "2012\u201313_Turkish_Basketball_League": 0.3640776699029126,
    "2013\u201314_Turkish_Basketball_League": 0.36,
    "National_Basketball_League_(Australasia)": 0.3333333333333333,
    "VTB_United_League": 0.32791728212703103,
    "Liga_Sudamericana": 0.32220609579100146,
    "Euroleague_MVP_of_the_Month": 0.32038834951456313,
    "List_of_Euroleague_Basketball_arenas": 0.32038834951456313,
    "Liga_Espa\u00f1ola_de_Baloncesto": 0.3203463203463203,
    "FIBA_Asia": 0.31852654387865653,
    "1992\u201393_FIBA_European_League": 0.3125,
    "1995\u201396_FIBA_European_League": 0.3125,
    "1990\u201391_FIBA_European_Champions_Cup": 0.3113207547169811,
    "ABA_League": 0.30536451169188444,
    "Liga_ACB": 0.3024523160762943,
    "FIBA": 0.2948846539618857,
    "2007\u201308_Euroleague": 0.289198606271777,
    "2007\u201308_Euroleague_Final_Four": 0.28846153846153844,
    "2006\u201307_Euroleague": 0.2881944444444444,
    "Euroleague_2006\u201307_Final": 0.2874564459930314,
    "2010\u201311_Euroleague": 0.2857142857142857,
    "Euroleague_2010\u201311_qualifying_rounds": 0.2857142857142857,
    "Euroleague_Basketball_Nike_International_Junior_Tournament": 0.28429752066115704,
    "Euroleague_2009\u201310_season_attendance_figures": 0.28376068376068375,
    "2011\u201312_Euroleague": 0.2752902155887231,
    "Euroleague_Final_Four": 0.2644230769230769,
    "Euroleague_Finals": 0.2644230769230769,
    "2012\u201313_Euroleague": 0.2616822429906542,
    "Euroleague_Final_Four_MVP": 0.2578125,
    "2013\u201314_Euroleague": 0.25771604938271603,
    "National_Basketball_Association": 0.2420937840785169,
    "Albany_Legends": 0.2187192118226601,
    "FIBA_World_Olympic_Qualifying_Tournament_for_Men_2008_squads": 0.13627992633517497,
    "Vanuatu_national_basketball_team": 0.13214285714285715,
    "William_Jones_Cup": 0.1318864774624374,
    "North_Korea_national_basketball_team": 0.1260647359454855,
    "FIBA_World_Rankings": 0.12396694214876033,
    "Sri_Lanka_national_basketball_team": 0.12374581939799331,
    "Basketball_at_the_Summer_Universiade": 0.12363067292644757,
    "History_of_the_FIBA_Basketball_World_Cup": 0.12333333333333334,
    "Southeast_Asia_Basketball_Association": 0.12251655629139073,
    "2009_FIBA_Asia_Championship": 0.11993517017828201,
    "FIBA_Africa_Championship_2009": 0.11993517017828201,
    "Basketball_at_the_Southeast_Asian_Games": 0.11897590361445783,
    "FIBA_EuroBasket": 0.11688311688311688,
    "Portugal_national_basketball_team": 0.11635220125786164,
    "FIBA_Basketball_World_Cup_records": 0.1150855365474339,
    "Sweden_national_basketball_team": 0.11367127496159754,
    "FIBA_EuroBasket_2007": 0.11044776119402985,
    "FIBA_Europe_Under-16_Championship_for_Women": 0.10128617363344052,
    "Olympiacos_B.C.": 0.10052219321148825,
    "Basketball_at_the_Summer_Olympics": 0.09815950920245399,
    "BC_\u017dalgiris": 0.09742120343839542,
    "PBC_CSKA_Moscow": 0.09587217043941411,
    "List_of_Panathinaikos_B.C._seasons": 0.09069767441860466,
    "Panathinaikos_B.C.": 0.09069767441860466,
    "Eurocup_Basketball_2011\u201312_Qualifying_Round": 0.08566433566433566,
    "Joventut_Badalona": 0.0850253807106599,
    "2007\u201308_ULEB_Cup": 0.08445945945945946,
    "Eurocup_Basketball_Awards": 0.08376068376068375,
    "Real_Madrid_Baloncesto": 0.07636738906088751,
    "FIBA_Kora\u0107_Cup": 0.06891025641025642,
    "FIBA_South_America_Under-15_Championship_for_Women": 0.05017921146953405,
    "List_of_Australian_WNBA_players": 0.04753820033955857,
    "Turkey_men's_national_under-20_basketball_team": 0.04492512479201331,