{
    "Dirty_Mind_Tour": 1.0,
    "Controversy_Tour": 1.0,
    "1999_Tour": 1.0,
    "Under_the_Cherry_Moon_Tour": 1.0,
    "Sign_o'_the_Times_Tour": 1.0,
    "Nude_Tour": 1.0,
    "Diamonds_and_Pearls_Tour": 1.0,
    "The_Ultimate_Live_Experience": 1.0,
    "Welcome_2": 1.0,
    "Lovesexy_Tour": 1.0,
    "Prince_Tour": 1.0,
    "Prince_associates": 1.0,
    "The_New_Power_Generation": 0.9523809523809523,
    "Purple_Rain_Tour": 0.8450704225352113,
    "Prince_videography": 0.3448275862068966,
    "Act_I_and_II": 0.078125,
    "Jam_of_the_Year_Tour": 0.078125,
    "Love_4_One_Another_Charities_Tour": 0.078125,
    "Prince_(musician)": 0.078125,
    "Sex_on_Fire": 0.012578616352201259,
    "The_Most_Beautiful_Girl_in_the_World_(Prince_song)": 0.011363636363636364,
    "Laz_Alonso": 0.010638297872340425,
    "One_of_Us_(Joan_Osborne_song)": 0.010526315789473684,
    "Eye_of_the_Tiger": 0.010101010101010102
}