{
    "108_Stars_of_Destiny_(Suikoden)": 1.0,
    "List_of_Guitar_Freaks_and_Drum_Mania_songs": 0.8378378378378378,
    "Goemon_(series)": 0.6595744680851063,
    "Parodius_music": 0.5740740740740741,
    "Beatmania_IIDX_12:_Happy_Sky": 0.5688073394495413,
    "Beatmania_IIDX_11_IIDXRED": 0.5688073394495413,
    "Beatmania_IIDX_15:_DJ_Troopers": 0.5688073394495413,
    "List_of_Karaoke_Revolution_songs": 0.5344827586206896,
    "Pro_Evolution_Soccer": 0.5,
    "Metal_Gear": 0.4460431654676259,
    "Tokimeki_Memorial_(series)": 0.35428571428571426,
    "List_of_Teenage_Mutant_Ninja_Turtles_video_games": 0.2938388625592417,
    "List_of_Castlevania_monsters_and_bosses": 0.16711590296495957,
    "Castlevania": 0.16711590296495957,
    "DreamMix_TV_World_Fighters": 0.032036613272311214,
    "Sunday_VS_Magazine:_Sh\u016bketsu!_Ch\u014dj\u014d_Daikessen": 0.030927835051546393,
    "List_of_Beatmania_video_games": 0.01834862385321101,
    "Beatmania_IIDX_16:_Empress": 0.01834862385321101,
    "Beatmania_(2006_video_game)": 0.01834862385321101,
    "Beatmania_IIDX_17:_Sirius": 0.01834862385321101,
    "Origin:_Spirits_of_the_Past": 0.011904761904761904,
    "Wonder_Boy_in_Monster_Land": 0.011363636363636364,
    "List_of_Ys_media": 0.01020408163265306
}