{
    "Evenks": 1.0,
    "Nanai_people": 0.7798408488063661,
    "Sui_people": 0.4005305039787798,
    "List_of_ethnic_groups_in_Russia": 0.3819628647214854,
    "List_of_minor_indigenous_peoples_of_Russia": 0.3819628647214854,
    "She_people": 0.3586698337292161,
    "Kurds_in_Russia": 0.35121951219512193,
    "Bouyei_people": 0.3424036281179138,
    "Miao_people": 0.3424036281179138,
    "Russians_in_China": 0.3282608695652174,
    "Tujia_people": 0.3119834710743802,
    "Zhuang_people": 0.3119834710743802,
    "Ethnic_groups_in_Chinese_history": 0.3119834710743802,
    "Armenians_in_Russia": 0.30655391120507397,
    "History_of_the_Jews_in_Russia": 0.28431372549019607,
    "Manchu_people": 0.2773972602739726,
    "Georgians": 0.17504051863857376,
    "Demographics_of_China": 0.15995762711864406,
    "List_of_ethnic_groups_in_China": 0.15109343936381708,
    "List_of_Mongolian_states": 0.08733624454148471,
    "Eastern_Catholic_Churches": 0.08333333333333333,
    "Pontic_Greeks": 0.08216432865731463,
    "Turkish_people": 0.08017492711370262,
    "Azerbaijanis_in_Georgia": 0.07561436672967864,
    "Greeks": 0.07035175879396985,
    "Turks_in_the_Republic_of_Macedonia": 0.06260575296108291,
    "Demographics_of_Mongolia": 0.06119402985074627,
    "Turkic_peoples": 0.06041335453100159,
    "Timeline_of_the_Turkic_peoples_(500\u20131300)": 0.058098591549295774,
    "Turkology": 0.058098591549295774,
    "Bahri_dynasty": 0.055,
    "International_Organization_of_Turkic_Culture": 0.05084745762711865,
    "Turks_in_Europe": 0.04788213627992634,
    "Demographics_of_Europe": 0.04521276595744681,
    "Ethnic_groups_in_Europe": 0.04253112033195021,
    "Turkic_languages": 0.04171011470281543,
    "Ili_Kazakh_Autonomous_Prefecture": 0.03411513859275053,
    "Turks_in_Russia": 0.033663366336633666,
    "Honghe_Hani_and_Yi_Autonomous_Prefecture": 0.03347280334728033,
    "Dali_Bai_Autonomous_Prefecture": 0.032563025210084036,
    "Ngawa_Tibetan_and_Qiang_Autonomous_Prefecture": 0.03213242453748783,
    "Malankara_Orthodox_Syrian_Church": 0.03040173724212812,
    "Anatolian_beyliks": 0.02990325417766051,
    "Ethnic_minorities_in_Armenia": 0.0286368843069874,
    "East_Asian_Football_Federation": 0.02608695652173913,
    "Great_Seljuq_Empire": 0.02477632484514797,
    "Eucharist": 0.024574669187145556,
    "Political_mutilation_in_Byzantine_culture": 0.024271844660194174,
    "Old_Testament": 0.024147727272727272,
    "Naga_people": 0.023715415019762844,
    "Christianity_by_country": 0.023636363636363636,
    "List_of_largest_church_buildings_in_the_world": 0.02355072463768116,
    "List_of_oldest_church_buildings": 0.02355072463768116,
    "Byzantine_mints": 0.023510971786833857,
    "United_Pentecostal_Church_International": 0.023508137432188065,
    "China\u2013Japan\u2013South_Korea_trilateral_summit": 0.02262443438914027,
    "Arctic_cooperation_and_politics": 0.022494887525562373,
    "Theme_(Byzantine_district)": 0.02242152466367713,
    "Domestic_of_the_Schools": 0.022354694485842028,
    "Drungary_of_the_Watch": 0.022189349112426034,
    "Despot_(court_title)": 0.022189349112426034,
    "Miyamoto_Musashi": 0.02158273381294964,
    "Biblical_canon": 0.021101992966002344,
    "Books_of_the_Bible": 0.021101992966002344,
    "Empire_of_Trebizond": 0.02109704641350211,
    "Megas_doux": 0.020604395604395604,
    "East_Asian_Games": 0.020604395604395604,
    "Southern_Baptist_Convention_Presidents": 0.02047244094488189,
    "List_of_Church_Fathers": 0.02047244094488189,
    "Chinese_calendar": 0.02,
    "Eastern_Orthodox_Church_by_country": 0.0196078431372549,
    "Crypto-Armenians": 0.01949317738791423,
    "Lutheran_World_Federation_(The)": 0.01906158357771261,
    "Patriarch": 0.0182648401826484,
    "Arctic_Circle": 0.018151815181518153,
    "Uyghur_language": 0.01797175866495507,
    "List_of_Roman_and_Byzantine_Empresses": 0.017942583732057416,
    "Demographics_of_Thailand": 0.01791044776119403,
    "South_Korea": 0.017878426698450536,
    "Serbian_Orthodox_Church": 0.01784197111299915,
    "Baptism": 0.01761006289308176,
    "List_of_Byzantine_emperors": 0.017584994138335287,
    "North_Korea": 0.017462165308498253,
    "List_of_tallest_church_buildings_in_the_world": 0.017241379310344827,
    "Evenki_language": 0.01699346405228758,
    "Nunavut": 0.016845329249617153,
    "Gelao_language": 0.016706443914081145,
    "List_of_gnostic_terms": 0.01639344262295082,
    "Hong_Kong_Cantonese": 0.01591187270501836,
    "Xiang_Chinese": 0.015399422521655439,
    "Apostle_(Christian)": 0.015116279069767442,
    "Ethnic_Malays": 0.015037593984962405,
    "Spanish_Inquisition": 0.014942528735632184,
    "Arctic_Winter_Games": 0.014824797843665768,
    "Christianity_in_Turkey": 0.014414414414414415,
    "Scandinavian_American": 0.014173228346456693,
    "List_of_varieties_of_Chinese": 0.01407035175879397,
    "List_of_Orthodox_churches_in_Toronto": 0.014040561622464899,
    "Mandarin_Chinese": 0.013799448022079117,
    "Mangalorean_Catholics": 0.013756613756613757,
    "Armenian_Catholic_Church": 0.013501350135013501,
    "Goan_Catholics": 0.013499480789200415,
    "Arctic_Cordillera": 0.013285024154589372,
    "Ethnic_demography_of_Kazakhstan": 0.012903225806451613,
    "Nisoish_languages": 0.012598425196850394,
    "Religion_in_Turkey": 0.011976047904191617,
    "Iranian_peoples": 0.011904761904761904,
    "Demographics_of_Turkey": 0.011904761904761904,
    "Catholic_Bible": 0.011695906432748537,
    "List_of_people_who_have_been_considered_deities": 0.01167728237791932,
    "Religious_symbol": 0.01167728237791932,
    "Major_religious_groups": 0.01167728237791932,
    "Shamanism_in_Siberia": 0.01167728237791932,
    "List_of_religious_populations": 0.01167728237791932,
    "Biblical_manuscript": 0.011516314779270634,
    "Dating_the_Bible": 0.011516314779270634,
    "Persian_people": 0.011494252873563218,
    "Importance_of_religion_by_country": 0.011434511434511435,
    "Religions_by_country": 0.01142263759086189,
    "Afro-American_religion": 0.011265164644714038,
    "Book_of_Malachi": 0.01107011070110701,
    "List_of_founders_of_religious_traditions": 0.011055276381909548,
    "Book_of_Mormon": 0.010942760942760943,
    "Vulgate": 0.0109204368174727,
    "Irreligion": 0.010901883052527254,
    "Wenshan_Zhuang_and_Miao_Autonomous_Prefecture": 0.010615711252653927,
    "List_of_Mongol_khatuns": 0.010507880910683012,
    "Constantine_the_Great": 0.01008827238335435
}