{
    "USA_Today_Minor_League_Player_of_the_Year_Award": 1.0,
    "Baseball_America_Minor_League_Player_of_the_Year_Award": 0.18032786885245902,
    "Hank_Aaron_Award": 0.06593406593406594,
    "List_of_Silver_Slugger_Award_winners_at_first_base": 0.06172839506172839,
    "List_of_first_overall_Major_League_Baseball_draft_picks": 0.034482758620689655,
    "Frank_Howard_(baseball)": 0.027777777777777776,
    "List_of_Silver_Slugger_Award_winners_at_outfield": 0.025974025974025976,
    "Warren_Spahn_Award": 0.02564102564102564,
    "List_of_Silver_Slugger_Award_winners_at_shortstop": 0.025,
    "Major_League_Baseball_Rookie_of_the_Year_Award": 0.023809523809523808,
    "Luis_Aparicio_Award": 0.022727272727272728,
    "Brooks_Wallace_Award": 0.02,
    "Joe_Bauman_Home_Run_Award": 0.02,
    "Albert_Pujols": 0.0199203187250996,
    "Derek_Jeter": 0.018092105263157895,
    "Dick_Howser_Trophy": 0.017241379310344827,
    "Pacific_Coast_League_Most_Valuable_Player_Award": 0.01639344262295082,
    "Baseball_America_College_Player_of_the_Year_Award": 0.016260162601626018,
    "Golden_Spikes_Award": 0.015873015873015872,
    "Ryan_Braun": 0.014583333333333334,
    "Southeastern_Conference_Baseball_Pitcher_of_the_Year": 0.014285714285714285,
    "List_of_Tampa_Bay_Rays_first-round_draft_picks": 0.014150943396226415,
    "List_of_Major_League_Baseball_runs_batted_in_champions": 0.01366120218579235,
    "Cy_Young_Award": 0.013422818791946308,
    "Brad_Mills_(manager)": 0.013333333333333334,
    "Major_League_Baseball_All-Star_Game_Most_Valuable_Player_Award": 0.013157894736842105,
    "Mariano_Rivera": 0.01288659793814433,
    "2002_Major_League_Baseball_Draft": 0.012345679012345678,
    "List_of_Gold_Glove_Award_winners_at_first_base": 0.012195121951219513,
    "Ryan_Howard": 0.011826544021024968,
    "League_Championship_Series_Most_Valuable_Player_Award": 0.011673151750972763,
    "2005_Major_League_Baseball_Draft": 0.011428571428571429,
    "List_of_Silver_Slugger_Award_winners_at_third_base": 0.011363636363636364,
    "List_of_Major_League_Baseball_home_run_champions": 0.011267605633802818,
    "2007_Major_League_Baseball_Draft": 0.011111111111111112,
    "List_of_Tampa_Bay_Rays_Opening_Day_starting_pitchers": 0.011049723756906077
}