{
    "PBA_Philippine_Cup": 1.0,
    "2010\u201311_PBA_Philippine_Cup": 0.5925925925925926,
    "List_of_venues_played_by_the_Philippine_Basketball_Association": 0.36231884057971014,
    "25_Greatest_Players_in_PBA_History": 0.36231884057971014,
    "Philippine_Basketball_Association_opening_ceremonies": 0.36231884057971014,
    "List_of_Philippine_Basketball_Association_champions": 0.36231884057971014,
    "List_of_PBA_seasons": 0.36231884057971014,
    "All-time_Philippine_Basketball_Association_team_standings": 0.36231884057971014,
    "1989_Presto_Ice_Cream_Makers_season": 0.34394904458598724,
    "1992_Presto_Ice_Cream_season": 0.34394904458598724,
    "1980_Toyota_Tamaraws_season": 0.34375,
    "2008_PBA_Fiesta_Conference": 0.33540372670807456,
    "2009_PBA_Fiesta_Conference": 0.33540372670807456,
    "2007_PBA_Fiesta_Conference": 0.33540372670807456,
    "2010_PBA_Fiesta_Conference": 0.3333333333333333,
    "1981_Toyota_Super_Diesels_season": 0.3333333333333333,
    "1981_YCO-Tanduay_season": 0.3333333333333333,
    "List_of_Philippine_Basketball_Association_retired_jersey_numbers": 0.32679738562091504,
    "1992_Swift_Mighty_Meaties_season": 0.3218390804597701,
    "Philippine_Basketball_Association_Sportsmanship_Award": 0.32051282051282054,
    "List_of_defunct_Philippine_Basketball_Association_teams": 0.31645569620253167,
    "1980_Walk_Tall_Jeansmakers_season": 0.30526315789473685,
    "2012_PBA_Commissioner's_Cup": 0.3050847457627119,
    "2012_PBA_Governors'_Cup": 0.3050847457627119,
    "2013_PBA_Commissioner's_Cup": 0.3050847457627119,
    "2013_PBA_Governors'_Cup": 0.3050847457627119,
    "Philippine_Basketball_Association_Most_Valuable_Player_award": 0.3048780487804878,
    "2011_PBA_Commissioner's_Cup": 0.30337078651685395,
    "2011_PBA_Governors'_Cup": 0.30337078651685395,
    "1990_Formula_Shell_Zoom_Masters_season": 0.3027027027027027,
    "1992_Shell_Rimula_X_season": 0.3027027027027027,
    "1989_Formula_Shell_Zoom_Masters_season": 0.3027027027027027,
    "1988_Shell_Rimula_X_season": 0.2994652406417112,
    "1989_Purefoods_Hotdogs_season": 0.2923728813559322,
    "1994_Purefoods_Tender_Juicy_Hotdogs_season": 0.2911392405063291,
    "2009_PBA_All-Star_Weekend": 0.2887700534759358,
    "2007\u201308_PBA_season": 0.2857142857142857,
    "2008\u201309_PBA_season": 0.2857142857142857,
    "2008\u201309_Burger_King_Whoppers_season": 0.2857142857142857,
    "2009\u201310_PBA_season": 0.2857142857142857,
    "2006\u201307_PBA_season": 0.2857142857142857,
    "PBA_Commissioner's_Cup": 0.2840909090909091,
    "PBA_Governors'_Cup": 0.2840909090909091,
    "2013_PBA_All-Star_Weekend": 0.28125,
    "NLEX_Road_Warriors": 0.2808988764044944,
    "PBA_Hall_of_Fame": 0.27932960893854747,
    "2004\u201305_PBA_season": 0.27918781725888325,
    "1980_U-Tex_Wranglers_season": 0.27860696517412936,
    "2011\u201312_PBA_season": 0.27860696517412936,
    "2012\u201313_PBA_season": 0.27860696517412936,
    "2010\u201311_PBA_season": 0.27722772277227725,
    "2000_PBA_season": 0.27722772277227725,
    "2002_PBA_season": 0.27586206896551724,
    "2007_PBA_draft": 0.2755102040816326,
    "2008_PBA_draft": 0.2755102040816326,
    "2009_PBA_draft": 0.2755102040816326,
    "2006_PBA_draft": 0.2755102040816326,
    "2004_PBA_Fiesta_Conference": 0.2722772277227723,
    "2008\u201309_Barangay_Ginebra_Kings_season": 0.2708333333333333,
    "2001_PBA_draft": 0.27,
    "2000_PBA_draft": 0.27,
    "2011_PBA_draft": 0.27,
    "1992_7-Up_Uncolas_season": 0.26991150442477874,
    "1989_A\u00f1ejo_Rum_65ers_season": 0.2697095435684647,
    "2004_PBA_draft": 0.26903553299492383,
    "1990_Alaska_Air_Force_season": 0.2689075630252101,
    "1989_Alaska_Air_Force_season": 0.2689075630252101,
    "1994_Alaska_Milkmen_season": 0.2689075630252101,
    "1993_Alaska_Milkmen_season": 0.2689075630252101,
    "1992_Alaska_Milkmen_season": 0.2689075630252101,
    "1993_7-Up_Uncolas_season": 0.2687224669603524,
    "2010_PBA_draft": 0.26865671641791045,
    "1990_A\u00f1ejo_Rum_65ers_season": 0.26859504132231404,
    "1992_Ginebra_San_Miguel_season": 0.26859504132231404,
    "1993_Ginebra_San_Miguel_season": 0.26859504132231404,
    "1990_Pepsi_Hotshots_season": 0.2675438596491228,
    "2002_PBA_draft": 0.26732673267326734,
    "1994_Tonde\u00f1a_65_Rhum_Masters_season": 0.26639344262295084,
    "2003_PBA_draft": 0.2660098522167488,
    "1981_U-Tex_Wranglers_season": 0.26262626262626265,
    "1988_A\u00f1ejo_Rum_65ers_season": 0.26229508196721313,
    "1991_Ginebra_San_Miguel_season": 0.2581967213114754,
    "1988_San_Miguel_Beermen_season": 0.25769230769230766,
    "1991_Alaska_Milkmen_season": 0.2572614107883817,
    "1990_San_Miguel_Beermen_season": 0.2567049808429119,
    "1989_San_Miguel_Beermen_season": 0.2558139534883721,
    "1991_Pepsi_Hotshots_season": 0.2554112554112554,
    "1993_San_Miguel_Beermen_season": 0.2548262548262548,
    "1992_San_Miguel_Beermen_season": 0.2548262548262548,
    "1994_San_Miguel_Beermen_season": 0.25190839694656486,
    "1981_Crispa_Redmanizers_season": 0.24888888888888888,
    "1991_San_Miguel_Beermen_season": 0.24621212121212122,
    "Philippine_Basketball_Association_draft": 0.2336448598130841,
    "Philippine_Basketball_Association_All-Star_Weekend": 0.20883534136546184,
    "1993_Coney_Island_Ice_Cream_Stars_season": 0.08936170212765958,
    "1990_Purefoods_Hotdogs_season": 0.08898305084745763,
    "1992_Purefoods_Tender_Juicy_Hotdogs_season": 0.08898305084745763,
    "1988_Purefoods_Hotdogs_season": 0.08860759493670886,
    "1991_Purefoods_Hotdogs_season": 0.07883817427385892,
    "List_of_San_Mig_Coffee_Mixers_seasons": 0.07692307692307693,
    "2007\u201308_PBA_Philippine_Cup_Finals": 0.07581227436823104,
    "San_Mig_Coffee_Mixers_all-time_roster": 0.07003891050583658,
    "1990_Pop_Cola_Sizzlers_season": 0.046511627906976744,
    "List_of_Talk_'N_Text_Tropang_Texters_seasons": 0.04424778761061947,
    "Talk_'N_Text_Tropang_Texters_all-time_roster": 0.040983606557377046,
    "1990_Presto_Tivolis_season": 0.04040404040404041,
    "1993_Swift_Mighty_Meaties_season": 0.040229885057471264,
    "1994_Swift_Mighty_Meaties_season": 0.03977272727272727,
    "1993_Shell_Helix_Oilers_season": 0.03763440860215054,
    "1994_Shell_Rimula_X_season": 0.03723404255319149,
    "1991_Shell_Rimula_X_season": 0.03508771929824561,
    "2012_PBA_draft": 0.035,
    "2013_PBA_draft": 0.035,
    "Manuel_V._Pangilinan": 0.03361344537815126,
    "1991_Diet_Sarsi_Sizzlers_season": 0.03211009174311927,
    "1988_Presto_Ice_Cream_Makers_season": 0.031446540880503145,
    "1993_Sta._Lucia_Realtors_season": 0.031413612565445025,
    "1994_Sta._Lucia_Realtors_season": 0.031088082901554404,
    "1991_Tivoli_Milkmasters_season": 0.029850746268656716,
    "1981_Presto_Fun_Drinks_season": 0.019230769230769232,
    "Rain_or_Shine_Elasto_Painters_all-time_roster": 0.019138755980861243,
    "Powerade_Tigers_draft_history": 0.018633540372670808,
    "Vergel_Meneses": 0.01808785529715762,
    "Rain_or_Shine_Elasto_Painters_draft_history": 0.01764705882352941,
    "Philippine_Basketball_Association_Best_Player_of_the_Conference_Award": 0.016483516483516484,
    "Philippine_Basketball_Association_Finals_Most_Valuable_Player_Award": 0.016042780748663103,
    "2012_PBA_D-League_Aspirant's_Cup": 0.010810810810810811,
    "National_Athletic_Association_of_Schools,_Colleges_and_Universities": 0.010256410256410256,
    "Philippine_Centennial_Team": 0.010256410256410256
}