{
    "Hors_cat\u00e9gorie": 1.0,
    "Champs-\u00c9lys\u00e9es_stage_in_the_Tour_de_France": 1.0,
    "2000_Tour_de_France": 0.9801324503311258,
    "1995_Tour_de_France": 0.9801324503311258,
    "1996_Tour_de_France": 0.9801324503311258,
    "1997_Tour_de_France": 0.9801324503311258,
    "1988_Tour_de_France": 0.9801324503311258,
    "1989_Tour_de_France": 0.9801324503311258,
    "1990_Tour_de_France": 0.9801324503311258,
    "1991_Tour_de_France": 0.9801324503311258,
    "1992_Tour_de_France": 0.9801324503311258,
    "1993_Tour_de_France": 0.9801324503311258,
    "1994_Tour_de_France": 0.9801324503311258,
    "1939_Tour_de_France": 0.9801324503311258,
    "1914_Tour_de_France": 0.9801324503311258,
    "1905_Tour_de_France": 0.9801324503311258,
    "1906_Tour_de_France": 0.9801324503311258,
    "1907_Tour_de_France": 0.9801324503311258,
    "1929_Tour_de_France": 0.9801324503311258,
    "1923_Tour_de_France": 0.9801324503311258,
    "1934_Tour_de_France": 0.9801324503311258,
    "1910_Tour_de_France": 0.9801324503311258,
    "1926_Tour_de_France": 0.9801324503311258,
    "1982_Tour_de_France": 0.9801324503311258,
    "1908_Tour_de_France": 0.9801324503311258,
    "1909_Tour_de_France": 0.9801324503311258,
    "1911_Tour_de_France": 0.9801324503311258,
    "1920_Tour_de_France": 0.9801324503311258,
    "1912_Tour_de_France": 0.9801324503311258,
    "1947_Tour_de_France": 0.9801324503311258,
    "1938_Tour_de_France": 0.9801324503311258,
    "1913_Tour_de_France": 0.9801324503311258,
    "1919_Tour_de_France": 0.9801324503311258,
    "1921_Tour_de_France": 0.9801324503311258,
    "1922_Tour_de_France": 0.9801324503311258,
    "2002_Tour_de_France": 0.9801324503311258,
    "1924_Tour_de_France": 0.9801324503311258,
    "1925_Tour_de_France": 0.9801324503311258,
    "1927_Tour_de_France": 0.9801324503311258,
    "1930_Tour_de_France": 0.9801324503311258,
    "1935_Tour_de_France": 0.9801324503311258,
    "1936_Tour_de_France": 0.9801324503311258,
    "1937_Tour_de_France": 0.9801324503311258,
    "1931_Tour_de_France": 0.9801324503311258,
    "1932_Tour_de_France": 0.9801324503311258,
    "1933_Tour_de_France": 0.9801324503311258,
    "2008_Tour_de_France": 0.9801324503311258,
    "1999_Tour_de_France": 0.9736842105263158,
    "2001_Tour_de_France": 0.9736842105263158,
    "1928_Tour_de_France": 0.9736842105263158,
    "2003_Tour_de_France": 0.9673202614379085,
    "1998_Tour_de_France": 0.9673202614379085,
    "Combination_classification_in_the_Tour_de_France": 0.9487179487179487,
    "1984_Tour_de_France": 0.9367088607594937,
    "1948_Tour_de_France": 0.925,
    "1949_Tour_de_France": 0.9192546583850931,
    "1950_Tour_de_France": 0.9192546583850931,
    "1957_Tour_de_France": 0.9135802469135802,
    "1952_Tour_de_France": 0.9135802469135802,
    "1959_Tour_de_France": 0.9135802469135802,
    "1956_Tour_de_France": 0.9135802469135802,
    "1955_Tour_de_France": 0.9135802469135802,
    "1954_Tour_de_France": 0.9135802469135802,
    "1953_Tour_de_France": 0.9135802469135802,
    "1951_Tour_de_France": 0.9135802469135802,
    "Intermediate_sprints_classification_in_the_Tour_de_France": 0.9079754601226994,
    "1958_Tour_de_France": 0.9079754601226994,
    "2004_Tour_de_France": 0.891566265060241,
    "Tour_de_France_records_and_statistics": 0.891566265060241,
    "1960_Tour_de_France": 0.891566265060241,
    "Yellow_jersey_statistics": 0.891566265060241,
    "1966_Tour_de_France": 0.8809523809523809,
    "1971_Tour_de_France": 0.8809523809523809,
    "1968_Tour_de_France": 0.8809523809523809,
    "1963_Tour_de_France": 0.8809523809523809,
    "1970_Tour_de_France": 0.8757396449704142,
    "1964_Tour_de_France": 0.8757396449704142,
    "1972_Tour_de_France": 0.8705882352941177,
    "1969_Tour_de_France": 0.8705882352941177,
    "1967_Tour_de_France": 0.8705882352941177,
    "1962_Tour_de_France": 0.8654970760233918,
    "1974_Tour_de_France": 0.8654970760233918,
    "1973_Tour_de_France": 0.8654970760233918,
    "1965_Tour_de_France": 0.8654970760233918,
    "1961_Tour_de_France": 0.8654970760233918,
    "1975_Tour_de_France": 0.8604651162790697,
    "1976_Tour_de_France": 0.8604651162790697,
    "1978_Tour_de_France": 0.8505747126436781,
    "1977_Tour_de_France": 0.8505747126436781,
    "1979_Tour_de_France": 0.8457142857142858,
    "1980_Tour_de_France": 0.8409090909090909,
    "1981_Tour_de_France": 0.8409090909090909,
    "2009_Tour_de_France": 0.8361581920903954,
    "2010_Tour_de_France": 0.8361581920903954,
    "1983_Tour_de_France": 0.8361581920903954,
    "1985_Tour_de_France": 0.8314606741573034,
    "2011_Tour_de_France": 0.8314606741573034,
    "2007_Tour_de_France": 0.8314606741573034,
    "Team_classification_in_the_Tour_de_France": 0.8268156424581006,
    "2006_Tour_de_France": 0.8268156424581006,
    "2005_Tour_de_France": 0.8268156424581006,
    "1986_Tour_de_France": 0.8176795580110497,
    "2012_Tour_de_France": 0.8176795580110497,
    "1987_Tour_de_France": 0.8043478260869565,
    "Points_classification_in_the_Tour_de_France": 0.7914438502673797,
    "Young_rider_classification_in_the_Tour_de_France": 0.7872340425531915,
    "Mountains_classification_in_the_Tour_de_France": 0.74,
    "2014_Tour_de_France": 0.74,
    "2013_Tour_de_France": 0.7326732673267327,
    "Doping_at_the_Tour_de_France": 0.6491228070175439,
    "List_of_Tour_de_France_general_classification_winners": 0.6434782608695652,
    "List_of_Tour_de_France_secondary_classification_winners": 0.37092731829573933,
    "Federico_Bahamontes": 0.3425076452599388,
    "Bernard_Th\u00e9venet": 0.33217993079584773,
    "Lucien_Van_Impe": 0.3151862464183381,
    "Jean_Robic": 0.3106796116504854,
    "Charly_Gaul": 0.22267206477732793,
    "Team_Saxo-Tinkoff": 0.22178988326848248,
    "Grand_Tour_(cycling)": 0.2096317280453258,
    "U.S._Postal_Service_Pro_Cycling_Team": 0.1792452830188679,
    "Joop_Zoetemelk": 0.17229129662522202,
    "Patrick_Sercu": 0.16237113402061856,
    "Louison_Bobet": 0.16058394160583941,
    "Parc_des_Princes": 0.13381555153707053,
    "ONCE_(cycling_team)": 0.12837837837837837,
    "King_of_the_Mountains": 0.03614457831325301,
    "Triple_Crown_of_Cycling": 0.03614457831325301,
    "List_of_Grand_Tour_general_classification_winners": 0.03614457831325301,
    "Points_classification": 0.03614457831325301,
    "Vuelta_a_Espa\u00f1a_records_and_statistics": 0.02766798418972332,
    "List_of_Vuelta_a_Espa\u00f1a_general_classification_winners": 0.022364217252396165,
    "Pink_jersey_statistics": 0.020833333333333332,
    "2008_Tour_de_France,_Stage_1_to_Stage_11": 0.019867549668874173,
    "2008_Tour_de_France,_Stage_12_to_Stage_21": 0.019867549668874173,
    "2005_Tour_de_France,_Stage_1_to_Stage_11": 0.019867549668874173,
    "2005_Tour_de_France,_Stage_12_to_Stage_21": 0.019867549668874173,
    "2010_Tour_de_France,_Prologue_to_Stage_10": 0.019867549668874173,
    "2010_Tour_de_France,_Stage_11_to_Stage_20": 0.019867549668874173,
    "2011_Tour_de_France,_Stage_1_to_Stage_11": 0.019867549668874173,
    "2011_Tour_de_France,_Stage_12_to_Stage_21": 0.019867549668874173,
    "2012_Tour_de_France,_Prologue_to_Stage_10": 0.019867549668874173,
    "2012_Tour_de_France,_Stage_11_to_Stage_20": 0.019867549668874173,
    "2002_Tour_de_France,_Prologue_to_Stage_10": 0.019867549668874173,
    "2002_Tour_de_France,_Stage_11_to_Stage_20": 0.019867549668874173,
    "2004_Tour_de_France,_Prologue_to_Stage_9": 0.019867549668874173,
    "2004_Tour_de_France,_Stage_10_to_Stage_20": 0.019867549668874173,
    "2007_Tour_de_France,_Prologue_to_Stage_10": 0.019736842105263157,
    "2007_Tour_de_France,_Stage_11_to_Stage_20": 0.019736842105263157,
    "2001_Tour_de_France,_Stage_11_to_Stage_20": 0.019736842105263157,
    "2006_Tour_de_France,_Prologue_to_Stage_11": 0.019736842105263157,
    "2006_Tour_de_France,_Stage_12_to_Stage_20": 0.019736842105263157,
    "2009_Tour_de_France,_Stage_1_to_Stage_11": 0.0196078431372549,