{
    "Goya_Award_for_Best_Supporting_Actress": 1.0,
    "Goya_Award_for_Best_New_Director": 0.6831683168316832,
    "22nd_Goya_Awards": 0.6831683168316832,
    "23rd_Goya_Awards": 0.6831683168316832,
    "21st_Goya_Awards": 0.6831683168316832,
    "20th_Goya_Awards": 0.6831683168316832,
    "18th_Goya_Awards": 0.6831683168316832,
    "19th_Goya_Awards": 0.6831683168316832,
    "17th_Goya_Awards": 0.6831683168316832,
    "16th_Goya_Awards": 0.6831683168316832,
    "15th_Goya_Awards": 0.6831683168316832,
    "14th_Goya_Awards": 0.6831683168316832,
    "13th_Goya_Awards": 0.6831683168316832,
    "12th_Goya_Awards": 0.6831683168316832,
    "11th_Goya_Awards": 0.6831683168316832,
    "10th_Goya_Awards": 0.6831683168316832,
    "9th_Goya_Awards": 0.6831683168316832,
    "8th_Goya_Awards": 0.6831683168316832,
    "7th_Goya_Awards": 0.6831683168316832,
    "4th_Goya_Awards": 0.6831683168316832,
    "Goya_Award_for_Best_Cinematography": 0.6831683168316832,
    "Goya_Award_for_Best_Adapted_Screenplay": 0.6831683168316832,
    "24th_Goya_Awards": 0.6831683168316832,
    "25th_Goya_Awards": 0.6831683168316832,
    "26th_Goya_Awards": 0.6831683168316832,
    "27th_Goya_Awards": 0.6831683168316832,
    "Goya_Award_for_Best_Actress": 0.6363636363636364,
    "Goya_Award_for_Best_New_Actor": 0.5847457627118644,
    "Goya_Award_for_Best_New_Actress": 0.5691056910569106,
    "Goya_Award_for_Best_Actor": 0.5348837209302325,
    "Goya_Award_for_Best_Director": 0.5348837209302325,
    "Goya_Award_for_Best_European_Film": 0.5307692307692308,
    "Goya_Award_for_Best_Supporting_Actor": 0.518796992481203,
    "Goya_Award_for_Best_Spanish_Language_Foreign_Film": 0.5073529411764706,
    "Goya_Award_for_Best_Original_Screenplay": 0.5073529411764706,
    "Goya_Award_for_Best_Film": 0.5036496350364964,
    "Geraldine_Chaplin": 0.25984251968503935,
    "Goya_Awards": 0.24381625441696114,
    "Goya_Award_for_Best_Animated_Film": 0.19658119658119658,
    "Laia_Marull": 0.17676767676767677,
    "Chus_Lampreave": 0.16666666666666666,
    "Elena_Anaya": 0.07258064516129033,
    "Pen\u00e9lope_Cruz": 0.04735376044568245,
    "Connie_Nielsen": 0.021505376344086023,
    "Ava_Gardner": 0.017857142857142856,
    "Bel\u00e9n_Rueda": 0.015873015873015872,
    "Niki_Karimi": 0.015463917525773196,
    "Jodhi_May": 0.015151515151515152,
    "Ir\u00e8ne_Jacob": 0.01507537688442211,
    "Melina_Mercouri": 0.015,
    "Jill_Clayburgh": 0.015,
    "Firmine_Richard": 0.014285714285714285,
    "Maia_Morgenstern": 0.014285714285714285,
    "Kathy_Burke": 0.013636363636363636,
    "Nathalie_Baye": 0.012738853503184714,
    "Shelley_Duvall": 0.012552301255230125,
    "Samantha_Eggar": 0.011857707509881422,
    "Paz_Vega": 0.011834319526627219,
    "Ning_Jing": 0.011811023622047244,
    "Donostia_Award": 0.011627906976744186,
    "Debra_Winger": 0.011111111111111112,
    "Ludivine_Sagnier": 0.011049723756906077,
    "Diane_Kruger": 0.01090909090909091,
    "Fan_Bingbing": 0.01078167115902965,
    "\u00c9lodie_Bouchez": 0.010238907849829351,
    "Best_Actress_Award_(Cannes_Film_Festival)": 0.010135135135135136,
    "Mia_Farrow": 0.010033444816053512
}