{
    "Aloha_Bowl": 1.0,
    "List_of_Aloha_Bowl_broadcasters": 0.2876712328767123,
    "List_of_Washington_Huskies_bowl_games": 0.014084507042253521,
    "List_of_UCLA_Bruins_bowl_games": 0.011235955056179775,
    "List_of_Arizona_State_Sun_Devils_bowl_games": 0.011235955056179775,
    "List_of_Little_Caesars_Pizza_Bowl_broadcasters": 0.01098901098901099,
    "List_of_Armed_Forces_Bowl_broadcasters": 0.010526315789473684,
    "List_of_New_Orleans_Bowl_broadcasters": 0.010309278350515464,
    "List_of_Michigan_State_Spartans_bowl_games": 0.010256410256410256,
    "List_of_Boston_College_Eagles_bowl_games": 0.01020408163265306
}