{
    "Stamp_Act_Congress": 1.0,
    "William_Howe,_5th_Viscount_Howe": 0.05466237942122187,
    "George_Brydges_Rodney,_1st_Baron_Rodney": 0.04047619047619048,
    "Charles_Cornwallis,_1st_Marquess_Cornwallis": 0.024709302325581394,
    "Cultural_depictions_of_George_Washington": 0.022058823529411766,
    "List_of_federal_judges_appointed_by_George_Washington": 0.017191977077363897,
    "America_the_Beautiful_Quarters": 0.014218009478672985,
    "50_State_Quarters": 0.013513513513513514
}