{
    "U.S._Open_9-Ball_Championships": 1.0,
    "International_Challenge_of_Champions": 1.0,
    "Billiards_World_Cup_Association": 1.0,
    "Ten-ball": 1.0,
    "WPA_Asian_Nine-ball_Tour": 1.0,
    "World_Pool_Masters_Tournament": 0.7704918032786885,
    "Mosconi_Cup": 0.7642276422764228,
    "Cue_sports_at_the_World_Games": 0.47474747474747475,
    "World_Cup_of_Pool": 0.42727272727272725,
    "List_of_world_snooker_champions": 0.42342342342342343,
    "CEB_European_Three-cushion_Championship": 0.31438127090301005,
    "UMB_World_Three-cushion_Championship": 0.22596153846153846,
    "Five-pin_billiards": 0.22596153846153846,
    "World_Snooker_Championship": 0.16607773851590105,
    "World_Straight_Pool_Championship": 0.16151202749140894,
    "2007_WPA_Men's_World_Nine-ball_Championship": 0.0430622009569378,
    "2011_WPA_World_Nine-ball_Championship": 0.0430622009569378,
    "List_of_world_eight-ball_champions": 0.03461538461538462,
    "List_of_WPA_World_Nine-ball_champions": 0.03461538461538462,
    "List_of_snooker_player_nicknames": 0.027522935779816515,
    "Maximum_break": 0.027522935779816515,
    "IBSF_World_Snooker_Championship": 0.02558139534883721,
    "World_Amateur_Go_Championship": 0.02403846153846154,
    "Wheelchair_Basketball_World_Championship": 0.02403846153846154,
    "Racquetball_World_Championships": 0.02403846153846154,
    "Trial_des_Nations": 0.02403846153846154,
    "Eventing_World_Championship": 0.02403846153846154,
    "Dressage_World_Championship": 0.02403846153846154,
    "Show_Jumping_World_Championships": 0.02403846153846154,
    "List_of_World_Backgammon_champions": 0.02403846153846154,
    "IPC_Biathlon_and_Cross-Country_Skiing_World_Championships": 0.02403846153846154,
    "FIRS_Senior_Men's_Inline_Hockey_World_Championships": 0.02403846153846154,
    "World_Strongman_Federation": 0.02403846153846154,
    "IAU_100_km_World_Championships": 0.02403846153846154,
    "List_of_world_championships_medalists_in_powerlifting_(men)": 0.02403846153846154,
    "Sumo_World_Championships": 0.02403846153846154,
    "List_of_FIRS_Senior_Men's_Inline_Hockey_World_Championships_medalists": 0.02403846153846154,
    "WDSF_World_Formation_Latin_Championships": 0.02403846153846154,
    "IPC_Alpine_Skiing_World_Championships": 0.02403846153846154,
    "World_Enduro_Championship": 0.02403846153846154,
    "FIS_Snowboard_World_Championships": 0.02320185614849188,
    "FIM_Trial_World_Championship": 0.023148148148148147,
    "IKF_Korfball_World_Championship": 0.023148148148148147,
    "FIS_Freestyle_World_Ski_Championships": 0.022988505747126436,
    "Neil_Robertson_(snooker_player)": 0.022900763358778626,
    "Mark_Selby": 0.022900763358778626,
    "John_Higgins_(snooker_player)": 0.022900763358778626,
    "Judd_Trump": 0.022727272727272728,
    "Mark_Williams_(snooker_player)": 0.022727272727272728,
    "World_Lacrosse_Championship": 0.02262443438914027,
    "Stephen_Hendry": 0.022556390977443608,
    "FIS_Ski-Flying_World_Championships": 0.02252252252252252,
    "Motocross_des_Nations": 0.022267206477732792,
    "Ronnie_O'Sullivan": 0.022222222222222223,
    "Endurance_FIM_World_Championship": 0.02197802197802198,
    "World_Netball_Championships": 0.02178649237472767,
    "FIL_World_Luge_Natural_Track_Championships": 0.021691973969631236,
    "Ball_Hockey_World_Championship": 0.021691973969631236,
    "FIS_Nordic_World_Ski_Championships": 0.021551724137931036,
    "World_Taekwondo_Championships": 0.021551724137931036,
    "UCI_BMX_World_Championships": 0.02145922746781116,
    "List_of_world_number_one_snooker_players": 0.02127659574468085,
    "World_Wushu_Championships": 0.02109704641350211,
    "FIVB_Beach_Volleyball_World_Championships": 0.021052631578947368,
    "World_Short_Track_Speed_Skating_Championships": 0.02100840336134454,
    "Biathlon_World_Championships": 0.02100840336134454,
    "World_Long_Distance_Mountain_Running_Challenge": 0.02092050209205021,
    "World_Indoor_Bowls_Championships": 0.020876826722338204,
    "World_Modern_Pentathlon_Championships": 0.02074688796680498,
    "UCI_Mountain_Bike_Marathon_World_Championships": 0.020618556701030927,
    "Motocross_World_Championship": 0.02053388090349076,
    "List_of_WAKO_Amateur_World_Championships": 0.02053388090349076,
    "ADCC_Submission_Wrestling_World_Championship": 0.020491803278688523,
    "FIL_World_Luge_Championships": 0.02040816326530612,
    "Inline_speed_skating": 0.020366598778004074,
    "List_of_snooker_tournaments": 0.020100502512562814,
    "World_Baseball_Classic": 0.020080321285140562,
    "Sidecarcross_World_Championship": 0.02,
    "World_Jiu-Jitsu_Championship": 0.0199203187250996,
    "FIBT_World_Championships": 0.019646365422396856,
    "Macau_Grand_Prix": 0.019455252918287938,
    "World_Scrabble_Championship": 0.019011406844106463,
    "World_Amateur_Boxing_Championships": 0.01893939393939394,
    "Karting_World_Championship": 0.01893939393939394,
    "UCI_Mountain_Bike_&_Trials_World_Championships": 0.01890359168241966,
    "World_Judo_Championships": 0.018796992481203006,
    "ISSF_World_Shooting_Championships": 0.018691588785046728,
    "World_Archery_Championships": 0.018656716417910446,
    "FAI_World_Grand_Prix": 0.01858736059479554,
    "FAI_World_Aerobatic_Championships": 0.01858736059479554,
    "World_Orienteering_Championships": 0.01855287569573284,
    "World_Table_Tennis_Championships": 0.01845018450184502,
    "Crucible_curse": 0.01834862385321101,
    "UCI_Cyclo-cross_World_Championships": 0.018315018315018316,
    "World_Fencing_Championships": 0.01818181818181818,
    "ISU_World_Synchronized_Skating_Championships": 0.01818181818181818,
    "Sailing_World_Championships": 0.018148820326678767,
    "World_Professional_Darts_Championship": 0.018050541516245487,
    "World_Memory_Championships": 0.017953321364452424,
    "World_Karate_Championships": 0.017921146953405017,
    "FIRS_Roller_Hockey_World_Cup": 0.017857142857142856,
    "PDC_World_Darts_Championship": 0.017793594306049824,
    "Cricket_World_Cup": 0.017741935483870968,
    "World_Mountain_Running_Championships": 0.017391304347826087,
    "IFSC_Climbing_World_Championships": 0.01733102253032929,
    "ITU_Triathlon_World_Championships": 0.017316017316017316,
    "ICF_Canoe_Slalom_World_Championships": 0.017035775127768313,
    "World_Touring_Car_Championship": 0.017006802721088437,
    "ICF_Canoe_Sprint_World_Championships": 0.016891891891891893,
    "World_Ski_Orienteering_Championships": 0.01680672268907563,
    "World_MTB_Orienteering_Championships": 0.01680672268907563,
    "Steve_Davis": 0.01680672268907563,
    "Aerobic_Gymnastics_World_Championships": 0.016666666666666666,
    "Acrobatic_Gymnastics_World_Championships": 0.016666666666666666,
    "Rugby_League_World_Cup": 0.016591251885369532,
    "UCI_Road_World_Championships": 0.01658374792703151,
    "World_Polo_Championship": 0.016420361247947456,
    "World_Open_(squash)": 0.01639344262295082,
    "World_Rally_Championship": 0.016366612111292964,
    "AMA_Supercross_Championship": 0.016339869281045753,
    "Shaun_Murphy_(snooker_player)": 0.016260162601626018,
    "Stuart_Bingham": 0.016260162601626018,
    "Peter_Ebdon": 0.016260162601626018,
    "Australian_Football_International_Cup": 0.01615508885298869,
    "Ken_Doherty": 0.016129032258064516,
    "John_Parrott": 0.016,
    "World_Rowing_Championships": 0.01589825119236884,
    "BDO_World_Darts_Championship": 0.01584786053882726,
    "International_Federation_of_Model_Auto_Racing": 0.015759312320916905,
    "World_Figure_Skating_Championships": 0.015748031496062992,
    "World_Wheelchair_Curling_Championship": 0.01564945226917058,
    "World_Mixed_Doubles_Curling_Championship": 0.01564945226917058,
    "FIS_Alpine_World_Ski_Championships": 0.01564945226917058,
    "FIA_Cross_Country_Rally_World_Cup": 0.015313935681470138,
    "World_Curling_Championships": 0.01529051987767584,
    "WTBA_World_Tenpin_Bowling_Championships": 0.015151515151515152,