{
    "Wegmans_LPGA": 1.0,
    "The_Mojo_6": 0.6456876456876457,
    "Safeco_Classic": 0.6456876456876457,
    "Samsung_World_Championship": 0.6456876456876457,
    "LPGA_KEB-HanaBank_Championship": 0.6456876456876457,
    "ADT_Championship": 0.6456876456876457,
    "LPGA_State_Farm_Classic": 0.6456876456876457,
    "J_Golf_Phoenix_LPGA_International": 0.6456876456876457,
    "LPGA_Corning_Classic": 0.6456876456876457,
    "Sybase_Classic": 0.6456876456876457,
    "Florida's_Natural_Charity_Championship": 0.6456876456876457,
    "The_Mitchell_Company_Tournament_of_Champions": 0.6456876456876457,
    "Welch's_Championship": 0.6456876456876457,
    "Titleholders_Championship": 0.5906183368869936,
    "Women's_Western_Open": 0.5782881002087683,
    "Rochester_Knighthawks": 0.15904365904365905,
    "Rochester_Rhinos": 0.13575865128660158,
    "Cortland_Red_Dragons": 0.046275395033860044,
    "Buffalo_Bandits": 0.04467005076142132,
    "1973\u201374_Buffalo_Braves_season": 0.044420368364030335,
    "Hofstra_University": 0.04039408866995074,
    "New_York_Cosmos_(2010)": 0.03923444976076555,
    "Buffalo_Bisons": 0.039122137404580155,
    "Albany_Legends": 0.036936936936936934,
    "New_York_Islanders": 0.036574487065120426,
    "New_York_Knicks": 0.035653650254668934,
    "Sports_in_New_York": 0.03543647363872083,
    "Syracuse_Chiefs": 0.03480475382003396,
    "New_York_Yankees": 0.023242630385487528,
    "Liberty_League": 0.017408123791102514,
    "Colorado_Mammoth": 0.01733102253032929,
    "Chicago_Throwbacks": 0.016339869281045753,
    "State_University_of_New_York_at_Oswego": 0.01618705035971223,
    "Sports_in_Indianapolis": 0.015296367112810707,
    "Chicago_Red_Stars": 0.015037593984962405,
    "Lake_Michigan_Admirals": 0.0149812734082397,
    "Green_Bay_Gamblers": 0.014084507042253521,
    "Sports_in_Milwaukee": 0.014084507042253521,
    "Sports_in_Chicago": 0.01393188854489164,
    "Green_Bay_Blizzard": 0.0136986301369863,
    "Philadelphia_Spinners": 0.013582342954159592,
    "List_of_professional_sports_teams_in_Illinois": 0.013493253373313344,
    "Purdue_Boilermakers": 0.013289036544850499,
    "Sports_in_Evansville,_Indiana": 0.013289036544850499,
    "Maryland_Terrapins": 0.013201320132013201,
    "Indiana_Hoosiers": 0.013157894736842105,
    "Catholic_University_Cardinals": 0.012841091492776886,
    "Philadelphia_Phoenix_(AUDL)": 0.01282051282051282,
    "Eastern_Illinois_Panthers": 0.012779552715654952,
    "2012\u201313_Sacramento_Kings_season": 0.012658227848101266,
    "2013\u201314_Sacramento_Kings_season": 0.012658227848101266,
    "Fresno_State_Bulldogs": 0.012618296529968454,
    "List_of_New_York_metropolitan_area_sports_teams": 0.012379642365887207,
    "Sports_in_South_Central_Pennsylvania": 0.012345679012345678,
    "Minnesota_RollerGirls": 0.012280701754385965,
    "Sports_teams_from_Iowa": 0.012269938650306749,
    "Virginia_Tech_Hokies": 0.012195121951219513,
    "Sports_in_San_Diego": 0.012162162162162163,
    "Virginia_Cavaliers": 0.012102874432677761,
    "New_York_Giants": 0.012062726176115802,
    "Wheeling_Nailers": 0.012027491408934709,
    "Sports_in_Massachusetts": 0.011956521739130435,
    "Southern_Illinois_Salukis_baseball": 0.011922503725782414,
    "VSI_Tampa_Bay_FC": 0.01188707280832095,
    "Georgia_State_Panthers": 0.011795543905635648,
    "2011\u201312_Sacramento_Kings_season": 0.011705685618729096,
    "San_Diego_Chargers": 0.011695906432748537,
    "Ocean_City_Nor'easters": 0.011661807580174927,
    "Notre_Dame_Fighting_Irish": 0.011644832605531296,
    "St._Louis_Blues": 0.011577424023154847,
    "2008_Atlanta_Dream_season": 0.01155115511551155,
    "Baltimore_Blast": 0.011363636363636364,
    "Sports_in_Detroit": 0.01129032258064516,
    "Rochester_International_Jazz_Festival": 0.01125703564727955,
    "List_of_mayors_of_Rochester,_New_York": 0.01125703564727955,
    "Portland_Trail_Blazers": 0.011220196353436185,
    "Europe_Cup_(badminton)": 0.011214953271028037,
    "EFAF_Cup": 0.011090573012939002,
    "Monroe_County,_New_York": 0.011004126547455296,
    "Sports_in_New_York_City": 0.01097560975609756,
    "Colorado_Rapids": 0.010962241169305725,
    "UNLV_Rebels": 0.01092896174863388,
    "Coppin_State_University": 0.010914051841746248,
    "Sports_in_Colorado": 0.01090909090909091,
    "Utah_Jazz": 0.010854816824966078,
    "Sioux_Falls_Skyforce": 0.0108499095840868,
    "Iowa_Energy": 0.010830324909747292,
    "Sports_teams_in_the_Halifax_Regional_Municipality": 0.010822510822510822,
    "Boston_Bruins": 0.0107421875,
    "Sports_in_Los_Angeles": 0.010738255033557046,
    "Sioux_Falls_Storm": 0.010676156583629894,
    "Oregon_State_Beavers": 0.010638297872340425,
    "Calgary_Roughnecks": 0.010619469026548672,
    "List_of_sports_venues_in_North_Carolina": 0.01060070671378092,
    "List_of_professional_sportspeople_convicted_of_crimes": 0.01059322033898305,
    "European_Football_League": 0.01056338028169014,
    "Columbus_Comets": 0.01056338028169014,
    "Greater_Rochester_International_Airport": 0.010471204188481676,
    "New_England_Revolution": 0.010466222645099905,
    "United_States_Merchant_Marine_Academy": 0.010416666666666666,
    "Minnesota_United_FC": 0.010385756676557863,
    "LEN_Women's_Champions'_Cup": 0.010362694300518135,
    "Women's_LEN_Trophy": 0.010362694300518135,
    "South_Inter-Conference_Association": 0.010344827586206896,
    "Lincoln_Trail_Conference": 0.010344827586206896,
    "Three_Rivers_Conference_(Illinois)": 0.010344827586206896,
    "Prairieland_Conference": 0.010344827586206896,
    "West_Central_Conference_(Illinois)": 0.010344827586206896,
    "Northwest_Upstate_Illini_Conference": 0.010344827586206896,
    "Little_Illini_Conference": 0.010344827586206896,
    "North_Egypt_Conference": 0.010344827586206896,
    "Kansas_State_Wildcats": 0.010344827586206896,
    "Okaw_Valley_Conference_(Illinois)": 0.010344827586206896,
    "National_Trail_Conference": 0.010344827586206896,
    "Big_Rivers_Conference_(Illinois)": 0.010344827586206896,
    "1993\u201394_Atlanta_Hawks_season": 0.0103397341211226,
    "1994\u201395_Atlanta_Hawks_season": 0.0103397341211226,
    "Sports_in_Maryland": 0.010309278350515464,
    "1995\u201396_Atlanta_Hawks_season": 0.010294117647058823,
    "Black_Diamond_Conference": 0.010291595197255575,
    "Michigan_Wolverines": 0.010279001468428781,
    "Eastern_Amateur": 0.010245901639344262,
    "Santa_Cruz_Warriors": 0.010238907849829351,
    "European_Cup_(baseball)": 0.01020408163265306,
    "East_Suburban_Catholic_Conference": 0.010169491525423728,
    "Southwest_Suburban_Conference": 0.010169491525423728,
    "Northern_Illinois_Conference_(athletic_conference)": 0.010169491525423728,
    "Detroit_Pistons": 0.010165184243964422,
    "Los_Angeles_Blues": 0.010158013544018058,
    "Lexington_Legends": 0.010135135135135136,
    "Southern_Illinois_River-to-River_Conference": 0.010135135135135136,
    "Central_Suburban_League": 0.010135135135135136,
    "Iowa_Barnstormers": 0.010130246020260492,
    "New_York_Jets": 0.010123734533183352,
    "Creighton_Bluejays": 0.010121457489878543,
    "South_Suburban_Conference_(Illinois)": 0.010101010101010102,
    "Chicago_Catholic_League": 0.010084033613445379,
    "Monument_Avenue_10K": 0.01006036217303823,
    "Seattle_Seahawks": 0.010050251256281407,
    "Denver_Broncos": 0.01002227171492205
}