{
    "World_Amateur_Boxing_Championships": 1.0,
    "World_Amateur_Go_Championship": 0.7477477477477478,
    "Wheelchair_Basketball_World_Championship": 0.7477477477477478,
    "Racquetball_World_Championships": 0.7477477477477478,
    "Trial_des_Nations": 0.7477477477477478,
    "Eventing_World_Championship": 0.7477477477477478,
    "Dressage_World_Championship": 0.7477477477477478,
    "Show_Jumping_World_Championships": 0.7477477477477478,
    "List_of_World_Backgammon_champions": 0.7477477477477478,
    "IPC_Biathlon_and_Cross-Country_Skiing_World_Championships": 0.7477477477477478,
    "FIRS_Senior_Men's_Inline_Hockey_World_Championships": 0.7477477477477478,
    "World_Strongman_Federation": 0.7477477477477478,
    "IAU_100_km_World_Championships": 0.7477477477477478,
    "List_of_world_championships_medalists_in_powerlifting_(men)": 0.7477477477477478,
    "Sumo_World_Championships": 0.7477477477477478,
    "List_of_FIRS_Senior_Men's_Inline_Hockey_World_Championships_medalists": 0.7477477477477478,
    "WDSF_World_Formation_Latin_Championships": 0.7477477477477478,
    "IPC_Alpine_Skiing_World_Championships": 0.7477477477477478,
    "World_Enduro_Championship": 0.7477477477477478,
    "FIS_Snowboard_World_Championships": 0.7233115468409586,
    "IBSF_World_Snooker_Championship": 0.7233115468409586,
    "FIM_Trial_World_Championship": 0.7217391304347827,
    "IKF_Korfball_World_Championship": 0.7217391304347827,
    "FIS_Freestyle_World_Ski_Championships": 0.7170626349892009,
    "World_Lacrosse_Championship": 0.7063829787234043,
    "FIS_Ski-Flying_World_Championships": 0.7033898305084746,
    "Endurance_FIM_World_Championship": 0.6873706004140787,
    "Ball_Hockey_World_Championship": 0.6789366053169734,
    "World_Netball_Championships": 0.6748466257668712,
    "FIS_Nordic_World_Ski_Championships": 0.6747967479674797,
    "World_Taekwondo_Championships": 0.6747967479674797,
    "FIL_World_Luge_Natural_Track_Championships": 0.6720977596741344,
    "UCI_BMX_World_Championships": 0.6720647773279352,
    "World_Wushu_Championships": 0.6613545816733067,
    "FIVB_Beach_Volleyball_World_Championships": 0.6600397614314115,
    "Biathlon_World_Championships": 0.6587301587301587,
    "World_Long_Distance_Mountain_Running_Challenge": 0.6561264822134387,
    "World_Indoor_Bowls_Championships": 0.6548323471400395,
    "World_Short_Track_Speed_Skating_Championships": 0.6521739130434783,
    "World_Modern_Pentathlon_Championships": 0.6509803921568628,
    "UCI_Mountain_Bike_Marathon_World_Championships": 0.6471734892787524,
    "Motocross_World_Championship": 0.6446601941747573,
    "List_of_WAKO_Amateur_World_Championships": 0.6446601941747573,
    "ADCC_Submission_Wrestling_World_Championship": 0.6434108527131783,
    "FIL_World_Luge_Championships": 0.640926640926641,
    "Inline_speed_skating": 0.6396917148362236,
    "Motocross_des_Nations": 0.6316793893129771,
    "World_Baseball_Classic": 0.6311787072243346,
    "UMB_World_Three-cushion_Championship": 0.6287878787878788,
    "Sidecarcross_World_Championship": 0.6287878787878788,
    "Five-pin_billiards": 0.6287878787878788,
    "World_Jiu-Jitsu_Championship": 0.6264150943396226,
    "Macau_Grand_Prix": 0.6125461254612546,
    "FIBT_World_Championships": 0.6122448979591837,
    "World_Scrabble_Championship": 0.5992779783393501,
    "Karting_World_Championship": 0.5971223021582733,
    "UCI_Mountain_Bike_&_Trials_World_Championships": 0.5960502692998204,
    "World_Judo_Championships": 0.5928571428571429,
    "ISSF_World_Shooting_Championships": 0.5896980461811723,
    "World_Archery_Championships": 0.5886524822695035,
    "FAI_World_Grand_Prix": 0.5865724381625441,
    "FAI_World_Aerobatic_Championships": 0.5865724381625441,
    "World_Orienteering_Championships": 0.5855379188712522,
    "World_Table_Tennis_Championships": 0.5824561403508772,
    "UCI_Cyclo-cross_World_Championships": 0.578397212543554,
    "ISU_World_Synchronized_Skating_Championships": 0.5743944636678201,
    "Sailing_World_Championships": 0.5734024179620034,
    "World_Professional_Darts_Championship": 0.570446735395189,
    "World_Fencing_Championships": 0.5689655172413793,
    "World_Memory_Championships": 0.5675213675213675,
    "World_Karate_Championships": 0.5665529010238908,
    "FIRS_Roller_Hockey_World_Cup": 0.564625850340136,
    "PDC_World_Darts_Championship": 0.5627118644067797,
    "World_Mountain_Running_Championships": 0.5505804311774462,
    "IFSC_Climbing_World_Championships": 0.5487603305785124,
    "ICF_Canoe_Slalom_World_Championships": 0.5398373983739837,
    "World_Touring_Car_Championship": 0.538961038961039,
    "ICF_Canoe_Sprint_World_Championships": 0.535483870967742,
    "World_Ski_Orienteering_Championships": 0.5329052969502408,
    "World_MTB_Orienteering_Championships": 0.5329052969502408,
    "Aerobic_Gymnastics_World_Championships": 0.5286624203821656,
    "Acrobatic_Gymnastics_World_Championships": 0.5286624203821656,
    "UCI_Road_World_Championships": 0.526148969889065,
    "World_Polo_Championship": 0.521193092621664,
    "World_Open_(squash)": 0.5203761755485894,
    "World_Rally_Championship": 0.5195618153364632,
    "AMA_Supercross_Championship": 0.51875,
    "Cricket_World_Cup": 0.5138888888888888,
    "Australian_Football_International_Cup": 0.5131375579598145,
    "World_Rowing_Championships": 0.5053272450532724,
    "BDO_World_Darts_Championship": 0.503793626707132,
    "World_Figure_Skating_Championships": 0.5007541478129713,
    "World_Wheelchair_Curling_Championship": 0.49775112443778113,
    "World_Mixed_Doubles_Curling_Championship": 0.49775112443778113,
    "FIS_Alpine_World_Ski_Championships": 0.49775112443778113,
    "World_Snooker_Championship": 0.4896755162241888,
    "FIA_Cross_Country_Rally_World_Cup": 0.48751835535976507,
    "World_Curling_Championships": 0.4868035190615836,
    "Rugby_League_World_Cup": 0.48191027496382055,
    "BWF_World_Championships": 0.4811594202898551,
    "World_Straight_Pool_Championship": 0.4783861671469741,
    "WTBA_World_Tenpin_Bowling_Championships": 0.4782608695652174,
    "UCI_Track_Cycling_World_Championships,_Women": 0.474964234620887,
    "ISF_Men's_World_Championship": 0.474964234620887,
    "UCI_Track_Cycling_World_Championships": 0.474964234620887,
    "ISF_Women's_World_Championship": 0.474964234620887,
    "World_Weightlifting_Championships": 0.4722617354196302,
    "World_Team_Chess_Championship": 0.4643356643356643,
    "World_Club_Challenge": 0.46111111111111114,
    "ITU_Triathlon_World_Championships": 0.45919778699861685,
    "Bandy_World_Championships": 0.45919778699861685,
    "International_Federation_of_Model_Auto_Racing": 0.45867768595041325,
    "FILA_Wrestling_World_Championships": 0.4547945205479452,
    "FIA_Formula_E_Championship": 0.44563758389261743,
    "IAAF_World_Half_Marathon_Championships": 0.4409030544488712,
    "FIFA_Women's_World_Cup": 0.43415906127770537,
    "World_Freshwater_Angling_Championships": 0.42618741976893454,
    "Women's_World_Chess_Championship": 0.42618741976893454,
    "World_Chess_Championship": 0.415,
    "World_Rhythmic_Gymnastics_Championships": 0.41448189762796506,
    "Trampoline_World_Championships": 0.41448189762796506,
    "FINA_World_Aquatics_Championships": 0.4058679706601467,
    "IAAF_World_Race_Walking_Cup": 0.40096618357487923,
    "IHF_World_Men's_Handball_Championship": 0.40048250904704463,
    "FINA_World_Swimming_Championships_(25_m)": 0.3933649289099526,
    "World_Artistic_Gymnastics_Championships": 0.39243498817966904,
    "FEI_World_Equestrian_Games": 0.3905882352941176,
    "IAAF_World_Indoor_Championships_in_Athletics": 0.3764172335600907,
    "FIFA_Beach_Soccer_World_Cup": 0.35538954108858056,
    "IAAF_World_Cross_Country_Championships": 0.3547008547008547,
    "World_Cup_(men's_golf)": 0.34796238244514105,
    "Tchoukball": 0.34475597092419524,
    "IAAF_World_Championships_in_Athletics": 0.31588962892483347,
    "FIFA_World_Cup": 0.28657487091222034,