{
    "2009_UCI_Road_World_Championships_\u2013_Men's_time_trial": 1.0,
    "2010_UCI_Road_World_Championships_\u2013_Men's_time_trial": 1.0,
    "2011_UCI_Road_World_Championships_\u2013_Men's_time_trial": 1.0,
    "2012_UCI_Road_World_Championships_\u2013_Men's_time_trial": 1.0,
    "2013_UCI_Road_World_Championships_\u2013_Men's_time_trial": 1.0,
    "2006_UCI_Road_World_Championships_\u2013_Men's_time_trial": 1.0,
    "2007_UCI_Road_World_Championships_\u2013_Men's_time_trial": 1.0,
    "1999_UCI_Road_World_Championships_\u2013_Men's_time_trial": 0.8285714285714286,
    "1998_UCI_Road_World_Championships_\u2013_Men's_time_trial": 0.8285714285714286,
    "1995_UCI_Road_World_Championships_\u2013_Men's_time_trial": 0.8285714285714286,
    "UCI_Road_World_Championships_\u2013_Men's_time_trial": 0.48333333333333334,
    "2005_UCI_Road_World_Championships_\u2013_Men's_time_trial": 0.232,
    "UCI_Road_World_Championships_\u2013_Junior_women's_time_trial": 0.023255813953488372,
    "1998_UCI_Road_World_Championships_\u2013_Men's_under-23_road_race": 0.016666666666666666,
    "1999_UCI_Road_World_Championships_\u2013_Women's_time_trial": 0.015873015873015872,
    "1998_UCI_Road_World_Championships_\u2013_Women's_time_trial": 0.015873015873015872,
    "1995_UCI_Road_World_Championships_\u2013_Women's_time_trial": 0.015873015873015872,
    "2003_UCI_Road_World_Championships_\u2013_Women's_time_trial": 0.015873015873015872,
    "2002_UCI_Road_World_Championships_\u2013_Women's_time_trial": 0.015873015873015872,
    "2001_UCI_Road_World_Championships_\u2013_Women's_time_trial": 0.015873015873015872,
    "2000_UCI_Road_World_Championships_\u2013_Women's_time_trial": 0.015873015873015872,
    "1997_UCI_Road_World_Championships_\u2013_Women's_time_trial": 0.015873015873015872,
    "1994_UCI_Road_World_Championships_\u2013_Women's_time_trial": 0.015625,
    "2005_UCI_Road_World_Championships_\u2013_Women's_time_trial": 0.014925373134328358,
    "2004_UCI_Road_World_Championships_\u2013_Women's_time_trial": 0.014925373134328358,
    "UCI_Road_World_Championships_\u2013_Men's_under-23_time_trial": 0.014705882352941176,
    "UCI_Road_World_Championships_\u2013_Men's_under-23_road_race": 0.014705882352941176,
    "2004_UCI_Road_World_Championships_\u2013_Junior_women's_road_race": 0.011494252873563218,
    "UCI_Road_World_Championships_\u2013_Junior_men's_road_race": 0.011363636363636364,
    "UCI_Road_World_Championships_\u2013_Junior_men's_time_trial": 0.011363636363636364,
    "UCI_Road_World_Championships_\u2013_Junior_women's_road_race": 0.011363636363636364,
    "UCI_Road_World_Championships_\u2013_Women's_time_trial": 0.011235955056179775,
    "1999_UCI_Road_World_Championships_\u2013_Women's_road_race": 0.010416666666666666,
    "1998_UCI_Road_World_Championships_\u2013_Women's_road_race": 0.010416666666666666
}