{
    "List_of_NASCAR_teams": 1.0,
    "List_of_NASCAR_drivers": 1.0,
    "List_of_NASCAR_fatal_accidents": 1.0,
    "List_of_female_NASCAR_drivers": 1.0,
    "List_of_NASCAR_series": 1.0,
    "List_of_members_of_the_NASCAR_Hall_of_Fame": 1.0,
    "List_of_NASCAR_Manufacturers'_champions": 1.0,
    "List_of_defunct_NASCAR_teams": 1.0,
    "Chase_for_the_Sprint_Cup": 1.0,
    "Winston_Million": 1.0,
    "List_of_all-time_NASCAR_Cup_Series_winners": 1.0,
    "List_of_NASCAR_Camping_World_Truck_Series_champions": 0.8455284552845529,
    "List_of_NASCAR_Nationwide_Series_champions": 0.7703703703703704,
    "NASCAR_Canadian_Tire_Series": 0.7428571428571429,
    "NASCAR_Hall_of_Fame": 0.7375886524822695,
    "List_of_NASCAR_video_games": 0.6419753086419753,
    "NASCAR_Rookie_of_the_Year": 0.49056603773584906,
    "List_of_NASCAR_Sprint_Cup_Series_champions": 0.49056603773584906,
    "List_of_NASCAR_seasons": 0.41935483870967744,
    "List_of_Daytona_500_pole_position_winners": 0.40784313725490196,
    "Daytona_500": 0.35135135135135137,
    "List_of_NASCAR_tracks": 0.348993288590604,
    "K&N_Pro_Series_East": 0.3291139240506329,
    "K&N_Pro_Series_West": 0.28184281842818426,
    "Camping_World_Truck_Series": 0.22174840085287847,
    "Nationwide_Series": 0.20675944333996024,
    "Sprint_Cup_Series": 0.14835948644793154,
    "Formula_Holden": 0.02922077922077922,
    "Formula_SCCA": 0.02922077922077922,
    "Grand_Prix_Masters": 0.02922077922077922,
    "2010_International_Formula_Master_season": 0.02875399361022364,
    "Group_B": 0.028481012658227847,
    "Group_R": 0.028481012658227847,
    "Group_GT3": 0.028481012658227847,
    "Superstars_Series": 0.027777777777777776,
    "Can-Am": 0.02694610778443114,
    "Auto_GP_World_Series": 0.025210084033613446,
    "Super_GT": 0.024456521739130436,
    "Adri\u00e1n_Fern\u00e1ndez": 0.024242424242424242,
    "David_Hobbs_(racing_driver)": 0.02406417112299465,
    "Formula_Super_Vee": 0.02406417112299465,
    "Ward_Burton": 0.023752969121140142,
    "Formula_Three": 0.02368421052631579,
    "Super_Formula": 0.02356020942408377,
    "List_of_Daytona_500_broadcasters": 0.023255813953488372,
    "Stock_Car_Brasil": 0.022900763358778626,
    "2009_NASCAR_Camping_World_Truck_Series": 0.022556390977443608,
    "2010_NASCAR_Camping_World_Truck_Series": 0.022556390977443608,
    "2011_NASCAR_Camping_World_Truck_Series": 0.022556390977443608,
    "2012_NASCAR_Camping_World_Truck_Series": 0.022556390977443608,
    "2013_NASCAR_Camping_World_Truck_Series": 0.022556390977443608,
    "2014_NASCAR_Camping_World_Truck_Series": 0.022556390977443608,
    "TC_2000_Championship": 0.022443890274314215,
    "2008_NASCAR_Craftsman_Truck_Series": 0.022388059701492536,
    "2005_NASCAR_Craftsman_Truck_Series": 0.022388059701492536,
    "2006_NASCAR_Craftsman_Truck_Series": 0.022388059701492536,
    "2004_NASCAR_Craftsman_Truck_Series": 0.022388059701492536,
    "1997_NASCAR_Craftsman_Truck_Series": 0.022388059701492536,
    "2003_NASCAR_Craftsman_Truck_Series": 0.022388059701492536,
    "1995_NASCAR_SuperTruck_Series_presented_by_Craftsman": 0.022388059701492536,
    "2002_NASCAR_Craftsman_Truck_Series": 0.022388059701492536,
    "2001_NASCAR_Craftsman_Truck_Series": 0.022388059701492536,
    "2000_NASCAR_Craftsman_Truck_Series": 0.022388059701492536,
    "1999_NASCAR_Craftsman_Truck_Series": 0.022388059701492536,
    "1998_NASCAR_Craftsman_Truck_Series": 0.022388059701492536,
    "1996_NASCAR_Craftsman_Truck_Series": 0.022388059701492536,
    "2007_NASCAR_Craftsman_Truck_Series": 0.022388059701492536,
    "A1_Grand_Prix": 0.022167487684729065,
    "World_Rally_Car": 0.021897810218978103,
    "Dale_Earnhardt": 0.021848739495798318,
    "Deutsche_Tourenwagen_Masters": 0.021686746987951807,
    "Formula_4": 0.02112676056338028,
    "IMSA_GT_Championship": 0.02102803738317757,
    "Danica_Patrick": 0.021015761821366025,
    "2003_NASCAR_Busch_Series": 0.02054794520547945,
    "Formula_BMW": 0.02040816326530612,
    "Ernie_Irvan": 0.020257826887661142,
    "1988_Goodyear_NASCAR_500": 0.020202020202020204,
    "Trans-Am_Series": 0.020089285714285716,
    "2006_Indy_Pro_Series_season": 0.020089285714285716,
    "NASCAR_Sprint_All-Star_Race": 0.01990049751243781,
    "Alex_Tagliani": 0.019704433497536946,
    "Kevin_Harvick": 0.019662921348314606,
    "Formula_Ford": 0.019438444924406047,
    "Darrell_Waltrip": 0.019178082191780823,
    "Porsche_Carrera_Cup": 0.018789144050104383,
    "Owen_Kelly": 0.018691588785046728,
    "Formula_Palmer_Audi": 0.01867219917012448,
    "NetKar_Pro": 0.018404907975460124,
    "Warthog_Games": 0.018404907975460124,
    "Richard_Petty": 0.01839464882943144,
    "Bojangles'_Southern_500": 0.01818181818181818,
    "Save_Mart_350": 0.01818181818181818,
    "Coke_Zero_400": 0.01818181818181818,
    "Quicken_Loans_400": 0.01818181818181818,
    "Bank_of_America_500": 0.01818181818181818,
    "GEICO_400": 0.01818181818181818,
    "Pocono_400": 0.01818181818181818,
    "Gobowling.com_400": 0.01818181818181818,
    "Camping_World_RV_Sales_301": 0.01818181818181818,
    "Sylvania_300": 0.01818181818181818,
    "Hollywood_Casino_400": 0.01818181818181818,
    "Kobalt_Tools_400": 0.01818181818181818,
    "Cheez-It_355_at_The_Glen": 0.01818181818181818,
    "Pure_Michigan_400": 0.01818181818181818,
    "NRA_500": 0.01818181818181818,
    "Auto_Club_400": 0.01818181818181818,
    "Southern_500_(1950\u20132004)": 0.01818181818181818,
    "AdvoCare_500_(Phoenix)": 0.01818181818181818,
    "FedEx_400": 0.01818181818181818,
    "AAA_400": 0.01818181818181818,
    "Aaron's_499": 0.01818181818181818,
    "Food_City_500": 0.01818181818181818,
    "Camping_World_RV_Sales_500": 0.01818181818181818,
    "Atlanta_500": 0.01818181818181818,
    "AdvoCare_500_(Atlanta)": 0.01818181818181818,
    "Federated_Auto_Parts_400": 0.01818181818181818,
    "STP_Gas_Booster_500": 0.01818181818181818,
    "Goody's_Headache_Relief_Shot_500": 0.01818181818181818,
    "Toyota_Owners_400": 0.01818181818181818,
    "Pop_Secret_Microwave_Popcorn_400": 0.01818181818181818,
    "Tyson_Holly_Farms_400": 0.01818181818181818,
    "Brickyard_400": 0.01818181818181818,
    "First_Union_400": 0.01818181818181818,
    "List_of_Coca-Cola_600_broadcasters": 0.01808785529715762,
    "Coca-Cola_600": 0.01808785529715762,
    "James_Davison": 0.017937219730941704,
    "V8_Supercars": 0.017716535433070866,
    "Kevin_Cogan": 0.0176678445229682,
    "Gary_Bettenhausen": 0.017605633802816902,
    "Subway_400": 0.017341040462427744,
    "Image_Space_Incorporated": 0.017142857142857144,
    "Hendrick_Motorsports": 0.01694915254237288,
    "Jamie_McMurray": 0.016706443914081145,
    "ARCA_Racing_Series": 0.01658374792703151,
    "Benny_Parsons": 0.01639344262295082,
    "Kasey_Kahne": 0.01634472511144131,
    "Geoff_Bodine": 0.0163265306122449,
    "Dale_Earnhardt,_Jr.": 0.016058394160583942,
    "Davey_Allison": 0.015915119363395226,
    "U.S._F2000_National_Championship": 0.015873015873015872,
    "Jeff_Gordon": 0.015827338129496403,
    "Ford_EcoBoost_400": 0.015706806282722512,
    "2002_Daytona_500": 0.015503875968992248,
    "2006_Daytona_500": 0.015503875968992248,
    "Junior_Johnson": 0.014962593516209476,
    "Conor_Daly": 0.014522821576763486,
    "1998_Pepsi_400": 0.014492753623188406,
    "2000_Dura_Lube_300": 0.014492753623188406,
    "2012_NASCAR_Toyota_Series_season": 0.014184397163120567,
    "2007_Pepsi_400": 0.014150943396226415,
    "2009_NASCAR_Corona_Series_season": 0.014084507042253521,
    "2011_NASCAR_Corona_Series_season": 0.014084507042253521,
    "2010_NASCAR_Corona_Series_season": 0.014084507042253521,
    "Terry_Labonte": 0.014066496163682864,
    "List_of_Tougeki_winners": 0.013888888888888888,
    "Cyberathlete_Professional_League": 0.013888888888888888,
    "Electronic_Sports_World_Cup": 0.013888888888888888,
    "List_of_electronic_sports_players": 0.013888888888888888,
    "List_of_electronic_sports_tournaments": 0.013824884792626729,