{
    "Leader_of_the_Opposition_(India)": 1.0,
    "14th_Lok_Sabha": 0.6713286713286714,
    "15th_Lok_Sabha": 0.6713286713286714,
    "List_of_members_of_the_15th_Lok_Sabha_(by_state)": 0.6713286713286714,
    "List_of_Constituencies_of_the_Lok_Sabha": 0.6713286713286714,
    "Deputy_Chairman_of_the_Rajya_Sabha": 0.6193548387096774,
    "Deputy_Speaker_of_the_Lok_Sabha": 0.6114649681528662,
    "List_of_members_of_the_Rajya_Sabha": 0.572,
    "Names_of_the_Republic_of_India_in_its_official_languages": 0.4405594405594406,
    "Lok_Sabha": 0.38133333333333336,
    "Rajya_Sabha": 0.1904127829560586,
    "Sachar_Committee_Report": 0.10204081632653061,
    "Uttarakhand_Legislative_Assembly": 0.07158836689038031,
    "Minister_of_Home_Affairs_(India)": 0.050387596899224806,
    "Minister_of_Railways_(India)": 0.04887218045112782,
    "Rajya_Sabha_members_from_Tamil_Nadu": 0.048,
    "Rajya_Sabha_members_from_Andhra_Pradesh": 0.048,
    "List_of_Rajya_Sabha_members_from_Karnataka": 0.048,
    "List_of_nominated_members_of_Rajya_Sabha": 0.048,
    "List_of_sitting_judges_of_the_Supreme_Court_of_India": 0.04712041884816754,
    "Indian_maritime_history": 0.0440251572327044,
    "Biosphere_reserves_of_India": 0.04384133611691023,
    "Minister_of_Finance_(India)": 0.04375,
    "Rajya_Sabha_members_from_Maharashtra": 0.04285714285714286,
    "International_rankings_of_India": 0.04085603112840467,
    "List_of_districts_in_India_by_population": 0.03984819734345351,
    "List_of_districts_of_India": 0.03984819734345351,
    "List_of_ecoregions_in_India": 0.039473684210526314,
    "List_of_Rajya_Sabha_members_from_Odisha": 0.03821656050955414,
    "Administrative_divisions_of_India": 0.03770197486535009,
    "List_of_Presidents_of_India": 0.03666245259165613,
    "Obesity_in_India": 0.035058430717863104,
    "Indian_general_elections_1977\u20131999": 0.0347682119205298,
    "Indian_general_elections_1951\u20131971": 0.0347682119205298,
    "Irreligion_in_India": 0.03376205787781351,
    "BSE_SENSEX": 0.03230769230769231,
    "Fishing_in_India": 0.03134328358208955,
    "List_of_Prime_Ministers_of_India": 0.03117505995203837,
    "Agriculture_in_India": 0.030303030303030304,
    "Poverty_in_India": 0.029085872576177285,
    "Indian_Army": 0.027218934911242602,
    "Transport_in_India": 0.02599009900990099,
    "List_of_World_Heritage_Sites_in_India": 0.025609756097560974,
    "Cabinet_of_India": 0.025089605734767026,
    "Research_and_Analysis_Wing": 0.024193548387096774,
    "Gujarat_Legislative_Assembly": 0.02358490566037736,
    "Minister_of_External_Affairs_(India)": 0.02333931777378815,
    "List_of_Chief_Ministers_of_Bihar": 0.022988505747126436,
    "List_of_Chief_Justices_of_India": 0.022004889975550123,
    "Anubhav_Mohanty": 0.021929824561403508,
    "Minister_of_Defence_(India)": 0.02092675635276532,
    "Tamil_Nadu_Legislative_Council": 0.02,
    "Maharashtra_Legislative_Assembly": 0.01953125,
    "Kerala_Legislature": 0.019230769230769232,
    "List_of_national_parks_of_India": 0.018800358102059087,
    "Crime_in_India": 0.01867572156196944,
    "Law_enforcement_in_India": 0.01867572156196944,
    "Tripura_Legislative_Assembly": 0.01824817518248175,
    "List_of_current_Indian_chief_ministers": 0.01824817518248175,
    "British_Raj": 0.017573221757322177,
    "Gautam_Gambhir": 0.016701461377870562,
    "Vidhan_Sabha": 0.0165016501650165,
    "Navaneet_Kaur": 0.015544041450777202,
    "Smriti_Irani": 0.015517241379310345,
    "Arunachal_West_(Lok_Sabha_constituency)": 0.015463917525773196,
    "Himachal_Pradesh_Legislative_Assembly": 0.015384615384615385,
    "Kerala_Council_of_Ministers": 0.015037593984962405,
    "List_of_female_Indian_governors": 0.013824884792626729,
    "State_Assembly_elections_in_India,_2008": 0.0136986301369863,
    "State_Assembly_elections_in_India,_2005": 0.0136986301369863,
    "State_Assembly_elections_in_India,_2009": 0.0136986301369863,
    "2012_elections_in_India": 0.0136986301369863,
    "List_of_Chief_Ministers_of_Puducherry": 0.013574660633484163,
    "Mohsina_Kidwai": 0.012903225806451613,
    "Nitish_Kumar": 0.012711864406779662,
    "Odisha_Legislative_Assembly": 0.012531328320802004,
    "Indian_presidential_election,_1997": 0.0125,
    "Indian_presidential_election,_2002": 0.0125,
    "Indian_presidential_election,_2007": 0.0125,
    "List_of_lieutenant_governors_of_Puducherry": 0.012422360248447204,
    "List_of_Administrators_of_Chandigarh": 0.012422360248447204,
    "List_of_Vice_Presidents_of_India": 0.011363636363636364,
    "Government_of_Punjab,_India": 0.011111111111111112,
    "West_Bengal_Legislative_Assembly": 0.010845986984815618,
    "List_of_chief_ministers_from_Bharatiya_Janata_Party": 0.010810810810810811,
    "List_of_UPSC_Civil_Services_Toppers": 0.010526315789473684,
    "Equipment_of_the_Indian_Army": 0.010498687664041995,
    "Tamil_Nadu_Council_of_Ministers": 0.01015228426395939,
    "List_of_Hindi-language_television_channels": 0.010033444816053512
}