{
    "Korisliiga": 1.0,
    "Triple_Crown_(basketball)": 0.8819875776397516,
    "West_Asian_Basketball_League": 0.8377581120943953,
    "2011\u201312_Korisliiga_season": 0.8074534161490683,
    "Legadue_Basket": 0.8022598870056498,
    "USSR_Premier_Basketball_League": 0.7910863509749304,
    "National_Basketball_League_(Malaysia)": 0.7759562841530054,
    "Divizia_A_(men's_basketball)": 0.773841961852861,
    "2003\u201304_Serie_A_(basketball)": 0.7357512953367875,
    "Novo_Basquete_Brasil": 0.7263427109974424,
    "FIBA_Asia_Champions_Cup": 0.7208121827411168,
    "Israeli_Basketball_Super_League": 0.7171717171717171,
    "National_Basketball_League_(New_Zealand)": 0.7135678391959799,
    "Lega_Basket_Serie_A": 0.6926829268292682,
    "Atlantic_Coast_Professional_Basketball_League": 0.6873065015479877,
    "Turkish_Basketball_League": 0.6810551558752997,
    "Dutch_Basketball_League": 0.6810551558752997,
    "List_of_games_played_between_NBA_and_international_teams": 0.6788990825688074,
    "Tobacco_Road_Basketball_League": 0.6788990825688074,
    "International_Basketball_League": 0.6706948640483383,
    "Independent_Basketball_Association": 0.6706948640483383,
    "American_Basketball_Association_(2000\u2013present)": 0.6666666666666666,
    "Montenegrin_Basketball_League": 0.6604651162790698,
    "2010\u201311_Basketball_League_of_Serbia": 0.6568047337278107,
    "2011\u201312_Basketball_League_of_Serbia": 0.6568047337278107,
    "Premier_A_Slovenian_Basketball_League": 0.6529411764705882,
    "FIBA_Intercontinental_Cup": 0.6484018264840182,
    "Basketball_League_of_Serbia": 0.6484018264840182,
    "Torneo_Nacional_de_Ascenso": 0.6472303206997084,
    "English_Basketball_League": 0.6342857142857142,
    "National_Basketball_League_(England)": 0.6342857142857142,
    "Baloncesto_Superior_Nacional": 0.6324786324786325,
    "FIBA_Americas_League": 0.6271186440677966,
    "2011\u201312_Slovenian_Basketball_League": 0.6218487394957983,
    "FIBA_Africa_Clubs_Champions_Cup": 0.6208791208791209,
    "2012\u201313_Slovenian_Basketball_League": 0.6149584487534626,
    "Liga_Nacional_de_Baloncesto_Profesional": 0.6132596685082873,
    "Korvpalli_Meistriliiga": 0.6115702479338843,
    "Greek_Basket_League": 0.6081370449678801,
    "Basketball_League_of_Serbia_B": 0.6,
    "KBL_Finals": 0.592,
    "Korean_Basketball_League": 0.592,
    "2011\u201312_LNB_Pro_A_season": 0.5904255319148937,
    "2009\u201310_LNB_Pro_A_season": 0.5904255319148937,
    "2010\u201311_LNB_Pro_A_season": 0.5904255319148937,
    "2008\u201309_LNB_Pro_A_season": 0.5904255319148937,
    "2007\u201308_LNB_Pro_A_season": 0.5904255319148937,
    "2006\u201307_LNB_Pro_A_season": 0.5904255319148937,
    "2012\u201313_Basketball_League_of_Serbia": 0.5904255319148937,
    "Basketball_League_Belgium": 0.5888594164456233,
    "FIBA_European_Champions_Cup_and_Euroleague_records_and_statistics": 0.5855670103092784,
    "All-Euroleague_Team": 0.5855670103092784,
    "Euroleague_career_stats_leaders": 0.5855670103092784,
    "BAI_Basket": 0.5826771653543307,
    "NBA_Development_League": 0.5819672131147541,
    "2010\u201311_Israeli_Basketball_Super_League": 0.581151832460733,
    "2011\u201312_Israeli_Basketball_Super_League": 0.581151832460733,
    "2013\u201314_Basketball_League_of_Serbia": 0.5796344647519582,
    "2011\u201312_Lega_Basket_Serie_A": 0.5751295336787565,
    "2010\u201311_Turkish_Basketball_League": 0.5692307692307692,
    "2011\u201312_Turkish_Basketball_League": 0.5692307692307692,
    "2011_LDB": 0.5677749360613811,
    "LNB_Pro_A": 0.5663265306122449,
    "Basketball_Bundesliga": 0.5617128463476071,
    "2011\u201312_A-1_League": 0.5606060606060606,
    "2010\u201311_A-1_League": 0.5606060606060606,
    "Alphonso_Ford_Trophy": 0.5557729941291585,
    "Euroleague_Final_Four_records": 0.5536062378167641,
    "Ukrainian_Basketball_SuperLeague": 0.5481481481481482,
    "British_Basketball_League": 0.5481481481481482,
    "Liga_Nacional_de_B\u00e1squet": 0.5336538461538461,
    "2012\u201313_Israeli_Basketball_Super_League": 0.5285714285714286,
    "2012\u201313_Lega_Basket_Serie_A": 0.5235849056603774,
    "2012\u201313_Turkish_Basketball_League": 0.5186915887850467,
    "Euroleague_Basketball": 0.5135623869801085,
    "2013\u201314_Turkish_Basketball_League": 0.5103448275862069,
    "National_Basketball_League_(Australasia)": 0.4693446088794926,
    "VTB_United_League": 0.4616977225672878,
    "Liga_Sudamericana": 0.4475806451612903,
    "Liga_Espa\u00f1ola_de_Baloncesto": 0.444,
    "FIBA_Saporta_Cup": 0.43992248062015504,
    "ABA_League": 0.4157303370786517,
    "ULEB": 0.4104882459312839,
    "Liga_ACB": 0.41035120147874304,
    "Eurocup_Basketball": 0.40391459074733094,
    "FIBA_Asia": 0.3837837837837838,
    "FIBA": 0.3488943488943489,
    "National_Basketball_Association": 0.30662983425414364,
    "Albany_Legends": 0.27007299270072993,
    "FIBA_World_Olympic_Qualifying_Tournament_for_Men_2008_squads": 0.21142857142857144,
    "Vanuatu_national_basketball_team": 0.2016348773841962,
    "North_Korea_national_basketball_team": 0.18781725888324874,
    "Sri_Lanka_national_basketball_team": 0.18271604938271604,
    "History_of_the_FIBA_Basketball_World_Cup": 0.18181818181818182,
    "William_Jones_Cup": 0.18004866180048662,
    "Southeast_Asia_Basketball_Association": 0.18004866180048662,
    "FIBA_World_Rankings": 0.1791767554479419,
    "2009_FIBA_Asia_Championship": 0.17452830188679244,
    "FIBA_Africa_Championship_2009": 0.17452830188679244,
    "Portugal_national_basketball_team": 0.1670428893905192,
    "FIBA_Basketball_World_Cup_records": 0.16444444444444445,
    "Basketball_at_the_Summer_Universiade": 0.164079822616408,
    "Sweden_national_basketball_team": 0.1615720524017467,
    "Basketball_at_the_Southeast_Asian_Games": 0.15546218487394958,
    "FIBA_EuroBasket_2007": 0.15513626834381553,
    "Basketball_at_the_Summer_Olympics": 0.1178343949044586,
    "FIBA_EuroBasket": 0.10686015831134564,
    "FIBA_Europe_Under-16_Championship_for_Women": 0.07894736842105263,
    "Turkey_men's_national_under-20_basketball_team": 0.0661764705882353,
    "Turkey_boys'_national_under-16_and_under-17_basketball_team": 0.0661764705882353,
    "FIBA_South_America_Under-15_Championship_for_Women": 0.062162162162162166,
    "List_of_Australian_WNBA_players": 0.057356608478802994,
    "FIBA_South_America_Championship_for_Women": 0.052060737527114966,
    "FIBA_Order_of_Merit": 0.04644808743169399,
    "FIBA's_50_Greatest_Players_(1991)": 0.04066985645933014,
    "FIBA_Kora\u0107_Cup": 0.034934497816593885,
    "Russian_Basketball_Cup": 0.03333333333333333,
    "FIBA_Hall_of_Fame": 0.03231939163498099,
    "Yugoslav_Basketball_Cup": 0.03211009174311927,
    "Macedonian_Basketball_Cup": 0.03110047846889952,
    "German_Basketball_Cup": 0.029045643153526972,
    "BBL_Cup": 0.02869757174392936,
    "BBL_Trophy": 0.02869757174392936,
    "Copa_Pr\u00edncipe_de_Asturias": 0.028634361233480177,
    "Leaders_Cup": 0.02795698924731183,
    "Supercopa_de_Espa\u00f1a_de_Baloncesto": 0.027600849256900213,
    "Slovenian_Basketball_Cup": 0.026442307692307692,
    "Slovenian_Basketball_Supercup": 0.026442307692307692,
    "Italian_Basketball_Supercup": 0.025390625,
    "Italian_Basketball_Cup": 0.02529182879377432,
    "Estonian_Basketball_Cup": 0.025,
    "Copa_del_Rey_de_Baloncesto": 0.022887323943661973,
    "Greek_Basketball_Cup": 0.022569444444444444,
    "Israeli_Female_Basketball_Premier_League": 0.022540983606557378,
    "2012\u201313_KK_Partizan_season": 0.021660649819494584,
    "2003\u201304_ABA_Goodyear_League": 0.01935483870967742,
    "2004\u201305_ABA_Goodyear_League": 0.01935483870967742,
    "2005\u201306_ABA_Goodyear_League": 0.01935483870967742,
    "2006\u201307_ABA_NLB_League": 0.01935483870967742,
    "2007\u201308_ABA_NLB_League": 0.01935483870967742,
    "2009\u201310_ABA_NLB_League": 0.01935483870967742,
    "2008\u201309_ABA_NLB_League": 0.01935483870967742,