{
    "List_of_mosques_in_China": 1.0,
    "List_of_mosques_in_Africa": 0.6043478260869565,
    "List_of_mosques_in_Asia": 0.6043478260869565,
    "List_of_mosques_in_the_Americas": 0.6043478260869565,
    "List_of_mosques_in_Malaysia": 0.6043478260869565,
    "List_of_mosques_in_Germany": 0.6043478260869565,
    "List_of_mosques_in_the_Arab_League": 0.6043478260869565,
    "List_of_mosques_in_France": 0.6043478260869565,
    "List_of_mosques_in_Azerbaijan": 0.6043478260869565,
    "List_of_mosques_in_the_Netherlands": 0.6043478260869565,
    "List_of_mosques_in_Scandinavia": 0.6043478260869565,
    "List_of_mosques_in_Cyprus": 0.6043478260869565,
    "List_of_Mosques_in_Albania": 0.6043478260869565,
    "List_of_mosques_in_Japan": 0.6043478260869565,
    "List_of_mosques_in_Pakistan": 0.6043478260869565,
    "List_of_mosques_in_Europe": 0.6043478260869565,
    "List_of_mosques_in_Thailand": 0.5889830508474576,
    "List_of_mosques_in_Canada": 0.5755693581780539,
    "List_of_mosques": 0.5705521472392638,
    "List_of_mosques_in_Syria": 0.547244094488189,
    "List_of_mosques_in_Egypt": 0.5305343511450382,
    "List_of_largest_mosques": 0.5285171102661597,
    "List_of_mosques_in_the_United_States": 0.4761092150170648,
    "List_of_mosques_in_Turkey": 0.43525741029641185,
    "List_of_mosques_in_Oceania": 0.43034055727554177,
    "List_of_mosques_in_India": 0.43034055727554177,
    "List_of_mosques_in_Iran": 0.42572741194486985,
    "List_of_the_oldest_mosques_in_the_world": 0.33253873659118,
    "List_of_first_mosques_by_country": 0.33253873659118,
    "List_of_mosques_in_Indonesia": 0.3305687203791469,
    "Religion_in_Taiwan": 0.06990014265335236,
    "List_of_museums_of_Islamic_art": 0.0412573673870334,
    "List_of_people_who_have_been_considered_deities": 0.014691478942213516,
    "Religious_symbol": 0.014691478942213516,
    "Major_religious_groups": 0.014691478942213516,
    "Shamanism_in_Siberia": 0.014691478942213516,
    "List_of_religious_populations": 0.014691478942213516,
    "Importance_of_religion_by_country": 0.01440922190201729,
    "Religions_by_country": 0.014395393474088292,
    "Stadiums_in_Bangladesh": 0.014336917562724014,
    "List_of_founders_of_religious_traditions": 0.013966480446927373,
    "List_of_films_about_Muhammad": 0.013831258644536652,
    "Irreligion": 0.013786764705882353,
    "Shia_Islam": 0.01378070701018574,
    "List_of_new_religious_movements": 0.012711864406779662,
    "Muhammad_in_Mecca": 0.012422360248447204,
    "Afro-American_religion": 0.012145748987854251,
    "Islam_by_country": 0.012030075187969926,
    "Religion_in_Turkey": 0.012,
    "List_of_Ahmadiyya_Muslim_Community_buildings_and_structures": 0.011851851851851851,
    "Book_of_Mormon": 0.01182033096926714,
    "International_Style_(architecture)": 0.011730205278592375,
    "Music_and_mathematics": 0.011560693641618497,
    "State_religion": 0.011547344110854504,
    "Arabic_chat_alphabet": 0.010752688172043012,
    "Public_holidays_in_Indonesia": 0.01037037037037037
}