{
    "California_Golden_Bears_football": 1.0,
    "2005_California_Golden_Bears_football_team": 0.3983957219251337,
    "2008_California_Golden_Bears_football_team": 0.3983957219251337,
    "1991_California_Golden_Bears_football_team": 0.3983957219251337,
    "2009_California_Golden_Bears_football_team": 0.3983957219251337,
    "2011_California_Golden_Bears_football_team": 0.3983957219251337,
    "2004_California_Golden_Bears_football_team": 0.3983957219251337,
    "2012_California_Golden_Bears_football_team": 0.3983957219251337,
    "2003_California_Golden_Bears_football_team": 0.3983957219251337,
    "1979_California_Golden_Bears_football_team": 0.3983957219251337,
    "1998_California_Golden_Bears_football_team": 0.3983957219251337,
    "2002_California_Golden_Bears_football_team": 0.3983957219251337,
    "2001_California_Golden_Bears_football_team": 0.3983957219251337,
    "2000_California_Golden_Bears_football_team": 0.3983957219251337,
    "1999_California_Golden_Bears_football_team": 0.3983957219251337,
    "1997_California_Golden_Bears_football_team": 0.3983957219251337,
    "1984_California_Golden_Bears_football_team": 0.3983957219251337,
    "2013_California_Golden_Bears_football_team": 0.3983957219251337,
    "1986_California_Golden_Bears_football_team": 0.3983957219251337,
    "2007_California_Golden_Bears_football_team": 0.3983957219251337,
    "List_of_California_Golden_Bears_bowl_games": 0.3743718592964824,
    "Pacific-12_Conference_football_statistics": 0.339572192513369,
    "2013_Pacific-12_Conference_football_season": 0.3281653746770026,
    "2009_Pacific-10_Conference_football_season": 0.327319587628866,
    "2010_Pacific-10_Conference_football_season": 0.327319587628866,
    "2011_Pacific-12_Conference_football_season": 0.327319587628866,
    "2012_Pacific-12_Conference_football_season": 0.327319587628866,
    "1975_California_Golden_Bears_football_team": 0.30612244897959184,
    "1958_California_Golden_Bears_football_team": 0.30612244897959184,
    "2006_California_Golden_Bears_football_team": 0.30612244897959184,
    "List_of_Pacific-12_Conference_football_champions": 0.28775510204081634,
    "Pacific-12_Conference_football_individual_awards": 0.2668067226890756,
    "1937_California_Golden_Bears_football_team": 0.26223776223776224,
    "Colorado_Buffaloes_football": 0.23345588235294118,
    "UCLA_Bruins_football,_1980\u201389": 0.2275132275132275,
    "UCLA_Bruins_football": 0.2275132275132275,
    "Arizona_State_Sun_Devils_football": 0.22438162544169613,
    "Washington_State_Cougars_football": 0.22359154929577466,
    "Arizona_Wildcats_football": 0.22319859402460457,
    "Utah_Utes_football_under_Jim_Fassel": 0.22164048865619546,
    "Utah_Utes_football_under_Ike_Armstrong_(in_the_RMAC)": 0.22164048865619546,
    "Utah_Utes_football_under_Ike_Armstrong_(in_the_MSC)": 0.22164048865619546,
    "Utah_Utes_football_under_Jack_Curtice": 0.22164048865619546,
    "Utah_Utes_football": 0.22164048865619546,
    "Oregon_Ducks_football": 0.2204861111111111,
    "Oregon_State_Beavers_football": 0.22010398613518198,
    "Stanford_Cardinal_football": 0.21335504885993486,
    "California_Golden_Bears_baseball": 0.20864661654135339,
    "USC_Trojans_football": 0.20751633986928106,
    "USC_Trojans_football_under_John_Robinson": 0.20751633986928106,
    "Washington_Huskies_football,_1900\u201309": 0.20483870967741935,
    "Washington_Huskies_football,_1920\u201329": 0.20483870967741935,
    "Washington_Huskies_football,_1930\u201339": 0.20483870967741935,
    "Washington_Huskies_football,_1940\u201349": 0.20483870967741935,
    "Washington_Huskies_football,_1950\u201359": 0.20483870967741935,
    "Washington_Huskies_football,_1960\u201369": 0.20483870967741935,
    "Washington_Huskies_football,_1970\u201379": 0.20483870967741935,
    "Washington_Huskies_football,_1980\u201389": 0.20483870967741935,
    "Washington_Huskies_football,_1990\u201399": 0.20483870967741935,
    "Washington_Huskies_football,_2000\u201309": 0.20483870967741935,
    "Washington_Huskies_football": 0.20483870967741935,
    "California_Golden_Bears_men's_basketball": 0.17713365539452497,
    "1970_Stanford_Indians_football_team": 0.03104575163398693,
    "1951_Stanford_Indians_football_team": 0.03104575163398693,
    "1999_Stanford_Cardinal_football_team": 0.03104575163398693,
    "1933_Stanford_Indians_football_team": 0.03104575163398693,
    "2012_Stanford_Cardinal_football_team": 0.03104575163398693,
    "1971_Stanford_Indians_football_team": 0.03104575163398693,
    "1992_Stanford_Cardinal_football_team": 0.03104575163398693,
    "2013_Stanford_Cardinal_football_team": 0.03104575163398693,
    "1927_Stanford_football_team": 0.03104575163398693,
    "1924_Stanford_football_team": 0.03104575163398693,
    "1935_Stanford_Indians_football_team": 0.03104575163398693,
    "1934_Stanford_Indians_football_team": 0.03104575163398693,
    "1997_UCLA_Bruins_football_team": 0.02861952861952862,
    "1998_UCLA_Bruins_football_team": 0.02861952861952862,
    "1993_UCLA_Bruins_football_team": 0.02861952861952862,
    "1940_Stanford_Indians_football_team": 0.027338129496402876,
    "1926_Stanford_football_team": 0.027181688125894134,
    "2008_USC_Trojans_football_team": 0.02622950819672131,
    "2002_USC_Trojans_football_team": 0.02622950819672131,
    "1973_USC_Trojans_football_team": 0.02622950819672131,
    "2005_USC_Trojans_football_team": 0.02622950819672131,
    "2006_USC_Trojans_football_team": 0.02622950819672131,
    "2007_USC_Trojans_football_team": 0.02622950819672131,
    "2007_Arizona_State_Sun_Devils_football_team": 0.026143790849673203,
    "1996_Arizona_State_Sun_Devils_football_team": 0.026143790849673203,
    "1993_Arizona_Wildcats_football_team": 0.02564102564102564,
    "1994_Oregon_Ducks_football_team": 0.025559105431309903,
    "2001_Oregon_Ducks_football_team": 0.025559105431309903,
    "2000_Oregon_Ducks_football_team": 0.025559105431309903,
    "2009_Oregon_Ducks_football_team": 0.025559105431309903,
    "1977_Washington_Huskies_football_team": 0.025559105431309903,
    "2000_Washington_Huskies_football_team": 0.025559105431309903,
    "1990_Washington_Huskies_football_team": 0.025559105431309903,
    "2010_Oregon_Ducks_football_team": 0.025559105431309903,
    "2011_Oregon_Ducks_football_team": 0.025559105431309903,
    "2002_Washington_State_Cougars_football_team": 0.025518341307814992,
    "1997_Washington_State_Cougars_football_team": 0.025518341307814992,
    "2000_Oregon_State_Beavers_football_team": 0.025437201907790145,
    "1964_Oregon_State_Beavers_football_team": 0.025437201907790145,
    "1941_Oregon_State_Beavers_football_team": 0.025437201907790145,
    "1956_Oregon_State_Beavers_football_team": 0.025437201907790145,
    "1957_Oregon_State_Beavers_football_team": 0.025437201907790145,
    "1954_UCLA_Bruins_football_team": 0.024817518248175182,
    "1939_USC_Trojans_football_team": 0.022889842632331903,
    "1928_USC_Trojans_football_team": 0.02282453637660485,
    "1932_USC_Trojans_football_team": 0.022727272727272728,
    "1931_USC_Trojans_football_team": 0.02263083451202263,
    "2003_USC_Trojans_football_team": 0.02250351617440225,
    "2004_USC_Trojans_football_team": 0.02247191011235955,
    "1978_USC_Trojans_football_team": 0.022408963585434174,
    "1991_Washington_Huskies_football_team": 0.021739130434782608,
    "Rice-Eccles_Stadium": 0.017326732673267328,
    "Stanford_Memorial_Church": 0.012474012474012475,
    "Stanford_Cardinal": 0.012027491408934709,
    "Pacific-12_Conference_Baseball_Coach_of_the_Year": 0.011848341232227487,
    "Pacific-12_Conference_Baseball_Pitcher_of_the_Year": 0.011682242990654205,
    "Oregon_Ducks_baseball": 0.010968921389396709,
    "Pacific-12_Conference_Baseball_Player_of_the_Year": 0.01072961373390558,
    "Stanford_Hospital_and_Clinics": 0.0106951871657754,
    "Stanford_University_Medical_Center": 0.0106951871657754,
    "List_of_Stanford_Cardinal_head_football_coaches": 0.010657193605683837,