{
    "Ukrainian_parliamentary_election,_1994": 1.0,
    "Ukrainian_parliamentary_election,_2007": 0.9615384615384616,
    "Ukrainian_parliamentary_election,_2012": 0.9615384615384616,
    "Ukrainian_presidential_election,_2010": 0.4434782608695652,
    "Ukrainian_presidential_election,_2004": 0.3968253968253968,
    "List_of_Ukrainian_elections": 0.20318725099601595,
    "List_of_members_of_the_parliament_of_Ukraine,_2007\u201312": 0.1953125,
    "List_of_chairmen_of_the_Verkhovna_Rada": 0.1953125,
    "Politics_of_Ukraine": 0.15789473684210525,
    "Verkhovna_Rada": 0.1349206349206349,
    "Political_parties_in_Ukraine": 0.08011049723756906,
    "PFTS_index": 0.0273972602739726,
    "Raions_of_cities_in_Ukraine": 0.0273972602739726,
    "Ukrainian_Census_(2001)": 0.0273972602739726,
    "List_of_Ukrainian_oblasts_and_territories_by_salary": 0.0273972602739726,
    "Raions_of_Ukraine": 0.0273972602739726,
    "List_of_Ukrainian_oblasts_and_territories_by_area": 0.0273972602739726,
    "List_of_Ukrainian_oblasts_and_territories_by_population": 0.0273972602739726,
    "Vitali_Klitschko": 0.0223463687150838,
    "Mykola_Azarov": 0.019157088122605363,
    "Demographics_of_Ukraine": 0.018691588785046728,
    "Oblasts_of_Ukraine": 0.018018018018018018,
    "List_of_World_Heritage_Sites_in_Ukraine": 0.017167381974248927,
    "Footballer_of_the_Year_in_Baltic_and_Commonwealth_of_Independent_States_(Sport-Express)": 0.016666666666666666,
    "Lyudmyla_Kichenok": 0.01639344262295082,
    "Nadiya_Kichenok": 0.01639344262295082,
    "Lyman_Good": 0.016129032258064516,
    "Rory_MacDonald_(fighter)": 0.016129032258064516,
    "Douglas_Lima": 0.016129032258064516,
    "Andrey_Koreshkov": 0.016129032258064516,
    "Foreign_relations_of_Ukraine": 0.015384615384615385,
    "Ben_Askren": 0.015384615384615385,
    "Lesia_Tsurenko": 0.015151515151515152,
    "Kateryna_Kozlova": 0.015151515151515152,
    "Black_Sea_Fleet": 0.014084507042253521,
    "Patricky_Freire": 0.0125,
    "Thiago_Santos_(fighter)": 0.0125,
    "Anthony_Smith_(fighter)": 0.0125,
    "Telecommunications_in_Ukraine": 0.01238390092879257,
    "Salzkammergut": 0.012345679012345678,
    "List_of_Ukrainian_subdivisions_by_GDP": 0.012269938650306749,
    "Western_Ukrainian_Amateur_Hockey_League": 0.012048192771084338,
    "Ukrainian_language": 0.012048192771084338,
    "2009_Russia\u2013Ukraine_gas_dispute": 0.011904761904761904,
    "Ministry_of_Internal_Affairs_(Ukraine)": 0.011235955056179775,
    "Belarusian_presidential_election,_2010": 0.010869565217391304,
    "Eurasian_Patent_Convention": 0.010869565217391304,
    "Mukachevo_Raion": 0.010752688172043012,
    "Economy_of_Ukraine": 0.010666666666666666,
    "List_of_airports_in_Ukraine": 0.010666666666666666,
    "Enlargement_of_NATO": 0.010638297872340425,
    "Gegard_Mousasi": 0.010416666666666666,
    "Cristiane_Justino": 0.010416666666666666,
    "World_Junior_Squash_Circuit": 0.010101010101010102,
    "European_Junior_Squash_Championships": 0.010101010101010102,
    "Hong_Kong_Junior_Open_Squash": 0.010101010101010102
}