{
    "Indonesia_at_the_Olympics": 1.0,
    "Tropical_nations_at_the_Winter_Olympics": 0.8526315789473684,
    "Germany_at_the_Winter_Olympics": 0.8526315789473684,
    "Australasia_at_the_Olympics": 0.84375,
    "Chad_at_the_Olympics": 0.8384879725085911,
    "Mauritania_at_the_Olympics": 0.8327645051194539,
    "Central_African_Republic_at_the_Olympics": 0.8271186440677966,
    "Liechtenstein_at_the_Olympics": 0.8243243243243243,
    "Belize_at_the_Olympics": 0.8243243243243243,
    "Cayman_Islands_at_the_Olympics": 0.8215488215488216,
    "Ethiopia_at_the_Olympics": 0.8187919463087249,
    "Antigua_and_Barbuda_at_the_Olympics": 0.8187919463087249,
    "Gabon_at_the_Olympics": 0.8133333333333334,
    "Haiti_at_the_Olympics": 0.8133333333333334,
    "Cambodia_at_the_Olympics": 0.8106312292358804,
    "DR_Congo_at_the_Olympics": 0.8106312292358804,
    "El_Salvador_at_the_Olympics": 0.8052805280528053,
    "Bermuda_at_the_Olympics": 0.8052805280528053,
    "Burkina_Faso_at_the_Olympics": 0.8052805280528053,
    "Barbados_at_the_Olympics": 0.7973856209150327,
    "Ecuador_at_the_Olympics": 0.7973856209150327,
    "Bolivia_at_the_Olympics": 0.7973856209150327,
    "Ivory_Coast_at_the_Olympics": 0.7973856209150327,
    "Bahamas_at_the_Olympics": 0.7922077922077922,
    "Costa_Rica_at_the_Olympics": 0.7896440129449838,
    "Botswana_at_the_Olympics": 0.7896440129449838,
    "Morocco_at_the_Olympics": 0.7870967741935484,
    "Afghanistan_at_the_Olympics": 0.7870967741935484,
    "Cameroon_at_the_Olympics": 0.7870967741935484,
    "North_Korea_at_the_Olympics": 0.7845659163987139,
    "Mongolia_at_the_Olympics": 0.7845659163987139,
    "Macedonia_at_the_Olympics": 0.782051282051282,
    "Zambia_at_the_Olympics": 0.7795527156549521,
    "Jamaica_at_the_Olympics": 0.7770700636942676,
    "Moldova_at_the_Olympics": 0.7770700636942676,
    "Dominican_Republic_at_the_Olympics": 0.7770700636942676,
    "Trinidad_and_Tobago_at_the_Olympics": 0.7770700636942676,
    "Kenya_at_the_Olympics": 0.7746031746031746,
    "Uganda_at_the_Olympics": 0.7746031746031746,
    "Georgia_at_the_Olympics": 0.7721518987341772,
    "Puerto_Rico_at_the_Olympics": 0.7697160883280757,
    "Vietnam_at_the_Olympics": 0.7697160883280757,
    "Fiji_at_the_Olympics": 0.7697160883280757,
    "Cuba_at_the_Olympics": 0.7625,
    "Uruguay_at_the_Olympics": 0.7601246105919003,
    "Belarus_at_the_Olympics": 0.7577639751552795,
    "Chile_at_the_Olympics": 0.7439024390243902,
    "Colombia_at_the_Olympics": 0.7416413373860182,
    "Kazakhstan_at_the_Olympics": 0.7393939393939394,
    "Lithuania_at_the_Olympics": 0.7393939393939394,
    "Armenia_at_the_Olympics": 0.7371601208459214,
    "Chinese_Taipei_at_the_Olympics": 0.7363636363636363,
    "Bulgaria_at_the_Olympics": 0.7305389221556886,
    "Tunisia_at_the_Olympics": 0.7197640117994101,
    "Benin_at_the_Olympics": 0.7197640117994101,
    "Cyprus_at_the_Olympics": 0.7176470588235294,
    "Romania_at_the_Olympics": 0.7155425219941349,
    "Slovakia_at_the_Olympics": 0.7134502923976608,
    "Algeria_at_the_Olympics": 0.7113702623906706,
    "Austria_at_the_Olympics": 0.7113702623906706,
    "Angola_at_the_Olympics": 0.7093023255813954,
    "Croatia_at_the_Olympics": 0.7093023255813954,
    "Azerbaijan_at_the_Olympics": 0.7072463768115942,
    "Switzerland_at_the_Olympics": 0.7072463768115942,
    "Portugal_at_the_Olympics": 0.7072463768115942,
    "Poland_at_the_Olympics": 0.7072463768115942,
    "Pakistan_at_the_Olympics": 0.7052023121387283,
    "Ireland_at_the_Olympics": 0.7052023121387283,
    "South_Korea_at_the_Olympics": 0.7052023121387283,
    "Germany_at_the_Summer_Olympics": 0.7023121387283237,
    "South_Africa_at_the_Olympics": 0.7011494252873564,
    "Finland_at_the_Olympics": 0.7011494252873564,
    "Mexico_at_the_Olympics": 0.6951566951566952,
    "Yugoslavia_at_the_Olympics": 0.6931818181818182,
    "Denmark_at_the_Olympics": 0.6931818181818182,
    "Czech_Republic_at_the_Olympics": 0.6912181303116147,
    "Philippines_at_the_Olympics": 0.6853932584269663,
    "Argentina_at_the_Olympics": 0.6853932584269663,
    "Ukraine_at_the_Olympics": 0.6834733893557423,
    "Czechoslovakia_at_the_Olympics": 0.6796657381615598,
    "Egypt_at_the_Olympics": 0.6759002770083102,
    "Andorra_at_the_Olympics": 0.6740331491712708,
    "Thailand_at_the_Olympics": 0.6648501362397821,
    "East_Germany_at_the_Olympics": 0.6559139784946236,
    "Venezuela_at_the_Olympics": 0.6506666666666666,
    "Iran_at_the_Olympics": 0.648936170212766,
    "New_Zealand_at_the_Olympics": 0.6337662337662338,
    "List_of_participating_nations_at_the_Winter_Olympic_Games": 0.6295336787564767,
    "List_of_participating_nations_at_the_Summer_Olympic_Games": 0.6295336787564767,
    "Turkey_at_the_Olympics": 0.6177215189873417,
    "Greece_at_the_Olympics": 0.6161616161616161,
    "Norway_at_the_Olympics": 0.6130653266331658,
    "Brazil_at_the_Olympics": 0.6024691358024692,
    "Unified_Team_at_the_Olympics": 0.5883777239709443,
    "China_at_the_Olympics": 0.5851318944844125,
    "Netherlands_at_the_Olympics": 0.5823389021479713,
    "Spain_at_the_Olympics": 0.5795724465558195,
    "Japan_at_the_Olympics": 0.5754716981132075,
    "Estonia_at_the_Olympics": 0.5635103926096998,
    "France_at_the_Olympics": 0.5596330275229358,
    "Italy_at_the_Olympics": 0.5495495495495496,
    "Soviet_Union_at_the_Olympics": 0.5434298440979956,
    "Russia_at_the_Olympics": 0.541019955654102,
    "Australia_at_the_Winter_Olympics": 0.5236051502145923,
    "Australia_at_the_Olympics": 0.5236051502145923,
    "Sweden_at_the_Olympics": 0.5213675213675214,
    "Hungary_at_the_Olympics": 0.5136842105263157,
    "Great_Britain_at_the_Olympics": 0.5136842105263157,
    "Germany_at_the_Olympics": 0.49292929292929294,
    "Belgium_at_the_Olympics": 0.4899598393574297,
    "India_at_the_Olympics": 0.44770642201834865,
    "Albania_at_the_Olympics": 0.4460694698354662,
    "Canada_at_the_Summer_Olympics": 0.4236111111111111,
    "West_Indies_Federation": 0.3925686591276252,
    "Canada_at_the_Olympics": 0.38915470494417864,
    "Canada_at_the_Winter_Olympics": 0.38915470494417864,
    "United_States_at_the_Olympics": 0.35422740524781343,
    "Winter_Olympic_Games": 0.1443850267379679,
    "Summer_Olympic_Games": 0.14285714285714285,
    "Indonesia_at_the_Asian_Games": 0.1299093655589124,
    "Indonesia_national_basketball_team": 0.11621621621621622,
    "Indonesia_national_under-23_football_team": 0.11436170212765957,
    "Indonesia_national_football_team": 0.06935483870967742,
    "Indonesian_clubs_in_Asian_football": 0.03125,
    "2011_Indonesian_Futsal_League": 0.029239766081871343,
    "List_of_football_clubs_in_Indonesia": 0.024213075060532687,
    "Liga_Indonesia_First_Division": 0.02403846153846154,
    "Indonesian_Premier_League": 0.02242152466367713,
    "Liga_Indonesia_Premier_Division": 0.021321961620469083,
    "Indonesian_Premier_Division": 0.021321961620469083,
    "Indonesia_Super_League": 0.019646365422396856,
    "Liga_Primer_Indonesia": 0.01824817518248175,
    "Canada_men's_national_lacrosse_team": 0.010723860589812333,
    "Canada_national_men's_squash_team": 0.010723860589812333,
    "Canada_national_women's_squash_team": 0.010723860589812333,
    "List_of_people_who_have_opened_the_Olympic_Games": 0.010362694300518135,
    "President_of_the_Olympic_Organising_Committee": 0.010362694300518135,
    "United_States_at_the_1980_Winter_Olympics": 0.0103359173126615
}