{
    "Australasia_at_the_Olympics": 1.0,
    "Tropical_nations_at_the_Winter_Olympics": 0.9878048780487805,
    "Germany_at_the_Winter_Olympics": 0.9878048780487805,
    "Chad_at_the_Olympics": 0.9604743083003953,
    "Mauritania_at_the_Olympics": 0.9529411764705882,
    "Central_African_Republic_at_the_Olympics": 0.9455252918287937,
    "Liechtenstein_at_the_Olympics": 0.9418604651162791,
    "Belize_at_the_Olympics": 0.9418604651162791,
    "Cayman_Islands_at_the_Olympics": 0.9382239382239382,
    "Ethiopia_at_the_Olympics": 0.9346153846153846,
    "Antigua_and_Barbuda_at_the_Olympics": 0.9346153846153846,
    "Gabon_at_the_Olympics": 0.9274809160305344,
    "Haiti_at_the_Olympics": 0.9274809160305344,
    "Cambodia_at_the_Olympics": 0.9239543726235742,
    "DR_Congo_at_the_Olympics": 0.9239543726235742,
    "El_Salvador_at_the_Olympics": 0.9169811320754717,
    "Bermuda_at_the_Olympics": 0.9169811320754717,
    "Burkina_Faso_at_the_Olympics": 0.9169811320754717,
    "Barbados_at_the_Olympics": 0.9067164179104478,
    "Ecuador_at_the_Olympics": 0.9067164179104478,
    "Bolivia_at_the_Olympics": 0.9067164179104478,
    "Ivory_Coast_at_the_Olympics": 0.9067164179104478,
    "Bahamas_at_the_Olympics": 0.9,
    "Costa_Rica_at_the_Olympics": 0.8966789667896679,
    "Botswana_at_the_Olympics": 0.8966789667896679,
    "Morocco_at_the_Olympics": 0.8933823529411765,
    "Afghanistan_at_the_Olympics": 0.8933823529411765,
    "Cameroon_at_the_Olympics": 0.8933823529411765,
    "North_Korea_at_the_Olympics": 0.8901098901098901,
    "Mongolia_at_the_Olympics": 0.8901098901098901,
    "Macedonia_at_the_Olympics": 0.8868613138686131,
    "Zambia_at_the_Olympics": 0.8836363636363637,
    "Jamaica_at_the_Olympics": 0.8804347826086957,
    "Moldova_at_the_Olympics": 0.8804347826086957,
    "Dominican_Republic_at_the_Olympics": 0.8804347826086957,
    "Trinidad_and_Tobago_at_the_Olympics": 0.8804347826086957,
    "Kenya_at_the_Olympics": 0.8772563176895307,
    "Uganda_at_the_Olympics": 0.8772563176895307,
    "Georgia_at_the_Olympics": 0.8741007194244604,
    "Puerto_Rico_at_the_Olympics": 0.8709677419354839,
    "Vietnam_at_the_Olympics": 0.8709677419354839,
    "Fiji_at_the_Olympics": 0.8709677419354839,
    "Cuba_at_the_Olympics": 0.8617021276595744,
    "Uruguay_at_the_Olympics": 0.8586572438162544,
    "Belarus_at_the_Olympics": 0.8556338028169014,
    "Indonesia_at_the_Olympics": 0.84375,
    "Chile_at_the_Olympics": 0.8379310344827586,
    "Chinese_Taipei_at_the_Olympics": 0.8350515463917526,
    "Colombia_at_the_Olympics": 0.8350515463917526,
    "Kazakhstan_at_the_Olympics": 0.8321917808219178,
    "Lithuania_at_the_Olympics": 0.8321917808219178,
    "Armenia_at_the_Olympics": 0.8293515358361775,
    "Bulgaria_at_the_Olympics": 0.8209459459459459,
    "Tunisia_at_the_Olympics": 0.8073089700996677,
    "Benin_at_the_Olympics": 0.8073089700996677,
    "Cyprus_at_the_Olympics": 0.804635761589404,
    "Romania_at_the_Olympics": 0.801980198019802,
    "Slovakia_at_the_Olympics": 0.7993421052631579,
    "Algeria_at_the_Olympics": 0.7967213114754098,
    "Austria_at_the_Olympics": 0.7967213114754098,
    "Angola_at_the_Olympics": 0.7941176470588235,
    "Croatia_at_the_Olympics": 0.7941176470588235,
    "Azerbaijan_at_the_Olympics": 0.7915309446254072,
    "Switzerland_at_the_Olympics": 0.7915309446254072,
    "Germany_at_the_Summer_Olympics": 0.7915309446254072,
    "Portugal_at_the_Olympics": 0.7915309446254072,
    "Poland_at_the_Olympics": 0.7915309446254072,
    "Pakistan_at_the_Olympics": 0.788961038961039,
    "Ireland_at_the_Olympics": 0.788961038961039,
    "South_Korea_at_the_Olympics": 0.788961038961039,
    "South_Africa_at_the_Olympics": 0.7838709677419354,
    "Finland_at_the_Olympics": 0.7838709677419354,
    "Mexico_at_the_Olympics": 0.7763578274760383,
    "Yugoslavia_at_the_Olympics": 0.7738853503184714,
    "Denmark_at_the_Olympics": 0.7738853503184714,
    "Czech_Republic_at_the_Olympics": 0.7714285714285715,
    "Philippines_at_the_Olympics": 0.7641509433962265,
    "Argentina_at_the_Olympics": 0.7641509433962265,
    "Ukraine_at_the_Olympics": 0.7617554858934169,
    "Czechoslovakia_at_the_Olympics": 0.7570093457943925,
    "Egypt_at_the_Olympics": 0.7523219814241486,
    "Andorra_at_the_Olympics": 0.75,
    "Thailand_at_the_Olympics": 0.7386018237082067,
    "East_Germany_at_the_Olympics": 0.7275449101796407,
    "Venezuela_at_the_Olympics": 0.7210682492581603,
    "Iran_at_the_Olympics": 0.7189349112426036,
    "New_Zealand_at_the_Olympics": 0.7002881844380403,
    "List_of_participating_nations_at_the_Winter_Olympic_Games": 0.7002881844380403,
    "List_of_participating_nations_at_the_Summer_Olympic_Games": 0.7002881844380403,
    "Turkey_at_the_Olympics": 0.680672268907563,
    "Greece_at_the_Olympics": 0.6787709497206704,
    "Norway_at_the_Olympics": 0.675,
    "Brazil_at_the_Olympics": 0.662125340599455,
    "Unified_Team_at_the_Olympics": 0.6497326203208557,
    "China_at_the_Olympics": 0.6411609498680739,
    "Netherlands_at_the_Olympics": 0.6377952755905512,
    "Spain_at_the_Olympics": 0.6344647519582245,
    "Japan_at_the_Olympics": 0.6295336787564767,
    "Estonia_at_the_Olympics": 0.6151898734177215,
    "France_at_the_Olympics": 0.6105527638190955,
    "Italy_at_the_Olympics": 0.5985221674876847,
    "Soviet_Union_at_the_Olympics": 0.5912408759124088,
    "Russia_at_the_Olympics": 0.5883777239709443,
    "Australia_at_the_Winter_Olympics": 0.5677570093457944,
    "Australia_at_the_Olympics": 0.5677570093457944,
    "Sweden_at_the_Olympics": 0.5651162790697675,
    "Hungary_at_the_Olympics": 0.5560640732265446,
    "Great_Britain_at_the_Olympics": 0.5560640732265446,
    "Germany_at_the_Olympics": 0.5317286652078774,
    "Belgium_at_the_Olympics": 0.5282608695652173,
    "India_at_the_Olympics": 0.47928994082840237,
    "Albania_at_the_Olympics": 0.4774066797642436,
    "Canada_at_the_Summer_Olympics": 0.4516728624535316,
    "West_Indies_Federation": 0.4189655172413793,
    "Canada_at_the_Olympics": 0.41256366723259763,
    "Canada_at_the_Winter_Olympics": 0.41256366723259763,
    "United_States_at_the_Olympics": 0.3755795981452859,
    "Winter_Olympic_Games": 0.1478102189781022,
    "Summer_Olympic_Games": 0.14620938628158844,
    "Canada_at_the_1908_Summer_Olympics": 0.012269938650306749,
    "1912_Summer_Olympics": 0.012195121951219513,
    "Venues_of_the_1912_Summer_Olympics": 0.012195121951219513,
    "United_States_at_the_1908_Summer_Olympics": 0.012012012012012012,
    "List_of_people_who_have_opened_the_Olympic_Games": 0.011527377521613832,
    "President_of_the_Olympic_Organising_Committee": 0.011527377521613832,
    "United_States_at_the_1980_Winter_Olympics": 0.011494252873563218,
    "1956_Summer_Olympics": 0.010845986984815618,
    "Canada_at_the_1994_Winter_Olympics": 0.010752688172043012,
    "1952_Summer_Olympics": 0.010752688172043012,
    "United_States_at_the_1994_Winter_Olympics": 0.010554089709762533,
    "1924_Winter_Olympics": 0.010526315789473684,
    "1932_Winter_Olympics": 0.010471204188481676,
    "United_States_at_the_1912_Summer_Olympics": 0.010471204188481676,
    "1896_Summer_Olympics": 0.010443864229765013,
    "1908_Summer_Olympics": 0.010245901639344262,
    "Venues_of_the_1908_Summer_Olympics": 0.010245901639344262,
    "1960_Summer_Olympics": 0.010245901639344262,
    "1904_Summer_Olympics": 0.010230179028132993,
    "1928_Winter_Olympics": 0.010230179028132993,
    "United_States_at_the_2010_Winter_Olympics": 0.01015228426395939,
    "1960_Winter_Olympics": 0.010126582278481013,
    "1936_Winter_Olympics": 0.010126582278481013,
    "Doping_at_the_Olympic_Games": 0.010101010101010102,
    "1948_Winter_Olympics": 0.010101010101010102,
    "2010_Winter_Olympics": 0.010086455331412104
}