{
    "Central_banks_and_currencies_of_the_Caribbean": 1.0,
    "List_of_Caribbean_islands_by_area": 0.7603305785123967,
    "List_of_stock_exchanges_in_the_Americas": 0.7603305785123967,
    "List_of_metropolitan_areas_in_the_West_Indies": 0.5508982035928144,
    "Organisation_of_Eastern_Caribbean_States": 0.4742268041237113,
    "Languages_of_the_Caribbean": 0.45320197044334976,
    "List_of_sovereign_states_and_dependent_territories_in_the_Caribbean": 0.431924882629108,
    "Lesser_Antilles": 0.42790697674418604,
    "List_of_Caribbean_island_countries_by_population": 0.39316239316239315,
    "Mountain_peaks_of_the_Caribbean": 0.33454545454545453,
    "Reserve_requirement": 0.24793388429752067,
    "Caribbean_Community": 0.2315270935960591,
    "West_Indies_Federation": 0.15181518151815182,
    "Turks_and_Caicos_Islands": 0.13897280966767372,
    "Bank_of_Japan": 0.10948905109489052,
    "European_System_of_Central_Banks": 0.1048951048951049,
    "Central_Bank_of_Nigeria": 0.09316770186335403,
    "Central_banks_and_currencies_of_Africa": 0.09174311926605505,
    "International_Monetary_Fund": 0.082010582010582,
    "World_Bank": 0.06224066390041494,
    "European_Central_Bank": 0.062111801242236024,
    "List_of_airports_in_French_Guiana": 0.06086956521739131,
    "List_of_airports_in_Jamaica": 0.0603448275862069,
    "List_of_airports_in_Cuba": 0.056,
    "Foreign_relations_of_Grenada": 0.05426356589147287,
    "Radio_in_Trinidad_and_Tobago": 0.053691275167785234,
    "Foreign_relations_of_Dominica": 0.049689440993788817,
    "List_of_airports_in_the_Bahamas": 0.04861111111111111,
    "List_of_airports_in_Puerto_Rico": 0.047619047619047616,
    "List_of_airports_in_Haiti": 0.04643962848297214,
    "List_of_airports_in_the_Dominican_Republic": 0.046357615894039736,
    "List_of_islands_of_Belize": 0.04421768707482993,
    "List_of_the_busiest_airports_in_the_Caribbean": 0.043731778425655975,
    "List_of_television_stations_in_Puerto_Rico": 0.04229607250755287,
    "President_of_the_World_Bank_Group": 0.0392156862745098,
    "Foreign_relations_of_Barbados": 0.03768844221105527,
    "List_of_members_of_the_United_Nations_Economic_and_Social_Council": 0.03763440860215054,
    "Committee_on_Economic,_Social_and_Cultural_Rights": 0.0374331550802139,
    "United_Nations_Economic_Commission_for_Europe": 0.03553299492385787,
    "Rio_Group": 0.03409090909090909,
    "Latin_American_Integration_Association": 0.033707865168539325,
    "List_of_islands_of_France": 0.03291139240506329,
    "North_American_integration": 0.030303030303030304,
    "Latin_American_integration": 0.02527075812274368,
    "Caribbean_Disaster_Emergency_Management_Agency": 0.024539877300613498,
    "Decolonization_of_the_Americas": 0.022435897435897436,
    "Inter-Parliamentary_Union": 0.021739130434782608,
    "Bolivarian_Alliance_for_the_Americas": 0.02097902097902098,
    "Paul_Wolfowitz": 0.020202020202020204,
    "United_Nations_Economic_and_Social_Council": 0.020202020202020204,
    "Community_of_Latin_American_and_Caribbean_States": 0.018666666666666668,
    "List_of_United_Nations_Security_Council_resolutions_concerning_Iraq": 0.01764705882352941,
    "List_of_United_Nations_Security_Council_Resolutions_1801_to_1900": 0.01764705882352941,
    "List_of_specialized_agencies_of_the_United_Nations": 0.01764705882352941,
    "United_Nations_System": 0.01764705882352941,
    "List_of_United_Nations_Organizations": 0.01764705882352941,
    "List_of_United_Nations_Security_Council_Resolutions_1901_to_2000": 0.01764705882352941,
    "Timeline_of_United_Nations_peacekeeping_missions": 0.01764705882352941,
    "List_of_United_Nations_Security_Council_Resolutions_2001_to_2100": 0.01764705882352941,
    "List_of_resolutions_at_the_sixty-sixth_session_of_the_United_Nations_General_Assembly": 0.01764705882352941,
    "List_of_United_Nations_Security_Council_Resolutions_1_to_100": 0.01764705882352941,
    "List_of_United_Nations_Security_Council_Resolutions_101_to_200": 0.01764705882352941,
    "List_of_United_Nations_Security_Council_Resolutions_201_to_300": 0.01764705882352941,
    "List_of_United_Nations_Security_Council_Resolutions_1201_to_1300": 0.01764705882352941,
    "List_of_United_Nations_Security_Council_Resolutions_1101_to_1200": 0.01764705882352941,
    "List_of_United_Nations_Security_Council_Resolutions_301_to_400": 0.01764705882352941,
    "List_of_United_Nations_Security_Council_Resolutions_1301_to_1400": 0.01764705882352941,
    "List_of_United_Nations_Security_Council_Resolutions_401_to_500": 0.01764705882352941,
    "List_of_United_Nations_Security_Council_Resolutions_1001_to_1100": 0.01764705882352941,
    "List_of_United_Nations_Security_Council_Resolutions_901_to_1000": 0.01764705882352941,
    "List_of_United_Nations_Security_Council_Resolutions_801_to_900": 0.01764705882352941,
    "List_of_United_Nations_Security_Council_Resolutions_701_to_800": 0.01764705882352941,
    "List_of_United_Nations_Security_Council_Resolutions_501_to_600": 0.01764705882352941,
    "List_of_United_Nations_Security_Council_Resolutions_1401_to_1500": 0.01764705882352941,
    "List_of_United_Nations_Security_Council_Resolutions_1501_to_1600": 0.01764705882352941,
    "List_of_United_Nations_Security_Council_Resolutions_601_to_700": 0.01764705882352941,
    "List_of_United_Nations_Security_Council_Resolutions_1601_to_1700": 0.01764705882352941,
    "List_of_resolutions_at_the_sixty-seventh_session_of_the_United_Nations_General_Assembly": 0.01764705882352941,
    "List_of_United_Nations_resolutions_concerning_Western_Sahara": 0.01764705882352941,
    "List_of_United_Nations_Security_Council_Resolutions_2101_to_2200": 0.01764705882352941,
    "Flag_of_the_United_Nations": 0.01764705882352941,
    "List_of_United_Nations_Security_Council_Resolutions_1701_to_1800": 0.01764705882352941,
    "List_of_delegates_to_the_Millennium_Summit": 0.01764705882352941,
    "Pacific_Northwest": 0.017605633802816902,
    "Secretary-General_of_the_United_Nations": 0.016901408450704224,
    "International_Court_of_Justice": 0.01634877384196185,
    "Human_rights_commission": 0.016172506738544475,
    "United_Nations_Conference_on_Trade_and_Development": 0.015779092702169626,
    "EGM:_prevention_of_violence_against_women_and_girls": 0.015706806282722512,
    "Convention_on_the_Elimination_of_All_Forms_of_Discrimination_against_Women": 0.015665796344647518,
    "International_Covenant_on_Civil_and_Political_Rights": 0.015665796344647518,
    "List_of_current_Permanent_Representatives_to_the_United_Nations": 0.015544041450777202,
    "United_Nations_General_Assembly_observers": 0.015463917525773196,
    "Member_states_of_the_United_Nations": 0.015463917525773196,
    "List_of_unofficial_observances_by_date": 0.015384615384615385,
    "Foreign_relations_of_Sweden": 0.015306122448979591,
    "United_Nations_Medal": 0.015267175572519083,
    "Committee_on_the_Rights_of_the_Child": 0.015267175572519083,
    "List_of_radio_stations_in_Barbados": 0.015015015015015015,
    "Great_Lakes_region": 0.014814814814814815,
    "Asian_Development_Bank": 0.014705882352941176,
    "World_Meteorological_Organization": 0.014669926650366748,
    "United_Nations_Interim_Security_Force_for_Abyei": 0.014598540145985401,
    "International_trade": 0.014423076923076924,
    "Free_trade_zone": 0.014423076923076924,
    "President_of_the_United_Nations_Security_Council": 0.014423076923076924,
    "List_of_the_largest_trading_partners_of_India": 0.014423076923076924,
    "List_of_the_largest_trading_partners_of_the_United_States": 0.014423076923076924,
    "Latin_America": 0.014200298953662182,
    "International_Criminal_Court_investigations": 0.013986013986013986,
    "Mountain_States": 0.013888888888888888,
    "Pacific_States": 0.013888888888888888,
    "Emerging_markets": 0.013793103448275862,
    "United_Nations_Human_Rights_Committee": 0.013793103448275862,