{
    "Local_government_areas_of_Scotland_1973_to_1996": 1.0,
    "Strathclyde": 0.92,
    "Politics_of_Aberdeen": 0.5267175572519084,
    "Caithness": 0.25842696629213485,
    "Lieutenancy_areas_of_Scotland": 0.06306306306306306,
    "Cromartyshire": 0.03636363636363636,
    "List_of_local_government_areas_in_Scotland_1930_\u2013_1975": 0.03636363636363636,
    "Outer_Hebrides": 0.03115264797507788,
    "History_of_local_government_in_Wales": 0.02702702702702703,
    "List_of_counties_of_the_United_Kingdom": 0.02702702702702703,
    "List_of_English_counties": 0.02702702702702703,
    "History_of_local_government_in_England": 0.02702702702702703,
    "Subdivisions_of_England": 0.024390243902439025,
    "List_of_English_districts": 0.024390243902439025,
    "List_of_Scottish_council_areas_by_population_density": 0.02422145328719723,
    "Subdivisions_of_Scotland": 0.02422145328719723,
    "List_of_Scottish_council_areas_by_population": 0.02422145328719723,
    "List_of_Scottish_council_areas_by_area": 0.02422145328719723,
    "List_of_burghs_in_Scotland": 0.0219435736677116,
    "List_of_civil_parishes_in_Scotland": 0.021897810218978103,
    "List_of_museums_in_Scotland": 0.01949317738791423,
    "Glasgow_Necropolis": 0.01904761904761905,
    "List_of_Category_A_listed_buildings_in_Clackmannanshire": 0.01818181818181818,
    "List_of_Category_A_listed_buildings_in_West_Lothian": 0.01818181818181818,
    "List_of_Category_A_listed_buildings_in_North_Lanarkshire": 0.01818181818181818,
    "List_of_Category_A_listed_buildings_in_Shetland": 0.01818181818181818,
    "List_of_Category_A_listed_buildings_in_Midlothian": 0.01818181818181818,
    "List_of_Category_A_listed_buildings_in_East_Dunbartonshire": 0.01818181818181818,
    "List_of_Category_A_listed_buildings_in_Argyll_and_Bute": 0.01818181818181818,
    "List_of_Category_A_listed_buildings_in_East_Ayrshire": 0.01818181818181818,
    "List_of_Category_A_listed_buildings_in_Perth_and_Kinross": 0.01818181818181818,
    "List_of_Category_A_listed_buildings_in_Angus": 0.01818181818181818,
    "List_of_Category_A_listed_buildings_in_Dumfries_and_Galloway": 0.01818181818181818,
    "List_of_Category_A_listed_buildings_in_Falkirk": 0.01818181818181818,
    "List_of_Category_A_listed_buildings_in_Stirling": 0.01818181818181818,
    "List_of_Category_A_listed_buildings_in_East_Lothian": 0.01818181818181818,
    "List_of_Category_A_listed_buildings_in_South_Lanarkshire": 0.01818181818181818,
    "List_of_Category_A_listed_buildings_in_Fife": 0.01818181818181818,
    "List_of_Category_A_listed_buildings_in_Highland": 0.01818181818181818,
    "List_of_Category_A_listed_buildings_in_West_Dunbartonshire": 0.01818181818181818,
    "List_of_Category_A_listed_buildings_in_South_Ayrshire": 0.01818181818181818,
    "List_of_Category_A_listed_buildings_in_the_Scottish_Borders": 0.01818181818181818,
    "List_of_Category_A_listed_buildings_in_Renfrewshire": 0.01818181818181818,
    "List_of_Category_A_listed_buildings_in_Orkney": 0.01818181818181818,
    "List_of_Category_A_listed_buildings_in_North_Ayrshire": 0.01818181818181818,
    "List_of_Category_A_listed_buildings_in_Moray": 0.01818181818181818,
    "List_of_Category_A_listed_buildings_in_Inverclyde": 0.01818181818181818,
    "List_of_Category_A_listed_buildings_in_Dundee": 0.01818181818181818,
    "List_of_Category_A_listed_buildings_in_Aberdeenshire": 0.01818181818181818,
    "List_of_Category_A_listed_buildings_in_Edinburgh": 0.01818181818181818,
    "List_of_Category_A_listed_buildings_in_the_Old_Town,_Edinburgh": 0.01818181818181818,
    "List_of_Category_A_listed_buildings_in_the_New_Town,_Edinburgh": 0.01818181818181818,
    "List_of_ceremonial_counties_of_England": 0.01775147928994083,
    "Local_government_in_England": 0.01744186046511628,
    "List_of_districts_in_Northern_Ireland_by_population": 0.015463917525773196,
    "List_of_districts_in_Northern_Ireland_by_population_density": 0.015463917525773196,
    "List_of_districts_in_Northern_Ireland_by_area": 0.015463917525773196,
    "List_of_Category_A_listed_buildings_in_Aberdeen": 0.015267175572519083,
    "List_of_outlying_islands_of_Scotland": 0.014084507042253521,
    "List_of_freshwater_islands_in_Scotland": 0.014084507042253521,
    "Description_of_the_Western_Isles_of_Scotland": 0.014084507042253521,
    "Listed_buildings_in_Scotland": 0.013986013986013986,
    "Northern_Isles": 0.013333333333333334,
    "Islands_of_the_Forth": 0.013157894736842105,
    "Local_government_in_Scotland": 0.01238390092879257,
    "List_of_Category_A_listed_buildings_in_the_Western_Isles": 0.012048192771084338,
    "Hebrides": 0.011396011396011397,
    "List_of_Orkney_islands": 0.01107011070110701,
    "List_of_Scottish_Governments": 0.01098901098901099,
    "List_of_rural_districts_in_England_and_Wales_1894\u20131930": 0.010752688172043012,
    "Ding_Junhui": 0.010752688172043012,
    "Unitary_authorities_of_England": 0.010273972602739725,
    "List_of_Shetland_islands": 0.01020408163265306
}