{
    "Azerbaijan_(Iran)": 1.0,
    "Alborz": 0.6095238095238096,
    "Azerbaijani_population_by_urban_area": 0.29213483146067415,
    "Mount_Damavand": 0.28378378378378377,
    "Azerbaijanis_in_Georgia": 0.1062992125984252,
    "Persian_people": 0.02702702702702703,
    "Elburz_Range_forest_steppe": 0.019230769230769232,
    "Turkic_peoples": 0.01881720430107527,
    "Turks_in_the_Republic_of_Macedonia": 0.017964071856287425,
    "List_of_Methodist_churches": 0.01694915254237288,
    "List_of_Presbyterian_churches": 0.01694915254237288,
    "List_of_Anglican_churches": 0.01694915254237288,
    "List_of_Baptist_churches": 0.01694915254237288,
    "List_of_Lutheran_churches": 0.01694915254237288,
    "List_of_Congregational_churches": 0.01694915254237288,
    "List_of_Russian_Orthodox_churches": 0.01694915254237288,
    "List_of_Anglo-Catholic_churches": 0.01694915254237288,
    "Timeline_of_the_Turkic_peoples_(500\u20131300)": 0.016233766233766232,
    "Turkology": 0.016233766233766232,
    "Turkish_people": 0.01569506726457399,
    "Iranian_peoples": 0.014814814814814815,
    "Bahri_dynasty": 0.014705882352941176,
    "Land_border_crossings_of_Turkey": 0.0136986301369863,
    "International_Organization_of_Turkic_Culture": 0.012853470437017995,
    "Economy_of_the_Organisation_of_Islamic_Cooperation": 0.01282051282051282,
    "Education_in_the_member_states_of_the_Organisation_of_Islamic_Cooperation": 0.01282051282051282,
    "Azerbaijan_Democratic_Republic": 0.012096774193548387,
    "List_of_theology_journals": 0.011811023622047244,
    "List_of_territorial_disputes": 0.011764705882352941,
    "Samanid_Empire": 0.011160714285714286,
    "International_rankings_of_Iran": 0.010917030567685589,
    "Iranian_languages": 0.010526315789473684,
    "Autonomous_Government_of_Khorasan": 0.010416666666666666,
    "List_of_Presidents_of_Iran": 0.010101010101010102,
    "Caspian_Hyrcanian_mixed_forests": 0.010101010101010102,
    "List_of_current_ambassadors_from_Iran": 0.010101010101010102
}