{
    "Miles_Franklin_Award": 1.0,
    "BILBY_Award": 0.017391304347826087,
    "International_IMPAC_Dublin_Literary_Award": 0.0125,
    "Man_Booker_Prize": 0.011627906976744186,
    "List_of_winners_and_shortlisted_authors_of_the_Booker_Prize_for_Fiction": 0.011627906976744186
}