{
    "List_of_cover_versions_of_the_Beatles_songs": 1.0,
    "List_of_songs_covered_by_the_Beatles": 0.7905405405405406,
    "Collaborations_between_ex-Beatles": 0.7905405405405406,
    "The_Beatles_timeline": 0.7837837837837838,
    "List_of_awards_and_nominations_received_by_the_Beatles": 0.7837837837837838,
    "The_Beatles'_1966_US_tour": 0.7837837837837838,
    "The_Beatles'_1965_US_tour": 0.7837837837837838,
    "List_of_the_Beatles'_live_performances": 0.7837837837837838,
    "Jimmie_Nicol": 0.7682119205298014,
    "List_of_songs_recorded_by_the_Beatles": 0.4496124031007752,
    "Billy_Preston": 0.29441624365482233,
    "Lennon\u2013McCartney": 0.2857142857142857,
    "Back_in_the_World_tour": 0.0851063829787234,
    "Paul_McCartney_2004_Summer_Tour": 0.0851063829787234,
    "Cloud_Nine_(George_Harrison_album)": 0.03333333333333333,
    "Non-Violence_(sculpture)": 0.03296703296703297,
    "Instant_Karma:_The_Amnesty_International_Campaign_to_Save_Darfur": 0.032846715328467155,
    "Power_to_the_People:_The_Hits": 0.032846715328467155,
    "George_Harrison_discography": 0.02768166089965398,
    "List_of_songs_recorded_by_George_Harrison": 0.02768166089965398,
    "Yellow_Submarine_(song)": 0.026578073089700997,
    "John_Lennon_discography": 0.02654867256637168,
    "Milk_and_Honey_(album)": 0.025714285714285714,
    "The_Paul_McCartney_World_Tour": 0.024734982332155476,
    "Paul_McCartney_concerts": 0.024734982332155476,
    "The_'US'_Tour": 0.024734982332155476,
    "Summer_Live_'09": 0.024734982332155476,
    "Up_and_Coming_Tour": 0.024734982332155476,
    "Driving_World_Tour": 0.024734982332155476,
    "Out_There!_Tour": 0.024734982332155476,
    "The_Paul_McCartney_Collection": 0.024734982332155476,
    "The_New_World_Tour": 0.024734982332155476,
    "Memory_Almost_Full": 0.02464788732394366,
    "Flaming_Pie": 0.02464788732394366,
    "All_the_Best!": 0.02464788732394366,
    "Pipes_of_Peace": 0.02464788732394366,
    "Give_My_Regards_to_Broad_Street": 0.02464788732394366,
    "Off_the_Ground": 0.02464788732394366,
    "Kisses_on_the_Bottom": 0.02464788732394366,
    "New_(album)": 0.02464788732394366,
    "Brian_Ray": 0.02456140350877193,
    "Wingspan:_Hits_and_History": 0.02349869451697128,
    "Paul_McCartney_discography": 0.021798365122615803,
    "List_of_Paul_McCartney_maxi-singles": 0.021798365122615803,
    "Magical_Mystery_Tour": 0.02040816326530612,
    "Woody_Guthrie": 0.019762845849802372,
    "Wings_UK_Tour_1979": 0.01912568306010929,
    "Wings_University_Tour": 0.01912568306010929,
    "Wings_Over_Europe_Tour": 0.01912568306010929,
    "Wings_1973_UK_Tour": 0.01912568306010929,
    "A_Hard_Day's_Night_(song)": 0.017543859649122806,
    "List_of_songs_recorded_by_Ringo_Starr": 0.017316017316017316,
    "Ringo_Starr_discography": 0.017316017316017316,
    "Florence_Ballard": 0.017064846416382253,
    "Barbara_Bach": 0.01702127659574468,
    "All_You_Need_Is_Love": 0.016901408450704224,
    "Bernard_Herrmann": 0.016666666666666666,
    "Anthology_1": 0.01652892561983471,
    "Because_(Beatles_song)": 0.015957446808510637,
    "Liverpool_John_Lennon_Airport": 0.015957446808510637,
    "I_Want_You_(She's_So_Heavy)": 0.015957446808510637,
    "Golden_Slumbers": 0.015957446808510637,
    "Traveling_Wilburys_Vol._1": 0.015332197614991482,
    "1962\u20131966": 0.01509433962264151,
    "Yoko_Ono": 0.014230271668822769,
    "All_My_Loving": 0.01384083044982699,
    "Ten_Summoner's_Tales": 0.013605442176870748,
    "Within_You_Without_You": 0.013468013468013467,
    "Dario_Marianelli": 0.013440860215053764,
    "Independence_Day_(1996_film)": 0.013262599469496022,
    "James_Newton_Howard": 0.013227513227513227,
    "Grammy_Award_for_Best_Music_Film": 0.013071895424836602,
    "Up_(film_score)": 0.012853470437017995,
    "Mychael_Danna": 0.012658227848101266,
    "Hey_Jude": 0.012345679012345678,
    "Diva_(Annie_Lennox_album)": 0.012269938650306749,
    "Academy_Award_for_Best_Original_Score": 0.012224938875305624,
    "Long_Tall_Sally": 0.012145748987854251,
    "Glory_(1989_film)": 0.01201923076923077,
    "Will_I?": 0.012,
    "The_Fool_on_the_Hill": 0.011857707509881422,
    "Cirque_du_Soleil": 0.011695906432748537,
    "Mumford_&_Sons": 0.011363636363636364,
    "Mumford_&_Sons:_World_Tour": 0.011363636363636364,
    "Dear_Prudence": 0.01090909090909091,
    "1_(The_Beatles_album)": 0.010771992818671455,
    "Bob_Wills": 0.010638297872340425,
    "Dance_Central": 0.010582010582010581,
    "Dance_Central_2": 0.010582010582010581,
    "Dance_Central_3": 0.010582010582010581,
    "Across_the_Universe": 0.01056338028169014,
    "The_Miseducation_of_Lauryn_Hill": 0.010526315789473684,
    "2009_in_downloadable_songs_for_the_Rock_Band_series": 0.010471204188481676,
    "List_of_Rock_Band_track_packs": 0.010471204188481676,
    "2007_in_downloadable_songs_for_the_Rock_Band_series": 0.010471204188481676,
    "2008_in_downloadable_songs_for_the_Rock_Band_series": 0.010471204188481676,
    "2010_in_downloadable_songs_for_the_Rock_Band_series": 0.010471204188481676,
    "List_of_Rock_Band_Network_1.0_songs": 0.010471204188481676,
    "2011_in_downloadable_songs_for_the_Rock_Band_series": 0.010471204188481676,
    "List_of_Rock_Band_Network_2.0_songs": 0.010471204188481676,
    "2013_in_downloadable_songs_for_the_Rock_Band_series": 0.010471204188481676,
    "Thomas_Newman": 0.010309278350515464,
    "Maurice_Jarre": 0.010186757215619695
}