{
    "List_of_Kappa_Alpha_Psi_brothers": 1.0,
    "List_of_Kappa_Alpha_Psi_chapters": 1.0,
    "List_of_Zeta_Phi_Beta_sisters": 0.1,
    "List_of_Zeta_Phi_Beta_grand_boules": 0.1,
    "List_of_Phi_Beta_Sigma_brothers": 0.09090909090909091,
    "List_of_Phi_Beta_Sigma_chapters": 0.09090909090909091,
    "List_of_Phi_Beta_Sigma_conclaves": 0.09090909090909091,
    "National_APIA_Panhellenic_Association": 0.06060606060606061,
    "National_Association_of_Latino_Fraternal_Organizations": 0.05128205128205128,
    "National_Panhellenic_Conference": 0.03636363636363636,
    "North-American_Interfraternity_Conference": 0.02564102564102564,
    "Association_of_College_Honor_Societies": 0.019417475728155338,
    "Sigma_Mu_Sigma": 0.018867924528301886,
    "Alpha_Lambda_Tau": 0.018867924528301886,
    "Professional_Fraternity_Association": 0.016260162601626018
}