{
    "1994_in_spaceflight": 1.0,
    "Astra_1D": 0.4557823129251701,
    "1956_in_spaceflight": 0.38207547169811323,
    "1955_in_spaceflight": 0.38207547169811323,
    "1954_in_spaceflight": 0.38207547169811323,
    "1952_in_spaceflight": 0.38207547169811323,
    "1951_in_spaceflight": 0.38207547169811323,
    "1953_in_spaceflight": 0.38207547169811323,
    "Spaceflight_before_1951": 0.38207547169811323,
    "1957_in_spaceflight": 0.375,
    "1959_in_spaceflight": 0.3446808510638298,
    "1958_in_spaceflight": 0.3375,
    "1960_in_spaceflight": 0.3201581027667984,
    "1961_in_spaceflight": 0.30223880597014924,
    "2005_in_spaceflight": 0.28321678321678323,
    "2004_in_spaceflight": 0.28125,
    "2001_in_spaceflight": 0.2682119205298013,
    "1963_in_spaceflight": 0.2647058823529412,
    "2003_in_spaceflight": 0.26384364820846906,
    "1962_in_spaceflight": 0.262987012987013,
    "2002_in_spaceflight": 0.25961538461538464,
    "1995_in_spaceflight": 0.2577639751552795,
    "2006_in_spaceflight": 0.2571428571428571,
    "1996_in_spaceflight": 0.25705329153605017,
    "2008_in_spaceflight_(January\u2013June)": 0.25077399380804954,
    "2008_in_spaceflight_(July\u2013December)": 0.25077399380804954,
    "2008_in_spaceflight": 0.25077399380804954,
    "1993_in_spaceflight": 0.24846625766871167,
    "2007_in_spaceflight": 0.24770642201834864,
    "1964_in_spaceflight": 0.24397590361445784,
    "2010_in_spaceflight": 0.2417910447761194,
    "1979_in_spaceflight": 0.23823529411764705,
    "1999_in_spaceflight": 0.23684210526315788,
    "2009_in_spaceflight": 0.23615160349854228,
    "2009_in_spaceflight_(July\u2013December)": 0.23615160349854228,
    "2009_in_spaceflight_(January\u2013June)": 0.23615160349854228,
    "2000_in_spaceflight": 0.23615160349854228,
    "1992_in_spaceflight": 0.23410404624277456,
    "1974_in_spaceflight": 0.23275862068965517,
    "1989_in_spaceflight": 0.23142857142857143,
    "1980_in_spaceflight": 0.23011363636363635,
    "1987_in_spaceflight": 0.22946175637393768,
    "1991_in_spaceflight": 0.2288135593220339,
    "1977_in_spaceflight": 0.22816901408450704,
    "1973_in_spaceflight": 0.22752808988764045,
    "1986_in_spaceflight": 0.226890756302521,
    "1997_in_spaceflight": 0.22615803814713897,
    "1988_in_spaceflight": 0.22375690607734808,
    "1982_in_spaceflight": 0.2219178082191781,
    "1981_in_spaceflight": 0.21774193548387097,
    "1975_in_spaceflight": 0.21774193548387097,
    "1966_in_spaceflight": 0.21774193548387097,
    "1967_in_spaceflight": 0.21774193548387097,
    "1976_in_spaceflight": 0.21715817694369974,
    "1983_in_spaceflight": 0.216,
    "1978_in_spaceflight": 0.21428571428571427,
    "1971_in_spaceflight": 0.21428571428571427,
    "1984_in_spaceflight": 0.2125984251968504,
    "1965_in_spaceflight": 0.21204188481675393,
    "1985_in_spaceflight": 0.21148825065274152,
    "1998_in_spaceflight": 0.211340206185567,
    "1990_in_spaceflight": 0.20984455958549222,
    "2013_in_spaceflight": 0.1975609756097561,
    "2011_in_spaceflight": 0.18040089086859687,
    "2014_in_spaceflight": 0.17494600431965443,
    "List_of_GLONASS_satellites": 0.026706231454005934,
    "STS-80": 0.023454157782515993,
    "STS-82": 0.02185792349726776,
    "STS-125": 0.018975332068311195,
    "STS-98": 0.018656716417910446,
    "STS-100": 0.018656716417910446,
    "STS-104": 0.018656716417910446,
    "STS-32": 0.0186219739292365,
    "STS-105": 0.0186219739292365,
    "STS-112": 0.018281535648994516,
    "STS-115": 0.018115942028985508,
    "STS-122": 0.017889087656529516,
    "STS-126": 0.017889087656529516,
    "STS-123": 0.017889087656529516,
    "STS-124": 0.017857142857142856,
    "STS-117": 0.01773049645390071,
    "STS-120": 0.017699115044247787,
    "STS-3xx": 0.017660044150110375,
    "STS-400": 0.017582417582417582,
    "STS-130": 0.017543859649122806,
    "STS-132": 0.017543859649122806,
    "STS-131": 0.017513134851138354,
    "STS-127": 0.017361111111111112,
    "STS-129": 0.017361111111111112,
    "STS-134": 0.017006802721088437,
    "STS-135": 0.017006802721088437,
    "STS-133": 0.01697792869269949,
    "STS-128": 0.013054830287206266,
    "Vanguard_2": 0.012195121951219513,
    "List_of_space_shuttle_missions": 0.011435832274459974,
    "Astra_1A": 0.011286681715575621,
    "Transit_Research_and_Attitude_Control": 0.011194029850746268,
    "MetOp": 0.010778443113772455,
    "List_of_unmanned_spaceflights_to_Mir": 0.010619469026548672,
    "Mir": 0.01045751633986928,
    "List_of_human_spaceflights": 0.010101010101010102
}