{
    "List_of_Alabama_railroads": 1.0,
    "List_of_botanical_gardens_and_arboretums_in_Alabama": 0.7239583333333334,
    "List_of_metropolitan_areas_of_Alabama": 0.7239583333333334,
    "Northeast_Alabama": 0.7239583333333334,
    "List_of_tallest_buildings_in_Alabama": 0.5650406504065041,
    "List_of_museums_in_Alabama": 0.5582329317269076,
    "Elections_in_Alabama": 0.5582329317269076,
    "List_of_Alabama_state_symbols": 0.556,
    "List_of_mammals_of_Alabama": 0.556,
    "Alabama_statistical_areas": 0.5537848605577689,
    "List_of_school_districts_in_Alabama": 0.5537848605577689,
    "List_of_hospitals_in_Alabama": 0.5537848605577689,
    "List_of_lakes_in_Alabama": 0.5537848605577689,
    "List_of_Superfund_sites_in_Alabama": 0.5515873015873016,
    "List_of_counties_in_Alabama": 0.5515873015873016,
    "List_of_cities_and_towns_in_Alabama": 0.5450980392156862,
    "List_of_amphibians_of_Alabama": 0.5450980392156862,
    "Alabama_locations_by_per_capita_income": 0.54296875,
    "List_of_dams_and_reservoirs_in_Alabama": 0.5408560311284046,
    "List_of_reptiles_of_Alabama": 0.45723684210526316,
    "List_of_television_stations_in_Alabama": 0.44551282051282054,
    "List_of_colleges_and_universities_in_Alabama": 0.41124260355029585,
    "National_Register_of_Historic_Places_listings_in_Alabama": 0.41124260355029585,
    "United_States_congressional_delegations_from_Alabama": 0.3787465940054496,
    "Vehicle_registration_plates_of_Alabama": 0.33413461538461536,
    "List_of_Mississippi_railroads": 0.2760416666666667,
    "List_of_Washington,_D.C._railroads": 0.2760416666666667,
    "List_of_Virginia_railroads": 0.2760416666666667,
    "List_of_New_Mexico_railroads": 0.2760416666666667,
    "List_of_Pennsylvania_railroads": 0.2760416666666667,
    "List_of_Arkansas_railroads": 0.2760416666666667,
    "List_of_Maryland_railroads": 0.2760416666666667,
    "List_of_Rhode_Island_railroads": 0.2760416666666667,
    "List_of_Utah_railroads": 0.2760416666666667,
    "List_of_lieutenant_governors_of_Alabama": 0.2574074074074074,
    "List_of_Connecticut_railroads": 0.25,
    "List_of_Governors_of_Alabama": 0.23720136518771331,
    "List_of_Michigan_railroads": 0.21991701244813278,
    "List_of_California_railroads": 0.21115537848605578,
    "List_of_Wyoming_railroads": 0.21011673151750973,
    "List_of_Massachusetts_railroads": 0.20703125,
    "List_of_Vermont_railroads": 0.19636363636363635,
    "List_of_Arizona_railroads": 0.19285714285714287,
    "List_of_Maine_railroads": 0.19217081850533807,
    "List_of_radio_stations_in_Alabama": 0.18834688346883469,
    "List_of_Delaware_railroads": 0.1875,
    "List_of_Texas_railroads": 0.18305084745762712,
    "List_of_New_Jersey_railroads": 0.18181818181818182,
    "List_of_West_Virginia_railroads": 0.18006430868167203,
    "List_of_Montana_railroads": 0.17880794701986755,
    "List_of_Idaho_railroads": 0.17725752508361203,
    "List_of_Nevada_railroads": 0.17704918032786884,
    "List_of_Oregon_railroads": 0.16770186335403728,
    "List_of_Tennessee_railroads": 0.1676470588235294,
    "List_of_Louisiana_railroads": 0.16666666666666666,
    "List_of_North_Dakota_railroads": 0.1641337386018237,
    "Alabama": 0.16295427901524032,
    "List_of_New_York_railroads": 0.16272189349112426,
    "List_of_Oklahoma_railroads": 0.1588235294117647,
    "List_of_Washington_railroads": 0.15835777126099707,
    "List_of_Nebraska_railroads": 0.15835777126099707,
    "List_of_Ohio_railroads": 0.15384615384615385,
    "List_of_Iowa_railroads": 0.14835164835164835,
    "List_of_Indiana_railroads": 0.14754098360655737,
    "List_of_South_Carolina_railroads": 0.14705882352941177,
    "List_of_South_Dakota_railroads": 0.14555256064690028,
    "List_of_Kentucky_railroads": 0.14249363867684478,
    "List_of_Georgia_railroads": 0.14182692307692307,
    "List_of_Missouri_railroads": 0.14136125654450263,
    "Gulf_Coast_of_the_United_States": 0.14126016260162602,
    "List_of_Minnesota_railroads": 0.13846153846153847,
    "List_of_Wisconsin_railroads": 0.13810741687979539,
    "List_of_Colorado_railroads": 0.13810741687979539,
    "List_of_Kansas_railroads": 0.1377551020408163,
    "List_of_Florida_railroads": 0.13106796116504854,
    "List_of_North_Carolina_railroads": 0.12331838565022421,
    "List_of_New_Hampshire_railroads": 0.11065573770491803,
    "List_of_Illinois_railroads": 0.09908256880733946,
    "List_of_people_from_Montgomery,_Alabama": 0.02531645569620253,
    "List_of_shopping_malls_in_Alabama": 0.017605633802816902,
    "National_Register_of_Historic_Places_listings_in_Limestone_County,_Alabama": 0.017123287671232876,
    "List_of_counties_in_Georgia": 0.014705882352941176,
    "List_of_municipalities_in_Georgia_(U.S._state)": 0.014613778705636743,
    "List_of_metropolitan_areas_of_Georgia": 0.014423076923076924,
    "National_Register_of_Historic_Places_listings_in_Huntsville,_Alabama": 0.013513513513513514,
    "National_Register_of_Historic_Places_listings_in_Madison_County,_Alabama": 0.013513513513513514,
    "List_of_television_stations_in_Georgia_(U.S._state)": 0.013084112149532711,
    "List_of_National_Historic_Landmarks_in_Georgia_(U.S._state)": 0.012704174228675136,
    "Georgia_statistical_areas": 0.01263157894736842,
    "List_of_school_districts_in_Georgia": 0.01263157894736842,
    "List_of_power_stations_in_Georgia_(United_States)": 0.01263157894736842,
    "List_of_hospitals_in_Georgia_(U.S._state)": 0.01263157894736842,
    "List_of_Superfund_sites_in_Georgia_(U.S._state)": 0.012605042016806723,
    "List_of_airports_in_Georgia_(U.S._state)": 0.012578616352201259,
    "List_of_counties_in_Tennessee": 0.012531328320802004,
    "Georgia_(U.S._state)_locations_by_per_capita_income": 0.0125,
    "List_of_colleges_and_universities_in_Georgia_(U.S._state)": 0.012195121951219513,
    "National_Register_of_Historic_Places_listings_in_Tennessee": 0.012077294685990338,
    "Transportation_in_New_Jersey": 0.011904761904761904,
    "Government_of_New_Jersey": 0.011904761904761904,
    "Alpharetta,_Georgia": 0.011857707509881422,
    "List_of_counties_in_New_Jersey": 0.011834319526627219,
    "Fulton_County,_Georgia": 0.011834319526627219,
    "Douglas_County,_Georgia": 0.011811023622047244,
    "List_of_forts_in_Tennessee": 0.011764705882352941,
    "List_of_largest_cities_and_towns_in_Tennessee_by_population": 0.011764705882352941,
    "List_of_municipalities_in_Tennessee": 0.011764705882352941,
    "List_of_municipalities_in_New_Jersey": 0.011730205278592375,
    "List_of_frogs_and_toads_of_New_Jersey": 0.011695906432748537,
    "DeKalb_County,_Georgia": 0.011627906976744186,
    "National_Register_of_Historic_Places_listings_in_Jefferson_County,_Alabama": 0.011527377521613832,
    "List_of_television_stations_in_Tennessee": 0.010893246187363835,
    "List_of_West_Virginia_state_symbols": 0.010869565217391304,
    "List_of_counties_in_West_Virginia": 0.010810810810810811,
    "National_Register_of_Historic_Places_listings_in_Georgia": 0.01078582434514638,
    "List_of_traffic_circles_in_New_Jersey": 0.010752688172043012,
    "List_of_botanical_gardens_and_arboretums_in_New_Jersey": 0.010752688172043012,
    "List_of_cities_in_West_Virginia": 0.010723860589812333,
    "List_of_United_States_Senators_from_Georgia": 0.010622154779969651,
    "List_of_National_Historic_Landmarks_in_Tennessee": 0.010526315789473684,
    "National_Register_of_Historic_Places_listings_in_New_Jersey": 0.010443864229765013,
    "National_Register_of_Historic_Places_listings_in_Lee_County,_Alabama": 0.010344827586206896,
    "Albany,_Georgia": 0.010309278350515464,
    "Georgia_(U.S._state)": 0.010135135135135136,
    "List_of_Maryland_state_symbols": 0.010075566750629723,
    "1991_Birmingham_Fire_season": 0.010050251256281407,
    "Tennessee_statistical_areas": 0.010025062656641603,
    "List_of_television_stations_in_New_Jersey": 0.010025062656641603,
    "List_of_counties_in_Maryland": 0.010025062656641603
}