{
    "Belgrade_Nikola_Tesla_Airport": 1.0,
    "Induction_motor": 0.22466960352422907,
    "Nikola_Tesla_Satellite_Award": 0.2236842105263158,
    "List_of_airports_in_Serbia_(with_Kosovo)": 0.16818181818181818,
    "List_of_islands_in_the_Danube": 0.015706806282722512,
    "List_of_tributaries_of_the_Danube": 0.015706806282722512,
    "Southern_and_Eastern_Serbia": 0.014705882352941176,
    "Capitals_of_Serbia": 0.014388489208633094,
    "Museum_of_Aviation_(Belgrade)": 0.012738853503184714,
    "List_of_Yugoslav_World_War_II_monuments_and_memorials_in_Serbia": 0.01098901098901099,
    "SD_Crvena_Zvezda": 0.01020408163265306
}