{
    "Civil_parishes_in_the_West_Midlands_(county)": 1.0,
    "River_Tame,_West_Midlands": 0.5733333333333334,
    "List_of_museums_in_the_West_Midlands": 0.43,
    "Successor_parish": 0.4266666666666667,
    "List_of_civil_parishes_in_Worcestershire": 0.35789473684210527,
    "Civil_parishes_in_Berkshire": 0.35714285714285715,
    "Civil_parishes_in_Bedfordshire": 0.3551912568306011,
    "Civil_parishes_in_Tyne_and_Wear": 0.3551912568306011,
    "Evolution_of_Worcestershire_county_boundaries": 0.350597609561753,
    "List_of_civil_parishes_in_Suffolk": 0.3333333333333333,
    "Civil_parishes_in_Cambridgeshire": 0.3282828282828283,
    "List_of_civil_parishes_in_the_East_Riding_of_Yorkshire": 0.3282828282828283,
    "Civil_parishes_in_Cumbria": 0.32663316582914576,
    "Civil_parishes_in_Merseyside": 0.325,
    "Civil_parishes_in_Cheshire": 0.3155339805825243,
    "Civil_parishes_in_South_Yorkshire": 0.3140096618357488,
    "List_of_civil_parishes_in_Buckinghamshire": 0.3125,
    "Sandwell": 0.3049645390070922,
    "Civil_parishes_in_West_Yorkshire": 0.29411764705882354,
    "Local_Government_Act_1933": 0.2794759825327511,
    "Civil_parishes_in_Lancashire": 0.2765957446808511,
    "Local_Government_Act_1972": 0.2644628099173554,
    "Civil_parishes_in_Cornwall": 0.25390625,
    "Metropolitan_Borough_of_Dudley": 0.2514450867052023,
    "List_of_civil_parishes_in_Somerset": 0.24714828897338403,
    "Coventry": 0.2388888888888889,
    "List_of_civil_parishes_in_Devon": 0.23636363636363636,
    "Civil_parishes_in_Greater_Manchester": 0.22727272727272727,
    "List_of_civil_parishes_in_Hertfordshire": 0.2006172839506173,
    "Borough_of_Stafford": 0.06666666666666667,
    "Worcestershire": 0.05078125,
    "List_of_London_County_Council_housing_developments": 0.04941176470588235,
    "List_of_museums_in_Warwickshire": 0.03643724696356275,
    "List_of_Warwickshire_towns_by_population": 0.034482758620689655,
    "List_of_Staffordshire_settlements_by_population": 0.03278688524590164,
    "List_of_museums_in_Staffordshire": 0.032388663967611336,
    "List_of_wards_in_Stratford_district_by_population": 0.0313588850174216,
    "Wolverhampton_City_Council": 0.027777777777777776,
    "The_Midlands,_England": 0.02702702702702703,
    "List_of_museums_in_Worcestershire": 0.02510460251046025,
    "Railway_stations_in_Birmingham_city_centre": 0.025,
    "Kirklees": 0.023809523809523808,
    "Trafford": 0.019559902200488997,
    "Metropolitan_Borough_of_Bolton": 0.019559902200488997,
    "Metropolitan_boroughs": 0.019120458891013385,
    "West_Midlands_(region)": 0.017699115044247787,
    "List_of_ceremonial_counties_of_England": 0.01646090534979424,
    "List_of_canal_aqueducts_in_the_United_Kingdom": 0.01606425702811245,
    "List_of_canal_tunnels_in_the_United_Kingdom": 0.01606425702811245,
    "List_of_canals_of_the_United_Kingdom": 0.01606425702811245,
    "Metropolitan_Borough_of_Wigan": 0.015473887814313346,
    "List_of_museums_in_Shropshire": 0.015444015444015444,
    "Subdivisions_of_England": 0.015151515151515152,
    "List_of_English_districts": 0.015151515151515152,
    "Tame_Valley_Canal": 0.014814814814814815,
    "BCN_Main_Line": 0.014150943396226415,
    "Wyrley_and_Essington_Canal": 0.014150943396226415,
    "List_of_civil_parishes_in_Scotland": 0.014150943396226415,
    "Lichfield_Canal": 0.014150943396226415,
    "City_of_Salford": 0.014134275618374558,
    "Birmingham_and_Fazeley_Canal": 0.014084507042253521,
    "Leeds_local_elections": 0.014056224899598393,
    "Sheffield_City_Council": 0.0136986301369863,
    "List_of_settlements_in_Hertfordshire_by_population": 0.013513513513513514,
    "List_of_museums_in_Northumberland": 0.013215859030837005,
    "London_boroughs": 0.013157894736842105,
    "City_of_Carlisle": 0.013114754098360656,
    "List_of_museums_in_Herefordshire": 0.013100436681222707,
    "List_of_civil_parishes_of_North_Tipperary": 0.012987012987012988,
    "Greater_Manchester_Combined_Authority": 0.012578616352201259,
    "List_of_museums_in_Leicestershire": 0.0125,
    "List_of_museums_in_County_Durham": 0.012448132780082987,
    "List_of_Northamptonshire_settlements_by_population": 0.012448132780082987,
    "List_of_railway_stations_in_Worcestershire": 0.012396694214876033,
    "Railways_of_Shropshire": 0.012295081967213115,
    "List_of_museums_in_Northamptonshire": 0.012295081967213115,
    "List_of_museums_in_West_Sussex": 0.012295081967213115,
    "List_of_museums_in_Suffolk": 0.012295081967213115,
    "List_of_museums_in_East_Sussex": 0.012195121951219513,
    "List_of_museums_in_Nottinghamshire": 0.012195121951219513,
    "List_of_rural_districts_in_England_and_Wales_1894\u20131930": 0.011976047904191617,
    "List_of_museums_in_Norfolk": 0.01195219123505976,
    "List_of_museums_in_Surrey": 0.011904761904761904,
    "List_of_museums_in_Hertfordshire": 0.011811023622047244,
    "Buckinghamshire": 0.01171875,
    "List_of_museums_in_Buckinghamshire": 0.011673151750972763,
    "List_of_museums_in_Wiltshire": 0.011583011583011582,
    "Wolverhampton_railway_station": 0.011494252873563218,
    "List_of_museums_in_Lincolnshire": 0.011450381679389313,
    "List_of_museums_in_Dorset": 0.011235955056179775,
    "List_of_museums_in_Hampshire": 0.011111111111111112,
    "Nottingham_Urban_Area": 0.011029411764705883,
    "Manchester_local_elections": 0.01098901098901099,
    "Wigan_local_elections": 0.01098901098901099,
    "Trafford_Council_elections": 0.01098901098901099,
    "List_of_museums_in_Derbyshire": 0.010948905109489052,
    "City_of_Bradford": 0.01092896174863388,
    "List_of_museums_in_Gloucestershire": 0.01090909090909091,
    "Wigan_Council": 0.01088646967340591,
    "List_of_unitary_authorities_of_England": 0.010869565217391304,
    "Inverness": 0.010830324909747292,
    "History_of_local_government_in_Wales": 0.0106951871657754,
    "List_of_counties_of_the_United_Kingdom": 0.0106951871657754,
    "List_of_English_counties": 0.0106951871657754,
    "History_of_local_government_in_England": 0.0106951871657754,
    "List_of_museums_in_North_Yorkshire": 0.010676156583629894,
    "South_Downs": 0.010582010582010581,
    "Lieutenancy_areas_of_Scotland": 0.010471204188481676,
    "Leicester_Urban_Area": 0.010471204188481676,
    "List_of_museums_in_Oxfordshire": 0.010309278350515464,
    "Oxfordshire": 0.010238907849829351,
    "Huntingdon_and_Peterborough": 0.01015228426395939,
    "Cambridgeshire_and_Isle_of_Ely": 0.01015228426395939
}