{
    "List_of_museums_in_Seoul": 1.0,
    "List_of_mountains_in_Seoul": 0.7469879518072289,
    "List_of_Buddhist_temples_in_Seoul": 0.7469879518072289,
    "List_of_districts_of_Seoul": 0.7469879518072289,
    "Jung_District,_Seoul": 0.7380952380952381,
    "Songpa_District": 0.7294117647058823,
    "List_of_parks_in_Seoul": 0.5081967213114754,
    "List_of_public_libraries_of_Seoul": 0.43356643356643354,
    "List_of_museums_in_Gyeonggi_Province": 0.25301204819277107,
    "List_of_tallest_buildings_in_Seoul": 0.20394736842105263,
    "List_of_museums_in_South_Korea": 0.14383561643835616,
    "Administrative_divisions_of_Gangnam_District": 0.042105263157894736,
    "List_of_Seoul_bus_routes": 0.01020408163265306
}