{
    "Morocco_at_the_Olympics": 1.0,
    "Tropical_nations_at_the_Winter_Olympics": 0.9033457249070632,
    "Germany_at_the_Winter_Olympics": 0.9033457249070632,
    "Australasia_at_the_Olympics": 0.8933823529411765,
    "Chad_at_the_Olympics": 0.8872727272727273,
    "Mauritania_at_the_Olympics": 0.8808664259927798,
    "Central_African_Republic_at_the_Olympics": 0.8745519713261649,
    "Liechtenstein_at_the_Olympics": 0.8714285714285714,
    "Belize_at_the_Olympics": 0.8714285714285714,
    "Cayman_Islands_at_the_Olympics": 0.8683274021352313,
    "Ethiopia_at_the_Olympics": 0.8652482269503546,
    "Antigua_and_Barbuda_at_the_Olympics": 0.8652482269503546,
    "Gabon_at_the_Olympics": 0.8591549295774648,
    "Haiti_at_the_Olympics": 0.8591549295774648,
    "Cambodia_at_the_Olympics": 0.856140350877193,
    "DR_Congo_at_the_Olympics": 0.856140350877193,
    "El_Salvador_at_the_Olympics": 0.8501742160278746,
    "Bermuda_at_the_Olympics": 0.8501742160278746,
    "Burkina_Faso_at_the_Olympics": 0.8501742160278746,
    "Barbados_at_the_Olympics": 0.8413793103448276,
    "Ecuador_at_the_Olympics": 0.8413793103448276,
    "Bolivia_at_the_Olympics": 0.8413793103448276,
    "Ivory_Coast_at_the_Olympics": 0.8413793103448276,
    "Bahamas_at_the_Olympics": 0.8356164383561644,
    "Costa_Rica_at_the_Olympics": 0.8327645051194539,
    "Botswana_at_the_Olympics": 0.8327645051194539,
    "Afghanistan_at_the_Olympics": 0.8299319727891157,
    "Cameroon_at_the_Olympics": 0.8299319727891157,
    "North_Korea_at_the_Olympics": 0.8271186440677966,
    "Mongolia_at_the_Olympics": 0.8271186440677966,
    "Macedonia_at_the_Olympics": 0.8243243243243243,
    "Zambia_at_the_Olympics": 0.8215488215488216,
    "Jamaica_at_the_Olympics": 0.8187919463087249,
    "Moldova_at_the_Olympics": 0.8187919463087249,
    "Dominican_Republic_at_the_Olympics": 0.8187919463087249,
    "Trinidad_and_Tobago_at_the_Olympics": 0.8187919463087249,
    "Kenya_at_the_Olympics": 0.8160535117056856,
    "Uganda_at_the_Olympics": 0.8160535117056856,
    "Georgia_at_the_Olympics": 0.8133333333333334,
    "Puerto_Rico_at_the_Olympics": 0.8106312292358804,
    "Vietnam_at_the_Olympics": 0.8106312292358804,
    "Fiji_at_the_Olympics": 0.8106312292358804,
    "Cuba_at_the_Olympics": 0.8026315789473685,
    "Uruguay_at_the_Olympics": 0.8,
    "Belarus_at_the_Olympics": 0.7973856209150327,
    "Indonesia_at_the_Olympics": 0.7870967741935484,
    "Chile_at_the_Olympics": 0.782051282051282,
    "Colombia_at_the_Olympics": 0.7795527156549521,
    "Kazakhstan_at_the_Olympics": 0.7770700636942676,
    "Lithuania_at_the_Olympics": 0.7770700636942676,
    "Armenia_at_the_Olympics": 0.7746031746031746,
    "Chinese_Taipei_at_the_Olympics": 0.7738853503184714,
    "Bulgaria_at_the_Olympics": 0.7672955974842768,
    "Tunisia_at_the_Olympics": 0.7554179566563467,
    "Benin_at_the_Olympics": 0.7554179566563467,
    "Cyprus_at_the_Olympics": 0.7530864197530864,
    "Romania_at_the_Olympics": 0.7507692307692307,
    "Slovakia_at_the_Olympics": 0.7484662576687117,
    "Algeria_at_the_Olympics": 0.746177370030581,
    "Austria_at_the_Olympics": 0.746177370030581,
    "Angola_at_the_Olympics": 0.7439024390243902,
    "Croatia_at_the_Olympics": 0.7439024390243902,
    "Azerbaijan_at_the_Olympics": 0.7416413373860182,
    "Switzerland_at_the_Olympics": 0.7416413373860182,
    "Portugal_at_the_Olympics": 0.7416413373860182,
    "Poland_at_the_Olympics": 0.7416413373860182,
    "Pakistan_at_the_Olympics": 0.7393939393939394,
    "Ireland_at_the_Olympics": 0.7393939393939394,
    "South_Korea_at_the_Olympics": 0.7393939393939394,
    "Germany_at_the_Summer_Olympics": 0.7363636363636363,
    "South_Africa_at_the_Olympics": 0.7349397590361446,
    "Finland_at_the_Olympics": 0.7349397590361446,
    "Mexico_at_the_Olympics": 0.7283582089552239,
    "Yugoslavia_at_the_Olympics": 0.7261904761904762,
    "Denmark_at_the_Olympics": 0.7261904761904762,
    "Czech_Republic_at_the_Olympics": 0.7240356083086054,
    "Philippines_at_the_Olympics": 0.7176470588235294,
    "Argentina_at_the_Olympics": 0.7176470588235294,
    "Ukraine_at_the_Olympics": 0.7155425219941349,
    "Czechoslovakia_at_the_Olympics": 0.7113702623906706,
    "Egypt_at_the_Olympics": 0.7072463768115942,
    "Andorra_at_the_Olympics": 0.7052023121387283,
    "Thailand_at_the_Olympics": 0.6951566951566952,
    "East_Germany_at_the_Olympics": 0.6853932584269663,
    "Venezuela_at_the_Olympics": 0.6796657381615598,
    "Iran_at_the_Olympics": 0.6777777777777778,
    "New_Zealand_at_the_Olympics": 0.6612466124661247,
    "List_of_participating_nations_at_the_Winter_Olympic_Games": 0.6567567567567567,
    "List_of_participating_nations_at_the_Summer_Olympic_Games": 0.6567567567567567,
    "Turkey_at_the_Olympics": 0.6437994722955145,
    "Greece_at_the_Olympics": 0.6421052631578947,
    "Norway_at_the_Olympics": 0.6387434554973822,
    "Brazil_at_the_Olympics": 0.6272493573264781,
    "Unified_Team_at_the_Olympics": 0.6120906801007556,
    "China_at_the_Olympics": 0.6084788029925187,
    "Netherlands_at_the_Olympics": 0.6054590570719603,
    "Spain_at_the_Olympics": 0.6024691358024692,
    "Japan_at_the_Olympics": 0.5980392156862745,
    "Estonia_at_the_Olympics": 0.5851318944844125,
    "France_at_the_Olympics": 0.580952380952381,
    "Italy_at_the_Olympics": 0.5700934579439252,
    "Soviet_Union_at_the_Olympics": 0.5635103926096998,
    "Russia_at_the_Olympics": 0.5609195402298851,
    "Australia_at_the_Winter_Olympics": 0.5422222222222223,
    "Australia_at_the_Olympics": 0.5422222222222223,
    "Sweden_at_the_Olympics": 0.5398230088495575,
    "Hungary_at_the_Olympics": 0.5315904139433552,
    "Great_Britain_at_the_Olympics": 0.5315904139433552,
    "Germany_at_the_Olympics": 0.5093945720250522,
    "Belgium_at_the_Olympics": 0.5062240663900415,
    "India_at_the_Olympics": 0.4612476370510397,
    "Albania_at_the_Olympics": 0.4595103578154426,
    "Canada_at_the_Summer_Olympics": 0.4357142857142857,
    "West_Indies_Federation": 0.40298507462686567,
    "Canada_at_the_Olympics": 0.3993453355155483,
    "Canada_at_the_Winter_Olympics": 0.3993453355155483,
    "United_States_at_the_Olympics": 0.36268656716417913,
    "Winter_Olympic_Games": 0.14577084583083383,
    "Summer_Olympic_Games": 0.14421364985163204,
    "Morocco_national_rugby_league_team": 0.06601466992665037,
    "Morocco_national_football_team": 0.03296703296703297,
    "Botola_2": 0.023391812865497075,
    "List_of_football_stadiums_in_Morocco": 0.021739130434782608,
    "Coupe_du_Tr\u00f4ne": 0.01873536299765808,
    "Botola": 0.01805869074492099,
    "Canada_men's_national_lacrosse_team": 0.011204481792717087,
    "Canada_national_men's_squash_team": 0.011204481792717087,
    "Canada_national_women's_squash_team": 0.011204481792717087,
    "List_of_indoor_arenas_in_Morocco": 0.01092896174863388,
    "List_of_people_who_have_opened_the_Olympic_Games": 0.010810810810810811,
    "President_of_the_Olympic_Organising_Committee": 0.010810810810810811,
    "United_States_at_the_1980_Winter_Olympics": 0.01078167115902965,
    "1956_Summer_Olympics": 0.010330578512396695,
    "1952_Summer_Olympics": 0.010245901639344262,
    "Canada_at_the_1994_Winter_Olympics": 0.010126582278481013,
    "Canada_national_rugby_league_team": 0.010101010101010102
}