{
    "UCI_Track_Cycling_World_Championships_\u2013_Men's_sprint": 1.0,
    "2007_UCI_Track_Cycling_World_Championships_\u2013_Men's_sprint": 0.5467289719626168,
    "2012_UCI_Track_Cycling_World_Championships_\u2013_Men's_sprint": 0.5416666666666666,
    "2010_UCI_Track_Cycling_World_Championships_\u2013_Men's_sprint": 0.5391705069124424,
    "2011_UCI_Track_Cycling_World_Championships_\u2013_Men's_sprint": 0.5391705069124424,
    "Patrick_Sercu": 0.4367816091954023,
    "UCI_Track_Cycling_World_Championships_\u2013_Men's_team_sprint": 0.14979757085020243,
    "UCI_Track_Cycling_World_Championships_\u2013_Men's_keirin": 0.13229571984435798,
    "UCI_Track_Cycling_World_Championships_\u2013_Men's_1_km_time_trial": 0.12446351931330472,
    "UCI_Motor-paced_World_Championships": 0.116751269035533,
    "UCI_Track_Cycling_World_Championships_\u2013_Men's_scratch": 0.10256410256410256,
    "UCI_Track_Cycling_World_Championships_\u2013_Women's_keirin": 0.09913793103448276,
    "UCI_Track_Cycling_World_Championships_\u2013_Women's_scratch": 0.09913793103448276,
    "UCI_Track_Cycling_World_Championships_\u2013_Women's_500_m_time_trial": 0.09745762711864407,
    "UCI_Track_Cycling_World_Championships_\u2013_Men's_madison": 0.09302325581395349,
    "UCI_Track_Cycling_World_Championships_\u2013_Men's_points_race": 0.0916030534351145,
    "UCI_Track_Cycling_World_Championships_\u2013_Women's_points_race": 0.08984375,
    "UCI_Track_Cycling_World_Championships_\u2013_Women's_sprint": 0.08070175438596491,
    "UCI_Track_Cycling_World_Championships_\u2013_Women's_individual_pursuit": 0.0798611111111111,
    "UCI_Track_Cycling_World_Championships_\u2013_Men's_team_pursuit": 0.07792207792207792,
    "UCI_Track_Cycling_World_Championships_\u2013_Men's_individual_pursuit": 0.07570977917981073,
    "Robert_F\u00f6rstemann": 0.06097560975609756,
    "Carsten_Bergemann": 0.06097560975609756,
    "Cycling_at_the_2004_Summer_Olympics_\u2013_Men's_team_sprint": 0.03211009174311927,
    "Cycling_at_the_2008_Summer_Olympics_\u2013_Men's_team_sprint": 0.03211009174311927,
    "Cycling_at_the_2000_Summer_Olympics_\u2013_Men's_team_sprint": 0.03211009174311927,
    "Cycling_at_the_2012_Summer_Olympics_\u2013_Men's_team_sprint": 0.03211009174311927,
    "UCI_Track_Cycling_World_Championships,_Women": 0.030223390275952694,
    "UCI_Track_Cycling_World_Championships": 0.030223390275952694,
    "Cycling_at_the_1956_Summer_Olympics_\u2013_Men's_sprint": 0.026217228464419477,
    "Cycling_at_the_1952_Summer_Olympics_\u2013_Men's_sprint": 0.026217228464419477,
    "Cycling_at_the_2004_Summer_Olympics_\u2013_Men's_sprint": 0.026217228464419477,
    "Cycling_at_the_2008_Summer_Olympics_\u2013_Men's_sprint": 0.026217228464419477,
    "Cycling_at_the_2000_Summer_Olympics_\u2013_Men's_sprint": 0.026217228464419477,
    "Cycling_at_the_1992_Summer_Olympics_\u2013_Men's_sprint": 0.026217228464419477,
    "Cycling_at_the_2012_Summer_Olympics_\u2013_Men's_sprint": 0.026217228464419477,
    "Cycling_at_the_1996_Summer_Olympics_-_Men's_sprint": 0.026217228464419477,
    "Cycling_at_the_1956_Summer_Olympics_\u2013_Men's_1000_m_time_trial": 0.025974025974025976,
    "Cycling_at_the_1976_Summer_Olympics_\u2013_Men's_1000m_time_trial": 0.025974025974025976,
    "Cycling_at_the_1972_Summer_Olympics_\u2013_Men's_1000m_time_trial": 0.025974025974025976,
    "Cycling_at_the_1952_Summer_Olympics_\u2013_Men's_1000_m_time_trial": 0.025974025974025976,
    "Cycling_at_the_2004_Summer_Olympics_\u2013_Men's_track_time_trial": 0.025974025974025976,
    "Cycling_at_the_2000_Summer_Olympics_\u2013_Men's_track_time_trial": 0.025974025974025976,
    "Cycling_at_the_1992_Summer_Olympics_\u2013_Men's_track_time_trial": 0.025974025974025976,
    "Cycling_at_the_1928_Summer_Olympics_\u2013_Men's_track_time_trial": 0.025974025974025976,
    "Cycling_at_the_1996_Summer_Olympics_-_Men's_1000m_time_trial": 0.025974025974025976,
    "Cycling_at_the_2004_Summer_Olympics_\u2013_Men's_Keirin": 0.014218009478672985,
    "Federico_Bahamontes": 0.012448132780082987
}