{
    "The_Firebird": 1.0,
    "Nicholas_Ray": 0.6226415094339622,
    "Maya_Deren": 0.6218034993270525,
    "Ida_Lupino": 0.5539568345323741,
    "Salome_(opera)": 0.5439624853458382,
    "Tristan_und_Isolde": 0.5396270396270396,
    "Franz_Kafka": 0.414721723518851,
    "Symphony_in_C_(ballet)": 0.10474860335195531,
    "Symphony_No._1_(Prokofiev)": 0.0332541567695962,
    "Social_realism": 0.028554070473876064,
    "David_Lynch": 0.01811023622047244,
    "Yasunari_Kawabata": 0.01805869074492099,
    "List_of_Nobel_laureates_in_Literature": 0.018038331454340473,
    "Spike_Lee": 0.016927083333333332,
    "Romain_Rolland": 0.01689545934530095,
    "Henry_Fonda": 0.016296296296296295,
    "Martin_Scorsese": 0.01627906976744186,
    "Robert_Redford": 0.016238159675236806,
    "Ennio_Morricone": 0.01617440225035162,
    "Sidney_Lumet": 0.015828677839851025,
    "Cary_Grant": 0.015368852459016393,
    "Robert_Altman": 0.015195369030390739,
    "Jos\u00e9_Saramago": 0.015124555160142349,
    "King_Vidor": 0.015051740357478834,
    "Billy_Wilder": 0.01478494623655914,
    "Fred_Zinnemann": 0.014634146341463415,
    "Quentin_Tarantino": 0.014093959731543624,
    "Michael_Haneke": 0.014084507042253521,
    "Danny_Kaye": 0.014072847682119206,
    "Pedro_Almod\u00f3var": 0.01394700139470014,
    "Sophia_Loren": 0.013850415512465374,
    "Roman_Polanski": 0.013848396501457727,
    "Jeanne_Moreau": 0.013740458015267175,
    "Liv_Ullmann": 0.013688760806916427,
    "Fran\u00e7ois_Truffaut": 0.013675213675213675,
    "Greta_Garbo": 0.013626834381551363,
    "Francis_Ford_Coppola": 0.013593380614657211,
    "The_March_of_Time": 0.01348314606741573,
    "Pete_Smith_(film_producer)": 0.013452914798206279,
    "Deanna_Durbin": 0.013437849944008958,
    "Margaret_O'Brien": 0.013437849944008958,
    "Maureen_O'Hara": 0.013360739979445015,
    "John_Huston": 0.01335428122545169,
    "Paul_Thomas_Anderson": 0.013181019332161687,
    "Lina_Wertm\u00fcller": 0.013071895424836602,
    "Deborah_Kerr": 0.01289134438305709,
    "Mike_Leigh": 0.012708498808578236,
    "Ridley_Scott": 0.0125,
    "George_Stevens": 0.012244897959183673,
    "Lauren_Bacall": 0.012213740458015267,
    "Bob_Dylan_World_Tour_1981": 0.011938872970391595,
    "Joseph_L._Mankiewicz": 0.011857707509881422,
    "Wong_Kar-wai": 0.011822660098522168,
    "Mickey_Rooney": 0.011799410029498525,
    "Michael_Mann_(director)": 0.011689691817215728,
    "Paul_Newman": 0.011658031088082901,
    "Academy_Honorary_Award": 0.011549566891241578,
    "Hayley_Mills": 0.011374407582938388,
    "Patrice_Ch\u00e9reau": 0.01124859392575928,
    "Tony_Richardson": 0.011235955056179775,
    "Sidney_Poitier": 0.011131725417439703,
    "Robert_Wise": 0.011131725417439703,
    "Steve_Martin": 0.011103400416377515,
    "Ang_Lee": 0.011078286558345642,
    "Kevin_Costner": 0.011009174311926606,
    "Terrence_Malick": 0.01088139281828074,
    "Alec_Guinness": 0.010869565217391304,
    "Roger_Corman": 0.010760953112990008,
    "List_of_awards_and_nominations_received_by_Steven_Spielberg": 0.01059322033898305,
    "Martha_Graham": 0.01059135039717564,
    "John_Ford": 0.010506208213944603,
    "Jukebox_musical": 0.010492332526230832,
    "William_Wyler": 0.010351966873706004,
    "Kathryn_Bigelow": 0.010242085661080074,
    "Warren_Beatty": 0.010018785222291797
}