{
    "The_Southport_School": 1.0,
    "Combined_Independent_Colleges": 0.12096774193548387,
    "Newington_College": 0.04678362573099415,
    "Prince_Alfred_College": 0.036458333333333336,
    "Association_of_Heads_of_Independent_Girls'_Schools": 0.0196078431372549,
    "Independent_Girls'_Schools_Sporting_Association": 0.0196078431372549,
    "Suffield_Academy": 0.013201320132013201,
    "Westminster_School_(Connecticut)": 0.013157894736842105
}