{
    "List_of_women_in_Seanad_\u00c9ireann": 1.0,
    "List_of_women_in_D\u00e1il_\u00c9ireann": 0.6436781609195402,
    "List_of_elected_or_appointed_female_heads_of_state": 0.5747126436781609,
    "List_of_elected_or_appointed_female_heads_of_government": 0.5747126436781609,
    "List_of_elected_or_appointed_female_deputy_heads_of_state": 0.5747126436781609,
    "List_of_elected_or_appointed_female_deputy_heads_of_government": 0.5747126436781609,
    "Women_in_government": 0.43478260869565216,
    "Members_of_the_23rd_Seanad": 0.367816091954023,
    "Members_of_the_21st_Seanad": 0.367816091954023,
    "Members_of_the_20th_Seanad": 0.367816091954023,
    "Members_of_the_19th_Seanad": 0.367816091954023,
    "Members_of_the_18th_Seanad": 0.367816091954023,
    "Members_of_the_17th_Seanad": 0.367816091954023,
    "Members_of_the_16th_Seanad": 0.367816091954023,
    "Members_of_the_15th_Seanad": 0.367816091954023,
    "Members_of_the_14th_Seanad": 0.367816091954023,
    "Members_of_the_13th_Seanad": 0.367816091954023,
    "Members_of_the_12th_Seanad": 0.367816091954023,
    "Members_of_the_11th_Seanad": 0.367816091954023,
    "Members_of_the_10th_Seanad": 0.367816091954023,
    "Members_of_the_9th_Seanad": 0.367816091954023,
    "Members_of_the_8th_Seanad": 0.367816091954023,
    "Members_of_the_7th_Seanad": 0.367816091954023,
    "Members_of_the_6th_Seanad": 0.367816091954023,
    "Members_of_the_5th_Seanad": 0.367816091954023,
    "Members_of_the_4th_Seanad": 0.367816091954023,
    "Members_of_the_3rd_Seanad": 0.367816091954023,
    "Members_of_the_2nd_Seanad": 0.367816091954023,
    "Members_of_the_1922_Seanad": 0.367816091954023,
    "Members_of_the_1925_Seanad": 0.367816091954023,
    "Members_of_the_1928_Seanad": 0.367816091954023,
    "Members_of_the_1931_Seanad": 0.367816091954023,
    "Members_of_the_1934_Seanad": 0.367816091954023,
    "Members_of_the_24th_Seanad": 0.367816091954023,
    "Members_of_the_22nd_Seanad": 0.367816091954023,
    "Women_in_the_Parliament_of_Sri_Lanka": 0.36231884057971014,
    "Women_in_the_United_States_Senate": 0.12254901960784313,
    "Women_in_the_United_States_House_of_Representatives": 0.12254901960784313,
    "List_of_female_cabinet_ministers_of_Australia": 0.03,
    "Bernard_Forbes,_8th_Earl_of_Granard": 0.02,
    "Labour_Panel": 0.018018018018018018,
    "List_of_female_viceroys_in_Canada": 0.017857142857142856,
    "Women_in_the_39th_Canadian_Parliament": 0.017857142857142856,
    "Women_in_Canadian_provincial_and_territorial_legislatures": 0.017857142857142856,
    "Women_in_the_United_States_Navy": 0.017391304347826087,
    "Female_State_Supreme_Court_Justices": 0.017391304347826087,
    "List_of_female_governors_in_the_United_States": 0.017391304347826087,
    "List_of_female_United_States_Cabinet_Secretaries": 0.017391304347826087,
    "Minister_for_Foreign_Affairs_and_Trade": 0.01680672268907563,
    "Minister_for_Defence_(Ireland)": 0.01680672268907563,
    "Minister_for_Justice_and_Equality": 0.01680672268907563,
    "Minister_for_Arts,_Heritage_and_the_Gaeltacht": 0.01680672268907563,
    "Minister_for_Transport,_Tourism_and_Sport": 0.01680672268907563,
    "Minister_for_Education_and_Skills": 0.01680672268907563,
    "Minister_for_Health_(Ireland)": 0.01680672268907563,
    "Minister_for_Agriculture,_Food_and_the_Marine": 0.01680672268907563,
    "Minister_for_Social_Protection": 0.01680672268907563,
    "Minister_for_Communications,_Energy_and_Natural_Resources": 0.01680672268907563,
    "Minister_for_Children_and_Youth_Affairs": 0.01680672268907563,
    "Minister_for_Jobs,_Enterprise_and_Innovation": 0.01680672268907563,
    "Minister_for_the_Environment,_Community_and_Local_Government": 0.01680672268907563,
    "Deputies_of_the_13th_National_Assembly_of_France_by_constituency": 0.016129032258064516,
    "Deputies_of_the_12th_National_Assembly_of_France_by_constituency": 0.016129032258064516,
    "Deputies_of_the_14th_National_Assembly_of_France_by_constituency": 0.016129032258064516,
    "T\u00e1naiste": 0.014925373134328358,
    "Opposition_(Malaysia)": 0.014814814814814815,
    "National_University_of_Ireland_(constituency)": 0.014814814814814815,
    "List_of_female_first_ministers_in_Canada": 0.014388489208633094,
    "Minister_for_Posts_and_Telegraphs": 0.014084507042253521,
    "Leader_of_the_House_(Australia)": 0.013888888888888888,
    "Members_of_the_Australian_Parliament_who_have_served_for_at_least_30_years": 0.013888888888888888,
    "Father_of_the_Australian_Parliament": 0.013888888888888888,
    "Manager_of_Opposition_Business_in_the_House_(Australia)": 0.013888888888888888,
    "Manager_of_Government_Business_in_the_Senate_(Australia)": 0.013888888888888888,
    "Manager_of_Opposition_Business_in_the_Senate_(Australia)": 0.013888888888888888,
    "Father_of_the_Australian_House_of_Representatives": 0.013888888888888888,
    "Father_of_the_Australian_Senate": 0.013888888888888888,
    "Leader_of_the_Government_in_the_Senate_(Australia)": 0.013888888888888888,
    "Leader_of_the_Opposition_in_the_Senate_(Australia)": 0.013888888888888888,
    "List_of_whips_in_the_Australian_House_of_Representatives": 0.013888888888888888,
    "List_of_whips_in_the_Australian_Senate": 0.013888888888888888,
    "Speaker_of_the_Dewan_Rakyat": 0.013793103448275862,
    "Minister_for_Finance_(Ireland)": 0.013157894736842105,
    "List_of_Australian_Senate_appointments": 0.012195121951219513,
    "Speaker_of_the_Australian_House_of_Representatives": 0.010416666666666666,
    "Mary_O'Rourke": 0.01020408163265306
}