{
    "Muscular_system": 1.0,
    "Human_physiology": 0.4124087591240876,
    "Anatomy": 0.2665094339622642,
    "List_of_muscles_of_the_human_body": 0.06321839080459771,
    "Table_of_muscles_of_the_human_body:_Head": 0.06321839080459771,
    "Table_of_muscles_of_the_human_body:_Lower_limb": 0.06321839080459771,
    "Table_of_muscles_of_the_human_body:_Torso": 0.06321839080459771,
    "Forearm": 0.061068702290076333,
    "List_of_human_hormones": 0.05627705627705628,
    "Shoulder": 0.05504587155963303,
    "Femur": 0.04419889502762431,
    "Tibia": 0.04419889502762431,
    "Hypothalamus": 0.04182509505703422,
    "Amyloid": 0.04142011834319527,
    "ICD-10_Procedure_Coding_System": 0.04086021505376344,
    "Renin": 0.040632054176072234,
    "Amyloidosis": 0.03977272727272727,
    "Pharmaceutical_drug": 0.03900709219858156,
    "Meds": 0.03900709219858156,
    "Bone_marrow": 0.038834951456310676,
    "Ulna": 0.038834951456310676,
    "Scapula": 0.038834951456310676,
    "Disease-modifying_antirheumatic_drug": 0.036065573770491806,
    "Anatomical_Therapeutic_Chemical_Classification_System": 0.033846153846153845,
    "Chemotherapy": 0.03303303303303303,
    "Hypersensitivity_pneumonitis": 0.02972972972972973,
    "Anticonvulsant": 0.02956989247311828,
    "Statin": 0.028169014084507043,
    "Diuretic": 0.027848101265822784,
    "Antidote": 0.026829268292682926,
    "Vasodilation": 0.026373626373626374,
    "Antidepressant": 0.02631578947368421,
    "Vasopressin": 0.02574257425742574,
    "Liposome": 0.024691358024691357,
    "Orally_disintegrating_tablet": 0.024691358024691357,
    "Vaccine": 0.024498886414253896,
    "Insulin": 0.023636363636363636,
    "Head_and_neck_anatomy": 0.022085889570552148,
    "Antipsychotic": 0.016129032258064516,
    "Angiogenesis": 0.015873015873015872,
    "Peritoneum": 0.015789473684210527,
    "Prevalence_of_female_genital_mutilation_by_country": 0.015772870662460567,
    "Collagen": 0.014760147601476014,
    "Posterior_compartment_of_the_forearm": 0.014150943396226415,
    "Review_of_systems": 0.013888888888888888,
    "Human_papillomavirus": 0.012224938875305624,
    "List_of_people_in_systems_and_control": 0.012096774193548387,
    "List_of_systems_engineering_universities": 0.012096774193548387,
    "Distal_hereditary_motor_neuropathies": 0.011857707509881422,
    "Pontocerebellar_hypoplasia": 0.011673151750972763,
    "Nutrition": 0.011560693641618497,
    "Dystonia": 0.011450381679389313,
    "Cranial_nerve": 0.011194029850746268,
    "List_of_allergens": 0.011111111111111112,
    "Cleft_lip_and_palate": 0.011019283746556474,
    "Middle_East_respiratory_syndrome_coronavirus": 0.01098901098901099,
    "Passive_immunity": 0.010948905109489052,
    "List_of_Legionellosis_outbreaks": 0.010638297872340425,
    "Rash": 0.010362694300518135,
    "Amyotrophic_lateral_sclerosis": 0.010033444816053512
}