{
    "List_of_Presidents_of_Kenya": 1.0,
    "List_of_heads_of_state_of_Kenya": 1.0,
    "Deputy_President_of_Kenya": 0.47115384615384615,
    "List_of_hospitals_in_Kenya": 0.4247787610619469,
    "Kenya_Defence_Forces": 0.4050632911392405,
    "President_of_Kenya": 0.3539518900343643,
    "List_of_Presidents_of_Ghana": 0.33714285714285713,
    "List_of_heads_of_state_of_Nigeria": 0.329608938547486,
    "National_Assembly_(Kenya)": 0.32653061224489793,
    "Counties_of_Kenya": 0.2831858407079646,
    "Real_estate_in_Kenya": 0.257372654155496,
    "List_of_Presidents_of_Sierra_Leone": 0.25213675213675213,
    "Governor-General_of_Papua_New_Guinea": 0.25,
    "List_of_viceregal_representatives_of_Elizabeth_II": 0.19931271477663232,
    "Governor-General_of_the_Union_of_South_Africa": 0.19205298013245034,
    "List_of_the_Lord_Lieutenants_of_the_United_Kingdom": 0.17261904761904762,
    "Commissioner_of_Yukon": 0.04405286343612335,
    "Cabinet_of_Kenya": 0.041811846689895474,
    "Legislative_assemblies_of_Canadian_provinces_and_territories": 0.04065040650406504,
    "List_of_administrative_heads_of_Norfolk_Island": 0.040229885057471264,
    "Commissioners_of_the_Northwest_Territories": 0.03875968992248062,
    "Provinces_and_territories_of_Canada": 0.03861003861003861,
    "List_of_governors_of_Acadia": 0.03206997084548105,
    "List_of_colonial_governors_of_Connecticut": 0.030927835051546393,
    "Governor_of_North_Borneo": 0.030927835051546393,
    "List_of_colonial_governors_of_British_Somaliland": 0.030927835051546393,
    "Lieutenant_Governor_of_Guernsey": 0.030927835051546393,
    "Governor_of_Fiji": 0.030927835051546393,
    "List_of_colonial_governors_of_Nyasaland": 0.030927835051546393,
    "High_Commissioner_for_Southern_Africa": 0.030927835051546393,
    "List_of_Governors_of_Malta": 0.030211480362537766,
    "List_of_colonial_governors_of_Burma": 0.028662420382165606,
    "List_of_Governors_of_Bombay": 0.028662420382165606,
    "List_of_Governors_of_Bengal": 0.028662420382165606,
    "List_of_colonial_Governors_and_Presidents_of_Madras": 0.028662420382165606,
    "Governors_of_Singapore": 0.02710843373493976,
    "List_of_British_Governors_of_the_Straits_Settlements": 0.02710843373493976,
    "Administrator_of_the_Northern_Territory": 0.02702702702702703,
    "List_of_Canadian_monarchs": 0.026785714285714284,
    "List_of_colonial_governors_of_Seychelles": 0.026706231454005934,
    "List_of_colonial_governors_of_Kenya": 0.026378896882494004,
    "List_of_Governors_of_Tanganyika": 0.02576112412177986,
    "Governors_of_British_Ceylon": 0.023148148148148147,
    "Governor_of_Southern_Rhodesia": 0.020522388059701493,
    "Governor_of_Hong_Kong": 0.020454545454545454,
    "Kenyan_general_election,_1997": 0.01990049751243781,
    "Lieutenant_Governor_of_Jersey": 0.018518518518518517,
    "Kim_Beazley": 0.016867469879518072,
    "British_Overseas_Territories": 0.016420361247947456,
    "Governor_of_Gibraltar": 0.016304347826086956,
    "Kenyan_general_election,_2013": 0.015873015873015872,
    "Kenyan_presidential_election,_2013": 0.015873015873015872,
    "2013_Kenyan_gubernatorial_elections": 0.015873015873015872,
    "Kenya_Senate_elections,_2013": 0.015873015873015872,
    "Kenya_National_Assembly_elections,_2013": 0.015873015873015872,
    "Kenya_County_Representative_elections,_2013": 0.015873015873015872,
    "Uhuru_Kenyatta": 0.014285714285714285,
    "Teso_language": 0.014005602240896359,
    "Freeman_Freeman-Thomas,_1st_Marquess_of_Willingdon": 0.012345679012345678,
    "Government_of_National_Unity_(Kenya)": 0.011627906976744186,
    "Edward_VIII": 0.011494252873563218,
    "Gerald_Strickland,_1st_Baron_Strickland": 0.010714285714285714,
    "List_of_Presidents_of_Madagascar": 0.010582010582010581,
    "Langata_Constituency": 0.010443864229765013,
    "Royal_Roads_Military_College": 0.010273972602739725,
    "Prime_Minister_of_Madagascar": 0.010075566750629723,
    "List_of_Nova_Scotia_Opposition_Leaders": 0.010050251256281407,
    "61st_General_Assembly_of_Nova_Scotia": 0.010050251256281407,
    "62nd_General_Assembly_of_Nova_Scotia": 0.010050251256281407,
    "60th_General_Assembly_of_Nova_Scotia": 0.010050251256281407
}