{
    "Belleville_Transit": 1.0,
    "Durham_Region_Transit": 1.0,
    "Public_transport_in_Canada": 1.0,
    "Thunder_Bay_Transit": 1.0,
    "St._Catharines_Transit": 0.9928571428571429,
    "Kelowna_Regional_Transit_System": 0.8081395348837209,
    "MiWay": 0.702020202020202,
    "Brampton_Transit": 0.6525821596244131,
    "Metro_Transit_(Halifax)": 0.6233183856502242,
    "Media_in_Toronto": 0.020172910662824207,
    "List_of_cinemas_in_Toronto": 0.020134228187919462,
    "Demographics_of_Toronto_neighbourhoods": 0.020134228187919462,
    "List_of_oldest_buildings_and_structures_in_Toronto": 0.020134228187919462,
    "Politics_of_Toronto": 0.01892744479495268,
    "List_of_National_Historic_Sites_of_Canada_in_Toronto": 0.01875,
    "List_of_hospitals_in_Toronto": 0.018292682926829267,
    "List_of_mayors_of_Toronto": 0.016042780748663103,
    "List_of_tallest_buildings_in_Toronto": 0.015345268542199489,
    "Toronto_Pearson_International_Airport": 0.015317286652078774,
    "List_of_Toronto_municipal_elections": 0.015151515151515152,
    "List_of_Orthodox_churches_in_Toronto": 0.014778325123152709,
    "Toronto_Police_Service": 0.013215859030837005,
    "Toronto_City_Council": 0.012903225806451613,
    "List_of_neighbourhoods_in_Toronto": 0.011928429423459244,
    "History_of_neighbourhoods_in_Toronto": 0.011928429423459244,
    "List_of_city-designated_neighbourhoods_in_Toronto": 0.011928429423459244,
    "Toronto_Catholic_District_School_Board": 0.011764705882352941,
    "Peel_District_School_Board": 0.010416666666666666,
    "Demographics_of_Toronto": 0.010380622837370242
}