{
    "Minister_of_External_Affairs_(Sri_Lanka)": 1.0,
    "Minister_of_Defence_(Sri_Lanka)": 0.910958904109589,
    "Minister_of_Finance_(Sri_Lanka)": 0.4409937888198758,
    "List_of_heads_of_missions_from_Sri_Lanka": 0.4084507042253521,
    "List_of_Prime_Ministers_of_Sri_Lanka": 0.03980099502487562,
    "Inter-Parliamentary_Union": 0.02531645569620253,
    "Asian_Development_Bank": 0.02413793103448276,
    "Group_of_15": 0.0234375,
    "List_of_diplomatic_missions_of_Singapore": 0.022900763358778626,
    "Emerging_markets": 0.022727272727272728,
    "Emerging_Markets_Index": 0.022727272727272728,
    "Colombo_Plan": 0.022222222222222223,
    "Minister_of_Foreign_Affairs_(Bangladesh)": 0.02127659574468085,
    "Small_Island_Developing_States": 0.02100840336134454,
    "International_Criminal_Court": 0.020958083832335328,
    "BRIC": 0.019662921348314606,
    "Foreign_relations_of_Armenia": 0.018480492813141684,
    "Newly_industrialized_country": 0.018469656992084433,
    "Community_of_Latin_American_and_Caribbean_States": 0.017676767676767676,
    "Foreign_relations_of_Sweden": 0.01699029126213592,
    "Soft_power": 0.016877637130801686,
    "Uniting_for_Consensus": 0.016877637130801686,
    "Emerging_and_growth-leading_economies": 0.016877637130801686,
    "MIKT": 0.016877637130801686,
    "Decolonization": 0.016778523489932886,
    "Foreign_relations_of_Singapore": 0.016548463356973995,
    "Foreign_relations_of_Georgia": 0.01593625498007968,
    "United_Nations_Conference_on_Trade_and_Development": 0.015151515151515152,
    "United_Nations": 0.014414414414414415,
    "Comprehensive_National_Power": 0.014285714285714285,
    "Composite_Index_of_National_Capability": 0.014285714285714285,
    "List_of_members_of_the_United_Nations_Economic_and_Social_Council": 0.014218009478672985,
    "Committee_on_Economic,_Social_and_Cultural_Rights": 0.014150943396226415,
    "List_of_United_Nations_Security_Council_resolutions_concerning_Iraq": 0.013812154696132596,
    "List_of_United_Nations_Security_Council_Resolutions_1801_to_1900": 0.013812154696132596,
    "List_of_specialized_agencies_of_the_United_Nations": 0.013812154696132596,
    "United_Nations_System": 0.013812154696132596,
    "List_of_United_Nations_Organizations": 0.013812154696132596,
    "List_of_United_Nations_Security_Council_Resolutions_1901_to_2000": 0.013812154696132596,
    "Timeline_of_United_Nations_peacekeeping_missions": 0.013812154696132596,
    "List_of_United_Nations_Security_Council_Resolutions_2001_to_2100": 0.013812154696132596,
    "List_of_resolutions_at_the_sixty-sixth_session_of_the_United_Nations_General_Assembly": 0.013812154696132596,
    "List_of_United_Nations_Security_Council_Resolutions_1_to_100": 0.013812154696132596,
    "List_of_United_Nations_Security_Council_Resolutions_101_to_200": 0.013812154696132596,
    "List_of_United_Nations_Security_Council_Resolutions_201_to_300": 0.013812154696132596,
    "List_of_United_Nations_Security_Council_Resolutions_1201_to_1300": 0.013812154696132596,
    "List_of_United_Nations_Security_Council_Resolutions_1101_to_1200": 0.013812154696132596,
    "List_of_United_Nations_Security_Council_Resolutions_301_to_400": 0.013812154696132596,
    "List_of_United_Nations_Security_Council_Resolutions_1301_to_1400": 0.013812154696132596,
    "List_of_United_Nations_Security_Council_Resolutions_401_to_500": 0.013812154696132596,
    "List_of_United_Nations_Security_Council_Resolutions_1001_to_1100": 0.013812154696132596,
    "List_of_United_Nations_Security_Council_Resolutions_901_to_1000": 0.013812154696132596,
    "List_of_United_Nations_Security_Council_Resolutions_801_to_900": 0.013812154696132596,
    "List_of_United_Nations_Security_Council_Resolutions_701_to_800": 0.013812154696132596,
    "List_of_United_Nations_Security_Council_Resolutions_501_to_600": 0.013812154696132596,
    "List_of_United_Nations_Security_Council_Resolutions_1401_to_1500": 0.013812154696132596,
    "List_of_United_Nations_Security_Council_Resolutions_1501_to_1600": 0.013812154696132596,
    "List_of_United_Nations_Security_Council_Resolutions_601_to_700": 0.013812154696132596,
    "List_of_United_Nations_Security_Council_Resolutions_1601_to_1700": 0.013812154696132596,
    "List_of_resolutions_at_the_sixty-seventh_session_of_the_United_Nations_General_Assembly": 0.013812154696132596,
    "List_of_United_Nations_resolutions_concerning_Western_Sahara": 0.013812154696132596,
    "List_of_United_Nations_Security_Council_Resolutions_2101_to_2200": 0.013812154696132596,
    "Flag_of_the_United_Nations": 0.013812154696132596,
    "List_of_United_Nations_Security_Council_Resolutions_1701_to_1800": 0.013812154696132596,
    "List_of_delegates_to_the_Millennium_Summit": 0.013812154696132596,
    "Electoral_districts_in_Sri_Lanka": 0.013793103448275862,
    "Transport_in_Sri_Lanka": 0.013623978201634877,
    "United_Nations_Economic_Commission_for_Europe": 0.013513513513513514,
    "Secretary-General_of_the_United_Nations": 0.013262599469496022,
    "Community_of_Portuguese_Language_Countries": 0.013245033112582781,
    "International_Court_of_Justice": 0.012853470437017995,
    "Human_rights_commission": 0.01272264631043257,
    "National_symbols_of_Sri_Lanka": 0.01240694789081886,
    "List_of_bridges_in_Sri_Lanka": 0.012376237623762377,
    "EGM:_prevention_of_violence_against_women_and_girls": 0.012376237623762377,
    "Convention_on_the_Elimination_of_All_Forms_of_Discrimination_against_Women": 0.012345679012345678,
    "International_Covenant_on_Civil_and_Political_Rights": 0.012345679012345678,
    "List_of_Sri_Lankan_cabinets": 0.012269938650306749,
    "Rajapaksa_cabinet": 0.012269938650306749,
    "D._S._Senanayake_cabinet": 0.012269938650306749,
    "First_Dudley_Senanayake_cabinet": 0.012269938650306749,
    "Kotelawala_cabinet": 0.012269938650306749,
    "S._W._R._D._Bandaranaike_cabinet": 0.012269938650306749,
    "Dahanayake_cabinet": 0.012269938650306749,
    "First_Sirimavo_Bandaranaike_cabinet": 0.012269938650306749,
    "Third_Dudley_Senanayake_cabinet": 0.012269938650306749,
    "Second_Sirimavo_Bandaranaike_cabinet": 0.012269938650306749,
    "Jayewardene_cabinet": 0.012269938650306749,
    "Premadasa_cabinet": 0.012269938650306749,
    "List_of_current_Permanent_Representatives_to_the_United_Nations": 0.012254901960784314,
    "United_Nations_General_Assembly_observers": 0.012195121951219513,
    "Member_states_of_the_United_Nations": 0.012195121951219513,
    "List_of_unofficial_observances_by_date": 0.012135922330097087,
    "United_Nations_Medal": 0.012048192771084338,
    "Committee_on_the_Rights_of_the_Child": 0.012048192771084338,
    "United_Nations_Economic_and_Social_Council": 0.011904761904761904,
    "Cabinet_of_Sri_Lanka": 0.01179245283018868,
    "Caribbean_Community": 0.011650485436893204,
    "Municipal_councils_of_Sri_Lanka": 0.011627906976744186,
    "World_Meteorological_Organization": 0.01160092807424594,
    "United_Nations_Interim_Security_Force_for_Abyei": 0.011547344110854504,
    "Sri_Lanka_Army": 0.011494252873563218,
    "President_of_the_United_Nations_Security_Council": 0.01141552511415525,
    "International_Criminal_Court_investigations": 0.011086474501108648,
    "Provinces_of_Sri_Lanka": 0.011061946902654867,
    "United_Nations_Human_Rights_Committee": 0.010940919037199124,
    "African_Union": 0.01088646967340591,
    "List_of_United_Nations_Security_Council_resolutions_concerning_Cyprus": 0.010822510822510822,
    "United_Nations_Peacekeeping_Force_in_Cyprus": 0.01079913606911447,
    "United_Nations_Interim_Force_in_Lebanon": 0.01079913606911447,
    "List_of_regional_organizations_by_population": 0.01078167115902965,
    "Districts_of_Sri_Lanka": 0.01072961373390558,
    "Association_of_Southeast_Asian_Nations": 0.010723860589812333,
    "United_Nations_Mission_for_the_Referendum_in_Western_Sahara": 0.010615711252653927,
    "List_of_members_of_the_United_Nations_Security_Council": 0.010548523206751054,