{
    "List_of_acquisitions_by_eBay": 1.0,
    "List_of_acquisitions_by_Cisco_Systems": 1.0,
    "List_of_acquisitions_by_Juniper_Networks": 0.49019607843137253,
    "List_of_acquisitions_by_AOL": 0.4098360655737705,
    "List_of_mergers_and_acquisitions_by_Yahoo!": 0.3787878787878788,
    "List_of_Dell_ownership_activities": 0.3472222222222222,
    "List_of_mergers_and_acquisitions_by_BlackBerry": 0.32894736842105265,
    "List_of_mergers_and_acquisitions_by_Symantec": 0.32894736842105265,
    "List_of_acquisitions_by_Oracle": 0.3048780487804878,
    "List_of_mergers_and_acquisitions_by_Twitter": 0.2808988764044944,
    "List_of_acquisitions_by_Adobe_Systems": 0.22727272727272727,
    "List_of_acquisitions_by_Nokia": 0.22727272727272727,
    "List_of_acquisitions_by_Hewlett-Packard": 0.21008403361344538,
    "List_of_acquisitions_by_Sony_Corporation": 0.2066115702479339,
    "List_of_mergers_and_acquisitions_by_IBM": 0.15723270440251572,
    "List_of_mergers_and_acquisitions_by_Facebook": 0.15060240963855423,
    "List_of_acquisitions_by_Electronic_Arts": 0.13736263736263737,
    "List_of_mergers_and_acquisitions_by_Microsoft": 0.11210762331838565,
    "List_of_mergers_and_acquisitions_by_Apple": 0.08865248226950355,
    "Dell_Inspiron": 0.013888888888888888,
    "Dell_OptiPlex": 0.013888888888888888,
    "Cisco_PIX": 0.012048192771084338,
    "List_of_Twitter_services_and_applications": 0.011235955056179775,
    "Yahoo!_Sports": 0.010101010101010102
}