{
    "List_of_schools_in_the_Northwest_Territories": 1.0,
    "List_of_schools_in_New_Brunswick": 1.0,
    "List_of_schools_in_Nunavut": 0.5333333333333333,
    "Minister_of_Finance_(Manitoba)": 0.06666666666666667,
    "Deputy_Premier_of_Ontario": 0.06666666666666667,
    "List_of_Indian_reserves_in_Canada": 0.06666666666666667,
    "List_of_school_districts_in_Ontario": 0.06666666666666667,
    "List_of_mines_in_the_Northwest_Territories": 0.06666666666666667,
    "Chief_Justice_of_New_Brunswick": 0.06666666666666667,
    "List_of_school_districts_in_British_Columbia": 0.06666666666666667,
    "List_of_airlines_of_Ontario": 0.06666666666666667,
    "List_of_cities_in_Quebec": 0.06666666666666667,
    "List_of_airlines_of_Nunavut": 0.06666666666666667,
    "List_of_mines_in_British_Columbia": 0.06666666666666667,
    "List_of_museums_in_British_Columbia": 0.06666666666666667,
    "List_of_museums_in_Alberta": 0.06666666666666667,
    "List_of_First_Nations_governments_in_British_Columbia": 0.06666666666666667,
    "List_of_museums_in_Manitoba": 0.06666666666666667,
    "List_of_museums_in_Saskatchewan": 0.06666666666666667,
    "List_of_museums_in_Yukon": 0.06666666666666667,
    "List_of_museums_in_Prince_Edward_Island": 0.06666666666666667,
    "List_of_museums_in_New_Brunswick": 0.06666666666666667,
    "List_of_museums_in_Nova_Scotia": 0.06666666666666667,
    "List_of_airlines_of_Quebec": 0.06666666666666667,
    "List_of_airlines_of_British_Columbia": 0.06666666666666667,
    "List_of_airlines_of_Alberta": 0.06666666666666667,
    "List_of_electrical_generating_stations_in_New_Brunswick": 0.06666666666666667,
    "List_of_electrical_generating_stations_in_Saskatchewan": 0.06666666666666667,
    "List_of_electrical_generating_stations_in_Alberta": 0.06666666666666667,
    "List_of_electrical_generating_stations_in_Newfoundland_and_Labrador": 0.06666666666666667,
    "List_of_electrical_generating_stations_in_Ontario": 0.06666666666666667,
    "List_of_electrical_generating_stations_in_British_Columbia": 0.06666666666666667,
    "List_of_electrical_generating_stations_in_Nunavut": 0.06666666666666667,
    "Solicitor_General_of_Canada": 0.06666666666666667,
    "List_of_census_divisions_of_Quebec": 0.06666666666666667,
    "List_of_mines_in_Saskatchewan": 0.06666666666666667,
    "List_of_mines_in_Quebec": 0.06666666666666667,
    "List_of_museums_in_Quebec": 0.06666666666666667,
    "List_of_festivals_in_Quebec": 0.06666666666666667,
    "List_of_curling_clubs_in_Ontario": 0.06666666666666667,
    "List_of_communities_in_Manitoba_by_population": 0.06666666666666667,
    "Language_demographics_of_Quebec": 0.06666666666666667,
    "List_of_electrical_generating_stations_in_Quebec": 0.06666666666666667,
    "List_of_ghost_towns_in_British_Columbia": 0.06666666666666667,
    "Symbols_of_British_Columbia": 0.06666666666666667,
    "Symbols_of_Manitoba": 0.06666666666666667,
    "Symbols_of_Newfoundland_and_Labrador": 0.06666666666666667,
    "Symbols_of_New_Brunswick": 0.06666666666666667,
    "Symbols_of_Nova_Scotia": 0.06666666666666667,
    "Symbols_of_Prince_Edward_Island": 0.06666666666666667,
    "Symbols_of_the_Northwest_Territories": 0.06666666666666667,
    "List_of_correctional_facilities_in_Ontario": 0.06666666666666667,
    "List_of_designated_places_in_Nova_Scotia": 0.0425531914893617,
    "List_of_Chief_Justices_of_Canada_by_time_in_office": 0.041666666666666664,
    "Chief_Justice_of_Canada": 0.041666666666666664,
    "List_of_designated_places_in_Manitoba": 0.04081632653061224,
    "List_of_designated_places_in_New_Brunswick": 0.0392156862745098,
    "List_of_museums_in_Newfoundland_and_Labrador": 0.038461538461538464,
    "List_of_designated_places_in_Quebec": 0.038461538461538464,
    "List_of_designated_places_in_Saskatchewan": 0.038461538461538464,
    "List_of_designated_places_in_British_Columbia": 0.037037037037037035,
    "List_of_village_municipalities_in_Quebec": 0.034482758620689655,
    "List_of_regional_county_municipalities_and_equivalent_territories_in_Quebec": 0.034482758620689655,
    "Canadian_licence_plate_designs_and_serial_formats": 0.03333333333333333,
    "List_of_census_agglomerations_in_Alberta": 0.03225806451612903,
    "List_of_census_agglomerations_in_British_Columbia": 0.03225806451612903,
    "List_of_census_agglomerations_in_Quebec": 0.03225806451612903,
    "List_of_census_agglomerations_in_Ontario": 0.03225806451612903,
    "First_Nations_in_New_Brunswick": 0.030303030303030304,
    "List_of_islands_of_Newfoundland_and_Labrador": 0.029411764705882353,
    "List_of_cities_in_Saskatchewan": 0.029411764705882353,
    "List_of_municipalities_in_Saskatchewan": 0.029411764705882353,
    "Speaker_of_the_Legislative_Assembly_of_Manitoba": 0.028169014084507043,
    "Zone_d'exploitation_contr\u00f4l\u00e9e": 0.027777777777777776,
    "List_of_Canadian_provincial_and_territorial_symbols": 0.027777777777777776,
    "Liberalism_in_Canada": 0.027777777777777776,
    "List_of_colleges_in_Alberta": 0.0273972602739726,
    "List_of_regions_of_Quebec": 0.0273972602739726,
    "List_of_museums_in_Ontario": 0.02702702702702703,
    "List_of_protected_areas_of_Nunavut": 0.025974025974025976,
    "Symbols_of_Ontario": 0.02564102564102564,
    "Geography_of_Yukon": 0.025,
    "List_of_governments_in_Canada_by_annual_expenditures": 0.025,
    "List_of_Canadian_provinces_by_unemployment_rate": 0.025,
    "List_of_proposed_provinces_and_territories_of_Canada": 0.025,
    "List_of_municipalities_in_Quebec": 0.024691358024691357,
    "List_of_regional_districts_of_British_Columbia": 0.023809523809523808,
    "Speaker_of_the_House_of_Assembly_of_Newfoundland_and_Labrador": 0.023809523809523808,
    "List_of_population_centres_in_Quebec": 0.022988505747126436,
    "List_of_population_centres_in_British_Columbia": 0.022988505747126436,
    "List_of_population_centres_in_Manitoba": 0.022988505747126436,
    "List_of_population_centres_in_New_Brunswick": 0.022988505747126436,
    "List_of_population_centres_in_Nova_Scotia": 0.022988505747126436,
    "List_of_population_centres_in_Ontario": 0.022988505747126436,
    "List_of_population_centres_in_Saskatchewan": 0.022988505747126436,
    "Transportation_in_Saskatchewan": 0.022727272727272728,
    "Symbols_of_Saskatchewan": 0.022727272727272728,
    "List_of_ghost_towns_in_Alberta": 0.02197802197802198,
    "Deputy_Premier_of_Quebec": 0.02127659574468085,
    "List_of_ghost_towns_in_Saskatchewan": 0.02127659574468085,
    "List_of_villages_in_Saskatchewan": 0.02127659574468085,
    "Government_of_Quebec": 0.021052631578947368,
    "Time_in_Canada": 0.020833333333333332,
    "Symbols_of_Alberta": 0.020618556701030927,
    "Speaker_of_the_Legislative_Assembly_of_Alberta": 0.020202020202020204,
    "List_of_designated_places_in_Ontario": 0.02,
    "List_of_Canadian_provinces_and_territories_by_area": 0.017241379310344827,
    "Temperature_in_Canada": 0.017241379310344827,
    "List_of_Canadian_provinces_and_territories_by_population_growth_rate": 0.017241379310344827,
    "Kootenay_River": 0.017241379310344827,
    "List_of_current_Canadian_first_ministers": 0.017241379310344827,
    "Tourism_in_Montreal": 0.01694915254237288,
    "List_of_municipalities_in_Ontario": 0.01694915254237288,
    "List_of_cities_in_Ontario": 0.01680672268907563,
    "List_of_towns_in_Ontario": 0.01680672268907563,
    "List_of_mammals_of_Canada": 0.01639344262295082,
    "List_of_cities_in_Manitoba": 0.016129032258064516,
    "List_of_towns_in_Manitoba": 0.016129032258064516,
    "List_of_villages_in_Manitoba": 0.016129032258064516,
    "List_of_municipalities_in_Manitoba": 0.016129032258064516,
    "List_of_cities_in_Alberta": 0.016,
    "Executive_Council_of_Nunavut": 0.015873015873015872,
    "List_of_towns_in_Nova_Scotia": 0.015625,
    "List_of_villages_in_Nova_Scotia": 0.015503875968992248,
    "List_of_counties_of_Nova_Scotia": 0.015503875968992248,