{
    "2010_in_film": 1.0,
    "List_of_Australian_films_of_2010": 1.0,
    "List_of_lesbian,_gay,_bisexual_or_transgender-related_films_of_2010": 1.0,
    "List_of_American_films_of_2010": 0.8,
    "List_of_Canadian_films_of_2010": 0.3157894736842105,
    "List_of_Kannada_films_of_2010": 0.3130434782608696,
    "List_of_Argentine_films_of_2010": 0.27692307692307694,
    "List_of_Japanese_films_of_2010": 0.23076923076923078,
    "2010_in_Israeli_film": 0.1506276150627615,
    "List_of_Turkish_films_of_2010": 0.1411764705882353,
    "List_of_Russian_films_of_2010": 0.13533834586466165,
    "List_of_British_films_of_2010": 0.13138686131386862,
    "List_of_Chinese_films_of_2010": 0.11960132890365449,
    "List_of_Bangladeshi_films_in_2010": 0.1188118811881188,
    "List_of_Hong_Kong_films_of_2010": 0.11464968152866242,
    "List_of_Spanish_films_of_2010": 0.11464968152866242,
    "List_of_Mexican_films_of_2010": 0.11392405063291139,
    "List_of_Brazilian_films_of_2010": 0.11042944785276074,
    "List_of_South_Korean_films_of_2010": 0.10027855153203342,
    "List_of_French_films_of_2010": 0.08845208845208845,
    "List_of_Bollywood_films_of_2010": 0.05341246290801187,
    "List_of_Malayalam_films_of_2010": 0.05341246290801187,
    "List_of_Telugu_films_of_2010": 0.05341246290801187,
    "List_of_Ollywood_films_of_2010": 0.05341246290801187,
    "List_of_Tamil_films_of_2010": 0.04090909090909091,
    "List_of_Marathi_films_of_2010": 0.04072398190045249,
    "List_of_Bengali_films_of_2010": 0.03951701427003293,
    "List_of_Philippine_films_of_the_2010s": 0.024193548387096774,
    "List_of_cinemas_in_Singapore": 0.018867924528301886,
    "List_of_Tamil_films_of_the_1930s": 0.011869436201780416,
    "List_of_Telugu_films_of_the_1930s": 0.011869436201780416,
    "List_of_Telugu_films_of_the_1950s": 0.011869436201780416,
    "List_of_Telugu_films_of_the_1960s": 0.011869436201780416,
    "List_of_Telugu_films_of_1961": 0.011869436201780416,
    "List_of_Telugu_films_of_1950": 0.011869436201780416,
    "List_of_Telugu_films_of_1951": 0.011869436201780416,
    "List_of_Telugu_films_of_1952": 0.011869436201780416,
    "List_of_Telugu_films_of_1953": 0.011869436201780416,
    "List_of_Telugu_films_of_1954": 0.011869436201780416,
    "List_of_Telugu_films_of_1955": 0.011869436201780416,
    "List_of_Telugu_films_of_1956": 0.011869436201780416,
    "List_of_Bollywood_films_of_1940": 0.01167883211678832,
    "List_of_Telugu_films_of_1940": 0.01167883211678832,
    "List_of_Telugu_films_of_1957": 0.011611030478955007,
    "List_of_Bollywood_films_of_1989": 0.011577424023154847,
    "List_of_Ollywood_films_of_1989": 0.011577424023154847,
    "List_of_Ollywood_films_of_1978": 0.011560693641618497,
    "List_of_Ollywood_films_of_1983": 0.011560693641618497,
    "List_of_Ollywood_films_of_1991": 0.011560693641618497,
    "List_of_Ollywood_films_of_1992": 0.011560693641618497,
    "List_of_Ollywood_films_of_1999": 0.011544011544011544,
    "List_of_Ollywood_films_of_1994": 0.011544011544011544,
    "List_of_Ollywood_films_of_1977": 0.011527377521613832,
    "List_of_Ollywood_films_of_1979": 0.011527377521613832,
    "List_of_Ollywood_films_of_1980": 0.011527377521613832,
    "List_of_Ollywood_films_of_1993": 0.011527377521613832,
    "List_of_Bollywood_films_of_2000": 0.011444921316165951,
    "List_of_Ollywood_films_of_2000": 0.011444921316165951,
    "List_of_Ollywood_films_of_2006": 0.011444921316165951,
    "List_of_Tamil_films_of_2003": 0.011428571428571429,
    "List_of_Ollywood_films_of_2004": 0.011428571428571429,
    "List_of_Ollywood_films_of_2005": 0.011428571428571429,
    "List_of_Ollywood_films_of_2007": 0.011428571428571429,
    "List_of_Malayalam_films_of_2012": 0.011428571428571429,
    "List_of_Malayalam_films_of_2011": 0.011412268188302425,
    "List_of_Ollywood_films_of_2002": 0.011412268188302425,
    "List_of_Ollywood_films_of_2008": 0.011412268188302425,
    "List_of_Ollywood_films_of_2009": 0.011412268188302425,
    "List_of_Ollywood_films_of_2011": 0.011412268188302425,
    "List_of_Bollywood_films_of_2011": 0.011412268188302425,
    "List_of_Telugu_films_of_2013": 0.011412268188302425,
    "List_of_Malayalam_films_of_2013": 0.011412268188302425,
    "List_of_Bengali_films_of_1935": 0.011251758087201125,
    "List_of_Tamil_films_of_2000": 0.011220196353436185,
    "List_of_Tamil_films_of_2013": 0.011188811188811189,
    "List_of_Bengali_films_of_1961": 0.011157601115760111,
    "List_of_Bengali_films_of_1962": 0.011157601115760111,
    "Bollywood_Hundred_Crore_Club": 0.01015228426395939
}