{
    "House_of_the_People_(Afghanistan)": 1.0,
    "House_of_Representatives_(Liberia)": 0.5424528301886793,
    "House_of_Representatives_(Nigeria)": 0.5424528301886793,
    "House_of_Assembly_of_Saint_Lucia": 0.539906103286385,
    "House_of_Representatives_(Morocco)": 0.539906103286385,
    "Chamber_of_Deputies_of_Chile": 0.539906103286385,
    "House_of_Keys": 0.40492957746478875,
    "Vice_President_of_Afghanistan": 0.38492063492063494,
    "Chamber_of_Deputies_(Romania)": 0.36507936507936506,
    "Irish_House_of_Commons": 0.3549382716049383,
    "Ministry_of_the_Interior_(Afghanistan)": 0.3527272727272727,
    "National_Assembly_(Kenya)": 0.3516819571865443,
    "Chamber_of_Deputies_(Brazil)": 0.3495440729483283,
    "Cabinet_of_Afghanistan": 0.32673267326732675,
    "List_of_political_parties_in_Afghanistan": 0.32459016393442625,
    "Provinces_of_Afghanistan": 0.32131147540983607,
    "House_of_Elders_(Afghanistan)": 0.30835734870317005,
    "List_of_current_governors_of_Afghanistan": 0.28362573099415206,
    "House_of_Representatives_(Burma)": 0.2777777777777778,
    "Chamber_of_Deputies_(Italy)": 0.2693208430913349,
    "Lok_Sabha": 0.24364406779661016,
    "House_of_Commons_of_Canada": 0.2366255144032922,
    "Ministry_of_Foreign_Affairs_(Afghanistan)": 0.22769953051643194,
    "House_of_Representatives_(Netherlands)": 0.20246478873239437,
    "List_of_legislatures_by_country": 0.1930116472545757,
    "National_Assembly_(Pakistan)": 0.15288220551378445,
    "Dewan_Rakyat": 0.12979683972911965,
    "Ghaznavids": 0.10385438972162742,
    "Legislative_Council_of_the_Isle_of_Man": 0.033854166666666664,
    "Congress_of_the_Confederate_States": 0.031496062992125984,
    "List_of_members_of_the_National_Council_of_Provinces": 0.030726256983240222,
    "List_of_Presidents_of_Afghanistan": 0.03007518796992481,
    "Senate_of_Kenya": 0.028901734104046242,
    "Senate_(Liberia)": 0.028901734104046242,
    "Senate_(Cambodia)": 0.028901734104046242,
    "Reichsrat_(Germany)": 0.028901734104046242,
    "Senate_(Romania)": 0.02881844380403458,
    "Senate_of_Chile": 0.02881844380403458,
    "Senate_of_Uruguay": 0.028735632183908046,
    "Parliament_of_Tuvalu": 0.027707808564231738,
    "Congress_of_Guatemala": 0.02591792656587473,
    "House_of_Representatives_of_New_Zealand": 0.02588235294117647,
    "Council_of_States_(Switzerland)": 0.02546296296296296,
    "Parliament_of_Lebanon": 0.025404157043879907,
    "Parliament_of_Nauru": 0.023706896551724137,
    "Senate_of_the_Dominican_Republic": 0.023474178403755867,
    "Parliament_of_Montenegro": 0.022727272727272728,
    "Congress_of_the_Republic_of_Peru": 0.021660649819494584,
    "Italian_Parliament": 0.02112676056338028,
    "National_Assembly_(Kuwait)": 0.020833333333333332,
    "Bundestag": 0.02022058823529412,
    "Parliament_of_Finland": 0.02018348623853211,
    "Iranian_peoples": 0.0196078431372549,
    "Verkhovna_Rada": 0.018998272884283247,
    "Cabinet_of_Pakistan": 0.01870748299319728,
    "Flag_of_Pakistan": 0.01854974704890388,
    "Persian_people": 0.018518518518518517,
    "Congress_of_the_Philippines": 0.018309859154929577,
    "List_of_current_members_of_the_National_Assembly_of_Malawi": 0.017973856209150325,
    "Senate_of_the_Republic_(Italy)": 0.017825311942959002,
    "Dewan_Negara": 0.01779935275080906,
    "Public_holidays_in_Pakistan": 0.01733102253032929,
    "Elections_in_Pakistan": 0.01732283464566929,
    "Parliament_of_Norway": 0.017214397496087636,
    "Senate_of_Canada": 0.01687116564417178,
    "List_of_NGOs_in_Pakistan": 0.0165016501650165,
    "List_of_zoos_in_Pakistan": 0.016181229773462782,
    "Pashtun_tribes": 0.015521064301552107,
    "Trees_of_Pakistan": 0.015503875968992248,
    "List_of_extreme_weather_records_in_Pakistan": 0.015503875968992248,
    "List_of_cities_in_Balochistan,_Pakistan": 0.014900662251655629,
    "Iranian_languages": 0.014814814814814815,
    "List_of_universities_in_Pakistan": 0.014792899408284023,
    "Folketing": 0.014705882352941176,
    "List_of_Taliban_leaders": 0.01444043321299639,
    "Guantanamo_detainees_who_were_previously_Taliban_prisoners": 0.01444043321299639,
    "Rajya_Sabha": 0.01368421052631579,
    "Ethnic_demography_of_Kazakhstan": 0.013245033112582781,
    "List_of_Ramsar_Wetland_sites_in_Pakistan": 0.013201320132013201,
    "Pakistan_Tehreek-e-Insaf": 0.012678288431061807,
    "List_of_candidates_in_the_Afghan_presidential_election,_2009": 0.012552301255230125,
    "Pakistan_Peoples_Party": 0.012030075187969926,
    "Harkat-ul-Jihad_al-Islami": 0.011730205278592375,
    "Afghanistan\u2013Pakistan_relations": 0.011655011655011656,
    "Stateless_nation": 0.01107011070110701,
    "Tourism_in_Japan": 0.01098901098901099,
    "Cabinet_of_Qatar": 0.01098901098901099,
    "Cabinet_of_the_United_Arab_Emirates": 0.01098901098901099,
    "Education_in_Israel": 0.01098901098901099,
    "Politics_of_Nepal": 0.010948905109489052,
    "List_of_volcanoes_in_Japan": 0.010948905109489052,
    "Speaker_of_the_Illinois_House_of_Representatives": 0.010869565217391304,
    "Hezb-e-Islami_Gulbuddin": 0.010869565217391304,
    "Cabinet_of_Burma": 0.010723860589812333,
    "Foreign_relations_of_Pakistan": 0.010676156583629894,
    "Frederick_Roberts,_1st_Earl_Roberts": 0.010526315789473684,
    "Ohio_House_of_Representatives_membership,_126th_General_Assembly": 0.010498687664041995,
    "United_States_state_legislatures'_partisan_trend": 0.010498687664041995,
    "Foreign_relations_of_Bhutan": 0.010498687664041995,
    "Christianity_in_Turkey": 0.01015228426395939,
    "List_of_earthquakes_in_Pakistan": 0.010135135135135136,
    "List_of_political_parties_in_the_Republic_of_China": 0.010101010101010102,
    "List_of_political_parties_in_Lebanon": 0.010101010101010102,
    "Energy_in_Israel": 0.010067114093959731,
    "Court_of_Final_Appeal_(Hong_Kong)": 0.010067114093959731,
    "Foreign_relations_of_Uzbekistan": 0.010033444816053512
}