{
    "Eurowings": 1.0,
    "Lufthansa": 0.8185745140388769,
    "SunExpress": 0.7046979865771812,
    "Surinam_Airways": 0.7018469656992085,
    "Air_Vanuatu": 0.7018469656992085,
    "Insel_Air": 0.7018469656992085,
    "Wataniya_Airways": 0.6963350785340314,
    "Sky_Airline": 0.6751269035532995,
    "Mahan_Air": 0.6584158415841584,
    "Air_Burkina": 0.6560196560196561,
    "RwandAir": 0.6544117647058824,
    "Air_Alg\u00e9rie": 0.6528117359413202,
    "Air_Seychelles_destinations": 0.6442307692307693,
    "Atlasjet": 0.6409638554216868,
    "Air_Tanzania_Corporation": 0.6357142857142857,
    "TAROM": 0.6342042755344418,
    "China_Airlines": 0.617169373549884,
    "Malaysia_Airlines": 0.6036036036036037,
    "Pakistan_International_Airlines": 0.6,
    "Cargolux_Italia": 0.5968819599109132,
    "Binter_Canarias": 0.5720430107526882,
    "Azul_Brazilian_Airlines": 0.5372233400402414,
    "Aircalin": 0.5297619047619048,
    "Air_Austral": 0.5276679841897233,
    "British_Airways": 0.5212355212355212,
    "Cathay_Pacific": 0.5173076923076924,
    "Turkish_Airlines": 0.5103578154425612,
    "Air_New_Zealand": 0.4900181488203267,
    "Hawaiian_Airlines": 0.4854014598540146,
    "Iberia_(airline)": 0.48381294964028776,
    "FedEx_Express": 0.46830985915492956,
    "KLM": 0.46286701208981,
    "Precision_Air": 0.4420529801324503,
    "Aeroflot": 0.39732142857142855,
    "Deutsche_Luft_Hansa": 0.20526315789473684,
    "List_of_airlines_of_Germany": 0.1746031746031746,
    "SkyTeam_Cargo": 0.16129032258064516,
    "Qualiflyer": 0.16129032258064516,
    "Lufthansa_destinations": 0.15303430079155672,
    "Lufthansa_CityLine_destinations": 0.15303430079155672,
    "Brussels_Airlines_destinations": 0.15303430079155672,
    "Oneworld": 0.1264559068219634,
    "Star_Alliance": 0.12479474548440066,
    "SkyTeam": 0.11892797319932999,
    "Sudan_Airways": 0.0997624703087886,
    "Air_Zimbabwe": 0.06474820143884892,
    "Eritrean_Airlines": 0.06356968215158924,
    "Uganda_Airlines": 0.06205250596658711,
    "West_Air_(China)": 0.0589622641509434,
    "East_Star_Airlines": 0.047619047619047616,
    "African_Airlines_Association": 0.04745762711864407,
    "List_of_airlines_of_China": 0.042444821731748725,
    "List_of_airlines_of_People's_Republic_of_China": 0.042444821731748725,
    "Cyprus_Turkish_Airlines": 0.024608501118568233,
    "Martinair_Cargo_destinations": 0.02364066193853428,
    "Transavia.com_destinations": 0.022727272727272728,
    "SAS_Group": 0.02142857142857143,
    "List_of_stations_on_Qinghai\u2013Tibet_Railway": 0.021235521235521235,
    "Hainan_Airlines_destinations": 0.0205761316872428,
    "Avianca_destinations": 0.020100502512562814,
    "Macau_International_Airport": 0.020072992700729927,
    "Lanzhou\u2013Xinjiang_Railway": 0.02004008016032064,
    "China_Railway_Corporation": 0.01968503937007874,
    "Scandinavian_Airlines_destinations": 0.01904761904761905,
    "List_of_aircraft_operated_by_Scandinavian_Airlines": 0.01904761904761905,
    "List_of_Scandinavian_Airlines_accidents_and_incidents": 0.01904761904761905,
    "List_of_aircraft_operated_by_Wider\u00f8e": 0.018691588785046728,
    "List_of_Wider\u00f8e_destinations": 0.018691588785046728,
    "Charles_de_Gaulle_Airport": 0.018604651162790697,
    "Linjeflyg": 0.017892644135188866,
    "Braathens": 0.01727447216890595,
    "Kiwi_International_Air_Lines": 0.017045454545454544,
    "Ministry_of_Railways_(China)": 0.01692047377326565,
    "Norwegian_Air_Lines": 0.016917293233082706,
    "List_of_Chinese_aircraft": 0.01631321370309951,
    "Alrosa_Mirny_Air_Enterprise": 0.015873015873015872,
    "RusLine": 0.015873015873015872,
    "ATRAN": 0.015873015873015872,
    "Taimyr_Air_Company": 0.015873015873015872,
    "Dalavia": 0.015873015873015872,
    "Domodedovo_Airlines": 0.015841584158415842,
    "KrasAir": 0.015841584158415842,
    "Trans_World_Airlines": 0.01567398119122257,
    "British_Airways_ethnic_liveries": 0.015384615384615385,
    "British_Airways_destinations": 0.015384615384615385,
    "Imperial_Airways": 0.015384615384615385,
    "Iberia_destinations": 0.015384615384615385,
    "Beijing\u2013Harbin_Railway": 0.015197568389057751,
    "List_of_locomotives_in_China": 0.013531799729364006,
    "Lufthansa_Italia": 0.013452914798206279,
    "Urban_rail_transit_in_China": 0.01297016861219196,
    "List_of_airlines_of_Portugal": 0.01291248206599713,
    "Navegacion_y_Servicios_A\u00e9reos_Canarios": 0.012903225806451613,
    "List_of_airlines_of_France": 0.012578616352201259,
    "\u00dcr\u00fcmqi_Diwopu_International_Airport": 0.01240694789081886,
    "High-speed_rail_in_China": 0.012285012285012284,
    "Turkish_Airlines_destinations": 0.012048192771084338,
    "AnadoluJet_destinations": 0.012048192771084338,
    "Turkish_Airlines_Maintenance_Center": 0.012048192771084338,
    "List_of_airlines_of_the_United_States": 0.012004801920768308,
    "Tigerair_destinations": 0.011933174224343675,
    "Baltimore\u2013Washington_International_Airport": 0.011673151750972763,
    "Shenzhen_Bao'an_International_Airport": 0.011603375527426161,
    "Guangzhou\u2013Shenzhen_Railway": 0.011507479861910242,
    "Beijing_Capital_International_Airport": 0.011446409989594173,
    "List_of_airports_in_China": 0.011286681715575621,
    "List_of_airlines_of_Russia": 0.011221945137157107,
    "List_of_VIP_airlines_of_Russia": 0.011221945137157107,
    "List_of_airlines_of_Turkey": 0.011220196353436185,
    "Guangzhou_Baiyun_International_Airport": 0.010763209393346379,
    "List_of_the_busiest_airports_in_China": 0.010741138560687433,
    "List_of_small_airlines_and_helicopter_airlines_of_Russia": 0.010514018691588784,
    "List_of_Dragonair_destinations": 0.010126582278481013,
    "Cathay_Pacific_destinations": 0.010126582278481013,
    "Total_Linhas_A\u00e9reas": 0.010084033613445379,
    "ASTA_Linhas_A\u00e9reas": 0.010084033613445379,
    "Interbrasil_STAR": 0.010084033613445379,
    "Brava_Linhas_A\u00e9reas": 0.010084033613445379
}