{
    "Ponoka_(provincial_electoral_district)": 1.0,
    "Didsbury_(provincial_electoral_district)": 1.0,
    "Rocky_Mountain_House_(electoral_district)": 1.0,
    "Calgary_(provincial_electoral_district)": 1.0,
    "Red_Deer_(provincial_electoral_district)": 0.9959183673469387,
    "Alberta_general_election,_2001": 0.23770491803278687,
    "Alberta_general_election,_1997": 0.23770491803278687,
    "Alberta_general_election,_1909": 0.23770491803278687,
    "Alberta_general_election,_1913": 0.23770491803278687,
    "Alberta_general_election,_1917": 0.23770491803278687,
    "Alberta_general_election,_1921": 0.23770491803278687,
    "Alberta_general_election,_1930": 0.23770491803278687,
    "Alberta_general_election,_1935": 0.23770491803278687,
    "Alberta_general_election,_1926": 0.23770491803278687,
    "Alberta_general_election,_1944": 0.23770491803278687,
    "Alberta_general_election,_1952": 0.23770491803278687,
    "Alberta_general_election,_1955": 0.23770491803278687,
    "Alberta_general_election,_1959": 0.23770491803278687,
    "Alberta_general_election,_1963": 0.23770491803278687,
    "Alberta_general_election,_1967": 0.23770491803278687,
    "Alberta_general_election,_1971": 0.23770491803278687,
    "Alberta_general_election,_1975": 0.23770491803278687,
    "Alberta_general_election,_1979": 0.23770491803278687,
    "Alberta_general_election,_1982": 0.23770491803278687,
    "Alberta_general_election,_1986": 0.23770491803278687,
    "Alberta_general_election,_1989": 0.23770491803278687,
    "Alberta_general_election,_1993": 0.23770491803278687,
    "List_of_Alberta_by-elections": 0.19798657718120805,
    "Alberta_general_election,_2012": 0.17052023121387283,
    "List_of_Saskatchewan_by-elections": 0.021021021021021023,
    "Calgary-Elbow": 0.020958083832335328,
    "List_of_Nunavut_territorial_electoral_districts": 0.020958083832335328,
    "Calgary-Glenmore": 0.020958083832335328,
    "Edmonton-Strathcona_(provincial_electoral_district)": 0.020958083832335328,
    "List_of_Ontario_general_elections": 0.020833333333333332,
    "Northwest_Territories_general_election,_2011": 0.020172910662824207,
    "41st_Ontario_general_election": 0.019943019943019943,
    "List_of_Ontario_by-elections": 0.019943019943019943,
    "List_of_British_Columbia_by-elections": 0.019178082191780823,
    "List_of_Quebec_by-elections": 0.01881720430107527,
    "List_of_Northwest_Territories_general_elections": 0.018518518518518517,
    "List_of_Manitoba_by-elections": 0.017632241813602016,
    "List_of_Nunavut_general_elections": 0.01650943396226415,
    "Calgary_Region": 0.016172506738544475,
    "Symbols_of_Alberta": 0.015527950310559006,
    "List_of_cities_in_Alberta": 0.014285714285714285,
    "Edmonton_Capital_Region": 0.014218009478672985,
    "List_of_hamlets_in_Alberta": 0.013966480446927373,
    "Alberta_Electoral_Boundary_Re-distribution,_2004": 0.0136986301369863,
    "Alberta_Electoral_Boundary_Re-distribution,_2010": 0.0136986301369863,
    "List_of_census_divisions_of_Alberta": 0.013513513513513514,
    "Elections_in_Canada": 0.013422818791946308,
    "List_of_designated_places_in_Alberta": 0.012755102040816327,
    "Speaker_of_the_Legislative_Assembly_of_Alberta": 0.012307692307692308,
    "Leader_of_the_Opposition_(Alberta)": 0.012269938650306749,
    "List_of_premiers_of_Alberta": 0.012232415902140673,
    "List_of_airports_in_the_Calgary_area": 0.012048192771084338,
    "List_of_airports_in_Alberta": 0.012048192771084338,
    "List_of_airports_in_the_Edmonton_area": 0.012,
    "Alberta": 0.011928429423459244,
    "List_of_lakes_of_Alberta": 0.011876484560570071,
    "List_of_population_centres_in_Alberta": 0.011764705882352941,
    "List_of_municipal_districts_in_Alberta": 0.01152073732718894,
    "Communist_Party_\u2013_Alberta": 0.011461318051575931,
    "Provinces_and_territories_of_Canada": 0.011461318051575931,
    "27th_Alberta_Legislative_Assembly": 0.011299435028248588,
    "28th_Alberta_Legislative_Assembly": 0.011299435028248588,
    "Legislative_Assembly_of_Alberta": 0.011267605633802818,
    "List_of_villages_in_Alberta": 0.011111111111111112,
    "List_of_attractions_and_landmarks_in_Stirling,_Alberta": 0.010917030567685589,
    "Heather_Forsyth": 0.01038961038961039,
    "List_of_towns_in_Alberta": 0.01037344398340249,
    "List_of_protected_areas_of_Alberta": 0.010330578512396695
}