{
    "List_of_cities_and_towns_in_Malaysia_by_population": 1.0,
    "Merdeka_Parade": 0.8682170542635659,
    "Timeline_of_Malaysian_history": 0.8682170542635659,
    "Monarchies_of_Malaysia": 0.8682170542635659,
    "Tourism_in_Malaysia": 0.5833333333333334,
    "List_of_mountains_in_Malaysia": 0.5803108808290155,
    "List_of_airports_in_Malaysia": 0.5773195876288659,
    "Yang_di-Pertuan_Agong": 0.5656565656565656,
    "States_and_federal_territories_of_Malaysia": 0.551219512195122,
    "List_of_airlines_of_Malaysia": 0.49777777777777776,
    "Malaysian_Expressway_System": 0.49777777777777776,
    "Public_holidays_in_Malaysia": 0.49344978165938863,
    "Television_in_Malaysia": 0.44621513944223107,
    "Geography_of_Malaysia": 0.4409448818897638,
    "List_of_post-secondary_institutions_in_Malaysia": 0.4392156862745098,
    "List_of_Malaysian_states_by_GDP": 0.3745819397993311,
    "Education_in_Malaysia": 0.3522012578616352,
    "List_of_universities_in_Malaysia": 0.3510971786833856,
    "Malaysian_animation": 0.3425076452599388,
    "List_of_political_parties_in_Malaysia": 0.3181818181818182,
    "Foreign_relations_of_Malaysia": 0.2994652406417112,
    "Demographics_of_Malaysia": 0.28354430379746837,
    "Cabinet_of_Malaysia": 0.28354430379746837,
    "Dewan_Negara": 0.25806451612903225,
    "Prime_Minister_of_Malaysia": 0.2557077625570776,
    "Economy_of_Malaysia": 0.2398286937901499,
    "Dewan_Rakyat": 0.14037267080745341,
    "List_of_cities_in_Malaysia_by_population": 0.12121212121212122,
    "Malacca_City": 0.08045977011494253,
    "George_Town,_Penang": 0.05555555555555555,
    "Kuala_Lumpur": 0.035842293906810034,
    "Opposition_(Malaysia)": 0.028735632183908046,
    "Speaker_of_the_Dewan_Rakyat": 0.02717391304347826,
    "Sabah": 0.021341463414634148,
    "Deputy_Prime_Minister_of_Malaysia": 0.0205761316872428,
    "Democratic_Action_Party": 0.020527859237536656,
    "Trans-Pacific_Partnership": 0.0199501246882793,
    "NJOI": 0.018433179723502304,
    "Kuala_Lumpur_International_Airport": 0.01818181818181818,
    "Pakatan_Rakyat": 0.017482517482517484,
    "Barisan_Nasional": 0.017391304347826087,
    "Selangor": 0.01729106628242075,
    "Malaysian_Chinese_Association": 0.017191977077363897,
    "Pan-Malaysian_Islamic_Party": 0.01718213058419244,
    "Members_of_the_Dewan_Rakyat,_12th_Malaysian_Parliament": 0.01488833746898263,
    "Malaysian_State_Assembly_Representatives_(2008\u201313)": 0.01488833746898263,
    "Malaysian_State_Assembly_Representatives_(2013\u2013)": 0.01488833746898263,
    "Members_of_the_Dewan_Rakyat,_13th_Malaysian_Parliament": 0.01488833746898263,
    "List_of_Chief_Ministers_of_Sabah": 0.014705882352941176,
    "List_of_Malaysian_coats_of_arms": 0.013888888888888888,
    "Borneo": 0.01293103448275862,
    "Butterworth_Outer_Ring_Road": 0.012875536480686695,
    "Chief_Ministers_in_Malaysia": 0.01282051282051282,
    "Penang_International_Airport": 0.01276595744680851,
    "Tangerang": 0.012605042016806723,
    "Territorial_evolution_of_the_British_Empire": 0.012531328320802004,
    "South_Kalimantan": 0.012295081967213115,
    "Malaysia_Airlines_Flight_653": 0.012269938650306749,
    "Royal_Malaysia_Police": 0.01217391304347826,
    "Australian_Antarctic_Territory": 0.012165450121654502,
    "First_Tunku_Abdul_Rahman_administration": 0.012121212121212121,
    "Public_holidays_in_Brunei": 0.012096774193548387,
    "West_Kalimantan": 0.012096774193548387,
    "East_Kalimantan": 0.012048192771084338,
    "Second_Tunku_Abdul_Rahman_administration": 0.011904761904761904,
    "East\u2013West_Highway_(Malaysia)": 0.011428571428571429,
    "Johor": 0.0106951871657754,
    "HyppTV": 0.010638297872340425,
    "Sultan_of_Johor": 0.010638297872340425,
    "Kedah_Sultanate": 0.01056338028169014,
    "Senai\u2013Desaru_Expressway": 0.01048951048951049,
    "Royal_Cambodian_Army": 0.01020408163265306,
    "Royal_Gendarmerie_of_Cambodia": 0.01020408163265306,
    "Myanmar_Army": 0.01020408163265306,
    "Second_Link_Expressway": 0.010169491525423728
}