{
    "List_of_football_stadiums_in_Argentina": 1.0,
    "1915_in_Argentine_football": 0.8279569892473119,
    "1916_in_Argentine_football": 0.8279569892473119,
    "1917_in_Argentine_football": 0.8279569892473119,
    "1918_in_Argentine_football": 0.8279569892473119,
    "1927_in_Argentine_football": 0.8279569892473119,
    "1928_in_Argentine_football": 0.8279569892473119,
    "1929_in_Argentine_football": 0.8279569892473119,
    "1930_in_Argentine_football": 0.8279569892473119,
    "2005\u201306_in_Argentine_football": 0.8279569892473119,
    "2004\u201305_in_Argentine_football": 0.8279569892473119,
    "1923_in_Argentine_football": 0.8279569892473119,
    "1924_in_Argentine_football": 0.8279569892473119,
    "1925_in_Argentine_football": 0.8279569892473119,
    "1926_in_Argentine_football": 0.8279569892473119,
    "Torneos_de_Verano_(Argentina)": 0.8279569892473119,
    "List_of_football_clubs_in_Argentina": 0.7383177570093458,
    "2010\u201311_Primera_D_Metropolitana": 0.7333333333333333,
    "Primera_D": 0.7333333333333333,
    "2010\u201311_Primera_C_Metropolitana": 0.6875,
    "Primera_C": 0.6875,
    "2006\u201307_in_Argentine_football": 0.6814159292035398,
    "2010\u201311_Primera_B_Metropolitana": 0.6581196581196581,
    "Primera_B_Metropolitana": 0.6581196581196581,
    "Torneo_Argentino_A": 0.5661764705882353,
    "Footballer_of_the_Year_of_Argentina": 0.5539568345323741,
    "Torneo_Argentino_B": 0.48427672955974843,
    "Primera_B_Nacional": 0.3869346733668342,
    "Copa_de_Competencia_Jockey_Club": 0.2903225806451613,
    "Copa_de_Honor_Municipalidad_de_Buenos_Aires": 0.27,
    "Copa_Ibarguren": 0.23684210526315788,
    "List_of_football_stadiums_in_Venezuela": 0.1827956989247312,
    "List_of_football_stadiums_in_Uruguay": 0.1827956989247312,
    "Argentina_national_under-20_football_team": 0.15587044534412955,
    "List_of_football_stadiums_in_Chile": 0.1440677966101695,
    "List_of_football_stadiums_in_Colombia": 0.14285714285714285,
    "Argentina_national_football_team": 0.13028764805414553,
    "Argentine_Primera_Divisi\u00f3n": 0.12379421221864952,
    "Amateur_era_in_Argentine_football": 0.12379421221864952,
    "List_of_football_stadiums_in_Peru": 0.11805555555555555,
    "List_of_football_stadiums_in_Paraguay": 0.07391304347826087,
    "List_of_football_stadiums_in_Brazil": 0.06060606060606061,
    "1971_Argentine_Primera_Divisi\u00f3n": 0.05806451612903226,
    "2006\u201307_Argentine_Primera_Divisi\u00f3n": 0.05352112676056338,
    "Football_at_the_Bolivarian_Games": 0.052,
    "List_of_CONMEBOL_club_competition_winners": 0.05078125,
    "2008\u201309_Argentine_Primera_Divisi\u00f3n_season": 0.05063291139240506,
    "1978_Argentine_Primera_Divisi\u00f3n": 0.05,
    "Copa_Colombia": 0.04861111111111111,
    "Copa_Merconorte": 0.04727272727272727,
    "Copa_Mercosur": 0.04727272727272727,
    "South_American_Footballer_of_the_Year": 0.0462046204620462,
    "2013\u201314_Argentine_Primera_Divisi\u00f3n_season": 0.04564315352697095,
    "Suruga_Bank_Championship": 0.045454545454545456,
    "Copa_Chile": 0.045307443365695796,
    "Argentina_national_men's_squash_team": 0.0440251572327044,
    "Copa_Interamericana": 0.0425531914893617,
    "Recopa_Sudamericana": 0.041935483870967745,
    "Copa_Sim\u00f3n_Bol\u00edvar": 0.040123456790123455,
    "Copa_Venezuela": 0.039755351681957186,
    "South_American_Club_Futsal_Championship": 0.03903903903903904,
    "Copa_Sudamericana": 0.03812316715542522,
    "Sports_Association_of_Professional_Football_(Peru)": 0.03753351206434316,
    "2012\u201313_Argentine_Primera_Divisi\u00f3n_season": 0.036855036855036855,
    "List_of_football_clubs_in_Uruguay": 0.03676470588235294,
    "Chile_national_under-17_football_team": 0.03655352480417755,
    "Venezuela_national_under-20_football_team": 0.03581267217630854,
    "1977_Argentine_Primera_Divisi\u00f3n": 0.035483870967741936,
    "Argentina_at_the_Pan_American_Games": 0.034653465346534656,
    "Racing_Club_de_Avellaneda": 0.03454231433506045,
    "Alumni_Athletic_Club": 0.034482758620689655,
    "Colombia_national_under-20_football_team": 0.03286384976525822,
    "Chile_national_under-20_football_team": 0.03225806451612903,
    "Chilean_Primera_Divisi\u00f3n": 0.03139013452914798,
    "Venezuelan_Primera_Divisi\u00f3n": 0.03117505995203837,
    "Intercontinental_Cup_(football)": 0.031026252983293555,
    "South_American_Youth_Championship": 0.03058823529411765,
    "List_of_football_clubs_in_Colombia": 0.030303030303030304,
    "Categor\u00eda_Primera_A": 0.030303030303030304,
    "Argentina\u2013Brazil_football_rivalry": 0.02976190476190476,
    "Argentina_at_the_Hopman_Cup": 0.029166666666666667,
    "Copa_do_Brasil": 0.029069767441860465,
    "Paraguayan_Primera_Divisi\u00f3n": 0.028056112224448898,
    "History_of_Club_de_Gimnasia_y_Esgrima_La_Plata_(football)": 0.028037383177570093,
    "Ecuadorian_Serie_A": 0.026804123711340205,
    "List_of_top-division_football_clubs_in_CONMEBOL_countries": 0.02666666666666667,
    "1961_Argentine_Primera_Divisi\u00f3n": 0.026415094339622643,
    "1973_Argentine_Primera_Divisi\u00f3n": 0.026415094339622643,
    "1975_Argentine_Primera_Divisi\u00f3n": 0.026415094339622643,
    "2004\u201305_Argentine_Primera_Divisi\u00f3n": 0.026415094339622643,
    "2005\u201306_Argentine_Primera_Divisi\u00f3n": 0.026415094339622643,
    "2007\u201308_Argentine_Primera_Divisi\u00f3n_season": 0.026415094339622643,
    "All-time_Argentine_Primera_Divisi\u00f3n_table": 0.026415094339622643,
    "Argentina_national_beach_soccer_team": 0.02631578947368421,
    "List_of_football_clubs_in_Peru": 0.025477707006369428,
    "Copa_Libertadores": 0.025408348457350273,
    "List_of_Argentine_football_champions": 0.025362318840579712,
    "Copa_Am\u00e9rica": 0.02480916030534351,
    "Colombia_national_football_team": 0.023809523809523808,
    "List_of_football_clubs_in_Bolivia": 0.023076923076923078,
    "Argentina_women's_national_basketball_team": 0.02280130293159609,
    "2009\u201310_Argentine_Primera_Divisi\u00f3n_season": 0.022508038585209004,
    "Brazil_national_under-20_football_team": 0.022189349112426034,
    "Argentina_Fed_Cup_team": 0.020958083832335328,
    "CONMEBOL": 0.020766773162939296,
    "List_of_Argentina_international_footballers": 0.020737327188940093,
    "Argentina_national_football_team_head_to_head": 0.02,
    "Argentina_at_the_Paralympics": 0.01977401129943503,
    "Uruguayan_Segunda_Divisi\u00f3n": 0.019736842105263157,
    "Club_Atl\u00e9tico_Independiente": 0.018995929443690638,
    "List_of_Argentine_Primera_Divisi\u00f3n_top_scorers": 0.01871657754010695,
    "List_of_lakes_in_Chile": 0.018518518518518517,
    "List_of_television_networks_in_Venezuela": 0.018518518518518517,
    "Cabinet_of_Uruguay": 0.018518518518518517,
    "Empresa_de_Ferrocarriles_Ecuatorianos": 0.018518518518518517,
    "Public_holidays_in_Guyana": 0.018518518518518517,
    "Electoral_divisions_of_Chile": 0.018518518518518517,
    "National_symbols_of_Ecuador": 0.018518518518518517,
    "List_of_museums_in_Argentina": 0.018518518518518517,
    "Public_holidays_in_Argentina": 0.018518518518518517,
    "Immigration_to_Bolivia": 0.018518518518518517,
    "Cabinet_of_Peru": 0.018518518518518517,
    "Vehicle_registration_plates_of_Brazil": 0.018518518518518517,
    "2011\u201312_Argentine_Primera_Divisi\u00f3n_season": 0.018421052631578946,
    "Coats_of_arms_of_South_America": 0.01834862385321101,
    "Telephone_numbers_in_Venezuela": 0.01834862385321101,
    "List_of_newspapers_in_Argentina": 0.01834862385321101,
    "List_of_cities_in_French_Guiana": 0.01834862385321101,
    "Telephone_numbers_in_Paraguay": 0.01834862385321101,
    "List_of_cities_in_Ecuador": 0.01834862385321101,
    "List_of_airports_in_Argentina": 0.01834862385321101,
    "List_of_newspapers_in_Colombia": 0.01834862385321101,
    "List_of_airports_in_Bolivia": 0.01834862385321101,
    "List_of_airports_in_Suriname": 0.01834862385321101,