{
    "Great_Britain_at_the_2008_Summer_Paralympics": 1.0,
    "South_Africa_at_the_2008_Summer_Paralympics": 1.0,
    "Germany_at_the_2008_Summer_Paralympics": 1.0,
    "Italy_at_the_2008_Summer_Paralympics": 1.0,
    "Netherlands_at_the_2008_Summer_Paralympics": 1.0,
    "Canada_at_the_2008_Summer_Paralympics": 1.0,
    "Australia_at_the_2008_Summer_Paralympics": 1.0,
    "France_at_the_2008_Summer_Paralympics": 1.0,
    "Greece_at_the_2008_Summer_Paralympics": 1.0,
    "Switzerland_at_the_2008_Summer_Paralympics": 1.0,
    "Algeria_at_the_2008_Summer_Paralympics": 1.0,
    "Japan_at_the_2008_Summer_Paralympics": 1.0,
    "2008_Summer_Paralympics_national_flag_bearers": 0.877906976744186,
    "2008_Summer_Paralympics": 0.6894977168949772,
    "List_of_Paralympic_Games_host_cities": 0.012145748987854251,
    "Equestrian_at_the_2008_Summer_Paralympics": 0.011111111111111112,
    "Cycling_at_the_2008_Summer_Paralympics": 0.01098901098901099,
    "Judo_at_the_2008_Summer_Paralympics": 0.01098901098901099,
    "Powerlifting_at_the_2008_Summer_Paralympics": 0.01092896174863388,
    "Boccia_at_the_2008_Summer_Paralympics": 0.0106951871657754,
    "Shooting_at_the_2008_Summer_Paralympics": 0.0106951871657754,
    "Iran_at_the_1990_Asian_Games": 0.010638297872340425,
    "South_Korea_at_the_1990_Asian_Games": 0.010638297872340425,
    "1990_Philippines_men's_Asian_Games_basketball_team": 0.010638297872340425,
    "Athletics_at_the_2008_Summer_Paralympics": 0.010582010582010581,
    "Table_tennis_at_the_2008_Summer_Paralympics": 0.010582010582010581,
    "Wheelchair_basketball_at_the_2008_Summer_Paralympics": 0.010582010582010581,
    "2009_World_Football_Challenge": 0.010582010582010581,
    "Swimming_at_the_2008_Summer_Paralympics": 0.010526315789473684,
    "Archery_at_the_2008_Summer_Paralympics": 0.010362694300518135
}