{
    "2007\u201308_curling_season": 1.0,
    "2007\u201308_Skeleton_World_Cup": 0.29411764705882354,
    "2007\u201308_Bobsleigh_World_Cup": 0.2830188679245283,
    "2007\u201308_ISU_Speed_Skating_World_Cup": 0.2777777777777778,
    "2007\u201308_FIS_Nordic_Combined_World_Cup": 0.26785714285714285,
    "2007\u201308_Luge_World_Cup": 0.25,
    "2007\u201308_Biathlon_World_Cup": 0.25,
    "2007\u201308_FIS_Cross-Country_World_Cup": 0.18518518518518517,
    "2007\u201308_ISU_Grand_Prix_of_Figure_Skating": 0.13513513513513514,
    "2007\u201308_FIS_Ski_Jumping_World_Cup": 0.08875739644970414,
    "2006\u201307_curling_season": 0.034482758620689655,
    "2012\u201313_FIS_Snowboard_World_Cup": 0.034482758620689655,
    "2005\u201306_curling_season": 0.034482758620689655,
    "2008\u201309_curling_season": 0.03333333333333333,
    "2008\u201309_Skeleton_World_Cup": 0.03076923076923077,
    "2009\u201310_Skeleton_World_Cup": 0.03076923076923077,
    "2010\u201311_Skeleton_World_Cup": 0.030303030303030304,
    "2012\u201313_Skeleton_World_Cup": 0.030303030303030304,
    "2008\u201309_Bobsleigh_World_Cup": 0.029850746268656716,
    "2009\u201310_Bobsleigh_World_Cup": 0.029850746268656716,
    "2011\u201312_Skeleton_World_Cup": 0.029850746268656716,
    "2008\u201309_ISU_Speed_Skating_World_Cup": 0.029411764705882353,
    "2009\u201310_ISU_Speed_Skating_World_Cup": 0.029411764705882353,
    "2010\u201311_Bobsleigh_World_Cup": 0.029411764705882353,
    "2012\u201313_Bobsleigh_World_Cup": 0.029411764705882353,
    "2010\u201311_ISU_Speed_Skating_World_Cup": 0.028985507246376812,
    "2011\u201312_Bobsleigh_World_Cup": 0.028985507246376812,
    "2012\u201313_ISU_Speed_Skating_World_Cup": 0.028985507246376812,
    "2013\u201314_ISU_Speed_Skating_World_Cup": 0.028985507246376812,
    "2008\u201309_FIS_Nordic_Combined_World_Cup": 0.02857142857142857,
    "2009\u201310_FIS_Nordic_Combined_World_Cup": 0.02857142857142857,
    "2011\u201312_ISU_Speed_Skating_World_Cup": 0.02857142857142857,
    "2010\u201311_FIS_Nordic_Combined_World_Cup": 0.028169014084507043,
    "2012\u201313_FIS_Nordic_Combined_World_Cup": 0.028169014084507043,
    "2013\u201314_FIS_Nordic_Combined_World_Cup": 0.028169014084507043,
    "2011\u201312_FIS_Nordic_Combined_World_Cup": 0.027777777777777776,
    "2005\u201306_Biathlon_World_Cup": 0.0273972602739726,
    "2004\u201305_Biathlon_World_Cup": 0.0273972602739726,
    "2006\u201307_Luge_World_Cup": 0.0273972602739726,
    "2006\u201307_Biathlon_World_Cup": 0.0273972602739726,
    "2008\u201309_Luge_World_Cup": 0.02702702702702703,
    "2009\u201310_Luge_World_Cup": 0.02702702702702703,
    "2009\u201310_Biathlon_World_Cup": 0.02702702702702703,
    "2010\u201311_Biathlon_World_Cup": 0.02666666666666667,
    "2010\u201311_Luge_World_Cup": 0.02666666666666667,
    "2012\u201313_Biathlon_World_Cup": 0.02666666666666667,
    "2012\u201313_Luge_World_Cup": 0.02666666666666667,
    "2013\u201314_Biathlon_World_Cup": 0.02666666666666667,
    "2011\u201312_Luge_World_Cup": 0.02631578947368421,
    "2012\u201313_ISU_Short_Track_Speed_Skating_World_Cup": 0.024096385542168676,
    "1994\u201395_FIS_Cross-Country_World_Cup": 0.021739130434782608,
    "1999\u20132000_FIS_Cross-Country_World_Cup": 0.02127659574468085,
    "2005\u201306_FIS_Cross-Country_World_Cup": 0.02127659574468085,
    "2006\u201307_FIS_Cross-Country_World_Cup": 0.02127659574468085,
    "2008\u201309_FIS_Cross-Country_World_Cup": 0.021052631578947368,
    "2009\u201310_FIS_Cross-Country_World_Cup": 0.021052631578947368,
    "2010\u201311_FIS_Cross-Country_World_Cup": 0.020833333333333332,
    "2012\u201313_FIS_Cross-Country_World_Cup": 0.020833333333333332,
    "2011\u201312_FIS_Cross-Country_World_Cup": 0.020618556701030927,
    "2003\u201304_FIS_Ski_Jumping_World_Cup": 0.017857142857142856,
    "2006\u201307_ISU_Grand_Prix_of_Figure_Skating": 0.015873015873015872,
    "2012\u201313_ISU_Grand_Prix_of_Figure_Skating": 0.015748031496062992,
    "2008\u201309_ISU_Grand_Prix_of_Figure_Skating": 0.014925373134328358,
    "2010\u201311_ISU_Grand_Prix_of_Figure_Skating": 0.014925373134328358,
    "2013\u201314_ISU_Grand_Prix_of_Figure_Skating": 0.014925373134328358,
    "2009\u201310_ISU_Grand_Prix_of_Figure_Skating": 0.014388489208633094,
    "2011\u201312_ISU_Grand_Prix_of_Figure_Skating": 0.014388489208633094,
    "2008\u201309_FIS_Ski_Jumping_World_Cup": 0.014084507042253521,
    "2008_International_Challenge_Cup": 0.014084507042253521,
    "2009\u201310_FIS_Ski_Jumping_World_Cup": 0.014084507042253521,
    "2005\u201306_FIS_Ski_Jumping_World_Cup": 0.014084507042253521,
    "2004\u201305_FIS_Ski_Jumping_World_Cup": 0.014084507042253521,
    "2010\u201311_FIS_Ski_Jumping_World_Cup": 0.013986013986013986,
    "2012\u201313_FIS_Ski_Jumping_World_Cup": 0.013986013986013986,
    "2013\u201314_FIS_Ski_Jumping_World_Cup": 0.013986013986013986,
    "2011\u201312_FIS_Ski_Jumping_World_Cup": 0.013888888888888888,
    "Cup_of_China": 0.012658227848101266,
    "Bofrost_Cup_on_Ice": 0.012658227848101266,
    "List_of_FIS_Cross-Country_World_Cup_champions": 0.012345679012345678,
    "2007_Cup_of_China": 0.012048192771084338,
    "2007_Coupe_Internationale_de_Nice": 0.011627906976744186,
    "Cup_of_Russia": 0.011494252873563218,
    "2008_Four_Continents_Figure_Skating_Championships": 0.011235955056179775,
    "2008_Triglav_Trophy": 0.011235955056179775,
    "2007_Finlandia_Trophy": 0.011111111111111112,
    "2006\u201307_FIS_Ski_Jumping_World_Cup": 0.011111111111111112,
    "2007_Cup_of_Russia": 0.01098901098901099,
    "2002_Alpine_Skiing_World_Cup": 0.01098901098901099,
    "2006_Alpine_Skiing_World_Cup": 0.01098901098901099,
    "2007_Ondrej_Nepela_Memorial": 0.010869565217391304,
    "2008_Ukrainian_Figure_Skating_Championships": 0.010869565217391304,
    "2001_Alpine_Skiing_World_Cup": 0.010869565217391304,
    "1999_Alpine_Skiing_World_Cup": 0.010869565217391304,
    "2008_Russian_Figure_Skating_Championships": 0.010526315789473684,
    "2007_Golden_Spin_of_Zagreb": 0.010416666666666666,
    "Troph\u00e9e_Eric_Bompard": 0.010416666666666666,
    "2007\u201308_Japan_Figure_Skating_Championships": 0.01020408163265306
}