{
    "List_of_best-selling_girl_groups": 1.0,
    "Mandopop": 0.8440366972477065,
    "List_of_best-selling_boy_groups": 0.8440366972477065,
    "Boy_band": 0.8440366972477065,
    "List_of_songs_containing_the_50s_progression": 0.6996197718631179,
    "Hungarian_pop": 0.6548042704626335,
    "Cantopop": 0.5427728613569321,
    "Christmas_music": 0.38095238095238093,
    "K-pop": 0.33273056057866185,
    "British_rhythm_and_blues": 0.07659574468085106,
    "List_of_best-selling_music_artists": 0.04556962025316456,
    "List_of_highest-grossing_concert_tours": 0.04556962025316456,
    "Chance_Records": 0.04556962025316456,
    "Global_music_industry_market_share_data": 0.04556962025316456,
    "Largest_concerts_ever": 0.04556962025316456,
    "Popstars": 0.04556962025316456,
    "Golden_Disk_Awards": 0.04245283018867924,
    "The_X_Factor_(TV_series)": 0.039045553145336226,
    "List_of_offsprings_of_Pop_Idol": 0.038876889848812095,
    "Idols_(TV_series)": 0.038876889848812095,
    "List_of_best-selling_singles": 0.03829787234042553,
    "Album-oriented_rock": 0.03529411764705882,
    "World_Music_Awards": 0.03474903474903475,
    "UK_Singles_Chart": 0.0345489443378119,
    "MTV_Europe_Music_Awards": 0.0335195530726257,
    "Oricon": 0.03207810320781032,
    "Eurovision_Song_Contest": 0.02975206611570248,
    "Latin_Grammy_Award": 0.02875399361022364,
    "Lo_Nuestro_Awards": 0.028708133971291867,
    "Gramophone_record": 0.028081123244929798,
    "Medieval_metal": 0.02278481012658228,
    "List_of_best-selling_albums_in_the_Philippines": 0.022082018927444796,
    "June_Appal_Recordings": 0.020833333333333332,
    "Comedy_Central_Records": 0.019543973941368076,
    "List_of_musical_instruments": 0.019197207678883072,
    "A-side_and_B-side": 0.019197207678883072,
    "Biggest_selling_British_acts_of_all_time": 0.019197207678883072,
    "Musician": 0.019197207678883072,
    "List_of_classical_and_art_music_traditions": 0.019197207678883072,
    "American_Music_Awards_of_2007": 0.019169329073482427,
    "American_Music_Awards_of_2008": 0.019169329073482427,
    "American_Music_Awards_of_2009": 0.019169329073482427,
    "American_Music_Awards_of_2010": 0.019169329073482427,
    "American_Music_Awards_of_2005": 0.019169329073482427,
    "American_Music_Awards_of_2011": 0.019169329073482427,
    "American_Music_Awards_of_2012": 0.019169329073482427,
    "American_Music_Awards_of_2013": 0.019169329073482427,
    "American_Music_Awards_of_1998": 0.019169329073482427,
    "American_Music_Awards_of_1999": 0.019169329073482427,
    "American_Music_Awards_of_2000": 0.019169329073482427,
    "American_Music_Awards_of_2006": 0.019169329073482427,
    "Lists_of_albums": 0.01896551724137931,
    "American_Music_Award_for_Favorite_Latin_Artist": 0.018633540372670808,
    "List_of_scat_singers": 0.01699029126213592,
    "Strata-East_Records": 0.01699029126213592,
    "Prestige_Records_discography": 0.01699029126213592,
    "Riverside_Records_discography": 0.01699029126213592,
    "Muse_Records": 0.01694915254237288,
    "India_Navigation": 0.01694915254237288,
    "America_Records_(France)": 0.01694915254237288,
    "BYG_Actuel": 0.01694915254237288,
    "CTI_Records": 0.01694915254237288,
    "Copenhagen_Jazz_Festival": 0.016055045871559634,
    "List_of_jazz_fusion_musicians": 0.01569506726457399,
    "Music_industry": 0.01568334578043316,
    "List_of_jazz_contrafacts": 0.014778325123152709,
    "Teenage_tragedy_song": 0.014598540145985401,
    "List_of_Christmas_hit_singles_in_the_United_States": 0.013671875,
    "Doctors,_Professors,_Kings_&_Queens": 0.01276595744680851,
    "Jazz_(TV_series)": 0.011904761904761904,
    "Music_education": 0.011542497376705142,
    "KNYD": 0.011278195488721804,
    "KTGS": 0.011278195488721804,
    "B92_Top_100_Domestic_Songs": 0.011194029850746268,
    "Rock_Express_Top_100_Yugoslav_Rock_Songs_of_All_Times": 0.011194029850746268,
    "Edo_Maajka": 0.01107011070110701,
    "Asian_Man_Records": 0.01084010840108401,
    "WLOG_(FM)": 0.01079136690647482,
    "Atlanta_hip_hop": 0.01059322033898305,
    "Rita_Ora": 0.01048951048951049
}