{
    "List_of_Grammy_Hall_of_Fame_Award_recipients_Q\u2013Z": 1.0,
    "List_of_Grammy_Hall_of_Fame_Award_recipients_J\u2013P": 0.7142857142857143,
    "List_of_Grammy_Hall_of_Fame_Award_recipients_A\u2013D": 0.7142857142857143,
    "Grammy_Award_for_Best_Rock_Gospel_Album": 0.01020408163265306,
    "Grammy_Award_for_Best_Album_Notes": 0.01020408163265306,
    "Grammy_Award_for_Best_Traditional_R&B_Performance": 0.01020408163265306
}