{
    "United_States_Senate_elections,_1996": 1.0,
    "United_States_House_of_Representatives_elections_in_Georgia,_1996": 0.5559006211180124,
    "United_States_Senate_elections,_1796": 0.4472049689440994,
    "United_States_Senate_elections,_1794": 0.4472049689440994,
    "United_States_Senate_elections,_1824": 0.4472049689440994,
    "List_of_United_States_Senate_election_disputes": 0.4472049689440994,
    "United_States_Senate_elections,_1790": 0.4011142061281337,
    "United_States_Senate_elections,_1788": 0.37597911227154046,
    "United_States_Senate_elections,_1826": 0.3711340206185567,
    "United_States_House_of_Representatives_elections,_1996": 0.342911877394636,
    "United_States_Senate_elections,_1988": 0.3325635103926097,
    "United_States_Senate_elections,_1976": 0.3302752293577982,
    "United_States_Senate_elections,_1980": 0.3287671232876712,
    "United_States_gubernatorial_elections,_1996": 0.3266423357664234,
    "United_States_Senate_elections,_1972": 0.32653061224489793,
    "United_States_Senate_elections,_1968": 0.32653061224489793,
    "United_States_Senate_elections,_1942": 0.32286995515695066,
    "United_States_Senate_elections,_1926": 0.32142857142857145,
    "United_States_Senate_elections,_2000": 0.3207126948775056,
    "United_States_Senate_elections,_1956": 0.32,
    "United_States_Senate_elections,_1934": 0.32,
    "United_States_Senate_elections,_1918": 0.32,
    "United_States_Senate_elections,_1966": 0.31929046563192903,
    "United_States_Senate_elections,_1952": 0.31929046563192903,
    "United_States_Senate_elections,_1950": 0.31929046563192903,
    "United_States_Senate_elections,_1930": 0.31788079470198677,
    "United_States_Senate_elections,_1974": 0.31718061674008813,
    "United_States_Senate_elections,_1970": 0.31718061674008813,
    "United_States_Senate_elections,_1946": 0.31648351648351647,
    "United_States_Senate_elections,_1936": 0.31648351648351647,
    "United_States_Senate_elections,_1920": 0.31648351648351647,
    "United_States_Senate_elections,_1914": 0.31648351648351647,
    "United_States_Senate_elections,_1932": 0.3150984682713348,
    "United_States_Senate_elections,_1924": 0.3150984682713348,
    "United_States_Senate_elections,_1982": 0.314410480349345,
    "United_States_Senate_elections,_1962": 0.314410480349345,
    "United_States_Senate_elections,_1986": 0.3116883116883117,
    "United_States_Senate_elections,_1978": 0.3096774193548387,
    "United_States_Senate_elections,_1944": 0.3083511777301927,
    "United_States_Senate_elections,_1992": 0.2909090909090909,
    "United_States_Senate_election_in_Indiana,_1992": 0.2909090909090909,
    "United_States_Senate_elections,_1984": 0.28884462151394424,
    "United_States_Senate_elections,_1922": 0.28857715430861725,
    "United_States_Senate_elections,_1994": 0.28402366863905326,
    "United_States_Senate_elections,_2004": 0.28402366863905326,
    "United_States_Senate_elections,_1998": 0.2821011673151751,
    "United_States_Senate_elections,_1958": 0.2807017543859649,
    "United_States_Senate_elections,_2002": 0.2742857142857143,
    "United_States_Senate_elections,_1910": 0.26229508196721313,
    "United_States_Senate_elections,_1916": 0.2608695652173913,
    "United_States_Senate_elections,_1928": 0.25806451612903225,
    "United_States_Senate_elections,_1912": 0.25668449197860965,
    "United_States_Senate_elections,_1940": 0.2553191489361702,
    "United_States_Senate_elections,_1954": 0.2517482517482518,
    "United_States_Senate_elections,_1990": 0.2508650519031142,
    "United_States_Senate_elections,_1960": 0.25,
    "United_States_Senate_elections,_1948": 0.24784853700516352,
    "United_States_Senate_elections,_1964": 0.2469982847341338,
    "United_States_Senate_elections,_2016": 0.22966507177033493,
    "United_States_Senate_elections,_2018": 0.21654135338345865,
    "List_of_United_States_Senators_in_the_85th_Congress_by_seniority": 0.19618528610354224,
    "List_of_United_States_Senators_in_the_84th_Congress_by_seniority": 0.19618528610354224,
    "List_of_United_States_Senators_in_the_83rd_Congress_by_seniority": 0.19618528610354224,
    "List_of_United_States_Senators_in_the_82nd_Congress_by_seniority": 0.19618528610354224,
    "List_of_United_States_Senators_in_the_81st_Congress_by_seniority": 0.19618528610354224,
    "List_of_United_States_Senators_in_the_80th_Congress_by_seniority": 0.19618528610354224,
    "List_of_United_States_Senators_in_the_110th_Congress_by_seniority": 0.19618528610354224,
    "List_of_United_States_Senators_in_the_15th_Congress_by_seniority": 0.19618528610354224,
    "List_of_United_States_Senators_in_the_10th_Congress_by_seniority": 0.19618528610354224,
    "List_of_United_States_Senators_in_the_111th_Congress_by_seniority": 0.19618528610354224,
    "List_of_United_States_Senators_in_the_79th_Congress_by_seniority": 0.19618528610354224,
    "List_of_United_States_Senators_in_the_78th_Congress_by_seniority": 0.19618528610354224,
    "List_of_United_States_Senators_in_the_1st_Congress_by_seniority": 0.19618528610354224,
    "List_of_United_States_Senators_in_the_2nd_Congress_by_seniority": 0.19618528610354224,
    "List_of_United_States_Senators_in_the_3rd_Congress_by_seniority": 0.19618528610354224,
    "List_of_United_States_Senators_in_the_4th_Congress_by_seniority": 0.19618528610354224,
    "List_of_United_States_Senators_in_the_5th_Congress_by_seniority": 0.19618528610354224,
    "List_of_United_States_Senators_in_the_6th_Congress_by_seniority": 0.19618528610354224,
    "List_of_United_States_Senators_in_the_7th_Congress_by_seniority": 0.19618528610354224,
    "List_of_United_States_Senators_in_the_9th_Congress_by_seniority": 0.19618528610354224,
    "List_of_United_States_Senators_in_the_11th_Congress_by_seniority": 0.19618528610354224,
    "List_of_United_States_Senators_in_the_12th_Congress_by_seniority": 0.19618528610354224,
    "List_of_United_States_Senators_in_the_13th_Congress_by_seniority": 0.19618528610354224,
    "List_of_United_States_Senators_in_the_14th_Congress_by_seniority": 0.19618528610354224,
    "List_of_United_States_Senators_in_the_16th_Congress_by_seniority": 0.19618528610354224,
    "List_of_United_States_Senators_in_the_17th_Congress_by_seniority": 0.19618528610354224,
    "List_of_United_States_Senators_in_the_18th_Congress_by_seniority": 0.19618528610354224,
    "List_of_United_States_Senators_in_the_19th_Congress_by_seniority": 0.19618528610354224,
    "List_of_United_States_Senators_in_the_20th_Congress_by_seniority": 0.19618528610354224,
    "List_of_United_States_Senators_in_the_21st_Congress_by_seniority": 0.19618528610354224,
    "List_of_United_States_Senators_in_the_22nd_Congress_by_seniority": 0.19618528610354224,
    "List_of_United_States_Senators_in_the_23rd_Congress_by_seniority": 0.19618528610354224,
    "List_of_United_States_Senators_in_the_24th_Congress_by_seniority": 0.19618528610354224,
    "List_of_United_States_Senators_in_the_25th_Congress_by_seniority": 0.19618528610354224,
    "List_of_United_States_Senators_in_the_77th_Congress_by_seniority": 0.19618528610354224,
    "List_of_United_States_Senators_in_the_76th_Congress_by_seniority": 0.19618528610354224,
    "List_of_United_States_Senators_in_the_75th_Congress_by_seniority": 0.19618528610354224,
    "List_of_United_States_Senators_in_the_74th_Congress_by_seniority": 0.19618528610354224,
    "List_of_United_States_Senators_in_the_73rd_Congress_by_seniority": 0.19618528610354224,
    "List_of_United_States_Senators_in_the_72nd_Congress_by_seniority": 0.19618528610354224,
    "List_of_United_States_Senators_in_the_71st_Congress_by_seniority": 0.19618528610354224,
    "List_of_United_States_Senators_in_the_70th_Congress_by_seniority": 0.19618528610354224,
    "List_of_United_States_Senators_in_the_69th_Congress_by_seniority": 0.19618528610354224,
    "List_of_United_States_Senators_in_the_68th_Congress_by_seniority": 0.19618528610354224,
