{
    "List_of_Lambda_Literary_Awards_winners_and_nominees_for_science_fiction,_fantasy_and_horror": 1.0,
    "Materials_science_in_science_fiction": 0.8013245033112583,
    "John_W._Campbell_Memorial_Award_for_Best_Science_Fiction_Novel": 0.8013245033112583,
    "Jules_Verne_Award": 0.8013245033112583,
    "Endeavour_Award": 0.8013245033112583,
    "Terraforming_in_popular_culture": 0.8013245033112583,
    "Timeline_of_science_fiction": 0.8013245033112583,
    "Prix_Tour-Apollo_Award": 0.8013245033112583,
    "John_W._Campbell_Award_for_Best_New_Writer": 0.7538940809968847,
    "Andre_Norton_Award": 0.7378048780487805,
    "Science_fiction_films_in_India": 0.7333333333333333,
    "Theodore_Sturgeon_Award": 0.7311178247734139,
    "List_of_steampunk_works": 0.7096774193548387,
    "Solar_System_in_fiction": 0.6836158192090396,
    "List_of_fictional_astronauts": 0.6816901408450704,
    "Stargate_(device)": 0.6522911051212938,
    "Robert_A._Heinlein_Award": 0.6505376344086021,
    "Arthur_C._Clarke_Award": 0.6318537859007833,
    "Simulated_reality_in_fiction": 0.6034912718204489,
    "List_of_science_fiction_conventions": 0.5960591133004927,
    "List_of_Gaylactic_Spectrum_Award_winners_and_nominees_for_best_novel": 0.5799522673031027,
    "List_of_Gaylactic_Spectrum_Award_winners_and_nominees_for_best_short_fiction": 0.5799522673031027,
    "List_of_Gaylactic_Spectrum_Award_winners_and_nominees_for_best_other_work": 0.5799522673031027,
    "Gaylactic_Spectrum_Awards": 0.5799522673031027,
    "Robot": 0.5627906976744186,
    "Hugo_Award": 0.4653846153846154,
    "List_of_LGBT-themed_speculative_fiction": 0.3932038834951456,
    "25th_Lambda_Literary_Awards": 0.1986754966887417,
    "24th_Lambda_Literary_Awards": 0.1986754966887417,
    "22nd_Lambda_Literary_Awards": 0.1986754966887417,
    "23rd_Lambda_Literary_Awards": 0.1986754966887417,
    "21st_Lambda_Literary_Awards": 0.1986754966887417,
    "20th_Lambda_Literary_Awards": 0.1986754966887417,
    "19th_Lambda_Literary_Awards": 0.1986754966887417,
    "18th_Lambda_Literary_Awards": 0.1986754966887417,
    "17th_Lambda_Literary_Awards": 0.1986754966887417,
    "16th_Lambda_Literary_Awards": 0.1986754966887417,
    "15th_Lambda_Literary_Awards": 0.1986754966887417,
    "14th_Lambda_Literary_Awards": 0.1986754966887417,
    "13th_Lambda_Literary_Awards": 0.1986754966887417,
    "12th_Lambda_Literary_Awards": 0.1986754966887417,
    "11th_Lambda_Literary_Awards": 0.1986754966887417,
    "10th_Lambda_Literary_Awards": 0.1986754966887417,
    "9th_Lambda_Literary_Awards": 0.1986754966887417,
    "8th_Lambda_Literary_Awards": 0.1986754966887417,
    "7th_Lambda_Literary_Awards": 0.1986754966887417,
    "6th_Lambda_Literary_Awards": 0.1986754966887417,
    "5th_Lambda_Literary_Awards": 0.1986754966887417,
    "4th_Lambda_Literary_Awards": 0.1986754966887417,
    "3rd_Lambda_Literary_Awards": 0.1986754966887417,
    "2nd_Lambda_Literary_Awards": 0.1986754966887417,
    "1st_Lambda_Literary_Awards": 0.1986754966887417,
    "Lambda_Literary_Award": 0.09612403100775194,
    "Fantasy": 0.08356545961002786,
    "Fantasy_Masterworks": 0.05189620758483034,
    "World_Fantasy_Convention": 0.05179282868525897,
    "Argonautica": 0.048507462686567165,
    "Cannibal_film": 0.034782608695652174,
    "Cannibal_boom": 0.034782608695652174,
    "List_of_horror_films_of_1960": 0.031496062992125984,
    "List_of_horror_anime": 0.02927927927927928,
    "List_of_horror_films_of_2000": 0.02857142857142857,
    "List_of_horror_films_of_2001": 0.02857142857142857,
    "List_of_horror_films_of_2002": 0.02857142857142857,
    "List_of_horror_films_of_2003": 0.02857142857142857,
    "List_of_horror_films_of_2005": 0.02857142857142857,
    "List_of_horror_films_of_2006": 0.02857142857142857,
    "List_of_horror_films_of_2007": 0.02857142857142857,
    "List_of_horror_films_of_2008": 0.02857142857142857,
    "List_of_horror_films_of_2009": 0.02857142857142857,
    "List_of_horror_films_of_1998": 0.02857142857142857,
    "List_of_horror_films_of_1997": 0.02857142857142857,
    "List_of_horror_films_of_1996": 0.02857142857142857,
    "List_of_horror_films_of_1995": 0.02857142857142857,
    "List_of_horror_films_of_1994": 0.02857142857142857,
    "List_of_horror_films_of_1993": 0.02857142857142857,
    "List_of_horror_films_of_1992": 0.02857142857142857,
    "List_of_horror_films_of_1991": 0.02857142857142857,
    "List_of_horror_films_of_1990": 0.02857142857142857,
    "List_of_horror_films_of_1989": 0.02857142857142857,
    "List_of_horror_films_of_1988": 0.02857142857142857,
    "List_of_horror_films_of_1987": 0.02857142857142857,
    "List_of_horror_films_of_1986": 0.02857142857142857,
    "List_of_horror_films_of_1985": 0.02857142857142857,
    "List_of_horror_films_of_1984": 0.02857142857142857,
    "List_of_horror_films_of_1983": 0.02857142857142857,
    "List_of_horror_films_of_1982": 0.02857142857142857,
    "List_of_horror_films_of_1981": 0.02857142857142857,
    "List_of_horror_films_of_1979": 0.02857142857142857,
    "List_of_horror_films_of_1978": 0.02857142857142857,
    "List_of_horror_films_of_1977": 0.02857142857142857,
    "List_of_horror_films_of_1976": 0.02857142857142857,
    "List_of_horror_films_of_1975": 0.02857142857142857,
    "List_of_horror_films_of_1974": 0.02857142857142857,
    "List_of_horror_films_of_1973": 0.02857142857142857,
    "List_of_horror_films_of_1972": 0.02857142857142857,
    "List_of_horror_films_of_1971": 0.02857142857142857,
    "List_of_horror_films_of_1970": 0.02857142857142857,
    "List_of_horror_films_of_1962": 0.02857142857142857,
    "List_of_horror_films_of_1963": 0.02857142857142857,
    "List_of_horror_films_of_1968": 0.02857142857142857,
    "List_of_horror_films_of_1967": 0.02857142857142857,
    "List_of_horror_films_of_1966": 0.02857142857142857,
    "List_of_horror_films_of_1965": 0.02857142857142857,
    "List_of_horror_films_of_1964": 0.02857142857142857,
    "List_of_horror_films_of_1961": 0.02857142857142857,
    "List_of_horror_films_of_1969": 0.02857142857142857,
    "List_of_horror_films_of_2010": 0.02857142857142857,
    "List_of_horror_films_of_2011": 0.02857142857142857,
    "List_of_horror_films_of_2012": 0.02857142857142857,
    "List_of_horror_films_of_2013": 0.02857142857142857,
    "Mountain_film": 0.027656477438136828,
    "Environmental_issues_in_film_and_television": 0.027656477438136828,
    "List_of_dystopian_films": 0.027656477438136828,
    "Survival_film": 0.027656477438136828,
    "Vigilante_film": 0.027656477438136828,
    "List_of_films_featuring_extraterrestrials": 0.027656477438136828,
    "List_of_giant-monster_films": 0.027656477438136828,
    "Mystery_film": 0.027379400260756193,
    "Mondo_film": 0.027142857142857142,
    "Angel": 0.027083333333333334,
    "Rockumentary": 0.02699055330634278,
    "List_of_biographical_films": 0.02699055330634278,
    "List_of_zombie_films": 0.02661064425770308,
    "List_of_low-budget_zombie_films": 0.02661064425770308,
    "List_of_killer_shark_films": 0.025510204081632654,
    "Anti-war_film": 0.023923444976076555,
    "List_of_ghost_films": 0.023543990086741014,
    "Commedia_all'italiana": 0.023514851485148515,
    "Jukebox_musical": 0.0231990231990232,
    "Killer_toys": 0.023166023166023165,
    "Horror_comics": 0.02264808362369338,
    "Martial_arts_film": 0.022300469483568074,
    "List_of_films_featuring_slavery": 0.02224694104560623,
    "Samurai_cinema": 0.02092050209205021,
    "Runes": 0.020783373301358914,
    "Social_realism": 0.016693163751987282,
    "Major_film_studio": 0.016550522648083623,
    "List_of_nonlinear_narrative_films": 0.01440329218106996,
    "Novella": 0.01440329218106996,
    "Literary_technique": 0.0136986301369863
}