{
    "2008\u201309_UCI_Europe_Tour": 1.0,
    "2007\u201308_UCI_Europe_Tour": 0.38596491228070173,
    "2012_UCI_Europe_Tour": 0.38596491228070173,
    "2008\u201309_UCI_America_Tour": 0.3793103448275862,
    "2008\u201309_UCI_Asia_Tour": 0.3793103448275862,
    "2008\u201309_UCI_Africa_Tour": 0.3793103448275862,
    "2009\u201310_UCI_Europe_Tour": 0.3770491803278688,
    "2006\u201307_UCI_Europe_Tour": 0.3728813559322034,
    "2010\u201311_UCI_Europe_Tour": 0.3548387096774194,
    "2013_UCI_Europe_Tour": 0.3548387096774194,
    "2005_UCI_Europe_Tour": 0.35185185185185186,
    "2005\u201306_UCI_Europe_Tour": 0.3442622950819672,
    "2009_Holland_Ladies_Tour": 0.34375,
    "2009_Ladies_Tour_of_Qatar": 0.3333333333333333,
    "2009_UCI_Women's_Road_World_Rankings": 0.3142857142857143,
    "2009_Asian_Cycling_Championships": 0.275,
    "2009_European_Road_Championships": 0.25882352941176473,
    "2009_UCI_Women's_Road_World_Cup": 0.23157894736842105,
    "2009_UCI_World_Ranking": 0.16417910447761194,
    "2009_UCI_Road_World_Championships": 0.15492957746478872,
    "2009_in_men's_road_cycling": 0.14666666666666667,
    "2009_in_women's_road_cycling": 0.14666666666666667,
    "2009_national_road_cycling_championships": 0.10784313725490197,
    "List_of_2009_UCI_Women's_Teams": 0.08979591836734693,
    "2010_Chrono_Champenois_\u2013_Troph\u00e9e_Europ\u00e9en": 0.08196721311475409,
    "2009\u201310_UCI_Asia_Tour": 0.07692307692307693,
    "2009\u201310_UCI_America_Tour": 0.07692307692307693,
    "2009\u201310_UCI_Africa_Tour": 0.07692307692307693,
    "2008_Chrono_Champenois_\u2013_Troph\u00e9e_Europ\u00e9en": 0.07017543859649122,
    "2007_Novilon_Internationale_Damesronde_van_Drenthe": 0.06779661016949153,
    "2007\u201308_UCI_Africa_Tour": 0.06756756756756757,
    "2007\u201308_UCI_Asia_Tour": 0.06756756756756757,
    "2007\u201308_UCI_America_Tour": 0.06756756756756757,
    "2011\u201312_UCI_Africa_Tour": 0.06756756756756757,
    "2011\u201312_UCI_America_Tour": 0.06756756756756757,
    "2011\u201312_UCI_Oceania_Tour": 0.06756756756756757,
    "2011\u201312_UCI_Asia_Tour": 0.06756756756756757,
    "2006\u201307_UCI_Africa_Tour": 0.06578947368421052,
    "2006\u201307_UCI_Oceania_Tour": 0.06578947368421052,
    "2006\u201307_UCI_America_Tour": 0.06578947368421052,
    "2006\u201307_UCI_Asia_Tour": 0.06578947368421052,
    "2013_Omloop_van_het_Hageland": 0.06451612903225806,
    "2013_Drentse_8_van_Dwingeloo": 0.06451612903225806,
    "2011_7-Dorpenomloop_Aalburg": 0.06451612903225806,
    "2013_Chrono_Champenois_\u2013_Troph\u00e9e_Europ\u00e9en": 0.06451612903225806,
    "2008_in_men's_road_cycling": 0.06382978723404255,
    "2012_in_women's_road_cycling": 0.06382978723404255,
    "2008_in_women's_road_cycling": 0.06382978723404255,
    "2010\u201311_UCI_Africa_Tour": 0.06329113924050633,
    "2010\u201311_UCI_America_Tour": 0.06329113924050633,
    "2010\u201311_UCI_Asia_Tour": 0.06329113924050633,
    "2011_UCI_Oceania_Tour": 0.06329113924050633,
    "2012\u201313_UCI_Africa_Tour": 0.06329113924050633,
    "2012\u201313_UCI_America_Tour": 0.06329113924050633,
    "2012\u201313_UCI_Asia_Tour": 0.06329113924050633,
    "2007_in_women's_road_cycling": 0.0625,
    "2013\u201314_UCI_Africa_Tour": 0.06097560975609756,
    "2013\u201314_UCI_America_Tour": 0.06097560975609756,
    "2013\u201314_UCI_Asia_Tour": 0.06097560975609756,
    "2013_in_women's_road_cycling": 0.06060606060606061,
    "2011_in_women's_road_cycling": 0.06060606060606061,
    "2010_Asian_Cycling_Championships": 0.06,
    "2010_Holland_Ladies_Tour": 0.058823529411764705,
    "2014_in_women's_road_cycling": 0.058823529411764705,
    "2013_Energiewacht_Tour": 0.05714285714285714,
    "2010_European_Road_Championships": 0.05714285714285714,
    "2010_UCI_Women's_Road_World_Rankings": 0.054945054945054944,
    "2008_Asian_Cycling_Championships": 0.052083333333333336,
    "2012_Asian_Cycling_Championships": 0.052083333333333336,
    "2005\u201306_UCI_Africa_Tour": 0.05128205128205128,
    "2005\u201306_UCI_Asia_Tour": 0.05128205128205128,
    "2005\u201306_UCI_America_Tour": 0.05128205128205128,
    "2007_Asian_Cycling_Championships": 0.05102040816326531,
    "2006_in_women's_road_cycling": 0.05102040816326531,
    "2011_Asian_Cycling_Championships": 0.04950495049504951,
    "2008_European_Road_Championships": 0.04950495049504951,
    "2013_Asian_Cycling_Championships": 0.04950495049504951,
    "2012_European_Road_Championships": 0.04950495049504951,
    "2008_Holland_Ladies_Tour": 0.04938271604938271,
    "2012_BrainWash_Ladies_Tour": 0.04938271604938271,
    "Cycling_at_the_2010_Commonwealth_Games": 0.049019607843137254,
    "2007_European_Road_Championships": 0.04854368932038835,
    "2007_UCI_Women's_Road_World_Cup": 0.04854368932038835,
    "2007_Holland_Ladies_Tour": 0.04819277108433735,
    "2008_UCI_Women's_Road_World_Cup": 0.04716981132075472,
    "2013_UCI_Women's_Road_World_Cup": 0.04716981132075472,
    "2013_European_Road_Championships": 0.04716981132075472,
    "2011_European_Road_Championships": 0.04716981132075472,
    "2011_Holland_Ladies_Tour": 0.046511627906976744,
    "2013_Boels_Rental_Ladies_Tour": 0.046511627906976744,
    "2012_UCI_Women's_Road_World_Rankings": 0.04597701149425287,
    "2008_UCI_Women's_Road_World_Rankings": 0.04597701149425287,
    "2012_UCI_Women's_Road_World_Cup": 0.045871559633027525,
    "2011_Ladies_Tour_of_Qatar": 0.045454545454545456,
    "2013_Dutch_National_Time_Trial_Championships_\u2013_Women's_time_trial": 0.045454545454545456,
    "2007_UCI_Women's_Road_World_Rankings": 0.0449438202247191,
    "2013_UCI_Women's_Road_Rankings": 0.043478260869565216,
    "2011_UCI_Women's_Road_World_Rankings": 0.043478260869565216,
    "2010_in_men's_road_cycling": 0.04216867469879518,
    "2010_in_women's_road_cycling": 0.04216867469879518,
    "2008_UCI_ProTour": 0.041666666666666664,
    "2010_UCI_World_Ranking": 0.038461538461538464,
    "2006_European_Road_Championships": 0.0380952380952381,
    "2006_UCI_Women's_Road_World_Cup": 0.0380952380952381,
    "Cycling_at_the_2010_Asian_Games": 0.03787878787878788,
    "2010_UCI_Road_World_Championships": 0.037037037037037035,
    "2007_UCI_ProTour": 0.03669724770642202,
    "2006_Holland_Ladies_Tour": 0.03529411764705882,
    "2012_in_men's_road_cycling": 0.03529411764705882,
    "2011_in_men's_road_cycling": 0.03508771929824561,
    "2013_in_men's_road_cycling": 0.03468208092485549,
    "Cycling_at_the_2007_Pan_American_Games": 0.03418803418803419,
    "2006_UCI_Women's_Road_World_Rankings": 0.03296703296703297,
    "Cycling_at_the_2011_Pan_American_Games": 0.03278688524590164,
    "List_of_2013_UCI_Professional_Continental_and_Continental_teams": 0.032467532467532464,
    "2012_UCI_World_Tour": 0.03225806451612903,
    "2012_Vuelta_a_Andaluc\u00eda": 0.031746031746031744,
    "2008_UCI_Road_World_Championships": 0.03164556962025317,
    "2011_UCI_World_Tour": 0.03164556962025317,
    "2007_UCI_Road_World_Championships": 0.03125,
    "2012_UCI_Road_World_Championships": 0.03125,
    "2011_UCI_Road_World_Championships": 0.030303030303030304,
    "Cycling_at_the_2012_Summer_Olympics": 0.028368794326241134,
    "2005_UCI_Asia_Tour": 0.028169014084507043,
    "2005_UCI_America_Tour": 0.028169014084507043,
    "2013_UCI_World_Tour": 0.028089887640449437,
    "Cycling_at_the_2008_Summer_Olympics": 0.027777777777777776,
    "2009_Cerv\u00e9lo_TestTeam_season": 0.02702702702702703,
    "2006_UCI_ProTour": 0.026785714285714284,
    "2013_Omloop_Het_Nieuwsblad_\u2013_Women's_race": 0.025806451612903226,
    "2006_UCI_Road_World_Championships": 0.024691358024691357,
    "List_of_women's_road_bicycle_races": 0.023809523809523808,
    "Cycling_at_the_2006_Asian_Games": 0.023809523809523808,
    "2012_national_road_cycling_championships": 0.022727272727272728,
    "2010_national_road_cycling_championships": 0.022222222222222223,
    "2011_national_road_cycling_championships": 0.022222222222222223,