{
    "List_of_Coupe_de_la_Ligue_winners": 1.0,
    "Coupe_Charles_Drago": 0.6770186335403726,
    "List_of_French_second_division_champions": 0.6770186335403726,
    "Coupe_Gambardella": 0.6770186335403726,
    "List_of_France_national_football_team_captains": 0.4977168949771689,
    "List_of_leading_goalscorers_for_the_France_national_football_team": 0.4977168949771689,
    "List_of_football_stadiums_in_France": 0.4823008849557522,
    "French_Guiana_Championnat_National": 0.4658119658119658,
    "2012\u201313_in_French_football": 0.43873517786561267,
    "Troph\u00e9e_des_champions": 0.43775100401606426,
    "French_football_clubs_in_international_competition": 0.436,
    "2011\u201312_in_French_football": 0.43190661478599224,
    "2011\u201312_Championnat_de_France_amateur": 0.42528735632183906,
    "2010\u201311_in_French_football": 0.4220532319391635,
    "2009\u201310_Championnat_de_France_amateur": 0.4141791044776119,
    "Brittany_national_football_team": 0.3771626297577855,
    "French_Football_Federation": 0.3758620689655172,
    "Provence_football_team": 0.3745704467353952,
    "Troph\u00e9es_UNFP_du_football": 0.36577181208053694,
    "List_of_France_national_football_team_managers": 0.36577181208053694,
    "Occitania_national_football_team": 0.36333333333333334,
    "List_of_French_football_champions": 0.3538961038961039,
    "R\u00e9union_Premier_League": 0.35161290322580646,
    "Guadeloupe_national_football_team": 0.3395638629283489,
    "France_national_under-17_football_team": 0.3385093167701863,
    "Tahiti_national_football_team": 0.3224852071005917,
    "France_national_under-16_football_team": 0.31054131054131057,
    "France_national_under-19_football_team": 0.30704225352112674,
    "France_national_under-21_football_team": 0.3061797752808989,
    "List_of_France_women's_international_footballers": 0.296195652173913,
    "Ligue_1": 0.28835978835978837,
    "France_national_under-20_football_team": 0.287598944591029,
    "List_of_Coupe_de_France_winners": 0.287598944591029,
    "Martinique_Championnat_National": 0.28165374677002586,
    "Football_records_in_France": 0.2809278350515464,
    "Championnat_National": 0.2704714640198511,
    "List_of_France_international_footballers": 0.2684729064039409,
    "Martinique_national_football_team": 0.2589073634204275,
    "France_national_football_team_all-time_record": 0.2589073634204275,
    "Ligue_2": 0.22520661157024793,
    "2008\u201309_Coupe_de_la_Ligue": 0.1409921671018277,
    "France_national_football_team": 0.13180169286577992,
    "2011\u201312_Coupe_de_la_Ligue": 0.13106796116504854,
    "2010\u201311_Coupe_de_la_Ligue": 0.1291866028708134,
    "Parc_des_Princes": 0.09412780656303972,
    "France_national_racquetball_team": 0.058577405857740586,
    "France_national_men's_squash_team": 0.058577405857740586,
    "France_national_women's_squash_team": 0.058577405857740586,
    "Paris_Saint-Germain_F.C._in_international_football": 0.05439330543933055,
    "List_of_Paris_Saint-Germain_F.C._records_and_statistics": 0.05439330543933055,
    "France_at_the_Mediterranean_Games": 0.05204460966542751,
    "AS_Saint-\u00c9tienne": 0.047619047619047616,
    "France_at_the_Hopman_Cup": 0.04375,
    "France_men's_national_ice_hockey_team": 0.04142011834319527,
    "France_national_under-20_rugby_union_team": 0.04120879120879121,
    "France_national_handball_team": 0.03825136612021858,
    "OGC_Nice": 0.03783783783783784,
    "AS_Monaco_FC": 0.037037037037037035,
    "France_at_the_FIFA_World_Cup": 0.03571428571428571,
    "Lille_OSC": 0.03526448362720403,
    "France_Fed_Cup_team": 0.033816425120772944,
    "Tuvalu_national_football_team": 0.03380281690140845,
    "Tibet_national_football_team": 0.033444816053511704,
    "Padania_national_football_team": 0.03333333333333333,
    "Stade_Rennais_F.C.": 0.03324808184143223,
    "S\u00e1pmi_football_team": 0.03322259136212625,
    "Asturias_autonomous_football_team": 0.03289473684210526,
    "France_at_the_Paralympics": 0.03225806451612903,
    "Catalonia_national_football_team": 0.03115264797507788,
    "Greenland_national_football_team": 0.030864197530864196,
    "France_national_basketball_team": 0.030107526881720432,
    "Jersey_official_football_team": 0.029498525073746312,
    "Monaco_national_football_team": 0.028985507246376812,
    "France_national_rugby_league_team": 0.028455284552845527,
    "List_of_men's_national_association_football_teams": 0.028333333333333332,
    "\u00c5land_Islands_official_football_team": 0.026525198938992044,
    "Gotland_official_football_team": 0.026525198938992044,
    "Fr\u00f8ya_official_football_team": 0.026525198938992044,
    "Saaremaa_official_football_team": 0.026525198938992044,
    "Shetland_football_team": 0.026385224274406333,
    "France_at_the_Olympics": 0.025830258302583026,
    "France_Davis_Cup_team": 0.02413793103448276,
    "Non-FIFA_international_football": 0.021551724137931036,
    "France_national_rugby_union_team": 0.02054794520547945,
    "Netherlands_Antilles_Championship": 0.01968503937007874,
    "Barbados_Premier_Division": 0.019455252918287938,
    "Ligue_Ha\u00eftienne": 0.019305019305019305,
    "Belize_Premier_Football_League": 0.01845018450184502,
    "Campeonato_Nacional_de_F\u00fatbol_de_Cuba": 0.01818181818181818,
    "TT_Pro_League": 0.017123287671232876,
    "Nicaraguan_Primera_Divisi\u00f3n": 0.016891891891891893,
    "Panama_national_football_team": 0.016835016835016835,
    "Liga_Paname\u00f1a_de_F\u00fatbol": 0.01644736842105263,
    "2007\u201308_Ligue_2": 0.016286644951140065,
    "Liga_Nacional_de_F\u00fatbol_de_Guatemala": 0.016286644951140065,
    "CONCACAF": 0.016129032258064516,
    "Salvadoran_Primera_Divisi\u00f3n": 0.016025641025641024,
    "Saint_Kitts_and_Nevis_national_football_team": 0.016,
    "Belize_national_football_team": 0.01593625498007968,
    "Antigua_and_Barbuda_national_football_team": 0.015748031496062992,
    "List_of_CONCACAF_competitions": 0.015015015015015015,
    "Honduras_national_football_team": 0.014970059880239521,
    "Nicaragua_national_football_team": 0.014925373134328358,
    "List_of_top-division_football_clubs_in_CONCACAF_countries": 0.014563106796116505,
    "Cayman_Islands_national_football_team": 0.014492753623188406,
    "Liga_Nacional_de_F\u00fatbol_Profesional_de_Honduras": 0.014204545454545454,
    "Guyana_national_football_team": 0.014084507042253521,
    "Liga_MX": 0.014044943820224719,
    "Cura\u00e7ao_League": 0.014044943820224719,
    "FIFA_Confederations_Cup": 0.013201320132013201,
    "Louisa_N\u00e9cib": 0.013157894736842105,
    "Surinamese_Cup": 0.013157894736842105,
    "Costa_Rican_Primera_Divisi\u00f3n": 0.01288659793814433,
    "2007\u201308_Amiens_SC_season": 0.01276595744680851,
    "Caribbean_Football_Union": 0.012755102040816327,
    "Caribbean_Cup": 0.01272264631043257,
    "2013\u201314_Ligue_2": 0.012698412698412698,
    "2008\u201309_Ligue_2": 0.012658227848101266,
    "Hoofdklasse_(Suriname)": 0.012658227848101266,
    "Sidney_Govou": 0.012396694214876033,
    "\u00c9lise_Bussaglia": 0.012244897959183673,
    "Honduran_Cup": 0.012244897959183673,
    "2011\u201312_Ligue_2": 0.012195121951219513,
    "Bonaire_national_football_team": 0.012048192771084338,
    "2010\u201311_Ligue_2": 0.011976047904191617,
    "2009\u201310_Ligue_2": 0.011904761904761904,
    "Sonia_Bompastor": 0.011811023622047244,
    "2012\u201313_Division_1_F\u00e9minine": 0.011811023622047244,
    "Camille_Abily": 0.011673151750972763,
    "2012\u201313_Championnat_de_France_amateur": 0.011673151750972763,
    "2011\u201312_Division_1_F\u00e9minine": 0.011627906976744186,
    "2010\u201311_Division_1_F\u00e9minine": 0.011363636363636364,
    "2009\u201310_in_French_football": 0.011320754716981131,
    "Sandrine_Soubeyrand": 0.011320754716981131,
    "2010\u201311_Championnat_de_France_amateur": 0.011235955056179775,
    "List_of_French_football_transfers_summer_2012": 0.011194029850746268,