{
    "2010_FIA_GT1_World_Championship_season": 1.0,
    "2008_FIA_GT_Championship_season": 0.9937888198757764,
    "2006_FIA_GT3_European_Championship_season": 0.9937888198757764,
    "2009_FIA_GT_Championship_season": 0.9937888198757764,
    "2009_FIA_GT3_European_Championship_season": 0.9937888198757764,
    "2010_FIA_GT3_European_Championship_season": 0.9937888198757764,
    "2011_FIA_GT3_European_Championship_season": 0.9937888198757764,
    "2012_FIA_GT3_European_Championship_season": 0.9937888198757764,
    "2006_FIA_GT_Championship_season": 0.9937888198757764,
    "2005_FIA_GT_Championship_season": 0.9937888198757764,
    "2004_FIA_GT_Championship_season": 0.9937888198757764,
    "2003_FIA_GT_Championship_season": 0.9937888198757764,
    "2002_FIA_GT_Championship_season": 0.9937888198757764,
    "2001_FIA_GT_Championship_season": 0.9937888198757764,
    "2000_FIA_GT_Championship_season": 0.9937888198757764,
    "1998_FIA_GT_Championship_season": 0.9937888198757764,
    "1997_FIA_GT_Championship_season": 0.9937888198757764,
    "1999_FIA_GT_Championship_season": 0.9937888198757764,
    "2007_FIA_GT_Championship_season": 0.9937888198757764,
    "1996_BPR_Global_GT_Series_season": 0.9937888198757764,
    "1995_BPR_Global_GT_Series_season": 0.9937888198757764,
    "2010_GT4_European_Cup_season": 0.9876543209876543,
    "2009_GT4_European_Cup_season": 0.9876543209876543,
    "2011_FIA_GT1_World_Championship_season": 0.9876543209876543,
    "2011_Blancpain_Endurance_Series_season": 0.9876543209876543,
    "2012_Blancpain_Endurance_Series_season": 0.9876543209876543,
    "2013_Blancpain_Endurance_Series_season": 0.9876543209876543,
    "2011_GT4_European_Cup_season": 0.9815950920245399,
    "2010_24_Hours_of_Spa": 0.975609756097561,
    "2013_FIA_GT_Series_season": 0.975609756097561,
    "2013_British_GT_season": 0.8839779005524862,
    "2012_FIA_GT1_World_Championship_season": 0.7174887892376681,
    "2007_British_GT_season": 0.055248618784530384,
    "2008_British_GT_season": 0.055248618784530384,
    "2009_British_GT_season": 0.055248618784530384,
    "2006_British_GT_season": 0.055248618784530384,
    "2010_British_GT_season": 0.055248618784530384,
    "2011_British_GT_season": 0.055248618784530384,
    "2012_British_GT_season": 0.055248618784530384,
    "2004_British_GT_season": 0.05434782608695652,
    "British_GT_Championship": 0.03367003367003367,
    "Pirelli_World_Challenge": 0.025362318840579712,
    "2012_Pirelli_World_Challenge_season": 0.015228426395939087,
    "2013_Pirelli_World_Challenge_season": 0.015228426395939087,
    "2008_Speed_World_Challenge_season": 0.015151515151515152,
    "2009_Speed_World_Challenge_season": 0.015151515151515152,
    "2007_Speed_World_Challenge_season": 0.015151515151515152,
    "2010_SCCA_Pro_Racing_World_Challenge_season": 0.015151515151515152,
    "2006_Speed_World_Challenge_season": 0.015151515151515152,
    "2011_Pirelli_World_Challenge_season": 0.015151515151515152,
    "Dallas_Grand_Prix": 0.014925373134328358,
    "Circuit_Paul_Ricard": 0.014423076923076924,
    "Detroit_Belle_Isle_Grand_Prix": 0.011299435028248588,
    "Grand_Prix_of_Cleveland": 0.010526315789473684,
    "Silverstone_Circuit": 0.010416666666666666,
    "Circuit_Trois-Rivi\u00e8res": 0.010309278350515464,
    "Grand_Prix_of_St._Petersburg": 0.010230179028132993
}