{
    "2009_Tokyo_Yakult_Swallows_season": 1.0,
    "2009_Fukuoka_SoftBank_Hawks_season": 0.13008130081300814,
    "2009_Tohoku_Rakuten_Golden_Eagles_season": 0.11801242236024845,
    "2009_Hokkaido_Nippon-Ham_Fighters_season": 0.1072961373390558,
    "2009_Hiroshima_Toyo_Carp_season": 0.1031390134529148,
    "2009_Chunichi_Dragons_season": 0.1016949152542373,
    "2009_Yokohama_BayStars_season": 0.09259259259259259,
    "2009_Saitama_Seibu_Lions_season": 0.09055118110236221,
    "2009_Hanshin_Tigers_season": 0.09053497942386832,
    "2009_Orix_Buffaloes_season": 0.08979591836734693,
    "2009_Yomiuri_Giants_season": 0.08852459016393442,
    "2009_Chiba_Lotte_Marines_season": 0.08658008658008658,
    "Climax_Series": 0.06315789473684211,
    "Japan_Series": 0.05855855855855856,
    "2008_Nippon_Professional_Baseball_season": 0.05555555555555555,
    "2006_Nippon_Professional_Baseball_season": 0.054455445544554455,
    "2007_Nippon_Professional_Baseball_season": 0.054455445544554455,
    "2005_Nippon_Professional_Baseball_season": 0.054455445544554455,
    "2007_Hokkaido_Nippon-Ham_Fighters_season": 0.04878048780487805,
    "2008_Hokkaido_Nippon-Ham_Fighters_season": 0.048582995951417005,
    "2010_Hokkaido_Nippon-Ham_Fighters_season": 0.048582995951417005,
    "Japan_Series_Most_Valuable_Player_Award": 0.045454545454545456,
    "Nippon_Professional_Baseball": 0.04487179487179487,
    "List_of_Yomiuri_Giants_managers": 0.04424778761061947,
    "Nippon_Professional_Baseball_All-Star_Series": 0.038461538461538464,
    "Nippon_Professional_Baseball_Rookie_of_the_Year_Award": 0.038461538461538464,
    "List_of_Nippon_Professional_Baseball_earned_run_average_champions": 0.038461538461538464,
    "Golden_Spirit_Award": 0.038461538461538464,
    "Saitama_Seibu_Lions": 0.03767123287671233,
    "Kenjiro_Nomura": 0.03571428571428571,
    "2008_Saitama_Seibu_Lions_season": 0.03383458646616541,
    "Hanshin_Tigers": 0.03272727272727273,
    "Sachio_Kinugasa": 0.03076923076923077,
    "Eiji_Sawamura_Award": 0.02912621359223301,
    "2008_Tohoku_Rakuten_Golden_Eagles_season": 0.02857142857142857,
    "Nippon_Professional_Baseball_Most_Valuable_Player_Award": 0.022900763358778626,
    "Asia_Series": 0.017766497461928935
}