{
    "List_of_FA_Cup_winning_managers": 1.0,
    "List_of_FA_Cup_finals": 0.8215686274509804,
    "FA_Cup_Final_referees": 0.8215686274509804,
    "FA_Cup_semi-finals": 0.8215686274509804,
    "2008\u201309_FA_Cup": 0.49644549763033174,
    "2011\u201312_FA_Cup": 0.4855156431054461,
    "List_of_First_Division_and_Premier_League_winning_managers": 0.043137254901960784,
    "List_of_English_football_championship_winning_managers": 0.043137254901960784,
    "2013_A-League_All_Stars_Game": 0.03172205438066465,
    "Frank_Lampard": 0.030884808013355594,
    "Paul_Scholes": 0.0274869109947644,
    "Jimmy_McIlroy": 0.02727272727272727,
    "Kevin_Keegan": 0.02513747054202671,
    "Karen_Walker_(footballer)": 0.024602026049204053,
    "Faye_White": 0.024566473988439308,
    "Rachel_Yankey": 0.02418207681365576,
    "Kelly_Smith": 0.023876404494382022,
    "Steven_Gerrard": 0.02321981424148607,
    "Dixie_Dean": 0.0227765726681128,
    "Jimmy_Greaves": 0.022727272727272728,
    "Karen_Carney": 0.022606382978723406,
    "Hughie_Gallacher": 0.022485207100591716,
    "Gil_Merrick": 0.02180232558139535,
    "Manchester_United_F.C.": 0.021398002853067047,
    "Chelsea_F.C.": 0.02102803738317757,
    "Stanley_Matthews": 0.020964360587002098,
    "Alan_Shearer": 0.020868113522537562,
    "Denis_Law": 0.020370370370370372,
    "Bobby_Charlton": 0.01966955153422502,
    "Gary_Lineker": 0.019508057675996608,
    "Teddy_Sheringham": 0.018446601941747572,
    "Ian_Rush": 0.018404907975460124,
    "Thierry_Henry": 0.018225039619651346,
    "Tottenham_Hotspur_F.C.": 0.0176678445229682,
    "David_Beckham": 0.0175,
    "Liverpool_F.C.": 0.016921837228041903,
    "Dennis_Bergkamp": 0.01669449081803005,
    "Iain_Dowie": 0.01668806161745828,
    "List_of_Chelsea_F.C._managers": 0.016200294550810016,
    "Ole_Gunnar_Solskj\u00e6r": 0.015174506828528073,
    "List_of_Tottenham_Hotspur_F.C._managers": 0.014771048744460856,
    "Bobby_Collins_(footballer)": 0.014285714285714285,
    "Johan_Cruyff": 0.013945380592678676,
    "List_of_UEFA_Cup_Winners'_Cup_winning_managers": 0.01361573373676248,
    "Fredrik_Ljungberg": 0.01337295690936107,
    "List_of_Newcastle_United_F.C._managers": 0.013333333333333334,
    "List_of_Arsenal_F.C._managers": 0.012949640287769784,
    "List_of_Manchester_City_F.C._managers": 0.01267605633802817,
    "List_of_European_Cup_and_UEFA_Champions_League_winning_managers": 0.012195121951219513,
    "Luis_Enrique_Mart\u00ednez_Garc\u00eda": 0.012195121951219513,
    "List_of_UEFA_Cup_and_Europa_League_winning_managers": 0.01199400299850075,
    "List_of_Everton_F.C._managers": 0.011940298507462687,
    "List_of_West_Bromwich_Albion_F.C._managers": 0.011661807580174927,
    "List_of_UEFA_Super_Cup_winning_managers": 0.011589403973509934,
    "List_of_Manchester_United_F.C._managers": 0.011477761836441894,
    "Alan_Gilzean": 0.011320754716981131,
    "David_Platt_(footballer)": 0.011220196353436185,
    "Joe_Jordan_(footballer)": 0.010922330097087379,
    "Zinedine_Zidane": 0.010767160161507403,
    "Onze_d'Or": 0.010752688172043012,
    "Julie_Fleeting": 0.010542168674698794,
    "List_of_Aston_Villa_F.C._managers": 0.010494752623688156,
    "Wayne_Rooney": 0.010434782608695653
}