{
    "List_of_metropolitan_areas_by_population": 1.0,
    "World's_largest_cities": 1.0,
    "List_of_agglomerations_by_population": 1.0,
    "World's_largest_municipalities_by_population": 1.0,
    "List_of_cities_proper_by_population": 1.0,
    "List_of_urban_areas_by_population": 1.0,
    "List_of_cities_by_GDP": 0.6869565217391305,
    "Global_city": 0.6869565217391305,
    "Megalopolis_(city_type)": 0.49145299145299143,
    "List_of_most_expensive_cities_for_expatriate_employees": 0.4759036144578313,
    "List_of_the_largest_urban_agglomerations_in_North_America": 0.40869565217391307,
    "Transborder_agglomeration": 0.40869565217391307,
    "List_of_metropolitan_areas_in_the_Americas": 0.40869565217391307,
    "List_of_cities_in_the_Far_East_by_population": 0.40869565217391307,
    "List_of_largest_European_cities_in_history": 0.40869565217391307,
    "List_of_largest_cities_in_Central_America": 0.40869565217391307,
    "Largest_cities_in_the_Americas": 0.40869565217391307,
    "List_of_North_American_cities_by_population": 0.40869565217391307,
    "List_of_North_American_metropolitan_areas_by_population": 0.40869565217391307,
    "Largest_cities_in_Europe": 0.40869565217391307,
    "List_of_largest_cities_in_the_Arab_world": 0.40869565217391307,
    "List_of_cities_in_South_America": 0.34057971014492755,
    "Megacity": 0.2974683544303797,
    "List_of_Latin_American_cities_by_population": 0.26256983240223464,
    "List_of_metropolitan_areas_in_the_West_Indies": 0.22815533980582525,
    "List_of_cities_with_the_most_skyscrapers": 0.2257142857142857,
    "Municipality": 0.2206703910614525,
    "Urban_agglomeration": 0.2206703910614525,
    "List_of_national_capitals_by_population": 0.21428571428571427,
    "List_of_metropolitan_areas_in_Europe": 0.19421487603305784,
    "List_of_metropolitan_areas_in_Africa": 0.1934156378600823,
    "Largest_cities_of_the_European_Union_by_population_within_city_limits": 0.16845878136200718,
    "List_of_cities_in_the_European_Union_with_more_than_100,000_inhabitants": 0.16845878136200718,
    "Largest_urban_areas_of_the_European_Union": 0.16845878136200718,
    "List_of_metropolitan_areas_in_Asia": 0.12598425196850394,
    "Spatial_planning": 0.07333333333333333,
    "List_of_largest_shopping_malls_in_the_world": 0.024896265560165973,
    "List_of_Arab_countries_by_population": 0.022321428571428572,
    "List_of_countries_by_sex_ratio": 0.022321428571428572,
    "List_of_countries_by_real_population_density_based_on_food_growing_capacity": 0.022321428571428572,
    "List_of_African_countries_by_population": 0.022321428571428572,
    "List_of_countries_by_labour_force": 0.022321428571428572,
    "Global_Gender_Gap_Report": 0.022321428571428572,
    "List_of_countries_by_past_and_future_population": 0.022321428571428572,
    "List_of_countries_by_patents": 0.022321428571428572,
    "List_of_countries_by_population_in_1907": 0.022321428571428572,
    "List_of_countries_with_fewer_than_100,000_people": 0.022321428571428572,
    "Global_Innovation_Index_(Boston_Consulting_Group)": 0.022321428571428572,
    "List_of_countries_by_median_age": 0.022321428571428572,
    "Stockpiling_antiviral_medications_for_pandemic_influenza": 0.022321428571428572,
    "List_of_countries_by_net_migration_rate": 0.022321428571428572,
    "Urbanization_by_country": 0.022321428571428572,
    "List_of_countries_by_total_health_expenditure_(PPP)_per_capita": 0.022321428571428572,
    "List_of_countries_by_population_in_2000": 0.022321428571428572,
    "List_of_countries_by_infant_mortality_rate": 0.022321428571428572,
    "Linguistic_diversity_index": 0.022321428571428572,
    "List_of_sovereign_states_and_dependent_territories_by_birth_rate": 0.022321428571428572,
    "List_of_sovereign_states_and_dependent_territories_by_mortality_rate": 0.022321428571428572,
    "List_of_countries_by_foreign_aid_received": 0.022321428571428572,
    "List_of_European_countries_by_population": 0.022321428571428572,
    "List_of_countries_by_natural_increase": 0.022321428571428572,
    "Age_at_first_marriage": 0.022321428571428572,
    "EF_English_Proficiency_Index": 0.022321428571428572,
    "List_of_countries_by_distribution_of_wealth": 0.022321428571428572,
    "List_of_countries_by_population_in_2010": 0.022321428571428572,
    "List_of_least_populous_countries": 0.022321428571428572,
    "List_of_countries_by_number_of_households": 0.022321428571428572,
    "List_of_countries_ranked_by_ethnic_and_cultural_diversity_level": 0.022321428571428572,
    "List_of_countries_by_population_(United_Nations)": 0.022321428571428572,
    "List_of_sovereign_states_and_dependent_territories_in_South_America_by_population_density": 0.022321428571428572,
    "List_of_sovereign_states_and_dependent_territories_in_North_America_by_population_density": 0.022321428571428572,
    "List_of_countries_by_population_in_2005": 0.022321428571428572,
    "List_of_countries_by_population": 0.022321428571428572,
    "Divorce_demography": 0.022321428571428572,
    "List_of_South_American_countries_by_population": 0.022321428571428572,
    "List_of_countries_in_the_Americas_by_population": 0.022321428571428572,
    "List_of_North_American_countries_by_population": 0.022321428571428572,
    "List_of_member_states_of_the_Commonwealth_of_Nations_by_population": 0.022321428571428572,
    "List_of_sovereign_states_and_dependent_territories_by_population_density": 0.022321428571428572,
    "List_of_Middle_East_countries_by_population": 0.022321428571428572,
    "List_of_countries_by_student_performance": 0.022123893805309734,
    "Risk": 0.02127659574468085,
    "List_of_Latin_American_countries_by_population": 0.020905923344947737,
    "Graduate_real_estate_education": 0.020761245674740483,
    "Province": 0.019553072625698324,
    "Parish_(administrative_division)": 0.019553072625698324,
    "Unincorporated_area": 0.019553072625698324,
    "Direct-controlled_municipality": 0.019553072625698324,
    "Capital_region": 0.019553072625698324,
    "K\u00f6ping": 0.019553072625698324,
    "Autonomous_prefectures_of_the_People's_Republic_of_China": 0.019553072625698324,
    "List_of_countries_by_foreign-born_population": 0.01953125,
    "List_of_Caribbean_island_countries_by_population": 0.01910828025477707,
    "Non-metropolitan_district": 0.018867924528301886,
    "County_borough": 0.018867924528301886,
    "Non-metropolitan_county": 0.018867924528301886,
    "List_of_Asian_countries_by_population": 0.01837270341207349,
    "Gmina": 0.017543859649122806,
    "Autonomous_counties_of_the_People's_Republic_of_China": 0.0175,
    "List_of_Oceanian_countries_by_population": 0.017482517482517484,
    "List_of_Central_Java_regencies_and_cities": 0.017369727047146403,
    "List_of_countries_by_population_growth_rate": 0.01730103806228374,
    "Demographics_of_the_world": 0.01694915254237288,
    "List_of_summer_villages_in_Alberta": 0.016867469879518072,
    "List_of_regencies_and_cities_of_Indonesia": 0.015765765765765764,
    "List_of_countries_by_life_expectancy": 0.01567398119122257,
    "List_of_countries_by_inequality-adjusted_HDI": 0.015479876160990712,
    "List_of_countries_by_English-speaking_population": 0.015432098765432098,
    "Republics_of_Russia": 0.015250544662309368,
    "Population_decline": 0.015228426395939087,
    "List_of_countries_by_home_ownership_rate": 0.014705882352941176,
    "Provinces_of_Finland": 0.014583333333333334,
    "List_of_regional_organizations_by_population": 0.014577259475218658,
    "Metropolitan_boroughs": 0.014256619144602852,
    "List_of_countries_by_literacy_rate": 0.014084507042253521,
    "Special_economic_zone": 0.014084507042253521,
    "Case\u2013Shiller_index": 0.014018691588785047,
    "Undergraduate_real_estate_programs": 0.014018691588785047,
    "List_of_county_routes_in_Humboldt_County,_Iowa": 0.0136986301369863,
    "List_of_countries_by_suicide_rate": 0.013550135501355014,