{
    "Japan_national_football_team_in_2006": 1.0,
    "Japan_national_football_team_in_2004": 0.46524064171123,
    "Japan_national_football_team_in_2005": 0.4631578947368421,
    "Japan_national_football_team_in_2007": 0.453125,
    "Japan_national_football_team_in_2008": 0.4461538461538462,
    "Japan_national_football_team_in_2009": 0.4393939393939394,
    "Japan_national_football_team_in_2011": 0.42857142857142855,
    "2006_Urawa_Red_Diamonds_season": 0.3218390804597701,
    "2006_in_Japanese_football": 0.23333333333333334,
    "Japan_national_football_team": 0.1981981981981982,
    "2006_Emperor's_Cup": 0.17445482866043613,
    "2006_Japan_Football_League": 0.09705372616984402,
    "2006_J._League_Division_2": 0.09705372616984402,
    "2006_J._League_Division_1": 0.09705372616984402,
    "2002_Yokohama_F.C._season": 0.023474178403755867,
    "2003_Yokohama_F.C._season": 0.02336448598130841,
    "2002_Mito_HollyHock_season": 0.023255813953488372,
    "2002_Sagan_Tosu_season": 0.023255813953488372,
    "2003_Mito_HollyHock_season": 0.023148148148148147,
    "2003_Sagan_Tosu_season": 0.023148148148148147,
    "2002_Shonan_Bellmare_season": 0.02304147465437788,
    "2002_Ventforet_Kofu_season": 0.02304147465437788,
    "2003_Shonan_Bellmare_season": 0.022935779816513763,
    "2003_Ventforet_Kofu_season": 0.022935779816513763,
    "2002_Vegalta_Sendai_season": 0.0228310502283105,
    "2002_Kashiwa_Reysol_season": 0.0228310502283105,
    "2002_Albirex_Niigata_season": 0.0228310502283105,
    "2002_Oita_Trinita_season": 0.0228310502283105,
    "2002_Montedio_Yamagata_season": 0.022727272727272728,
    "2002_Omiya_Ardija_season": 0.022727272727272728,
    "2003_Vegalta_Sendai_season": 0.022727272727272728,
    "2003_Kashiwa_Reysol_season": 0.022727272727272728,
    "2003_Oita_Trinita_season": 0.022727272727272728,
    "2003_Albirex_Niigata_season": 0.022727272727272728,
    "2002_Urawa_Red_Diamonds_season": 0.02262443438914027,
    "2002_Sanfrecce_Hiroshima_season": 0.02262443438914027,
    "2002_Avispa_Fukuoka_season": 0.02262443438914027,
    "2003_Montedio_Yamagata_season": 0.02262443438914027,
    "2003_Omiya_Ardija_season": 0.02262443438914027,
    "2002_Yokohama_F._Marinos_season": 0.02252252252252252,
    "2002_Shimizu_S-Pulse_season": 0.02252252252252252,
    "2002_J\u00fabilo_Iwata_season": 0.02252252252252252,
    "2003_Urawa_Red_Diamonds_season": 0.02252252252252252,
    "2003_Sanfrecce_Hiroshima_season": 0.02252252252252252,
    "2003_Avispa_Fukuoka_season": 0.02252252252252252,
    "2002_Tokyo_Verdy_1969_season": 0.02242152466367713,
    "2002_Kyoto_Purple_Sanga_season": 0.02242152466367713,
    "2003_Yokohama_F._Marinos_season": 0.02242152466367713,
    "2003_Shimizu_S-Pulse_season": 0.02242152466367713,
    "2003_J\u00fabilo_Iwata_season": 0.02242152466367713,
    "2002_Consadole_Sapporo_season": 0.022321428571428572,
    "2002_Vissel_Kobe_season": 0.022321428571428572,
    "2002_Cerezo_Osaka_season": 0.022321428571428572,
    "2003_Tokyo_Verdy_1969_season": 0.022321428571428572,
    "2003_Kyoto_Purple_Sanga_season": 0.022321428571428572,
    "2002_JEF_United_Ichihara_season": 0.022222222222222223,
    "2002_Nagoya_Grampus_Eight_season": 0.022222222222222223,
    "2002_Gamba_Osaka_season": 0.022222222222222223,
    "2003_Cerezo_Osaka_season": 0.022222222222222223,
    "2003_Vissel_Kobe_season": 0.022222222222222223,
    "2003_Consadole_Sapporo_season": 0.022222222222222223,
    "2003_JEF_United_Ichihara_season": 0.022123893805309734,
    "2003_Nagoya_Grampus_Eight_season": 0.022123893805309734,
    "2003_Gamba_Osaka_season": 0.022123893805309734,
    "2007_Urawa_Red_Diamonds_season": 0.022123893805309734,
    "2002_Kawasaki_Frontale_season": 0.022026431718061675,
    "2003_Kawasaki_Frontale_season": 0.021929824561403508,
    "2009_Albirex_Niigata_season": 0.021739130434782608,
    "2012_Ehime_F.C._season": 0.021739130434782608,
    "2012_Tokushima_Vortis_season": 0.021739130434782608,
    "2011_Sagan_Tosu_season": 0.021645021645021644,
    "2012_Thespa_Kusatsu_season": 0.021645021645021644,
    "2009_Urawa_Red_Diamonds_season": 0.021551724137931036,
    "2011_Ventforet_Kofu_season": 0.02145922746781116,
    "2008_Nagoya_Grampus_season": 0.02145922746781116,
    "2011_Vegalta_Sendai_season": 0.02127659574468085,
    "2011_Kashiwa_Reysol_season": 0.02127659574468085,
    "2011_Albirex_Niigata_season": 0.02127659574468085,
    "2011_Montedio_Yamagata_season": 0.0211864406779661,
    "2011_Omiya_Ardija_season": 0.0211864406779661,
    "2009_Nagoya_Grampus_season": 0.0211864406779661,
    "2010_Albirex_Niigata_season": 0.0211864406779661,
    "2012_Yokohama_F.C._season": 0.0211864406779661,
    "2011_Sanfrecce_Hiroshima_season": 0.02109704641350211,
    "2011_Avispa_Fukuoka_season": 0.02109704641350211,
    "2011_Yokohama_F._Marinos_season": 0.02100840336134454,
    "2011_Shimizu_S-Pulse_season": 0.02100840336134454,
    "2011_J\u00fabilo_Iwata_season": 0.02100840336134454,
    "2012_Sagan_Tosu_season": 0.02100840336134454,
    "2012_Mito_HollyHock_season": 0.02100840336134454,
    "2012_F.C._Tokyo_season": 0.02092050209205021,
    "2011_Cerezo_Osaka_season": 0.020833333333333332,
    "2011_Consadole_Sapporo_season": 0.020833333333333332,
    "2011_Vissel_Kobe_season": 0.020833333333333332,
    "2012_Shonan_Bellmare_season": 0.020833333333333332,
    "2012_Ventforet_Kofu_season": 0.020833333333333332,
    "2011_Gamba_Osaka_season": 0.02074688796680498,
    "2011_Nagoya_Grampus_season": 0.02074688796680498,
    "2005_in_Japanese_football": 0.020689655172413793,
    "2010_Nagoya_Grampus_season": 0.02066115702479339,
    "2012_Kashiwa_Reysol_season": 0.02066115702479339,
    "2012_Vegalta_Sendai_season": 0.02066115702479339,
    "2011_Kawasaki_Frontale_season": 0.0205761316872428,
    "2012_Omiya_Ardija_season": 0.0205761316872428,
    "2012_Montedio_Yamagata_season": 0.0205761316872428,
    "2013_Nagoya_Grampus_season": 0.0205761316872428,
    "2012_Sanfrecce_Hiroshima_season": 0.020491803278688523,
    "2012_Urawa_Red_Diamonds_season": 0.020491803278688523,
    "2012_Avispa_Fukuoka_season": 0.020491803278688523,
    "2012_Yokohama_F._Marinos_season": 0.02040816326530612,
    "2012_J\u00fabilo_Iwata_season": 0.02040816326530612,
    "2012_Shimizu_S-Pulse_season": 0.02040816326530612,
    "2012_Tokyo_Verdy_season": 0.02032520325203252,
    "2012_Cerezo_Osaka_season": 0.020242914979757085,
    "2012_Consadole_Sapporo_season": 0.020242914979757085,
    "2012_Vissel_Kobe_season": 0.020242914979757085,
    "2012_Kyoto_Sanga_F.C._season": 0.020242914979757085,
    "2012_Nagoya_Grampus_season": 0.020161290322580645,
    "2012_Gamba_Osaka_season": 0.020161290322580645,
    "2012_Kawasaki_Frontale_season": 0.02,
    "2005_Emperor's_Cup": 0.01891891891891892,
    "2013_V-Varen_Nagasaki_season": 0.01834862385321101,
    "2013_Matsumoto_Yamaga_F.C._season": 0.01818181818181818,
    "1997_in_Japanese_football": 0.017857142857142856,
    "1998_in_Japanese_football": 0.017857142857142856,
    "2012_Matsumoto_Yamaga_F.C._season": 0.017777777777777778,
    "2013_F.C._Gifu_season": 0.017699115044247787,
    "2005_Japan_Football_League": 0.017684887459807074,
    "2005_J._League_Division_2": 0.017684887459807074,
    "2005_J._League_Division_1": 0.017684887459807074,
    "2012_F.C._Machida_Zelvia_season": 0.017543859649122806,
    "2012_Gainare_Tottori_season": 0.017543859649122806,
    "2012_Giravanz_Kitakyushu_season": 0.017543859649122806,
    "2012_Fagiano_Okayama_season": 0.017467248908296942,
    "2002_in_Japanese_football": 0.017421602787456445,
    "2004_in_Japanese_football": 0.017421602787456445,
    "2012_Tochigi_S.C._season": 0.017391304347826087,
    "2000_in_Japanese_football": 0.017361111111111112,
    "2001_in_Japanese_football": 0.017361111111111112,
    "2003_in_Japanese_football": 0.017361111111111112,
    "2012_Roasso_Kumamoto_season": 0.017316017316017316,
    "2012_F.C._Gifu_season": 0.017316017316017316,