{
    "List_of_Norwegian_Premier_League_top_scorers": 1.0,
    "List_of_Norwegian_Premier_League_venues": 0.578125,
    "Norwegian_football_clubs_in_European_football": 0.5692307692307692,
    "List_of_Norwegian_football_league_champions": 0.5606060606060606,
    "1961\u201362_Norwegian_Main_League": 0.4868421052631579,
    "Tippeligaen": 0.4277456647398844,
    "1973_Norwegian_First_Division": 0.37851662404092073,
    "2002_Tippeligaen": 0.29959514170040485,
    "2004_Tippeligaen": 0.29838709677419356,
    "2005_Tippeligaen": 0.294234592445328,
    "2006_Tippeligaen": 0.294234592445328,
    "2007_Tippeligaen": 0.29191321499013806,
    "2008_Tippeligaen": 0.2907662082514735,
    "2009_Tippeligaen": 0.2846153846153846,
    "2010_Tippeligaen": 0.2803030303030303,
    "2011_Tippeligaen": 0.27255985267034993,
    "2012_Tippeligaen": 0.2560553633217993,
    "Nicklas_Bendtner": 0.24489795918367346,
    "2013_Tippeligaen": 0.24025974025974026,
    "Troms\u00f8_IL": 0.22624434389140272,
    "Sogndal_Fotball": 0.21739130434782608,
    "V\u00e5lerenga_Fotball": 0.2109704641350211,
    "SK_Brann": 0.2066115702479339,
    "Lillestr\u00f8m_SK": 0.18518518518518517,
    "Molde_FK": 0.18450184501845018,
    "Stab\u00e6k_Fotball": 0.18315018315018314,
    "Lyn_Fotball": 0.1718213058419244,
    "1992_Norwegian_First_Division": 0.14794520547945206,
    "1998_Norwegian_First_Division": 0.14713896457765668,
    "2001_Norwegian_First_Division": 0.14555256064690028,
    "2004_Norwegian_First_Division": 0.14516129032258066,
    "2003_Norwegian_First_Division": 0.14516129032258066,
    "2011_Norwegian_First_Division": 0.1447721179624665,
    "2006_Norwegian_First_Division": 0.1447721179624665,
    "2007_Norwegian_First_Division": 0.1447721179624665,
    "2008_Norwegian_First_Division": 0.1443850267379679,
    "2005_Norwegian_First_Division": 0.144,
    "1991_Norwegian_First_Division": 0.14323607427055704,
    "2010_Norwegian_First_Division": 0.1424802110817942,
    "2012_Norwegian_First_Division": 0.14025974025974025,
    "2009_Norwegian_First_Division": 0.13881748071979436,
    "2013_Adeccoligaen": 0.13810741687979539,
    "Adeccoligaen": 0.10973084886128365,
    "2._Divisjon": 0.025821596244131457,
    "2013_FK_Haugesund_season": 0.022988505747126436,
    "Norwegian_First_Division_(women)": 0.02112676056338028,
    "Norwegian_Youth_Cup": 0.020833333333333332,
    "Norway_national_football_team": 0.018711018711018712,
    "List_of_football_stadiums_in_Norway": 0.01856763925729443,
    "Odense_Boldklub": 0.017857142857142856,
    "2012_Str\u00f8msgodset_IF_season": 0.015873015873015872,
    "2012_Troms\u00f8_IL_season": 0.015748031496062992,
    "2011_SK_Brann_season": 0.01556420233463035,
    "2013_IK_Start_season": 0.01556420233463035,
    "2006_SK_Brann_season": 0.01556420233463035,
    "2007_SK_Brann_season": 0.01556420233463035,
    "2008_SK_Brann_season": 0.015503875968992248,
    "2012_Stab\u00e6k_Fotball_season": 0.015503875968992248,
    "2013_Str\u00f8msgodset_IF_season": 0.015503875968992248,
    "2005_SK_Brann_season": 0.015444015444015444,
    "2013_Troms\u00f8_IL_season": 0.015384615384615385,
    "2010_SK_Brann_season": 0.015209125475285171,
    "2012_Aalesunds_FK_season": 0.015209125475285171,
    "2013_V\u00e5lerenga_Fotball_season": 0.0149812734082397,
    "2013_Viking_FK_season": 0.0149812734082397,
    "2012_SK_Brann_season": 0.01486988847583643,
    "2013_Aalesunds_FK_season": 0.01486988847583643,
    "2013_Odds_BK_season": 0.014705882352941176,
    "2009_SK_Brann_season": 0.014652014652014652,
    "2013_SK_Brann_season": 0.014545454545454545,
    "F.C._Copenhagen": 0.014492753623188406,
    "2008_Toppserien": 0.014336917562724014,
    "2011_Lillestr\u00f8m_SK_season": 0.014134275618374558,
    "2010_Toppserien": 0.014084507042253521,
    "Ole_Gunnar_Solskj\u00e6r": 0.013888888888888888,
    "2012_Toppserien": 0.013793103448275862,
    "2011_Molde_FK_season": 0.0136986301369863,
    "2007_Molde_FK_season": 0.0136986301369863,
    "2008_Molde_FK_season": 0.013651877133105802,
    "2009_Toppserien": 0.013605442176870748,
    "2012_Lillestr\u00f8m_SK_season": 0.013559322033898305,
    "2013_Toppserien": 0.013513513513513514,
    "2010_Molde_FK_season": 0.013422818791946308,
    "2013_Lillestr\u00f8m_SK_season": 0.013289036544850499,
    "2012_Molde_FK_season": 0.013157894736842105,
    "Toppserien": 0.013100436681222707,
    "2012_Rosenborg_BK_season": 0.013071895424836602,
    "2009_Molde_FK_season": 0.012987012987012988,
    "2013_Molde_FK_season": 0.012903225806451613,
    "2013_Rosenborg_BK_season": 0.01282051282051282,
    "FIS_Nordic_World_Ski_Championships_1997": 0.012618296529968454,
    "Aker_Stadion": 0.012578616352201259,
    "2013_H\u00f8nefoss_BK_season": 0.012145748987854251,
    "List_of_Norwegian_football_transfers_winter_2011\u201312": 0.011406844106463879,
    "1985\u201386_Campionato_Sammarinese_di_Calcio": 0.011363636363636364,
    "1987\u201388_Campionato_Sammarinese_di_Calcio": 0.01098901098901099,
    "1988\u201389_Campionato_Sammarinese_di_Calcio": 0.010958904109589041,
    "1998_2._Divisjon": 0.010526315789473684,
    "2012_Norwegian_Women's_Cup": 0.010526315789473684,
    "1996_2._Divisjon": 0.01048951048951049,
    "2001_2._Divisjon": 0.010380622837370242,
    "2004_2._Divisjon": 0.010344827586206896,
    "2003_2._Divisjon": 0.010344827586206896,
    "2002_2._Divisjon": 0.010344827586206896,
    "2006_2._Divisjon": 0.010309278350515464,
    "2011_2._Divisjon": 0.010309278350515464,
    "1991\u201392_Campionato_Sammarinese_di_Calcio": 0.010282776349614395,
    "2008_2._Divisjon": 0.010273972602739725,
    "Norway_at_the_FIFA_World_Cup": 0.010256410256410256,
    "2005_2._Divisjon": 0.010238907849829351,
    "2010_2._Divisjon": 0.010101010101010102,
    "1992\u201393_Campionato_Sammarinese_di_Calcio": 0.010075566750629723
}