{
    "2010_Kansas_City_Royals_season": 1.0,
    "Tony_Muser": 0.7247191011235955,
    "1969_Kansas_City_Royals_season": 0.6861702127659575,
    "1989_Kansas_City_Royals_season": 0.675392670157068,
    "2006_Kansas_City_Royals_season": 0.6615384615384615,
    "2008_Kansas_City_Royals_season": 0.6615384615384615,
    "2009_Kansas_City_Royals_season": 0.6615384615384615,
    "2011_Kansas_City_Royals_season": 0.6615384615384615,
    "2012_Kansas_City_Royals_season": 0.6615384615384615,
    "2013_Kansas_City_Royals_season": 0.6615384615384615,
    "2007_Kansas_City_Royals_season": 0.6615384615384615,
    "Omaha_Storm_Chasers": 0.6056338028169014,
    "List_of_Kansas_City_Royals_Opening_Day_starting_pitchers": 0.5584415584415584,
    "List_of_Kansas_City_Royals_managers": 0.5058823529411764,
    "Billy_Gardner": 0.46236559139784944,
    "List_of_Kansas_City_Royals_first-round_draft_picks": 0.4318936877076412,
    "1980_Kansas_City_Royals_season": 0.3812316715542522,
    "Quad_Cities_River_Bandits": 0.3154034229828851,
    "Kansas_City_Royals": 0.28227571115973743,
    "Royals_(song)": 0.2665289256198347,
    "1968_Major_League_Baseball_expansion_draft": 0.2426470588235294,
    "2010_Washington_Nationals_season": 0.15283842794759825,
    "2010_Arizona_Diamondbacks_season": 0.1440677966101695,
    "2010_Florida_Marlins_season": 0.14225941422594143,
    "2010_Colorado_Rockies_season": 0.14166666666666666,
    "2010_San_Diego_Padres_season": 0.13703703703703704,
    "2010_Milwaukee_Brewers_season": 0.13405797101449277,
    "2010_Major_League_Baseball_Draft": 0.13011152416356878,
    "2010_Toronto_Blue_Jays_season": 0.1297709923664122,
    "2010_Seattle_Mariners_season": 0.12686567164179105,
    "2010_Los_Angeles_Angels_of_Anaheim_season": 0.12318840579710146,
    "American_League_Central": 0.12007168458781362,
    "2010_Tampa_Bay_Rays_season": 0.11486486486486487,
    "2010_Houston_Astros_season": 0.11147540983606558,
    "2010_New_York_Mets_season": 0.1111111111111111,
    "2010_Texas_Rangers_season": 0.10361445783132531,
    "2010_Chicago_White_Sox_season": 0.09418282548476455,
    "2010_Detroit_Tigers_season": 0.09408602150537634,
    "2010_Baltimore_Orioles_season": 0.09392265193370165,
    "2010_Cleveland_Indians_season": 0.09308510638297872,
    "2010_Oakland_Athletics_season": 0.09273182957393483,
    "2010_Minnesota_Twins_season": 0.09,
    "2010_Pittsburgh_Pirates_season": 0.08771929824561403,
    "2010_St._Louis_Cardinals_season": 0.08571428571428572,
    "2010_Cincinnati_Reds_season": 0.08521303258145363,
    "2010_Boston_Red_Sox_season": 0.08,
    "2010_Chicago_Cubs_season": 0.0776255707762557,
    "2010_Atlanta_Braves_season": 0.07623318385650224,
    "2010_Los_Angeles_Dodgers_season": 0.07555555555555556,
    "2010_New_York_Yankees_season": 0.07045009784735812,
    "2010_Philadelphia_Phillies_season": 0.06854838709677419,
    "2010_Major_League_Baseball_All-Star_Game": 0.05970149253731343,
    "2010_San_Francisco_Giants_season": 0.056074766355140186,
    "1975_Oakland_Athletics_season": 0.02643171806167401,
    "2001_Seattle_Mariners_season": 0.02631578947368421,
    "List_of_2001_Seattle_Mariners_draft_picks": 0.02631578947368421,
    "1992_Oakland_Athletics_season": 0.0262582056892779,
    "1981_Oakland_Athletics_season": 0.0262582056892779,
    "2006_Oakland_Athletics_season": 0.02608695652173913,
    "2012_Oakland_Athletics_season": 0.02608695652173913,
    "2013_Oakland_Athletics_season": 0.02564102564102564,
    "1990_Oakland_Athletics_season": 0.025362318840579712,
    "1982_Milwaukee_Brewers_season": 0.024830699774266364,
    "2011_Texas_Rangers_season": 0.024608501118568233,
    "1973_Oakland_Athletics_season": 0.023923444976076555,
    "1989_Oakland_Athletics_season": 0.02377179080824089,
    "2008_Los_Angeles_Angels_of_Anaheim_season": 0.022857142857142857,
    "2009_Los_Angeles_Angels_of_Anaheim_season": 0.022857142857142857,
    "2007_Los_Angeles_Angels_of_Anaheim_season": 0.022857142857142857,
    "1983_Chicago_White_Sox_season": 0.020785219399538105,
    "1993_Chicago_White_Sox_season": 0.020689655172413793,
    "2014_Washington_Nationals_season": 0.0189873417721519,
    "2011_Milwaukee_Brewers_season": 0.018072289156626505,
    "1992_Toronto_Blue_Jays_season": 0.01764705882352941,
    "2008_Milwaukee_Brewers_season": 0.017543859649122806,
    "American_League_Championship_Series": 0.017241379310344827,
    "1985_Major_League_Baseball_season": 0.017241379310344827,
    "1969_San_Diego_Padres_season": 0.01694915254237288,
    "1993_Toronto_Blue_Jays_season": 0.016853932584269662,
    "2012_Detroit_Tigers_season": 0.016822429906542057,
    "2008_Tampa_Bay_Rays_season": 0.016786570743405275,
    "1990_San_Diego_Padres_season": 0.016722408026755852,
    "1993_San_Diego_Padres_season": 0.016666666666666666,
    "1969_Seattle_Pilots_season": 0.016611295681063124,
    "1994_San_Diego_Padres_season": 0.016611295681063124,
    "2006_Detroit_Tigers_season": 0.016605166051660517,
    "1972_Milwaukee_Brewers_season": 0.016556291390728478,
    "1970_Milwaukee_Brewers_season": 0.016556291390728478,
    "2008_San_Diego_Padres_season": 0.016556291390728478,
    "2009_San_Diego_Padres_season": 0.016556291390728478,
    "2011_San_Diego_Padres_season": 0.016556291390728478,
    "2012_San_Diego_Padres_season": 0.016556291390728478,
    "2013_San_Diego_Padres_season": 0.016556291390728478,
    "2007_San_Diego_Padres_season": 0.016556291390728478,
    "List_of_San_Diego_Padres_managers": 0.01652892561983471,
    "1984_Detroit_Tigers_season": 0.01644736842105263,
    "1978_Milwaukee_Brewers_season": 0.01644736842105263,
    "List_of_San_Diego_Padres_team_records": 0.016339869281045753,
    "1977_New_York_Yankees_season": 0.016272189349112426,
    "List_of_Milwaukee_Brewers_managers": 0.016260162601626018,
    "2006_Milwaukee_Brewers_season": 0.016233766233766232,
    "2005_Milwaukee_Brewers_season": 0.016233766233766232,
    "2009_Milwaukee_Brewers_season": 0.016233766233766232,
    "2012_Milwaukee_Brewers_season": 0.016233766233766232,
    "2013_Milwaukee_Brewers_season": 0.016233766233766232,
    "2007_Milwaukee_Brewers_season": 0.016233766233766232,
    "2014_Detroit_Tigers_season": 0.016166281755196306,
    "List_of_Milwaukee_Brewers_minor_league_affiliates": 0.016025641025641024,
    "List_of_American_League_pennant_winners": 0.016,
    "List_of_Milwaukee_Brewers_seasons": 0.01597444089456869,
    "1969_Major_League_Baseball_Draft": 0.015810276679841896,
    "List_of_Washington_Nationals_managers": 0.015706806282722512,
    "League_Championship_Series_Most_Valuable_Player_Award": 0.015665796344647518,
    "1985_Major_League_Baseball_Draft": 0.015625,
    "1965_Minnesota_Twins_season": 0.015594541910331383,
    "1968_Detroit_Tigers_season": 0.01549053356282272,
    "1971_Baltimore_Orioles_season": 0.015444015444015444,
    "1969_Montreal_Expos_season": 0.015444015444015444,
    "List_of_Washington_Nationals_team_records": 0.01524390243902439,
    "1992_Montreal_Expos_season": 0.015209125475285171,
    "1993_Montreal_Expos_season": 0.015151515151515152,
    "1994_Montreal_Expos_season": 0.01509433962264151,
    "2004_Montreal_Expos_season": 0.01509433962264151,
    "1970_Baltimore_Orioles_season": 0.015025041736227046,
    "1976_New_York_Yankees_season": 0.014975041597337771,
    "1983_Baltimore_Orioles_season": 0.014975041597337771,
    "2012_Texas_Rangers_season": 0.01483679525222552,
    "2005_Chicago_White_Sox_season": 0.014827018121911038,
    "2014_St._Louis_Cardinals_season": 0.014767932489451477,
    "2000_New_York_Yankees_season": 0.014619883040935672,
    "1999_New_York_Yankees_season": 0.014577259475218658,
    "2009_New_York_Yankees_season": 0.014534883720930232,
    "Milwaukee_Brewers_Walk_of_Fame": 0.014492753623188406,
    "List_of_San_Diego_Padres_first-round_draft_picks": 0.014492753623188406,
    "2012_Major_League_Baseball_All-Star_Game": 0.014285714285714285,
    "2013_Major_League_Baseball_All-Star_Game": 0.014265335235378032,