{
    "Wales_rugby_union_captains": 1.0,
    "List_of_Wales_national_rugby_union_team_results": 1.0,
    "List_of_international_rugby_union_tries_by_Shane_Williams": 1.0,
    "Wales_national_under-20_rugby_union_team": 0.43506493506493504,
    "History_of_rugby_union_matches_between_Argentina_and_Wales": 0.4036144578313253,
    "History_of_rugby_union_matches_between_Ireland_and_Wales": 0.3785310734463277,
    "History_of_rugby_union_matches_between_South_Africa_and_Wales": 0.37222222222222223,
    "Old_Scores": 0.3471502590673575,
    "History_of_rugby_union_matches_between_Australia_and_Wales": 0.3145539906103286,
    "List_of_Wales_national_rugby_union_players": 0.30454545454545456,
    "History_of_rugby_union_matches_between_New_Zealand_and_Wales": 0.28879310344827586,
    "Wales_national_rugby_union_team_(sevens)": 0.27346938775510204,
    "History_of_rugby_union_matches_between_Italy_and_Wales": 0.23183391003460208,
    "History_of_rugby_union_matches_between_Scotland_and_Wales": 0.2161290322580645,
    "History_of_rugby_union_matches_between_France_and_Wales": 0.20426829268292682,
    "History_of_rugby_union_matches_between_England_and_Wales": 0.19940476190476192,
    "Triple_Crown_(rugby_union)": 0.1580188679245283,
    "Wales_national_rugby_union_team": 0.1227106227106227,
    "Grand_Slam_(rugby_union)": 0.12050359712230216,
    "Six_Nations_Championship": 0.10668789808917198,
    "Snelling_Sevens": 0.08333333333333333,
    "WRU_Challenge_Cup": 0.08333333333333333,
    "2009\u201310_Principality_Premiership": 0.07407407407407407,
    "2010\u201311_Principality_Premiership": 0.07407407407407407,
    "WRU_Division_One_East": 0.06666666666666667,
    "WRU_Division_One_West": 0.06666666666666667,
    "WRU_Division_Two_East": 0.06666666666666667,
    "WRU_Division_Two_West": 0.06666666666666667,
    "WRU_Division_Three_East": 0.06666666666666667,
    "WRU_Division_Three_South_East": 0.06666666666666667,
    "WRU_Division_Three_South_West": 0.06666666666666667,
    "WRU_Division_Four_East": 0.06666666666666667,
    "WRU_Division_Four_West": 0.06666666666666667,
    "WRU_Division_Four_South_East": 0.06666666666666667,
    "WRU_Division_One_North": 0.06666666666666667,
    "WRU_Division_Four_South_West": 0.06666666666666667,
    "WRU_Division_Five_East": 0.06666666666666667,
    "WRU_Division_Five_South_Central": 0.06666666666666667,
    "History_of_rugby_union_matches_between_Scotland_and_South_Africa": 0.06382978723404255,
    "History_of_rugby_union_matches_between_Argentina_and_Scotland": 0.06334841628959276,
    "History_of_rugby_union_matches_between_Italy_and_South_Africa": 0.06132075471698113,
    "History_of_rugby_union_matches_between_Argentina_and_Italy": 0.06060606060606061,
    "History_of_rugby_union_matches_between_Ireland_and_Scotland": 0.06060606060606061,
    "WRU_Division_Three_West": 0.06015037593984962,
    "History_of_rugby_union_matches_between_Ireland_and_South_Africa": 0.05785123966942149,
    "History_of_rugby_union_matches_between_Argentina_and_Ireland": 0.05726872246696035,
    "History_of_rugby_union_matches_between_Australia_and_Scotland": 0.056179775280898875,
    "History_of_rugby_union_matches_between_France_and_Italy": 0.055299539170506916,
    "History_of_rugby_union_matches_between_England_and_South_Africa": 0.054474708171206226,
    "History_of_rugby_union_matches_between_Australia_and_Italy": 0.053061224489795916,
    "History_of_rugby_union_matches_between_Argentina_and_England": 0.052845528455284556,
    "History_of_rugby_union_matches_between_New_Zealand_and_Scotland": 0.05226480836236934,
    "History_of_rugby_union_matches_between_France_and_South_Africa": 0.05179282868525897,
    "History_of_rugby_union_matches_between_Australia_and_Ireland": 0.051094890510948905,
    "History_of_rugby_union_matches_between_Argentina_and_France": 0.05042016806722689,
    "History_of_rugby_union_matches_between_Italy_and_New_Zealand": 0.04924242424242424,
    "List_of_Six_Nations_Championship_records": 0.048672566371681415,
    "2009_Six_Nations_Championship": 0.048672566371681415,
    "2010_Six_Nations_Championship": 0.048672566371681415,
    "2011_Six_Nations_Championship": 0.048672566371681415,
    "2013_Six_Nations_Championship": 0.048672566371681415,
    "History_of_rugby_union_matches_between_Australia_and_England": 0.04844290657439446,
    "Wales_national_men's_squash_team": 0.04807692307692308,
    "History_of_rugby_union_matches_between_Argentina_and_South_Africa": 0.04782608695652174,
    "History_of_rugby_union_matches_between_Ireland_and_New_Zealand": 0.047619047619047616,
    "History_of_rugby_union_matches_between_Australia_and_France": 0.04609929078014184,
    "History_of_rugby_union_matches_between_England_and_New_Zealand": 0.04516129032258064,
    "Bledisloe_Cup": 0.044642857142857144,
    "2008_Six_Nations_Championship": 0.044534412955465584,
    "History_of_rugby_union_matches_between_Italy_and_Scotland": 0.04411764705882353,
    "History_of_rugby_union_matches_between_Australia_and_South_Africa": 0.04363636363636364,
    "History_of_rugby_union_matches_between_France_and_New_Zealand": 0.043333333333333335,
    "2006_Six_Nations_Championship": 0.043137254901960784,
    "History_of_rugby_union_matches_between_Ireland_and_Italy": 0.04310344827586207,
    "2012_France_rugby_union_tour_of_Argentina": 0.04265402843601896,
    "1965_Argentina_rugby_union_tour_of_Rhodesia_and_South_Africa": 0.04265402843601896,
    "1971_Argentina_rugby_union_tour_of_South_Africa": 0.04265402843601896,
    "1996_South_Africa_rugby_union_tour": 0.042440318302387266,
    "History_of_rugby_union_matches_between_Argentina_and_Australia": 0.04198473282442748,
    "1968_British_Lions_tour_to_South_Africa": 0.041237113402061855,
    "1962_British_Lions_tour_to_South_Africa": 0.041237113402061855,
    "1955_British_Lions_tour_to_South_Africa": 0.041237113402061855,
    "1910_British_Lions_tour_to_South_Africa": 0.041237113402061855,
    "1938_British_Lions_tour_to_South_Africa": 0.041237113402061855,
    "1896_British_Lions_tour_to_South_Africa": 0.041237113402061855,
    "History_of_rugby_union_matches_between_New_Zealand_and_South_Africa": 0.041237113402061855,
    "1997_British_Lions_tour_to_South_Africa": 0.041237113402061855,
    "History_of_rugby_union_matches_between_England_and_Italy": 0.040983606557377046,
    "1992_New_Zealand_rugby_union_tour_of_Australia_and_South_Africa": 0.040983606557377046,
    "1960_New_Zealand_rugby_union_tour_of_Australia_and_South_Africa": 0.040983606557377046,
    "History_of_rugby_union_matches_between_France_and_Scotland": 0.0395778364116095,
    "History_of_rugby_union_matches_between_Argentina_and_New_Zealand": 0.03900709219858156,
    "1933_Australia_rugby_union_tour_of_South_Africa_and_Rhodesia": 0.038910505836575876,
    "1953_Australia_rugby_union_tour_of_South_Africa_and_Rhodesia": 0.038910505836575876,
    "1963_Australia_rugby_union_tour_of_South_Africa": 0.038910505836575876,
    "History_of_rugby_union_matches_between_England_and_Scotland": 0.038860103626943004,
    "History_of_rugby_union_matches_between_France_and_Ireland": 0.03875968992248062,
    "2012_Scotland_rugby_union_tour_of_Australia,_Fiji_and_Samoa": 0.03816793893129771,
    "Welsh_Premier_Division": 0.0380952380952381,
    "History_of_rugby_union_matches_between_England_and_Ireland": 0.0379746835443038,
    "Ospreys_(rugby_team)": 0.0379746835443038,
    "South_American_XV": 0.037914691943127965,
    "History_of_rugby_union_matches_between_England_and_France": 0.03712871287128713,
    "History_of_rugby_union_matches_between_Australia_and_New_Zealand": 0.03680981595092025,
    "2009_British_and_Irish_Lions_tour_to_South_Africa": 0.0365296803652968,
    "1928_New_Zealand_rugby_union_tour_of_South_Africa": 0.0364963503649635,
    "1949_New_Zealand_rugby_union_tour_of_South_Africa": 0.0364963503649635,
    "1976_New_Zealand_rugby_union_tour_of_South_Africa": 0.0364963503649635,