{
    "List_of_viceregal_representatives_of_Elizabeth_II": 1.0,
    "Governor-General_of_the_Union_of_South_Africa": 0.945,
    "List_of_colonial_governors_of_Connecticut": 0.7407407407407407,
    "Governor_of_North_Borneo": 0.7407407407407407,
    "List_of_colonial_governors_of_British_Somaliland": 0.7407407407407407,
    "Lieutenant_Governor_of_Guernsey": 0.7407407407407407,
    "Governor_of_Fiji": 0.7407407407407407,
    "List_of_colonial_governors_of_Nyasaland": 0.7407407407407407,
    "High_Commissioner_for_Southern_Africa": 0.7407407407407407,
    "List_of_colonial_governors_of_Burma": 0.660377358490566,
    "List_of_Governors_of_Bombay": 0.660377358490566,
    "List_of_Governors_of_Bengal": 0.660377358490566,
    "List_of_colonial_Governors_and_Presidents_of_Madras": 0.660377358490566,
    "List_of_Governors_of_Malta": 0.6157205240174672,
    "Governors_of_Singapore": 0.6086956521739131,
    "List_of_British_Governors_of_the_Straits_Settlements": 0.6086956521739131,
    "List_of_colonial_governors_of_Seychelles": 0.5957446808510638,
    "List_of_colonial_governors_of_Kenya": 0.4416403785488959,
    "List_of_Governors_of_Tanganyika": 0.42813455657492355,
    "Governors_of_British_Ceylon": 0.42727272727272725,
    "Governor_of_Hong_Kong": 0.41420118343195267,
    "Lieutenant_Governor_of_Jersey": 0.3645833333333333,
    "Governor_of_Southern_Rhodesia": 0.3211009174311927,
    "Governor_of_Gibraltar": 0.3111111111111111,
    "List_of_Presidents_of_Ghana": 0.28292682926829266,
    "List_of_heads_of_state_of_Nigeria": 0.27751196172248804,
    "British_Overseas_Territories": 0.2755905511811024,
    "Governor-General_of_Papua_New_Guinea": 0.2222222222222222,
    "List_of_Presidents_of_Sierra_Leone": 0.2196969696969697,
    "List_of_Presidents_of_Kenya": 0.19931271477663232,
    "List_of_heads_of_state_of_Kenya": 0.19931271477663232,
    "List_of_the_Lord_Lieutenants_of_the_United_Kingdom": 0.1589041095890411,
    "Commissioner_of_Yukon": 0.0390625,
    "Legislative_assemblies_of_Canadian_provinces_and_territories": 0.03636363636363636,
    "Commissioners_of_the_Northwest_Territories": 0.03484320557491289,
    "Provinces_and_territories_of_Canada": 0.034722222222222224,
    "List_of_administrative_heads_of_Norfolk_Island": 0.034482758620689655,
    "List_of_governors_of_Acadia": 0.03234501347708895,
    "List_of_Canadian_monarchs": 0.027777777777777776,
    "Administrator_of_the_Northern_Territory": 0.024305555555555556,
    "Chief_Justice_of_the_Supreme_Court_of_Hong_Kong": 0.020202020202020204,
    "Chief_Justice_of_Nigeria": 0.018867924528301886,
    "List_of_Governors_of_Punjab_(British_India)": 0.018867924528301886,
    "List_of_Sultans_of_Zanzibar": 0.01818181818181818,
    "Chief_Justice_of_Kenya": 0.018072289156626505,
    "State_President_of_the_Orange_Free_State": 0.017964071856287425,
    "List_of_heads_of_state_of_Mauritania": 0.016,
    "List_of_heads_of_state_of_the_Comoros": 0.015957446808510637,
    "Chief_Justice_of_Sri_Lanka": 0.015915119363395226,
    "List_of_heads_of_state_of_Guinea-Bissau": 0.015873015873015872,
    "List_of_Governors-General_of_Italian_Libya": 0.015873015873015872,
    "Kim_Beazley": 0.015765765765765764,
    "List_of_heads_of_government_of_Mauritania": 0.015706806282722512,
    "List_of_heads_of_state_of_the_Central_African_Republic_and_Central_African_Empire": 0.015625,
    "List_of_heads_of_government_of_Guinea-Bissau": 0.015503875968992248,
    "List_of_heads_of_state_of_the_Republic_of_the_Congo": 0.015424164524421594,
    "List_of_heads_of_government_of_Ivory_Coast": 0.015424164524421594,
    "List_of_heads_of_government_of_Niger": 0.01507537688442211,
    "List_of_colonial_governors_of_South-West_Africa": 0.014962593516209476,
    "List_of_heads_of_government_of_Burundi": 0.014962593516209476,
    "List_of_heads_of_government_of_the_Republic_of_the_Congo": 0.014962593516209476,
    "President_of_Uganda": 0.01488833746898263,
    "List_of_Governors_of_Punjab_(India)": 0.01486988847583643,
    "List_of_Presidents_of_Madagascar": 0.014814814814814815,
    "List_of_heads_of_state_of_Libya": 0.014814814814814815,
    "List_of_heads_of_government_of_Togo": 0.014598540145985401,
    "President_of_Liberia": 0.014388489208633094,
    "President_of_Kenya": 0.014388489208633094,
    "List_of_heads_of_government_of_Libya": 0.014285714285714285,
    "Prime_Minister_of_Madagascar": 0.014150943396226415,
    "President_of_Algeria": 0.014018691588785047,
    "George_Phipps,_2nd_Marquess_of_Normanby": 0.0136986301369863,
    "List_of_governors_of_pre-independence_Sudan": 0.013636363636363636,
    "Legislative_Council_of_the_Isle_of_Man": 0.013550135501355014,
    "Prime_Minister_of_Rhodesia": 0.013544018058690745,
    "House_of_Keys": 0.013477088948787063,
    "Edward_VIII": 0.012727272727272728,
    "Prime_Minister_of_South_Africa": 0.012684989429175475,
    "Hercules_Robinson,_1st_Baron_Rosmead": 0.0125,
    "List_of_Emperors_of_Ethiopia": 0.012244897959183673,
    "Michael_Jeffery": 0.011904761904761904,
    "List_of_heads_of_government_of_Lesotho": 0.011834319526627219,
    "List_of_heads_of_government_of_Swaziland": 0.011560693641618497,
    "Royal_Roads_Military_College": 0.011437908496732025,
    "Prime_Minister_of_Rwanda": 0.011152416356877323,
    "List_of_heads_of_government_of_S\u00e3o_Tom\u00e9_and_Pr\u00edncipe": 0.011152416356877323,
    "List_of_heads_of_government_of_Burkina_Faso": 0.011029411764705883,
    "Prime_Minister_of_Tunisia": 0.010968921389396709,
    "List_of_heads_of_government_of_the_Central_African_Republic_and_Central_African_Empire": 0.010948905109489052,
    "List_of_heads_of_government_of_Chad": 0.010889292196007259,
    "List_of_heads_of_government_of_Djibouti": 0.01060070671378092,
    "John_Vereker,_6th_Viscount_Gort": 0.010256410256410256,
    "List_of_heads_of_government_of_Sudan": 0.01020408163265306
}